sim_time,gt_x,gt_y,gt_yaw,vel,gps_lat,gps_lon,gps_alt,acc_x,acc_y,acc_z,gyro_x,gyro_y,gyro_z,compass
69.91284591538715,109.91348266601562,-6.925446510314941,-89.6092529296875,1.6880549192428609,-7.122378123073591e-05,0.0009878260156543264,2.0495946407318115,0.002772729843854904,0.03998202085494995,37.641876220703125,1.8710122162701737e-07,9.717066262737717e-08,-1.079667466541423e-10,0.006818489637225866
70.01656020359951,109.91349029541016,-6.92551851272583,-89.6092529296875,0.15428334082497985,-7.12200230970425e-05,0.0009878228617359705,1.990907907485962,0.279102623462677,0.08075959980487823,14.475543022155762,0.004421137273311615,-0.006861643400043249,-3.2589246075076517e-06,0.006818489637225866
70.11715636236477,109.91346740722656,-6.925572395324707,-89.60926055908203,0.29998048260215193,-7.121725056283534e-05,0.0009878214219036772,2.0178427696228027,0.05696146935224533,0.04202481359243393,9.793091773986816,-0.0008836881606839597,0.0007795871351845562,-1.2536844451460638e-08,0.006818489637225866
70.21724544113385,109.91341400146484,-6.925528526306152,-89.6092529296875,0.2154866630085362,-7.121957743466605e-05,0.0009878228617359703,2.043973445892334,0.004624638706445694,-0.038788843899965286,8.695005416870117,-0.0009331724140793085,0.0016923834336921573,3.5882601423509186e-07,0.006818489637225866
70.3171386171307,109.91338348388672,-6.925486087799072,-89.6092529296875,0.11016822673006872,-7.122173289789048e-05,0.0009878238901876082,2.059577703475952,-0.0074433982372283936,0.2006886601448059,8.89123821258545,-0.0005281277117319405,0.0011228604707866907,1.9504568626871333e-07,0.006818489637225866
70.4152903475042,109.91336822509766,-6.92546272277832,-89.6092529296875,0.04228458438675291,-7.1222941328565e-05,0.0009878243015682636,2.0664494037628174,-0.015035241842269897,-0.07958444207906723,9.280004501342773,-0.0002640836755745113,0.0005623255856335163,8.541555729379979e-08,0.006818489637225866
70.51509840061772,109.91340637207031,-6.936953544616699,-89.61053466796875,0.47608347480337443,-7.130872276559637e-05,0.000987824918639248,2.069171667098999,10.74917984008789,-0.1929473876953125,9.963961601257324,-0.0004402957856655121,-0.038360729813575745,-0.0008585861069150269,0.0068009840324521065
70.62730549855041,109.91388702392578,-7.024434566497803,-89.62420654296875,0.9120774065303419,-7.204645683675462e-05,0.0009878271126694247,2.0707616806030273,2.6603951454162598,-0.057355403900146484,9.595794677734375,-4.184059798717499e-05,-0.0060870461165905,0.008643193170428276,0.006560084410011768
70.72733941974002,109.91438293457031,-7.128481388092041,-89.63134765625,1.151983439522942,-7.29828620530646e-05,0.0009878304722781288,2.070305347442627,2.485424518585205,-0.055908918380737305,9.801008224487305,5.789450369775295e-05,0.0038052559830248356,0.007714483421295881,0.006431622430682182
70.82537328006583,109.91497802734375,-7.255404949188232,-89.63947296142578,1.4119088557181172,-7.412899426963382e-05,0.000987834586084706,2.0697975158691406,2.4487836360931396,0.14465689659118652,9.825631141662598,5.577155388891697e-05,0.003160885302349925,0.0065714893862605095,0.006281592417508364
70.92520600763964,109.91567993164062,-7.409657001495361,-89.64861297607422,1.6586571831066426,-7.552004367333915e-05,0.0009878395226525993,2.069446563720703,2.4951281547546387,-0.015249252319335938,9.819257736206055,7.16005451977253e-05,0.0023739072494208813,0.005594281945377588,0.006127890665084124
71.02601296102512,109.91654205322266,-7.590137004852295,-89.65841674804688,1.8998210282341323,-7.714522866284323e-05,0.0009878456247990218,2.06925892829895,2.3925158977508545,-0.1342175006866455,9.775622367858887,3.686617128551006e-05,0.0018231786089017987,0.005634716711938381,0.005960240960121155
71.12459919063258,109.91746520996094,-7.790493488311768,-89.66841888427734,2.140299455104603,-7.894737589750898e-05,0.0009878524811433164,2.069195032119751,2.3321995735168457,-0.053452491760253906,9.796000480651855,5.249556852504611e-05,0.0009467127383686602,0.003741396125406027,0.00578773720189929
71.22356642151135,109.91850280761719,-8.014513969421387,-89.67797088623047,2.3672315593287485,-8.096211265615947e-05,0.0009878602288123704,2.069150447845459,2.2370705604553223,0.06749510765075684,9.800829887390137,5.388038698583841e-05,0.0010330332443118095,0.0028310564812272787,0.005609931889921427
71.32494710871833,109.91968536376953,-8.266487121582031,-89.68737030029297,2.5862382660907928,-8.322853724189553e-05,0.0009878693477502827,2.0690882205963135,2.0354387760162354,-0.05103898048400879,9.845975875854492,2.1293992176651955e-05,0.001199402380734682,0.0015184268122538924,0.005448227748274803
71.42353200094658,109.92090606689453,-8.533890724182129,-89.69649505615234,2.8210381807264557,-8.563185731106668e-05,0.0009878788780688548,2.069094657897949,2.355863332748413,0.06758546829223633,9.80954360961914,5.741632776334882e-06,-0.0002877215447369963,-0.0010308261262252927,0.005304098129272461
71.52308806890505,109.92225646972656,-8.826942443847656,-89.70462036132812,3.0490448609203944,-8.826519915948499e-05,0.0009878897110928429,2.0691003799438477,2.3552539348602295,-0.05207490921020508,9.765137672424316,-3.249630026402883e-05,-1.646085365791805e-06,-0.00142321502789855,0.005144367925822735
71.62155890857684,109.92366027832031,-9.13916015625,-89.71206665039062,3.2773914732411913,-9.10709352137066e-05,0.0009879012297512632,2.0691094398498535,2.370833396911621,0.028157711029052734,9.811334609985352,-1.8641396309249103e-05,-0.00018684266251511872,-0.001288273255340755,0.005027168430387974
71.71940906179952,109.9251708984375,-9.472244262695312,-89.71859741210938,3.515473314390666,-9.406345522623187e-05,0.0009879137768613285,2.069138765335083,2.490875482559204,-0.05213594436645508,9.808408737182617,0.00010414019925519824,-0.0007252373034134507,-0.0009153891587629914,0.004919302184134722
71.81957818494993,109.92665100097656,-9.83819580078125,-89.73218536376953,3.774546745769644,-9.735033523838539e-05,0.0009879259811541934,2.06919002532959,2.6419479846954346,-0.05282998085021973,9.82773494720459,-0.0012668576091527939,-0.0012649057898670435,-0.005222082603722811,0.0046834335662424564
71.91757351366687,109.9277114868164,-10.222217559814453,-89.7624740600586,4.045237590945134,-0.00010079881928457483,0.0009879313291028136,2.0692734718322754,2.868499994277954,-0.012681245803833008,9.800445556640625,9.66900261119008e-05,-0.001669850549660623,-0.005322757177054882,0.004128795582801104
72.0163553703751,109.92872619628906,-10.637158393859863,-89.79107666015625,4.336067371051918,-0.00010452457389234275,0.000987935580036365,2.0693695545196533,3.019545316696167,-0.2115941047668457,9.803204536437988,0.0002416917122900486,-0.0018809476168826222,-0.004773460794240236,0.0036376153584569693
72.11628774294513,109.92974090576172,-11.086780548095703,-89.81626892089844,4.6397456989523596,-0.00010856215503672259,0.000987940310914029,2.0694572925567627,2.9979026317596436,0.23002982139587402,9.85654067993164,0.00023297721054404974,-0.0014676885912194848,-0.0040039480663836,0.003201875602826476
72.22934274302679,109.93087005615234,-11.63206958770752,-89.83934783935547,4.983799584555527,-0.00011346041307514157,0.0009879464816240201,2.0695250034332275,3.103070020675659,-0.008876562118530273,9.787073135375977,0.00014994374942034483,-0.000673330039717257,-0.0031538319308310747,0.0028049631509929895
72.32813908552635,109.93193054199219,-12.1401948928833,-89.85455322265625,5.307370185978885,-0.00011802618126945698,0.0009879534065318743,2.0696768760681152,2.9085817337036133,0.07257723808288574,9.77638053894043,7.672328501939774e-05,-0.00386673747561872,-0.0025897955056279898,0.0025371843948960304
72.42750877721119,109.93303680419922,-12.675373077392578,-89.87161254882812,5.457599763380223,-0.00012284309735374814,0.0009879606056935142,2.069464921951294,0.7392013669013977,-0.04166460037231445,9.755325317382812,-0.00019181380048394203,0.006301334593445063,-0.026391414925456047,0.0022375863045454025
72.52463951634127,109.93413543701172,-13.208074569702148,-89.8767318725586,5.580313676926555,-0.00012764495519197424,0.0009879694503777813,2.0689995288848877,1.3466382026672363,0.03720700740814209,9.835824012756348,-0.0003375154919922352,0.001897887559607625,-0.021867258474230766,0.002128368942067027
72.62396267821896,109.9352798461914,-13.766727447509766,-89.88180541992188,5.699768464527642,-0.00013267249817170763,0.0009879789806964895,2.0687625408172607,0.7430214881896973,0.19856661558151245,9.794929504394531,-3.9635051507502794e-05,0.0007692253566347063,-0.020342227071523666,0.0020716022700071335
72.7227209538396,109.93643188476562,-14.329160690307617,-89.8853759765625,5.716371195655503,-0.0001377371511147086,0.0009879889909593042,2.0684399604797363,-0.38803479075431824,-0.03922104835510254,9.782984733581543,-0.0002971487119793892,0.00474159000441432,-0.02633436769247055,0.0019834081176668406
72.82146479396033,109.9377212524414,-14.885408401489258,-89.8818588256836,5.605527049662567,-0.0001427539639156864,0.0009880000982372054,2.067887544631958,-1.3574681282043457,0.12332689762115479,9.820310592651367,0.0015522269532084465,0.007548565976321697,-0.02137085795402527,0.0020716022700071335
72.91980039721238,109.93962860107422,-15.425333976745605,-89.84901428222656,5.451272182233616,-0.00014762372527330438,0.0009880210786508315,2.0673482418060303,-1.6271252632141113,0.0855252742767334,9.831276893615723,0.0002906220033764839,0.004693574737757444,-0.02066493034362793,0.0026294756680727005
73.01880613734829,109.94187927246094,-15.955062866210938,-89.80968475341797,5.331902095084972,-0.00015239316974407496,0.0009880477498301896,2.067075252532959,-1.052093505859375,0.04461801052093506,9.843070030212402,-5.312392022460699e-05,-0.0018453450175002217,-0.02141641639173031,0.0033296358305960894
73.13055166063714,109.94473266601562,-16.547395706176758,-89.76783752441406,5.352377930005043,-0.0001577089620066201,0.000988080386029081,2.0672993659973145,0.6616036295890808,-0.041817545890808105,9.846810340881348,-0.00013993959873914719,-0.01152319647371769,-0.017972193658351898,0.004041249398142099
73.22953277660417,109.94755554199219,-17.08171272277832,-89.73738861083984,5.472592983208877,-0.00016249283908204224,0.0009881109653246784,2.0678467750549316,0.2717305123806,0.03939169645309448,9.689330101013184,-0.00021948851644992828,-0.011692875996232033,-0.021946784108877182,0.004580487962812185
73.32830144112813,109.95040893554688,-17.619890213012695,-89.70215606689453,5.542231648237213,-0.00016732429918657783,0.0009881425730719233,2.067998170852661,2.087847948074341,0.6695759296417236,9.954065322875977,-0.00014408770948648453,-0.011767938733100891,0.009485051967203617,0.005201977677643299
73.42833099534619,109.953857421875,-18.21933364868164,-89.69055938720703,6.339588380708343,-0.0001726560495903708,0.0009881752092708394,2.069673776626587,6.5841217041015625,0.004897594451904297,9.679458618164062,-0.0003301389515399933,-0.03433600068092346,0.0016684085130691528,0.005404289811849594
73.52827922740835,109.95750427246094,-18.87002944946289,-89.6852798461914,6.598025189680764,-0.00017848481638904046,0.0009882093538655255,2.0702381134033203,0.5337806344032288,0.03726038336753845,9.560792922973633,-0.00020977016538381577,0.005625927820801735,7.146722782636061e-05,0.005491814576089382
73.62809903288144,109.96119689941406,-19.51034927368164,-89.69158172607422,6.278462463545417,-0.00018428835184086025,0.0009882416472472729,2.0687549114227295,-3.971647262573242,0.10154962539672852,9.781022071838379,0.00020449981093406677,0.03306375443935394,-0.026184674352407455,0.005371100269258022
73.72785219570505,109.96367645263672,-20.109310150146484,-89.74821472167969,5.832179311045575,-0.00018973083220433438,0.0009882626962244348,2.066934108734131,-4.992453575134277,-1.742114543914795,9.855582237243652,-0.015385190024971962,0.025580354034900665,-0.06582415103912354,0.00438095023855567
73.8267242370348,109.95877075195312,-20.66597557067871,-90.10395050048828,5.595023310936054,-0.00019476047493949996,0.0009881794602054981,2.0661051273345947,-1.3379802703857422,-1.0558260679244995,9.969622611999512,-0.0034604340326040983,-0.0030560537707060575,-0.1039293184876442,6.281391620635986
73.9269367980014,109.949462890625,-21.20114517211914,-90.5281982421875,5.11872777231545,-0.00019958293609221458,0.0009880267008558338,2.0656957626342773,-5.173773765563965,-0.33942413330078125,9.787845611572266,0.004629682749509811,0.010057742707431316,-0.09615897387266159,6.273972511291504
74.02586169840652,109.93801879882812,-21.676599502563477,-90.85363006591797,4.605364817584616,-0.00020387553896108283,0.0009878662624005804,2.064941167831421,-3.8773632049560547,-0.1060628890991211,9.92614459991455,0.0028758160769939423,0.006012014113366604,-0.052713725715875626,6.268290996551514
74.12562815027195,109.92478942871094,-22.127803802490234,-91.12449645996094,4.503150858176806,-0.00020791642829157524,0.0009877002017430298,2.0653228759765625,-0.06178244948387146,0.03315998241305351,9.919853210449219,0.0024866852909326553,-0.01751946099102497,-0.04374842718243599,6.2635626792907715
74.22484951207298,109.91015625,-22.58170509338379,-91.3526382446289,4.644739540954629,-0.00021195409514026953,0.000987529890152047,2.066601037979126,1.894879698753357,-0.11923754215240479,9.822258949279785,0.0019951555877923965,-0.024587834253907204,-0.03685557842254639,6.259580135345459
74.32472658736515,109.89382934570312,-23.05877685546875,-91.55136108398438,4.884856267992542,-0.00021620055481231962,0.0009873514880748644,2.067852735519409,2.69744873046875,-0.8509378433227539,9.768095016479492,-0.0054655615240335464,-0.019241388887166977,-0.04192688688635826,6.256108283996582
74.42343772036838,109.86786651611328,-23.554847717285156,-92.05517578125,5.163155088186322,-0.00022062987318559638,0.000987064892885391,2.068793296813965,3.076533794403076,-1.3080666065216064,9.736993789672852,-0.006549349054694176,-0.013026650063693523,-0.10608142614364624,6.247315883636475
74.52250110098976,109.83566284179688,-24.070817947387695,-92.64983367919922,5.267298423854175,-0.00022525975676913234,0.0009866795663386978,2.0689549446105957,0.6087543964385986,-0.1881793737411499,9.759110450744629,0.004821752198040485,0.0018974652048200369,-0.07606276869773865,6.236938953399658
74.62077182644862,109.80044555664062,-24.59047508239746,-93.16915130615234,5.407841926692851,-0.00022993187543326725,0.000986273670759255,2.0687460899353027,2.0903167724609375,-0.016328096389770508,9.876437187194824,0.004275616258382797,-0.003367634955793619,-0.06497327983379364,6.227874279022217
74.73463971467572,109.75635528564453,-25.203338623046875,-93.63807678222656,5.428313138197811,-0.00023544437621246016,0.000985795646438339,2.068427324295044,0.036387525498867035,0.07525806128978729,9.81751537322998,0.0035090867895632982,0.0029299473389983177,-0.03801413252949715,6.219688892364502
74.83254053650307,109.71344757080078,-25.77260971069336,-93.96602630615234,6.214541739280559,-0.00024051723105730858,0.0009853606113958647,2.069614887237549,7.3414435386657715,-0.7422056198120117,9.751030921936035,-0.006614174693822861,-0.034860726445913315,-0.061879340559244156,6.213964939117432
74.93248857950675,109.65279388427734,-26.41532325744629,-94.66802978515625,6.611742340783714,-0.00024625911083348863,0.0009847407978758353,2.070460319519043,1.9614261388778687,-1.7127808332443237,9.553155899047852,-0.009313863702118397,-0.0008526379242539406,-0.14784568548202515,6.201713562011719
75.03156760821003,109.58391571044922,-27.05373764038086,-95.4753646850586,6.373295256851422,-0.00025202709614042276,0.0009839906452515728,2.069202184677124,-3.459637403488159,-0.23566603660583496,9.731857299804688,0.0059281885623931885,0.03254023939371109,-0.10492358356714249,6.187622547149658
75.13205602226662,109.51298522949219,-27.66307830810547,-96.12152099609375,5.9403935342578835,-0.0002575548694264669,0.0009832334305927201,2.0672829151153564,-4.6675028800964355,0.00793600082397461,9.872282981872559,0.00712844543159008,0.028362277895212173,-0.06614722311496735,6.176344871520996
75.23082057965803,109.44462585449219,-28.221786499023438,-96.56659698486328,5.620698484822591,-0.0002626036756438764,0.0009825347691137566,2.0661544799804688,-2.2908613681793213,0.052144527435302734,9.962814331054688,0.004954612348228693,0.004110659938305616,-0.0396699495613575,6.168576717376709
75.3319386143412,109.37521362304688,-28.77322006225586,-96.87764739990234,5.315473106722631,-0.00026755575598474165,0.0009818539341298494,2.0660593509674072,-5.333392143249512,0.04017448425292969,9.674271583557129,0.0036796554923057556,0.007881121709942818,-0.014239429496228695,6.163148403167725
75.43068020345527,109.30731964111328,-29.262407302856445,-97.30220794677734,4.750367945687238,-0.000271969099075952,0.0009811901714430948,2.065260648727417,-6.092104434967041,-1.2728915214538574,9.800323486328125,-0.00858029630035162,0.014339910820126534,-0.09492704272270203,6.155738353729248
75.52949920875835,109.23685455322266,-29.705944061279297,-97.88312530517578,4.446152840420701,-0.00027595227512875424,0.0009804719693829425,2.0649287700653076,-1.8093783855438232,-0.7869395017623901,9.941184997558594,0.0005800235085189342,-0.0067436592653393745,-0.10493029654026031,6.145598888397217
75.62161521913367,109.16758728027344,-30.11032485961914,-98.42655181884766,4.480375316732532,-0.0002795461822366102,0.0009797646003466814,2.0657689571380615,0.9201309084892273,-0.4409208297729492,9.879252433776855,0.0033940859138965607,-0.02274118922650814,-0.10076656937599182,6.136114597320557
75.72077331246692,109.08775329589844,-30.558218002319336,-98.95620727539062,4.675966846465889,-0.0002835150285299346,0.0009789635050845198,2.0671021938323975,2.342830181121826,0.03508758544921875,9.780233383178711,0.004670329391956329,-0.023332813754677773,-0.08699086308479309,6.126870155334473
75.82369774879771,108.99848175048828,-31.047014236450195,-99.42877197265625,4.946440426380591,-0.0002878591911076602,0.0009780873328528261,2.068225622177124,2.8945908546447754,-0.09668922424316406,9.73288631439209,0.002458808943629265,-0.015882931649684906,-0.07463079690933228,6.118622779846191
75.93147336991387,108.89568328857422,-31.588380813598633,-99.93183898925781,5.2785396265865385,-0.0002926903769585278,0.0009770996079001865,2.0691397190093994,2.610463857650757,-3.1338367462158203,9.722591400146484,-0.02765714004635811,-0.011944783851504326,-0.13090068101882935,6.109842300415039
76.02745212076115,108.78689575195312,-32.092254638671875,-100.81427001953125,5.465705065478452,-0.0002971924925669988,0.0009760080093320939,2.0693347454071045,0.26011979579925537,-0.8755409717559814,9.629648208618164,0.001520226476714015,0.00030321325175464153,-0.13401170074939728,6.0944414138793945
76.12396240068483,108.67147064208984,-32.60224151611328,-101.67186737060547,5.473535474567278,-0.0003017653656481686,0.0009748265926543003,2.0687777996063232,0.6679420471191406,-0.2529018521308899,9.857107162475586,0.005956115201115608,0.005023370496928692,-0.11294765770435333,6.07947301864624
76.22445872446406,108.54679107666016,-33.13343811035156,-102.40851593017578,5.469163205636382,-0.00030652850228236016,0.000973579080817932,2.0682694911956787,-0.242934912443161,0.013032346963882446,9.823370933532715,0.006196465343236923,0.0025705844163894653,-0.07540949434041977,6.066616535186768
76.32032992431778,108.41532135009766,-33.678009033203125,-102.99996185302734,6.218792560569444,-0.00031136352768604665,0.0009723118912735701,2.069430351257324,7.217038154602051,-0.1582021713256836,9.773542404174805,0.002063523977994919,-0.0369105190038681,-0.09643617272377014,6.056293487548828
76.43691256942111,108.23374938964844,-34.41004180908203,-103.58394622802734,6.595838599236359,-0.0003178947098127368,0.0009705997249873644,2.0702552795410156,0.37670111656188965,-2.071213722229004,9.520809173583984,-0.020605232566595078,0.005419529974460602,-0.08918243646621704,6.046101093292236
76.53335822580266,108.07273864746094,-35.004268646240234,-104.38368225097656,6.264424664021338,-0.00032325952493686676,0.0009690421692639577,2.0687332153320312,-3.728549003601074,-1.3985140323638916,9.795716285705566,-0.00405549630522728,0.03242793306708336,-0.12650348246097565,6.032143592834473
76.6300738977443,107.91302490234375,-35.56281280517578,-105.1910629272461,5.863761912392296,-0.00032830075489399607,0.0009674660328476011,2.0670180320739746,-4.586518287658691,-0.35274410247802734,9.876233100891113,0.005148066207766533,0.024011073634028435,-0.10133666545152664,6.018051624298096
76.72821689510602,107.75593566894531,-36.09084701538086,-105.87130737304688,5.5508025153218625,-0.0003330460650331779,0.0009659319943849325,2.066026449203491,-1.5963010787963867,-0.25424468517303467,10.037751197814941,0.004749285988509655,0.0002763299271464348,-0.08062434196472168,6.006179332733154
76.82660138068604,107.59892272949219,-36.6051139831543,-106.41687774658203,5.363462907405326,-0.0003376348105513495,0.0009644304549940119,2.0662317276000977,-4.404733657836914,0.20012235641479492,9.59497356414795,0.006502128206193447,-0.0007818187586963177,-0.05153898149728775,5.996657371520996
76.9245937729429,107.4489517211914,-37.08006286621094,-106.9290542602539,4.8652938067445435,-0.00034189688554759576,0.000963006049475907,2.0656650066375732,-5.3734965324401855,-1.6390533447265625,9.658672332763672,-0.01624378003180027,0.012550225481390953,-0.11828525364398956,5.987718105316162
77.02364216020214,107.2989730834961,-37.51560974121094,-107.6534652709961,4.551968453084804,-0.0003457920089994412,0.0009615582638238659,2.0651941299438477,-1.8815162181854248,-1.0691211223602295,9.931578636169434,-0.0009261071681976318,-0.00346505269408226,-0.13119348883628845,5.975074291229248
77.13709398286301,107.12220764160156,-38.00267791748047,-108.4839859008789,4.61734724365739,-0.000350097621781728,0.000959849525709606,2.0661776065826416,1.3034226894378662,-0.20761775970458984,9.864190101623535,0.005959169939160347,-0.021730933338403702,-0.1207737997174263,5.9605793952941895
77.23602729497361,106.95864868164062,-38.44166564941406,-109.11859893798828,4.830779496220192,-0.00035397001645239397,0.0009582886103773956,2.067430257797241,2.511354923248291,-0.030908584594726562,9.766374588012695,0.005171654745936394,-0.02089902013540268,-0.10424292832612991,5.949502944946289
77.33520667647826,106.78412628173828,-38.90363311767578,-109.65538787841797,5.095096360052077,-0.0003580611285047346,0.0009566433620109001,2.068521499633789,2.9240856170654297,0.13857722282409668,9.703390121459961,0.004783863201737404,-0.014778328128159046,-0.08541858196258545,5.940134048461914
77.43026188874501,106.60801696777344,-39.367122650146484,-110.08197784423828,5.218150641244299,-0.0003621888191536674,0.0009549959881776929,2.0690524578094482,-0.04107818007469177,0.3981326222419739,9.599699020385742,0.0032934658229351044,0.007132361177355051,-0.10189232975244522,5.9326887130737305
77.5277609761979,106.42133331298828,-39.84205627441406,-110.62883758544922,5.216146406199123,-0.0003664479116402183,0.0009532515285098813,2.0685994625091553,1.1776988506317139,-2.3131723403930664,9.888404846191406,-0.016966814175248146,0.012302213348448277,-0.16674020886421204,5.923144340515137
77.62409841848421,106.22706604003906,-40.30913162231445,-111.44026184082031,5.215407924758329,-0.0003706145120428158,0.0009513920193854991,2.0682122707366943,-0.03133237361907959,-0.8529194593429565,9.818829536437988,-0.0001382855698466301,0.011641468852758408,-0.1845933049917221,5.908981800079346
77.73456273807096,105.98076629638672,-40.87763214111328,-112.41786193847656,5.986712812586293,-0.0003756311277242053,0.0009490538003054731,2.0693891048431396,7.810973644256592,-0.7930517196655273,9.794503211975098,0.0001767575740814209,-0.029521536082029343,-0.16046109795570374,5.8919196128845215
77.82974913736689,105.73493957519531,-41.42959976196289,-113.24275207519531,6.512774321898432,-0.00038050362304940555,0.0009467360816947504,2.0705618858337402,4.327790260314941,-0.40178871154785156,9.602052688598633,0.0037505426444113255,-0.004590684548020363,-0.1413354128599167,5.8775224685668945
77.94048786928761,105.43590545654297,-42.09099578857422,-113.96507263183594,6.422308130224559,-0.0003864244876926368,0.000943920661054827,2.069655656814575,-2.910724639892578,0.21175122261047363,9.68797492980957,0.005983039736747742,0.03708264231681824,-0.11730492860078812,5.86491584777832
78.03662508932757,105.1822509765625,-42.63316345214844,-114.56172943115234,6.027301900285578,-0.00039132248861847705,0.0009415437036297677,2.0677402019500732,-4.611153602600098,-1.8633842468261719,9.859910011291504,-0.012637127190828323,0.03863843157887459,-0.1686558723449707,5.854502201080322
78.13146967461216,104.93907928466797,-43.12820816040039,-115.32769775390625,5.623014564558404,-0.0003957657767934712,0.0009392348297030913,2.0663130283355713,-3.9274983406066895,-0.8964147567749023,9.917686462402344,0.002322465181350708,0.02367962710559368,-0.17581602931022644,5.8411335945129395
78.22723198329913,104.69782257080078,-43.60382080078125,-116.07963562011719,5.530021661303254,-0.00039999216451803076,0.0009369525583920933,2.0661323070526123,-0.052094101905822754,-0.6108689904212952,9.93738842010498,0.004645399749279022,-0.0051583172753453255,-0.16031335294246674,5.828009605407715
78.32696548310923,104.45170593261719,-44.07849884033203,-116.7375717163086,5.121552779003997,-0.0004042102903477746,0.0009346349769081925,2.066012144088745,-4.11848258972168,-0.01266622543334961,9.778900146484375,0.007937380112707615,0.013970155268907547,-0.13655461370944977,5.816526412963867
78.43880166785675,104.19583892822266,-44.563758850097656,-117.25679016113281,4.691898064429851,-0.0004085439455781912,0.0009322462265709609,2.065375566482544,-3.870199203491211,0.13320302963256836,9.859484672546387,0.00400649756193161,0.006247226148843765,-0.06418019533157349,5.807464599609375
78.53770787754911,103.9769515991211,-44.96323776245117,-117.75066375732422,4.579901129230305,-0.000412099028636943,0.0009302291586555928,2.0655624866485596,-0.34732556343078613,-3.1200084686279297,9.918111801147461,-0.024262310937047005,-0.012955883517861366,-0.1400296539068222,5.798844814300537
78.63631074895966,103.74554443359375,-45.35886001586914,-118.59505462646484,4.7178319794211445,-0.00041556789316673733,0.0009280600170246842,2.066641092300415,1.8954905271530151,-0.9419381618499756,9.796436309814453,0.0016514156013727188,-0.02188209630548954,-0.1505156010389328,5.784107208251953
78.73412172330427,103.50128936767578,-45.76517105102539,-119.40476989746094,4.951793254641357,-0.0004191222905911041,0.0009257641015885486,2.0678038597106934,2.6555399894714355,-0.40867185592651367,9.77634048461914,0.005279717966914177,-0.018227342516183853,-0.13805893063545227,5.769975185394287
78.83036076484132,103.24574279785156,-46.18413162231445,-120.08911895751953,5.247527509504489,-0.0004228049016530131,0.0009233768596469779,2.068816900253296,2.223405599594116,-0.030334949493408203,9.674613952636719,0.00725686177611351,-0.016106905415654182,-0.11616937816143036,5.758031368255615
78.93761892357725,102.9511489868164,-46.66386795043945,-120.71582794189453,5.296462548057036,-0.00042706159441925715,0.0009206340476925148,2.068834066390991,0.8344952464103699,0.10557866096496582,9.8135986328125,0.004913923796266317,0.0018578153103590012,-0.1181672066450119,5.747093200683594
79.03035811541486,102.69214630126953,-47.0799446105957,-121.19146728515625,5.334005393662989,-0.00043077375632490545,0.0009182421434368555,2.068509817123413,-0.4494953155517578,-2.066723346710205,9.740888595581055,-0.019831478595733643,0.002220733091235161,-0.14882053434848785,5.7387919425964355
79.13676338290679,102.38191223144531,-47.55390167236328,-122.06990051269531,5.556179569966262,-0.0004349774838318246,0.0009153526742788137,2.0683069229125977,8.768120765686035,-2.324660301208496,10.408866882324219,-0.008836556226015091,-0.022355224937200546,-0.1664198786020279,5.7234601974487305
79.22919861620176,102.0727310180664,-48.00961685180664,-123.01661682128906,6.289423742594846,-0.000438953477864389,0.0009124843912244856,2.0698952674865723,6.953245639801025,-1.1615967750549316,9.677891731262207,-0.0015896670520305634,-0.03386712819337845,-0.18194396793842316,5.706937313079834
79.33870485072839,101.66715240478516,-48.594383239746094,-124.03931427001953,6.609375382425065,-0.0004441002612416851,0.0009087074368664442,2.070424795150757,0.3394107520580292,0.2257845401763916,9.553318977355957,0.007953524589538574,0.008558970876038074,-0.12314502894878387,5.689087390899658
79.43021193353343,101.32935333251953,-49.07465362548828,-124.65990447998047,6.318255161821684,-0.00044839497243689036,0.0009055528328761457,2.0689454078674316,-3.6277668476104736,0.2357029914855957,9.778899192810059,0.00811542198061943,0.032592639327049255,-0.06582765281200409,5.678256034851074
79.53702206184971,100.95397186279297,-49.59848403930664,-125.2251205444336,5.841982749018964,-0.0004531072692788621,0.0009020737866758426,2.066995620727539,-4.798844337463379,-2.2195286750793457,9.866058349609375,-0.018398825079202652,0.027122924104332924,-0.09720945358276367,5.668391227722168
79.62895759494859,100.64359283447266,-50.01313400268555,-125.92264556884766,5.565730175668046,-0.0004568017075347092,0.0008991867172382207,2.0660552978515625,-2.4429259300231934,-1.2269508838653564,9.961636543273926,-0.0017655501142144203,0.0034134271554648876,-0.10447940230369568,5.656217098236084
79.73536093367147,100.28843688964844,-50.47429275512695,-126.75643157958984,5.32601181056262,-0.00046086282308125596,0.0008958870330034932,2.066164970397949,-5.323979377746582,-0.1807875633239746,9.59061050415039,0.007823674008250237,0.0036150244995951653,-0.09249080717563629,5.641664505004883
79.84217094929772,99.95769500732422,-50.89580154418945,-127.41706085205078,4.770892507587855,-0.00046459661675314845,0.000892808602997769,2.0654492378234863,-5.687572479248047,-0.0024776458740234375,9.749105453491211,0.004850962199270725,0.012356389313936234,-0.08927930891513824,5.630134105682373
79.93502249123412,99.69099426269531,-51.22977828979492,-127.81610870361328,4.525528429770126,-0.00046755989445782897,0.000890352591923242,2.0651803016662598,-1.5149521827697754,-0.03717851638793945,9.95161247253418,0.004117736592888832,-0.006436754949390888,-0.06603550165891647,5.623169422149658
80.0416281253274,99.38634490966797,-51.60721969604492,-128.18556213378906,4.595790090907078,-0.0004708884096209031,0.0008875855085099964,2.0661869049072266,1.3277387619018555,-0.7238031625747681,9.812312126159668,-0.005520353093743324,-0.022294379770755768,-0.06736642122268677,5.616721153259277
80.13502269724268,99.101806640625,-51.941200256347656,-128.88262939453125,4.7842585851520925,-0.00047381229762787514,0.0008849897651395829,2.0673444271087646,2.303652763366699,-1.7076622247695923,9.812684059143066,-0.009860137477517128,-0.020514411851763725,-0.15520061552524567,5.604555130004883
80.24280343504506,98.74925231933594,-52.34026336669922,-129.8425750732422,5.072291709517277,-0.00047727715119648883,0.0008817267623465225,2.0684866905212402,2.810483455657959,-0.3472428321838379,9.848969459533691,0.005927784368395805,-0.014846349135041237,-0.1487913280725479,5.587801456451416
80.33202701268601,98.43929290771484,-52.685184478759766,-130.55618286132812,5.285027035183909,-0.0004802861264356816,0.0008788569708963185,2.0690736770629883,0.5727047324180603,-0.23021334409713745,9.615201950073242,0.007728735916316509,-0.004977184813469648,-0.10572182387113571,5.575345993041992
80.4358846230607,98.0724868774414,-53.090232849121094,-131.2421875,5.33671963396298,-0.00048385502502835834,0.0008754622577301631,2.0687644481658936,1.213294267654419,0.08140301704406738,9.851785659790039,0.005324495956301689,0.0007621943950653076,-0.07537449896335602,5.563374042510986
80.54146253617364,97.69264221191406,-53.506507873535156,-131.7676544189453,5.378640708090315,-0.0004875433611379376,0.0008719747096628325,2.068443775177002,-0.04177588224411011,0.05403216555714607,9.801963806152344,0.0036195963621139526,0.0021872124634683132,-0.0456550233066082,5.554202556610107
80.64560131097096,97.29576110839844,-53.9297981262207,-132.41461181640625,5.9773028401208,-0.0004912822627864027,0.0008683690953474655,2.0690994262695312,7.714230060577393,-3.3980932235717773,9.859596252441406,-0.02691008523106575,-0.036075279116630554,-0.1682286411523819,5.542911052703857
80.73450715394574,96.90433502197266,-54.32747268676758,-133.37655639648438,6.5080095247961225,-0.0004947360776408336,0.000864783432993834,2.0703585147857666,4.770261764526367,-1.5650362968444824,9.587361335754395,-0.0031542591750621796,-0.01785561814904213,-0.19591830670833588,5.526121616363525
80.84065478222328,96.41316223144531,-54.814334869384766,-134.47146606445312,6.46546982903809,-0.00049899996956888,0.0008602247182638924,2.0697760581970215,-2.609031915664673,-0.04267549514770508,9.63344669342041,0.010117456316947937,0.026601459830999374,-0.12788620591163635,5.507011413574219
80.94362800681847,95.95464324951172,-55.26081085205078,-135.23622131347656,6.055344758533709,-0.0005029618052508313,0.0008559617176615451,2.067836046218872,-4.384254455566406,0.3903822898864746,9.867563247680664,0.008389238268136978,0.03125884756445885,-0.08403085172176361,5.493664741516113
81.03514071108657,95.57132720947266,-55.62996292114258,-135.6731719970703,5.696589731294325,-0.0005062531933099189,0.0008524280949607603,2.0664684772491455,-4.169009208679199,0.1543111801147461,9.891669273376465,0.0060026515275239944,0.015834715217351913,-0.029254144057631493,5.4860382080078125
81.13878918459523,95.15049743652344,-56.02398681640625,-136.25343322753906,5.570189376021152,-0.0005097482833568057,0.0008485901877020405,2.0662150382995605,-0.5963574647903442,-1.8288460969924927,9.909092903137207,-0.012697809375822544,-0.01153806783258915,-0.1048763245344162,5.4759111404418945
81.24400469494867,94.73989868164062,-56.39429473876953,-137.0425262451172,5.046755813704684,-0.0005129949680514054,0.0008448045943499353,2.0658044815063477,-3.8593358993530273,-0.311800479888916,9.843323707580566,0.004730370361357927,0.008561217226088047,-0.10388527810573578,5.4621381759643555
81.33303265759605,94.42214965820312,-56.67388153076172,-137.6304473876953,4.590390705672888,-0.0005154474823910767,0.0008418678849797137,2.0650906562805176,-3.7615766525268555,-0.17303466796875,9.929497718811035,0.0040337746031582355,0.006397917401045561,-0.10301436483860016,5.451877117156982
81.43715068997699,94.06564331054688,-56.980751037597656,-138.1904754638672,4.507266308172195,-0.0005181248162588476,0.0008386098187543692,2.0654945373535156,0.19773072004318237,-0.16917969286441803,9.913744926452637,0.004600116983056068,-0.017555946484208107,-0.08632976561784744,5.442102909088135
81.5426788769837,93.69623565673828,-57.29479217529297,-138.67149353027344,4.676083292103101,-0.0005208570351623775,0.000835266939550616,2.0668246746063232,2.2322371006011963,-0.11936163902282715,9.759973526000977,0.003664150834083557,-0.023701051250100136,-0.07306478172540665,5.433707237243652
81.64600199853885,93.31348419189453,-57.61271667480469,-139.22799682617188,4.924092025155105,-0.000523635397262748,0.0008318087366365247,2.0680203437805176,2.4613094329833984,-3.295654773712158,9.76195240020752,-0.026580849662423134,-0.016273580491542816,-0.1507626473903656,5.423994541168213
81.73414593210327,92.9629898071289,-57.888484954833984,-140.05935668945312,5.182227077795821,-0.0005260139659296967,0.0008286027100640118,2.0688188076019287,3.12996768951416,-1.1709219217300415,9.75082778930664,-0.0014983201399445534,-0.012502670288085938,-0.1673232465982437,5.40948486328125
81.8393101321708,92.52799224853516,-58.22324752807617,-141.03416442871094,5.262492015797134,-0.0005288963730541859,0.000824589074701968,2.0688912868499756,0.2254142165184021,0.04403620958328247,9.770319938659668,0.008748825639486313,0.0034128352999687195,-0.12446309626102448,5.392471790313721
81.94103810490924,92.09892272949219,-58.54866027832031,-141.81561279296875,5.372429644003756,-0.0005317200898718635,0.0008206429057673631,2.0686521530151367,0.04525463655591011,0.08992376178503036,9.725075721740723,0.005706642754375935,0.0001833462156355381,-0.08990085124969482,5.3788323402404785
82.04431598374504,91.6567153930664,-58.88041687011719,-142.41783142089844,5.526835544721577,-0.0005346245401431363,0.0008165986911099414,2.06838321685791,6.549798011779785,0.1580524444580078,10.313020706176758,0.0019989777356386185,-0.015360483899712563,-0.09021664410829544,5.368321895599365
82.14895687086391,91.15359497070312,-59.25334930419922,-142.9527587890625,6.346315795862496,-0.0005378791096337566,0.0008120729553956501,2.070040464401245,6.557544231414795,-2.198378086090088,9.65043830871582,-0.019314363598823547,-0.029928531497716904,-0.1121230199933052,5.358985424041748
82.2390185307886,90.67349243164062,-59.59154510498047,-143.83441162109375,6.644773632590155,-0.0005408277147620681,0.0008077104006745399,2.070505142211914,1.5492792129516602,-2.042689800262451,9.553003311157227,-0.01106298714876175,0.0021256962791085243,-0.19060181081295013,5.343597412109375
82.34125077186036,90.12681579589844,-59.96443557739258,-144.89581298828125,6.35495444206052,-0.0005440699771148315,0.0008026576863409212,2.0690155029296875,-3.726928472518921,-0.42278337478637695,9.751928329467773,0.007590210065245628,0.033808015286922455,-0.13518555462360382,5.325072765350342
82.44421089367825,89.60646057128906,-60.31113815307617,-145.72369384765625,5.908521904821262,-0.0005471025724603092,0.000797845355436788,2.067075252532959,-4.815544128417969,0.03613901138305664,9.861663818359375,0.008741769939661026,0.026196591556072235,-0.08525400608778,5.310623645782471
82.54600639475393,89.12440490722656,-60.62704849243164,-146.28912353515625,5.5956489883236875,-0.000549875689457481,0.0007934282242153756,2.0660531520843506,-1.9722129106521606,0.10569262504577637,9.970335006713867,0.0059563880786299706,0.00031153904274106026,-0.05165562778711319,5.300754547119141
82.64780138453352,88.65970611572266,-60.925994873046875,-146.76051330566406,5.217698007328365,-0.0005525065373113785,0.0007892082814546643,2.065875768661499,-5.454264163970947,-1.9363527297973633,9.718844413757324,-0.01515662670135498,0.009398314170539379,-0.07508061826229095,5.292527198791504
82.7490843499254,88.23698425292969,-61.18575668334961,-147.44866943359375,4.662296463897415,-0.0005547715991993314,0.0007853368466722974,2.0650553703308105,-4.752397537231445,-1.0730295181274414,9.892003059387207,-0.0026288749650120735,0.010661398991942406,-0.12060727179050446,5.280516624450684
82.8361962523486,87.8961181640625,-61.386985778808594,-148.04730224609375,4.494642277874408,-0.0005564990208525815,0.000782224203508376,2.065063953399658,-1.1200816631317139,-0.4574463367462158,9.961587905883789,0.003355482593178749,-0.01097946148365736,-0.1173136830329895,5.270068645477295
82.94032121656346,87.48685455322266,-61.62278366088867,-148.71144104003906,4.591797240171428,-0.0005585028560244734,0.0007785187608203395,2.0662295818328857,1.5517715215682983,-0.2712310552597046,9.84537124633789,0.004349753260612488,-0.02416098304092884,-0.10615856945514679,5.258477210998535
83.04579783903318,87.0536117553711,-61.868709564208984,-149.29342651367188,4.831156116274298,-0.0005606042226933933,0.0007746112616671633,2.067612409591675,2.4824836254119873,0.09681487083435059,9.772699356079102,0.00413895770907402,-0.020770158618688583,-0.08864882588386536,5.24832010269165
83.14942134564626,86.60313415527344,-62.1221923828125,-149.76707458496094,5.1160642123807305,-0.0005627964016419669,0.0007705488776973093,2.0686826705932617,2.999562978744507,0.10693025588989258,9.719313621520996,0.0035119643434882164,-0.013602853752672672,-0.07151518017053604,5.240053176879883
83.23774415088701,86.19988250732422,-62.34458923339844,-150.23182678222656,5.265226454446761,-0.0005647388725327894,0.000766903565148352,2.0690643787384033,0.06044816970825195,-2.5241572856903076,9.653197288513184,-0.022092562168836594,0.0001162160187959671,-0.1580251306295395,5.2319416999816895
83.34148336594808,85.71749114990234,-62.59730911254883,-151.12567138671875,5.330742026799376,-0.0005669084255453757,0.0007624965813163066,2.068678855895996,1.0989612340927124,-1.1226240396499634,9.839482307434082,-0.0027497452683746815,0.0006127968663349748,-0.1809978038072586,5.216341018676758
83.4472755912866,85.21513366699219,-62.851566314697266,-152.064208984375,5.358985295121901,-0.0005690646086866943,0.0007579007052000704,2.068354845046997,-0.012903362512588501,-0.2339666783809662,9.82269287109375,0.005471639335155487,0.0024063456803560257,-0.17235834896564484,5.199960708618164
83.53830763811129,84.75830841064453,-63.07683563232422,-152.78126525878906,5.98049517660347,-0.0005709749233230373,0.0007537641355853332,2.0691137313842773,8.084824562072754,-0.7003726959228516,9.910801887512207,-0.0002655424177646637,-0.03891141712665558,-0.1400689035654068,5.187445640563965
83.63947129549342,84.18506622314453,-63.354618072509766,-153.51156616210938,6.52479375336583,-0.0005733441673620978,0.0007485976059368959,2.0704424381256104,3.705263137817383,0.062459468841552734,9.560710906982422,0.004628214985132217,-0.012301621958613396,-0.1107201874256134,5.174699783325195
83.74217521512765,83.5863265991211,-63.64077377319336,-154.06289672851562,6.371718936100341,-0.0005758468701420829,0.0007431497604837469,2.0695457458496094,-3.2636845111846924,-1.2994565963745117,9.678667068481445,-0.011055242270231247,0.030114715918898582,-0.07555892318487167,5.165077209472656
83.84246123975026,83.0280532836914,-63.89322280883789,-154.86427307128906,5.953718723921954,-0.0005780518704545554,0.0007380303339202908,2.067584753036499,-4.587327003479004,-1.319697380065918,9.861648559570312,-0.004193553701043129,0.030364250764250755,-0.12455340474843979,5.151090621948242
83.94573063330608,82.489013671875,-64.12639617919922,-155.73558044433594,5.592114041223914,-0.0005800393189638533,0.0007330867725869,2.0662224292755127,-2.390988826751709,-0.6910624504089355,10.003076553344727,0.0030354319605976343,0.0069249034859240055,-0.11188100278377533,5.135883331298828
84.04550002349424,81.98365020751953,-64.33796691894531,-156.48245239257812,5.340268036695418,-0.0005818246424445238,0.0007284913764146677,2.0661706924438477,-5.714908599853516,0.1461200714111328,9.578898429870605,0.00849574152380228,0.006377180106937885,-0.08816347271203995,5.122848033905029
84.14714922683197,81.51079559326172,-64.53213500976562,-157.04640197753906,4.786116038457493,-0.0005834849062059798,0.0007241806556558181,2.065394163131714,-5.6981682777404785,0.17041397094726562,9.811678886413574,0.005563845857977867,0.013297361321747303,-0.07705453038215637,5.113005638122559
84.24973431436229,81.07180786132812,-64.70350646972656,-157.62501525878906,4.504949500153452,-0.0005849583345864947,0.0007202002735630731,2.065103769302368,-1.5969469547271729,-2.2137579917907715,9.932976722717285,-0.015974123030900955,-0.007344720885157585,-0.13951295614242554,5.102906227111816
84.33850446736324,80.69410705566406,-64.83960723876953,-158.3764190673828,4.556480914524785,-0.0005860702964979096,0.0007167893794239742,2.0659308433532715,1.0499067306518555,-0.8827852010726929,9.87917709350586,0.0007728394120931625,-0.02181033045053482,-0.14955593645572662,5.089791774749756
84.44145653137821,80.23983001708984,-64.99703979492188,-159.21946716308594,4.768747268368005,-0.000587338377368056,0.0007126957305241254,2.067296028137207,2.4952781200408936,-0.3058868646621704,9.779047012329102,0.006716912612318993,-0.022018976509571075,-0.1341884285211563,5.075078010559082
84.54068340847152,79.7779769897461,-65.15340423583984,-159.92169189453125,5.032598398522759,-0.0005886184568406535,0.0007085337924355075,2.0683701038360596,2.8453047275543213,-0.06987333297729492,9.86510944366455,0.006971960887312889,-0.016392230987548828,-0.1129278764128685,5.062821865081787
84.6396287122916,79.29131317138672,-65.31611633300781,-160.50082397460938,5.3422096905595335,-0.000589979578302351,0.0007041457321134127,2.069139242172241,2.938948154449463,-0.04374814033508301,9.750420570373535,0.0036036958917975426,-0.012167138047516346,-0.09681003540754318,5.052713871002197
84.7422502154659,78.76931762695312,-65.48941040039062,-160.98593139648438,5.40769270405111,-0.0005914601372809806,0.0006994234935724088,2.069019079208374,0.6746119856834412,0.17209094762802124,9.795511245727539,0.002426719758659601,0.0040753623470664024,-0.09693900495767593,5.044247150421143
84.84455894606072,78.24082946777344,-65.65674591064453,-161.6138916015625,5.462734427203135,-0.0005928978441080344,0.0006946381081008172,2.0686042308807373,-0.08516812324523926,-1.8393813371658325,9.792430877685547,-0.01353226788341999,0.004657271318137646,-0.1717400699853897,5.033287048339844
84.94739211371052,77.69409942626953,-65.81720733642578,-162.5423126220703,5.886119918641978,-0.0005942127538095327,0.000689688581747773,2.068739175796509,7.995665550231934,-1.5911027193069458,10.057452201843262,-0.006235654000192881,-0.03141714259982109,-0.17184069752693176,5.017083168029785
85.0482808726083,77.08765411376953,-65.9853744506836,-163.5426483154297,6.503326198339091,-0.0005955613967248173,0.0006842388850814271,2.070188522338867,4.581719875335693,-0.6146961450576782,9.60184097290039,0.0027242302894592285,-0.018878817558288574,-0.16648656129837036,4.9996232986450195
85.14976760392892,76.44890594482422,-66.15678405761719,-164.36900329589844,6.474407162613473,-0.0005969685928200643,0.0006784452056238768,2.069763422012329,-2.272594690322876,0.047181010246276855,9.613548278808594,0.008458319120109081,0.023857442662119865,-0.09375731647014618,4.985200881958008
85.25041305759805,75.8425064086914,-66.31524658203125,-164.9463348388672,6.076453809602478,-0.0005983131904922451,0.000672909804654343,2.067903757095337,-4.462597846984863,-1.2139785289764404,9.834064483642578,-0.00871194712817669,0.03110889345407486,-0.07631169259548187,4.975125312805176
85.35342611206579,75.26210021972656,-66.4538345336914,-165.74256896972656,5.6224173352621705,-0.0005994693758243149,0.0006676170497079125,2.0663321018218994,-4.249699592590332,-1.0547194480895996,9.907876968383789,-0.002658405341207981,0.01801343634724617,-0.12232859432697296,4.961227893829346
85.44188311623293,74.78414916992188,-66.56012725830078,-166.48080444335938,5.554486725444438,-0.0006003127747314323,0.000663287199748415,2.066138982772827,-0.2751862406730652,-0.7044265270233154,9.940128326416016,0.0023489659652113914,-0.010918890126049519,-0.12004901468753815,4.948343276977539
85.54736127165961,74.24468994140625,-66.67462921142578,-167.2433319091797,4.985430642866478,-0.0006012143154378834,0.0006583940325450416,2.065664529800415,-5.700292587280273,-0.5780963897705078,9.649747848510742,0.007193026598542929,0.01077990885823965,-0.10651926696300507,4.93503475189209
85.64880878219265,73.77726745605469,-66.76933288574219,-167.7466278076172,4.552107539764042,-0.000601982363121642,0.0006541572917404887,2.0650148391723633,-2.4856646060943604,0.06910234689712524,10.014789581298828,0.004721577744930983,2.2316118702292442e-05,-0.07368090748786926,4.926250457763672
85.75467166604358,73.3067626953125,-66.86164093017578,-168.13876342773438,4.5476306509449005,-0.0006027398520352466,0.0006499386516847596,2.0657601356506348,0.8490186333656311,-0.089606374502182,9.86968994140625,0.0024365605786442757,-0.021187258884310722,-0.059083011001348495,4.919406414031982
85.84169992452371,72.90998077392578,-66.92916870117188,-168.772216796875,4.687322710914413,-0.0006032762924100439,0.0006463939217056904,2.066873550415039,1.9368658065795898,-3.348928928375244,9.767047882080078,-0.026772428303956985,-0.021648619323968887,-0.18665975332260132,4.908350467681885
85.94269427398103,72.42750549316406,-66.9946517944336,-169.98439025878906,4.939051996164123,-0.0006036904156034545,0.0006420609178277613,2.0679986476898193,2.768125295639038,-1.417402982711792,9.737418174743652,0.001033988781273365,-0.016542449593544006,-0.21516066789627075,4.8871941566467285
86.04434968924033,71.91362762451172,-67.055419921875,-171.18643188476562,5.186012869321239,-0.000604034946902726,0.0006374335025275677,2.068904161453247,3.02705979347229,-0.4753343462944031,9.743707656860352,0.00843089073896408,-0.004732223227620125,-0.2026391625404358,4.866214752197266
86.14657585250097,71.38014221191406,-67.11431121826172,-172.21788024902344,5.231633973673829,-0.0006043840719526668,0.0006326095844010602,2.0688693523406982,0.5266666412353516,0.1549656093120575,9.777441024780273,0.009540415368974209,0.01234171912074089,-0.1880369335412979,4.848212242126465
86.24716841542977,70.84723663330078,-67.17000579833984,-173.00840759277344,5.330215607009942,-0.000604750063609466,0.0006277949223392918,2.0686140060424805,-0.0483940988779068,0.2993161380290985,9.752914428710938,0.006261324975639582,0.009665559977293015,-0.14746078848838806,4.834415435791016
86.3496639050718,70.29479217529297,-67.22537231445312,-173.60421752929688,5.627746617704408,-0.000605147525886403,0.000622817284974612,2.068556547164917,9.001570701599121,0.09268355369567871,10.296735763549805,0.0012287162244319916,-0.01773976907134056,-0.08839122951030731,4.824016571044922
86.45060469882446,69.681396484375,-67.28449249267578,-174.05921936035156,6.364926447646226,-0.0006056005931152861,0.0006173506531377603,2.0701711177825928,6.030577659606934,-0.04534280300140381,9.633466720581055,0.0008977162651717663,-0.018610777333378792,-0.06971099227666855,4.816075325012207
86.55177192689735,69.02356719970703,-67.34672546386719,-174.3850555419922,6.4958864681352,-0.0006061050143626727,0.0006114344508081931,2.0701944828033447,-0.9644635915756226,0.1764148324728012,9.57009220123291,0.0018064784817397594,0.024829434230923653,-0.06856853514909744,4.810388088226318
86.65357140658307,68.38298034667969,-67.4063491821289,-174.57009887695312,6.125365750312213,-0.0006066147149951185,0.0006056136887906305,2.0683462619781494,-4.233080863952637,0.16098356246948242,9.822723388671875,0.0014221305027604103,0.0396106094121933,-0.04991620406508446,4.807158470153809
86.75520701726782,67.78633880615234,-67.46133422851562,-174.65478515625,5.669291891881649,-0.0006070991157172197,0.0006001938857850147,2.0666136741638184,-4.767849922180176,0.14262443780899048,9.865741729736328,0.0011415390763431787,0.02873394638299942,-0.040534768253564835,4.805680751800537
86.85624007994193,67.22272491455078,-67.51061248779297,-174.7926788330078,5.550203657151356,-0.0006075355220295056,0.0005951153915963374,2.0662200450897217,-0.5098771452903748,-2.4342851638793945,9.92102336883545,-0.02184387296438217,-0.002863934263586998,-0.09326951205730438,4.803274154663086
86.94316118137795,66.76146697998047,-67.54396057128906,-175.18702697753906,5.086175812910511,-0.0006077863956661919,0.0005909531106902595,2.065826892852783,-4.693767547607422,-0.7662448883056641,9.795654296875,-0.00018809782341122627,0.01647631824016571,-0.11306322365999222,4.796391487121582
87.0466815076943,66.2596206665039,-67.5753173828125,-175.6859588623047,4.658633136815627,-0.0006079898234006827,0.0005864185988546381,2.065147638320923,-3.662646770477295,-0.3829364776611328,9.924356460571289,0.0018837733659893274,0.005364390090107918,-0.0812295526266098,4.787683486938477
87.14828640615451,65.79438018798828,-67.5996322631836,-176.13406372070312,4.5717320797508805,-0.0006081322296712765,0.0005822452792342924,2.0655243396759033,0.1447361409664154,-0.2844810485839844,9.917789459228516,0.002976185642182827,-0.016845837235450745,-0.07344764471054077,4.779862403869629
87.25060085600126,65.31877899169922,-67.62188720703125,-176.5269012451172,4.729285199715737,-0.0006082617460146778,0.0005780067557800894,2.0667879581451416,2.086103916168213,-0.05544281005859375,9.793766021728516,0.0032826862297952175,-0.023344021290540695,-0.06194515526294708,4.773005962371826
87.35141913054395,64.82856750488281,-67.64339447021484,-176.85105895996094,4.976621128251197,-0.0006083968845603777,0.0005736360077269499,2.067981719970703,2.7904045581817627,0.0017485320568084717,9.768343925476074,0.0025552241131663322,-0.017964698374271393,-0.050750020891427994,4.767348289489746
87.45505337716895,64.2971420288086,-67.66582489013672,-177.12225341796875,5.223176924354656,-0.0006085509466162539,0.0005688838755246941,2.0689280033111572,2.882380962371826,-0.026932567358016968,9.739731788635254,0.0018667904660105705,-0.005365366116166115,-0.045085325837135315,4.762615203857422
87.55530374145019,63.7661018371582,-67.68785858154297,-177.33224487304688,5.290986285940744,-0.0006087133734121177,0.0005641088431326276,2.0689210891723633,0.5426349639892578,0.05403325706720352,9.763322830200195,0.0007254831143654883,0.010370918549597263,-0.05787617340683937,4.758950233459473
87.65452434049803,63.23257827758789,-67.70956420898438,-177.48463439941406,5.39472861856362,-0.0006088834793135442,0.0005593056997291171,2.0686748027801514,-0.2138049602508545,0.24942737817764282,9.720375061035156,0.00045007531298324466,0.008443460799753666,-0.04779052734375,4.756290435791016
87.7539448311727,62.6927375793457,-67.731201171875,-177.5939178466797,5.5394735463815135,-0.0006090605101226685,0.0005544449287521501,2.068387746810913,6.354212284088135,-0.06681951880455017,10.299844741821289,4.536809865385294e-05,-0.006289162207394838,-0.015822838991880417,4.754383087158203
87.84506271147984,62.14579391479492,-67.75047302246094,-177.75469970703125,6.273752298239875,-0.0006092188231119778,0.0005495764101061702,2.06980562210083,7.006288051605225,-1.4211561679840088,9.711616516113281,-0.013135246932506561,-0.02543468214571476,-0.05674239620566368,4.751576900482178
87.94618079645443,61.48356246948242,-67.76818084716797,-178.12721252441406,6.62136077557369,-0.0006093266048442428,0.0005436451581008451,2.0704548358917236,1.3968759775161743,-0.3550983667373657,9.55904769897461,0.0001642418501432985,0.011118348687887192,-0.06650417298078537,4.745075225830078
88.04679021166521,60.82746505737305,-67.78298950195312,-178.46697998046875,6.356348366335726,-0.0006094033959004776,0.0005376994734908568,2.0690155029296875,-3.5772175788879395,0.04792581498622894,9.77146053314209,0.0033347534481436014,0.03922038897871971,-0.07500532269477844,4.739145278930664
88.14771235195803,60.20782470703125,-67.7951431274414,-178.69589233398438,5.927629927530453,-0.0006094722335973408,0.0005320683579552255,2.067145586013794,-4.709303855895996,0.12179747223854065,9.876089096069336,0.003223878564313054,0.03264408931136131,-0.05881054326891899,4.735150337219238
88.24689746668446,59.640506744384766,-67.80523681640625,-178.8305206298828,5.5804296169269545,-0.0006095381230661211,0.0005269329561091385,2.0660247802734375,-2.0118799209594727,-0.002371460199356079,10.011226654052734,0.0023164330050349236,0.009931809268891811,-0.042413100600242615,4.732800483703613
88.35978709926712,59.01933288574219,-67.81593322753906,-178.92404174804688,5.233897775132595,-0.000609616216827711,0.0005213489436585218,2.0659825801849365,-5.530964374542236,0.06237652897834778,9.68100643157959,0.0016558126080781221,0.01565350592136383,-0.0365268774330616,4.731167793273926
88.44701982775587,58.58075714111328,-67.82343292236328,-178.96798706054688,4.829881132915906,-0.00060967566133277,0.0005173893020067897,2.0653576850891113,-5.841109752655029,0.06424040347337723,9.765398979187012,0.0004982364480383694,0.011324428021907806,-0.006774598732590675,4.730401039123535
88.54684256503242,58.11713409423828,-67.83121490478516,-178.9951171875,4.5582245831164725,-0.0006097410022939042,0.0005132181421348256,2.065128803253174,-1.4241535663604736,0.04421976953744888,9.969964981079102,0.00016012531705200672,-0.008086680434644222,-0.0035027116537094116,4.7299275398254395
88.64686973320204,57.65876007080078,-67.8388671875,-179.01129150390625,4.6236798916625315,-0.0006098065489453553,0.0005091303211272638,2.0661110877990723,1.3128769397735596,-0.023059090599417686,9.874242782592773,-3.004533937200904e-05,-0.022872116416692734,-0.0024323465768247843,4.729645252227783
88.76038701852667,57.11891555786133,-67.84695434570312,-179.0608367919922,4.868652570484106,-0.0006098751123883419,0.0005043254636376347,2.0675790309906006,2.5905206203460693,-0.524922788143158,9.788957595825195,-0.004854739643633366,-0.020686175674200058,-0.019194860011339188,4.728780746459961
88.84718594534206,56.68484115600586,-67.85159301757812,-179.16490173339844,5.100577838902081,-0.0006099028805829298,0.0005004520405148807,2.0685014724731445,2.912525177001953,-0.1061142086982727,9.71773624420166,-0.00011933300993405282,-0.015133623033761978,-0.02142641879618168,4.726963996887207
88.94723610972869,56.16261672973633,-67.85649871826172,-179.28855895996094,5.2337447631182235,-0.0006099259179000546,0.0004957720027723819,2.0690035820007324,0.32180818915367126,0.07326947152614594,9.678102493286133,0.0012130457907915115,0.005704488605260849,-0.04233457148075104,4.72480583190918
89.0476950967859,55.63056564331055,-67.8610610961914,-179.38589477539062,5.322650994353902,-0.0006099496408516105,0.0004909818864228843,2.068739652633667,1.676085114479065,-0.05965443328022957,9.877184867858887,0.0007161378744058311,0.006769795902073383,-0.03577157109975815,4.72310733795166
89.14788533860701,55.09067916870117,-67.86538696289062,-179.45948791503906,5.365674587593232,-0.0006099756263967721,0.0004861222124609284,2.068479061126709,0.012663104571402073,0.03895305097103119,9.80687141418457,0.00057647202629596,0.010171904228627682,-0.036249514669179916,4.721822738647461
89.24970087429392,54.51219177246094,-67.86975860595703,-179.5128631591797,6.0274345917116,-0.0006100057257485095,0.0004809513290332871,2.069305658340454,7.927548885345459,-0.04790940880775452,9.852801322937012,0.00015555304707959294,-0.028483569622039795,-0.007642998360097408,4.720890998840332
89.3543352635752,53.84138870239258,-67.87459564208984,-179.55279541015625,6.576698987847216,-0.0006100422015004696,0.000474963820723287,2.0705220699310303,3.6890580654144287,0.031103134155273438,9.588906288146973,0.0002939451369456947,-0.0014048427110537887,-0.005653187166899443,4.720194339752197
89.46010088940966,53.14577865600586,-67.87954711914062,-179.58377075195312,6.4371067333222225,-0.0006100817626073633,0.0004686791584533198,2.069512128829956,-3.1686930656433105,0.022977124899625778,9.698382377624512,-0.00033444317523390055,0.03696905076503754,-0.026835937052965164,4.719653606414795
89.55909312071162,52.52870178222656,-67.88365936279297,-179.58694458007812,6.03481301103148,-0.0006101185126130473,0.00046307060029022014,2.067600727081299,-4.502383708953857,0.07222631573677063,9.857478141784668,0.00016273913206532598,0.03531249985098839,-0.02306772954761982,4.719597816467285
89.65981037562597,51.94355010986328,-67.88691711425781,-179.6018524169922,5.613534449301535,-0.0006101477206400212,0.00045776618955821723,2.0661964416503906,-3.489686965942383,-0.19723479449748993,9.962000846862793,-0.00040763249853625894,0.01957155205309391,-0.03430264815688133,4.7193379402160645
89.76257917864132,51.3693733215332,-67.8895263671875,-179.6437530517578,5.447915495119112,-0.0006101646558107639,0.00045260607059103213,2.0661935806274414,-5.127323627471924,-0.049567677080631256,9.482359886169434,0.0007676101522520185,0.00561096565797925,-0.031240923330187798,4.718606472015381
89.85138759130496,50.90680694580078,-67.89149475097656,-179.68299865722656,5.002562931811749,-0.000610175351708149,0.000448431928209272,2.065664052963257,-4.078110694885254,-0.11846500635147095,9.855223655700684,0.0011136806569993496,0.013227536343038082,-0.0377170592546463,4.717921733856201
89.95209274927038,50.42420196533203,-67.89335632324219,-179.72076416015625,4.634574274138694,-0.0006101856362248899,0.0004440828119221504,2.065157175064087,-2.843843698501587,0.09305892884731293,9.906780242919922,0.00022833311231806874,0.00036538808490149677,-0.0056761521846055984,4.7172627449035645
90.05333130175131,49.95830535888672,-67.8949203491211,-179.75003051757812,4.611073704491059,-0.0006101948237265319,0.00043991621151906474,2.065768003463745,0.6270133852958679,-0.0033170953392982483,9.903393745422363,0.00016706815222278237,-0.019315676763653755,-0.00457353051751852,4.716752052307129
90.1523678053345,49.49223709106445,-67.8963623046875,-179.7734375,4.7863148505233815,-0.0006102036684109565,0.00043576754045620035,2.0670201778411865,2.2093331813812256,0.05090710520744324,9.78934097290039,6.774513167329133e-05,-0.022792447358369827,-0.003854883834719658,4.716342926025391
90.25648536739754,48.9786262512207,-67.89788055419922,-179.79379272460938,5.049398571695498,-0.0006102138158008206,0.00043118921658066357,2.0682199001312256,2.729485034942627,-0.05001542344689369,9.996746063232422,7.236225064843893e-05,-0.017863914370536804,-0.003104807808995247,4.7159881591796875
90.35746187737095,48.45347595214844,-67.89937591552734,-179.81092834472656,5.296181459550551,-0.0006102243060079029,0.00042649210654092506,2.0690276622772217,2.961653232574463,0.030173826962709427,9.759740829467773,0.00010588334407657385,-0.004913909826427698,-0.007121196482330561,4.715688705444336
90.45740156175452,47.91666030883789,-67.90094757080078,-179.82632446289062,5.35701391903261,-0.0006102359617935144,0.0004216656515668341,2.0689609050750732,0.5202518701553345,-0.02158012054860592,9.76081371307373,-0.000204354029847309,0.01169959269464016,-0.031237971037626266,4.715420246124268
90.56235235391068,47.34862518310547,-67.90260314941406,-179.83505249023438,5.39160853322404,-0.0006102491945383223,0.0004165469792006386,2.068511486053467,-0.06713224947452545,0.020313726738095284,9.798221588134766,7.397304580081254e-05,0.011975427158176899,-0.028467610478401184,4.715268135070801
90.6529080143373,46.84886932373047,-67.90367889404297,-179.83705139160156,5.758436945501249,-0.0006102596847453758,0.0004120597418585035,2.068613290786743,8.415349960327148,-0.08447063714265823,10.165889739990234,-0.0006142744678072631,-0.02190549299120903,-0.0055386521853506565,4.715232849121094
90.75861330257612,46.190731048583984,-67.90483856201172,-179.87313842773438,6.471079731990755,-0.0006102650326943394,0.00040619976155156757,2.070246934890747,5.343696594238281,-0.09265073388814926,9.615732192993164,-9.981862967833877e-05,-0.014406935311853886,-0.0061348844319581985,4.714602947235107
90.84895682914066,45.59620666503906,-67.90565490722656,-179.904296875,6.530158496642877,-0.0006102672952883442,0.0004008524643862142,2.0701065063476562,-0.9587392807006836,-0.05910612270236015,9.58922004699707,5.373791282181628e-05,0.024964045733213425,-0.013994245789945126,4.714059352874756
90.95578447935986,44.91878890991211,-67.90625762939453,-179.92385864257812,6.129279960055301,-0.0006102694893189601,0.00039470047237749514,2.068164348602295,-4.272650241851807,0.005066684912890196,9.838193893432617,9.89328182186e-05,0.039253171533346176,-0.03004307672381401,4.713717937469482
91.06106742026168,44.29892349243164,-67.90648651123047,-179.91868591308594,5.650240356625961,-0.0006102719576033014,0.00038907340208485253,2.066436290740967,-4.90358304977417,0.08654957264661789,9.870138168334961,0.0006361620617099106,0.02700459398329258,-0.02971474640071392,4.713808059692383
91.15153683928656,43.79301071166992,-67.90670776367188,-179.9102783203125,5.551137280808879,-0.0006102745630144453,0.00038451633287647557,2.066110372543335,-0.2297486960887909,0.00032909453148022294,9.955608367919922,0.0008598494459874928,-0.0037213012110441923,-0.023848792538046837,4.713954925537109
91.256922911125,43.23076629638672,-67.90727233886719,-179.91134643554688,5.064482972578718,-0.0006102789510751271,0.0003794539168148596,2.0658111572265625,-4.5745439529418945,0.047321464866399765,9.805174827575684,0.0006413692608475685,0.014887040480971336,-0.031171225011348724,4.7139363288879395
91.36279862208175,42.71736145019531,-67.90791320800781,-179.91624450683594,4.664931254569139,-0.0006102840247701992,0.0003748252673724665,2.065218687057495,-3.2832624912261963,-0.01499476470053196,9.922674179077148,-0.00017683325859252363,0.0029020742513239384,-0.000894637661986053,4.713850975036621
91.45190510639804,42.306419372558594,-67.90834045410156,-179.92320251464844,4.60084099077707,-0.0006102873843791386,0.000371144507523179,2.0655691623687744,0.023644905537366867,-0.06012945622205734,9.888903617858887,-0.0005382596864365041,-0.015858396887779236,-0.002145734615623951,4.713729381561279
91.55729952195543,41.81284713745117,-67.90863800048828,-179.9375762939453,4.760195023937222,-0.0006102881385773081,0.0003667488709402517,2.0668208599090576,2.0658934116363525,-0.002554991515353322,9.798609733581543,-2.2421458197641186e-05,-0.02282707393169403,-0.0023366850800812244,4.713478088378906
91.66167645549285,41.30113983154297,-67.90888214111328,-179.9506378173828,5.016188259668003,-0.0006102882071410595,0.0003621886135317847,2.068023443222046,2.8067054748535156,-0.022661440074443817,9.742440223693848,5.767064430983737e-05,-0.017386429011821747,-0.002037188271060586,4.713250637054443
91.75309903381276,40.82993698120117,-67.90904998779297,-179.96055603027344,5.228939215939148,-0.0006102880014510141,0.00035797696694690794,2.0688889026641846,2.9191715717315674,-0.002175349975004792,9.748029708862305,0.00010854272113647312,-0.0059948633424937725,-0.001750521594658494,4.713077545166016
91.85788610039162,40.264488220214844,-67.9093017578125,-179.97479248046875,5.404080105117556,-0.0006102877957610214,0.0003529040263968467,2.0691685676574707,0.3436553180217743,0.019796697422862053,9.671063423156738,-0.0003196997568011284,0.010044178925454617,-0.03224228322505951,4.712829113006592
91.96310174019891,39.68955612182617,-67.90953826904297,-179.9803924560547,5.462467253536289,-0.0006102888242129971,0.0003477231327065042,2.068711996078491,0.17628732323646545,0.019992277026176453,9.80534553527832,1.5834011719562113e-06,0.01136514637619257,-0.02614806592464447,4.71273136138916
92.0520926064055,39.200958251953125,-67.90966033935547,-179.9679412841797,5.528143926742746,-0.0006102918410047514,0.0003433206397793118,2.0683376789093018,2.250459671020508,0.5588206052780151,9.991466522216797,-4.0756334783509374e-05,0.0026107884477823973,0.002559785731136799,4.712948799133301
92.15868272373336,38.554481506347656,-67.91002655029297,-179.97402954101562,6.370228047669883,-0.0006102941721621622,0.0003375623733393373,2.0698800086975098,6.457578182220459,0.01714257150888443,9.681295394897461,-4.390387039165944e-05,-0.022413024678826332,-0.0005862925318069756,4.712841987609863
92.26368033440667,37.86064529418945,-67.91036987304688,-179.9761505126953,6.628171151777936,-0.0006102970518271355,0.00033134068659123315,2.070279121398926,0.3442971110343933,0.019880205392837524,9.561007499694824,-4.359357990324497e-05,0.017800232395529747,-0.0004996071802452207,4.712805271148682
92.3542558022018,37.27016830444336,-67.91059875488281,-179.9808349609375,6.350173075321506,-0.0006102986973500833,0.0003259876643783829,2.0688729286193848,-3.880054235458374,0.0011408855207264423,9.754207611083984,-0.000662806152831763,0.040550459176301956,-0.02995084971189499,4.712723731994629
92.4591525804426,36.62877655029297,-67.91046905517578,-179.97119140625,5.880657851884303,-0.0006102994515483014,0.00032015966891733513,2.0669262409210205,-4.894896984100342,0.022093307226896286,9.862616539001465,0.00012712647730950266,0.03257467597723007,-0.03108951635658741,4.712891578674316
92.56453242173302,36.02915573120117,-67.91017150878906,-179.95919799804688,5.560672100441649,-0.000610298423096983,0.0003147397287845599,2.0659637451171875,-1.7324646711349487,-0.01904165931046009,9.971916198730469,0.0007791921962052584,0.00604241481050849,-0.031079256907105446,4.713101387023926
92.65344080442446,35.54186248779297,-67.91010284423828,-179.95909118652344,5.244007593591379,-0.0006102973260821571,0.0003103586962148677,2.0659050941467285,-5.272615432739258,-0.0362078882753849,9.695473670959473,0.0007377099245786667,0.014679946936666965,-0.028177134692668915,4.7131028175354
92.75890258161235,35.01430130004883,-67.91016387939453,-179.96762084960938,4.765432724267852,-0.0006102964347576767,0.0003055984049627642,2.065213203430176,-5.143432140350342,0.0030069579370319843,9.793561935424805,-0.00017985606973525137,0.009396209381520748,-0.0019239588873460889,4.712954044342041
92.86595954486984,34.519554138183594,-67.91014862060547,-179.97927856445312,4.567051557458055,-0.0006102946521084212,0.00030115648805609273,2.065268039703369,-0.5417308807373047,-0.059833966195583344,9.947816848754883,-5.6201555707957596e-05,-0.013351313769817352,-0.0017457905923947692,4.712750434875488
92.95579999985057,34.10487747192383,-67.91009521484375,-179.98788452148438,4.662436290695497,-0.0006102929380225634,0.000297462255490318,2.066286563873291,1.576440453529358,-0.020401816815137863,9.860045433044434,-3.57614662789274e-05,-0.023434149101376534,-0.0015954230912029743,4.712600231170654
93.06230352187413,33.59425354003906,-67.90995788574219,-179.99676513671875,4.9013084172943975,-0.0006102903326119964,0.0002929166706585228,2.0676450729370117,2.58017635345459,-0.00021851967903785408,9.789328575134277,2.1652327632182278e-05,-0.020232347771525383,-0.0013016392476856709,4.712445259094238
93.16780707633006,33.06031799316406,-67.9098129272461,179.99578857421875,5.2172776714015106,-0.00061028779576488,0.00028814990016109147,2.0687620639801025,2.477219581604004,0.020101364701986313,9.694991111755371,2.7662230422720313e-05,-0.01663084700703621,-0.001158382510766387,4.712315559387207
93.25770842956263,32.58176040649414,-67.90968322753906,179.9864501953125,5.459855280864292,-0.0006102852589177342,0.0002838634165786514,2.069239377975464,2.624983549118042,-0.09947801381349564,9.73517894744873,-0.00026850769063457847,-0.009479178115725517,-0.015908990055322647,4.712152481079102
93.36125360356527,32.01823043823242,-67.90950775146484,179.98045349121094,5.505515868663157,-0.0006102825163802981,0.00027878984181671013,2.0689380168914795,1.020167350769043,-0.09964322298765182,9.828557014465332,-0.00011911847104784101,0.0029027434065937996,-0.02722703292965889,4.712048053741455
93.46566279159742,31.4427547454834,-67.90931701660156,179.97872924804688,5.561195628271676,-0.0006102805280407307,0.0002736065655467025,2.0685558319091797,0.1737573742866516,-0.039904043078422546,9.798517227172852,-0.0001390506513416767,0.002945266431197524,-0.027345765382051468,4.712018013000488
93.56734380518901,30.87276268005371,-67.9090576171875,179.9903106689453,5.903898925999368,-0.0006102799795334483,0.0002684857505728468,2.068584442138672,7.945104598999023,0.02138371579349041,10.149438858032227,4.2926709284074605e-05,-0.028554506599903107,-0.0013402174226939678,4.712220191955566
93.65746501853573,30.31258773803711,-67.90897369384766,179.986083984375,6.452709379648994,-0.000610278539701402,0.000263495034731209,2.069889783859253,4.817597389221191,0.04121086373925209,9.628774642944336,-2.3645981855224818e-05,-0.022882666438817978,-0.000489391153678298,4.712146759033203
93.76239147802698,29.6340389251709,-67.90878295898438,179.98880004882812,6.427811849776781,-0.0006102773055597321,0.0002573873689880072,2.0695903301239014,-2.287684679031372,-0.020432811230421066,9.612747192382812,0.00017544630100019276,0.02081231027841568,0.016212182119488716,4.712193489074707
93.86817980764317,28.982112884521484,-67.90837860107422,-179.99871826171875,5.998676417567423,-0.0006102760714180463,0.0002514667614569129,2.0677130222320557,-4.420778274536133,-9.891080117085949e-05,9.84465217590332,-0.00011816227197414264,0.029003454372286797,0.03273932263255119,4.712411403656006
93.95906606150675,28.460424423217773,-67.90788269042969,-179.98097229003906,5.616539131246164,-0.0006102743573322021,0.0002467347697656941,2.066373586654663,-3.944988965988159,0.0010807851795107126,9.939493179321289,-0.0003475213306955993,0.01517170574516058,0.037619948387145996,4.71272087097168
94.06393054986256,27.881736755371094,-67.90747833251953,-179.97146606445312,5.4405684176369125,-0.000610271751921622,0.00024153006741987944,2.06624436378479,-4.986077785491943,0.06252036243677139,9.500718116760254,9.464999311603606e-05,-0.0012431750074028969,0.02263260819017887,4.712886810302734
94.1678361298691,27.350414276123047,-67.907470703125,-179.98501586914062,4.8734432183639145,-0.0006102692150744613,0.00023673499736151995,2.0655674934387207,-5.197543621063232,0.5216026306152344,9.72243595123291,-4.5904678700026125e-05,0.012523239478468895,-0.0011486727744340897,4.712650299072266
94.258317464235,26.928173065185547,-67.90738677978516,-179.99212646484375,4.560469304848296,-0.0006102675695520065,0.00023292916065213083,2.065108299255371,-2.1950278282165527,-0.0195769090205431,10.000224113464355,5.8796089433599263e-05,-0.0021500105503946543,-0.0010677488753572106,4.712526321411133
94.36298383047688,26.451446533203125,-67.90731048583984,-179.997802734375,4.581644355077596,-0.0006102661297198959,0.00022867116518004765,2.065920114517212,0.9700086116790771,-0.019985804334282875,9.871118545532227,-0.00018604159413371235,-0.021350711584091187,-0.0011439493391662836,4.712427616119385
94.46813800765085,25.957670211791992,-67.90718841552734,179.99705505371094,4.7908859663339864,-0.0006102641413802475,0.00022427700271107813,2.067281484603882,2.383843421936035,0.0002060568513115868,9.803374290466309,0.0002339209895581007,-0.02204458974301815,-0.00013465019583236426,4.712337970733643
94.55704103616881,25.51999855041504,-67.90713500976562,179.99598693847656,5.0226098743740595,-0.0006102635243094258,0.00022037420015307298,2.068258762359619,2.7705342769622803,-0.05974927917122841,9.886431694030762,-0.0003547348896972835,-0.017440462484955788,-0.0006748771411366761,4.712319374084473
94.66261150149512,24.972707748413086,-67.90692901611328,179.99114990234375,5.350628815512392,-0.0006102613302794629,0.0002154788560599911,2.0691118240356445,2.9628801345825195,0.06033457815647125,9.754327774047852,0.00023851566947996616,-0.013261212036013603,0.00448263343423605,4.7122344970703125
94.7666321361612,24.417232513427734,-67.90675354003906,179.99166870117188,5.3897390274292665,-0.0006102596161935974,0.00021048102676117037,2.068932056427002,0.7397974729537964,0.02007306180894375,9.814778327941895,6.74395269015804e-05,0.003414439270272851,0.02404520846903324,4.712244033813477
94.85705914834398,23.929704666137695,-67.90660858154297,179.9908447265625,5.437841319329325,-0.0006102581077980316,0.00020608921259010254,2.068586826324463,0.09403808414936066,1.800650352379307e-05,9.796125411987305,3.0218259780667722e-05,0.003004803555086255,0.029325339943170547,4.712229251861572
94.96186933407444,23.35476303100586,-67.90652465820312,179.97523498535156,5.806413053728753,-0.0006102548853164278,0.00020092453415385648,2.0686278343200684,8.385785102844238,0.04361036419868469,10.168863296508789,1.5290446754079312e-05,-0.030942905694246292,0.0012309991288930178,4.711956977844238
95.0667787224229,22.704010009765625,-67.90624237060547,179.97915649414062,6.513163539357391,-0.0006102530341036926,0.00019513088897746357,2.0702590942382812,5.524124622344971,0.0019754974637180567,9.621047973632812,6.409356956282863e-06,-0.023578299209475517,0.0003267491119913757,4.7120256423950195
95.15711886828649,22.109359741210938,-67.906005859375,179.98001098632812,6.613203002985431,-0.0006102509772006078,0.00018978537446151354,2.070204734802246,-0.5968917012214661,-0.020228976383805275,9.589030265808105,6.03730404691305e-06,0.014157040044665337,-0.00037972742575220764,4.712039947509766
95.26201072262484,21.440324783325195,-67.90591430664062,179.9691619873047,6.226506756657048,-0.0006102482346631173,0.00018371159619975678,2.0683505535125732,-4.319361686706543,0.05779588967561722,9.809704780578613,6.99295342201367e-05,0.033111389726400375,-0.0332917682826519,4.711851119995117
95.36704948006081,20.81769561767578,-67.90604400634766,179.95123291015625,5.743688115808701,-0.0006102463834503589,0.0001780570833891336,2.0665457248687744,-4.951790809631348,0.05601467192173004,9.871623039245605,0.00026374575099907815,0.021643614396452904,-0.03528507053852081,4.711538314819336
95.45680012946832,20.315746307373047,-67.90618133544922,179.9388885498047,5.583127977550614,-0.0006102458349429665,0.00017352978785559726,2.066040277481079,-0.8811190128326416,0.039220958948135376,9.977304458618164,0.00016110853175632656,-0.006937544792890549,-0.02850433625280857,4.711322784423828
95.56211002284545,19.75864028930664,-67.90608215332031,179.93313598632812,5.077008710198452,-0.0006102446693646029,0.00016851005253687258,2.065631866455078,-4.467844009399414,-0.025405019521713257,9.827872276306152,0.0003460264124441892,0.0068162851966917515,-0.030567746609449387,4.711222171783447
95.66631067564595,19.264341354370117,-67.90570068359375,179.95091247558594,4.556182945411278,-0.000610244052293758,0.00016404940066948347,2.064906358718872,-3.253735303878784,0.0570211336016655,9.965487480163574,0.00012141870683990419,0.002339919563382864,0.0010002345079556108,4.7115325927734375
95.75935692639905,18.845104217529297,-67.90544128417969,179.9547119140625,4.497318817645887,-0.000610242269644365,0.0001602983804323889,2.065394163131714,0.15577667951583862,-0.04004796966910362,9.918193817138672,-8.242584590334445e-05,-0.018593383952975273,0.00030264389351941645,4.711598873138428
95.86764965599286,18.348308563232422,-67.9050521850586,179.9550323486328,4.669981004503174,-0.0006102388414723682,0.00015587893519396486,2.066816568374634,2.1458964347839355,-0.03849247097969055,9.790608406066895,8.296439773403108e-05,-0.024179885163903236,7.812884177837986e-06,4.711604118347168
95.96362353974837,17.887065887451172,-67.90469360351562,179.9550323486328,4.909077767441729,-0.0006102354818638012,0.0001517707337029532,2.067962408065796,2.7259178161621094,0.04202201962471008,9.778969764709473,6.952513649594039e-05,-0.018272025510668755,-6.6741404225467704e-06,4.711604118347168
96.07281188687193,17.33258056640625,-67.90425109863281,179.95492553710938,5.246758357530163,-0.0006102314366208292,0.00014681579083742404,2.0689890384674072,2.406071424484253,-0.05817799270153046,9.690428733825684,3.860749347950332e-05,-0.014760364778339863,-5.0771544920280576e-05,4.711602687835693
96.1658174704935,16.836881637573242,-67.90394592285156,179.949951171875,5.401268865830347,-0.0006102277341950518,0.0001423683288622891,2.069251298904419,0.09476843476295471,0.0001278070267289877,9.627913475036621,-0.00014044417184777558,0.00035971342003904283,-0.03088999167084694,4.711515426635742
96.2700868092652,16.27546501159668,-67.90355682373047,179.95346069335938,5.472434512063811,-0.0006102247174037117,0.00013730871533128926,2.068791627883911,1.427582025527954,-0.05880749598145485,9.866854667663574,-5.575282557401806e-06,0.0004307924536988139,-0.02232813648879528,4.71157693862915
96.36051845664042,15.784729957580566,-67.90326690673828,179.95726013183594,5.464803997051845,-0.000610222591937104,0.0001328864932734378,2.06839656829834,0.28083574771881104,0.06030100956559181,9.853445053100586,-0.00018169503891840577,0.002689424669370055,-0.02185671031475067,4.711643218994141
96.46460887158173,15.179548263549805,-67.90284729003906,179.96063232421875,6.216716731468612,-0.0006102196437092057,0.00012748515954481298,2.0695059299468994,7.161104202270508,-0.11512495577335358,9.75417423248291,-3.748304152395576e-05,-0.03491237014532089,0.0007062743534334004,4.711702346801758
96.56886973066139,14.506735801696777,-67.90241241455078,179.9639129638672,6.592447617544693,-0.0006102161469737756,0.00012146672055159904,2.0703344345092773,1.5302525758743286,0.0010011103004217148,9.565996170043945,0.00025734107475727797,0.00052069709636271,0.000825562747195363,4.711759567260742
96.65890927353757,13.924395561218262,-67.90214538574219,179.95968627929688,6.376928081776296,-0.0006102130616189778,0.00011619664296328588,2.069223403930664,-3.4439358711242676,0.017625367268919945,9.702421188354492,-0.0002461447147652507,0.030306484550237656,-0.02932742051780224,4.7116851806640625
96.7680995335977,13.259843826293945,-67.90209197998047,179.94406127929688,5.90186409625983,-0.0006102096334469779,0.00011015720641579137,2.067178249359131,-4.745395660400391,-0.004365264438092709,9.871258735656738,0.0002672845730558038,0.026990123093128204,-0.03493712097406387,4.7114129066467285
96.8627120910387,12.723773956298828,-67.90220642089844,179.9241180419922,5.5777969380980865,-0.0006102075765437991,0.00010530483446029528,2.0661070346832275,-2.8548290729522705,0.0165029875934124,9.950872421264648,0.0005250110989436507,0.00559077737852931,-0.036796972155570984,4.71106481552124
96.97396021542954,12.119677543640137,-67.90220642089844,179.91917419433594,5.252075390278795,-0.0006102070280363624,9.98715844491625e-05,2.0659711360931396,-4.501768589019775,0.13380391895771027,9.741719245910645,0.0012865434400737286,0.0051562790758907795,-0.030803102999925613,4.7109785079956055
97.06791102254647,11.652603149414062,-67.90252685546875,179.96853637695312,4.74265681304533,-0.0006102160098474114,9.565633828347547e-05,2.065325975418091,-5.871458530426025,0.03783159703016281,9.785877227783203,0.0007045782404020429,0.01263920683413744,0.008700116537511349,4.7118401527404785
97.16373644975829,11.216070175170898,-67.90349578857422,-179.9812469482422,4.466431060609039,-0.0006102321908199185,9.172689025758913e-05,2.065032720565796,-1.6857365369796753,0.04187503829598427,9.969866752624512,-8.584931492805481e-05,-0.006735307164490223,0.009102401323616505,4.712716579437256
97.27097730638343,10.734952926635742,-67.90499114990234,-179.92791748046875,4.528896728805434,-0.0006102543368119292,8.74364642771553e-05,2.066091299057007,1.3431752920150757,0.039371006190776825,9.829330444335938,-0.0002881064428947866,-0.023120377212762833,0.008237394504249096,4.71364688873291
97.36216864382732,10.31203842163086,-67.906494140625,-179.88885498046875,4.720428857744138,-0.0006102745630275375,8.367428533977673e-05,2.067304849624634,2.4967100620269775,-0.00408092699944973,9.740859985351562,-0.0003596911847125739,-0.02232120931148529,0.006892086006700993,4.714328765869141
97.46701458210009,9.800891876220703,-67.908447265625,-179.85166931152344,4.9986915287066696,-0.0006102984231056094,7.911540777050363e-05,2.0683939456939697,2.902961254119873,-0.026992620900273323,9.762388229370117,-0.0002640390885062516,-0.014695380814373493,0.005514717660844326,4.714977741241455
97.5724957131024,9.256277084350586,-67.91058349609375,-179.82254028320312,5.330474861964168,-0.0006103224888740093,7.424215824674992e-05,2.069197416305542,3.011929750442505,-0.008997803553938866,9.756863594055176,-0.00011957161768805236,-0.012148047797381878,0.004694062285125256,4.7154860496521
97.66213002541917,8.773785591125488,-67.91248321533203,-179.79698181152344,5.433221675070372,-0.0006103437435412539,6.99070117609168e-05,2.0692334175109863,0.37738457322120667,0.018911458551883698,9.720318794250488,0.0001594646309968084,0.0034387633204460144,0.030869970098137856,4.7159318923950195
97.76722957679885,8.203314781188965,-67.914794921875,-179.78057861328125,5.48502811042665,-0.0006103673979289935,6.476464643997396e-05,2.0687267780303955,-0.2538366913795471,-0.05894480273127556,9.757315635681152,0.00010208942694589496,0.004192988388240337,0.03149830922484398,4.7162184715271
97.87178004646557,7.630155086517334,-67.91727447509766,-179.78387451171875,5.710260005240068,-0.0006103892011037798,5.960553449818994e-05,2.068448781967163,8.780137062072754,0.6269612312316895,10.407413482666016,1.2333679478615522e-05,-0.02084827423095703,0.003224598243832588,4.716161251068115
97.97608373055118,6.991738319396973,-67.91984558105469,-179.77198791503906,6.435344031283532,-0.0006104140896334809,5.392024955748614e-05,2.0700056552886963,5.576817989349365,-0.1021081879734993,9.64466381072998,-0.00018142102635465562,-0.02573678456246853,0.00098827900364995,4.716368675231934
98.06631895081955,6.403273105621338,-67.92326354980469,-179.7264862060547,6.5661534590800965,-0.0006104472057762765,4.863580792795159e-05,2.070115089416504,-0.21230870485305786,0.2636270225048065,9.577192306518555,0.002733064815402031,0.01053224503993988,0.010461506433784962,4.717162609100342
98.17089499367285,5.740700721740723,-67.92872619628906,-179.64022827148438,6.18783856941168,-0.000610509050001496,4.262397245128539e-05,2.0683746337890625,-4.182448387145996,0.04935583099722862,9.803476333618164,-0.0004706601030193269,0.03214283287525177,-0.01756853051483631,4.718667984008789
98.27437835020828,5.130196571350098,-67.93465423583984,-179.57333374023438,5.729846331860461,-0.0006105745966526024,3.7080566699273144e-05,2.066633462905884,-4.504180908203125,0.15567433834075928,9.88703727722168,-0.000694219721481204,0.020726395770907402,-0.01708937995135784,4.7198357582092285
98.36333808975178,4.63369083404541,-67.93984985351562,-179.5291290283203,5.5737443698559765,-0.0006106298587873163,3.260206905333731e-05,2.066122531890869,-0.9248918890953064,-0.031161058694124222,9.975430488586426,-0.00058128428645432,-0.006352616474032402,-0.02202685736119747,4.720607280731201
98.46720881780493,4.0796799659729,-67.9456558227539,-179.48655700683594,5.118888688091974,-0.0006106905374339893,2.76138686329446e-05,2.0658280849456787,-4.445943832397461,-0.019908711314201355,9.81139087677002,-0.00022751142387278378,0.008484480902552605,-0.02141391672194004,4.72135066986084
98.57017660627025,3.5854995250701904,-67.95079040527344,-179.44036865234375,4.590039564810315,-0.0006107448396804998,2.3151783361066416e-05,2.0650415420532227,-3.82844614982605,-0.06286795437335968,9.922223091125488,-0.0001592094195075333,0.006331304553896189,0.004452886991202831,4.722156524658203
98.67571291906643,3.1093883514404297,-67.95594787597656,-179.41978454589844,4.496197960525333,-0.0006107946167397983,1.8887312928843923e-05,2.065448045730591,0.1412995308637619,-0.08179857581853867,9.921248435974121,-0.0001347772777080536,-0.0178265031427145,0.002672173548489809,4.722516059875488
98.76465909017134,2.7031402587890625,-67.9603500366211,-179.40821838378906,4.626607545247158,-0.0006108357548053321,1.527227328176112e-05,2.0665783882141113,1.8821907043457031,-0.0596655011177063,9.828569412231445,-2.5278073735535145e-05,-0.024106688797473907,0.001970947254449129,4.722717761993408
98.87012503409642,2.200347900390625,-67.96582794189453,-179.39700317382812,4.88022505406278,-0.0006108861489356076,1.0795440441913329e-05,2.0678787231445312,2.7088470458984375,0.01156296581029892,9.78133773803711,0.00010021962225437164,-0.018899183720350266,0.0018419701373204589,4.7229132652282715
98.97469653116423,1.6733994483947754,-67.9715805053711,-179.3893280029297,5.1344553296353075,-0.0006109389427863685,6.08785572923827e-06,2.0688700675964355,2.5896010398864746,-0.06744754314422607,9.694256782531738,-1.3493619917426258e-05,-0.006720082368701696,0.0009786115260794759,4.723047256469727
99.06452533902484,1.197110652923584,-67.9767837524414,-179.39259338378906,5.350956539468287,-0.0006109851545466416,1.8190888331665948e-06,2.069272041320801,1.607559323310852,0.06310097873210907,9.674565315246582,-0.0003899172297678888,0.0029424517415463924,-0.027324462309479713,4.722990036010742
99.16800448598224,0.6390349268913269,-67.98281860351562,-179.39022827148438,5.398030310084387,-0.0006110396624834579,-3.2083962971958404e-06,2.068883180618286,0.8963745832443237,0.0306658037006855,9.824524879455566,0.0001670547790126875,0.011259535327553749,-0.025331858545541763,4.723031520843506
99.2737807968806,0.06312888860702515,-67.9891586303711,-179.3855438232422,5.414255461518389,-0.0006110973929020685,-8.398302330766933e-06,2.0684163570404053,0.08950763195753098,0.03925750404596329,9.833028793334961,-8.621750748716295e-05,0.01215010229498148,-0.028867222368717194,4.723113536834717
99.37827278600889,-0.5412664413452148,-67.99578094482422,-179.37002563476562,6.139180294420788,-0.000611158894310013,-1.3796901556483346e-05,2.0693955421447754,7.595244884490967,-0.0030564814805984497,9.798687934875488,-0.00012343810521997511,-0.02845454402267933,2.8389435101416893e-05,4.723383903503418
99.46904321128386,-1.1272011995315552,-68.00226593017578,-179.37062072753906,6.5661290631538085,-0.0006112169675458258,-1.902853647961905e-05,2.070408821105957,3.121920585632324,-0.09380431473255157,9.554300308227539,-8.105504093691707e-05,-0.0007751435623504221,-0.00011210959928575903,4.723373889923096
99.57380666417885,-1.8127721548080444,-68.0097885131836,-179.36769104003906,6.396404829160495,-0.0006112854624248947,-2.5223781307692896e-05,2.069373607635498,-3.014962673187256,0.013554375618696213,9.722110748291016,0.0002114716626238078,0.03694886341691017,0.012773985974490643,4.723424911499023
99.67931066753226,-2.464027166366577,-68.01713562011719,-179.37448120117188,5.946752754635193,-0.0006113508033856016,-3.1142841876173925e-05,2.0673577785491943,-4.694822788238525,0.011323191225528717,9.87409782409668,4.1804276406764984e-05,0.035182494670152664,0.02733786217868328,4.723306655883789
99.76872841568547,-2.9779958724975586,-68.02310180664062,-179.39073181152344,5.59145266352543,-0.0006114023630943603,-3.580073576951941e-05,2.066162109375,-2.8706934452056885,-0.02965615689754486,10.000480651855469,-0.0005993286613374949,0.01741909608244896,0.02749905176460743,4.723022937774658
99.87365526353824,-3.5602965354919434,-68.02960968017578,-179.40188598632812,5.349114647698778,-0.0006114597506957262,-4.1035387484126426e-05,2.066110372543335,-6.024778842926025,0.02234887331724167,9.510169982910156,-0.0007458143518306315,0.011777621693909168,0.02994391694664955,4.722827911376953
99.97884412037092,-4.09758186340332,-68.03532409667969,-179.4051055908203,4.891792764342248,-0.0006115110361507047,-4.5882852868274395e-05,2.0654797554016113,-4.847314834594727,-0.05047352612018585,9.63546085357666,3.7826008338015527e-05,0.008595915511250496,0.0001595701032783836,4.722771644592285
100.0679014280613,-4.516262531280518,-68.03968811035156,-179.40463256835938,4.603545622697798,-0.0006115502544398023,-4.965207669937848e-05,2.065162420272827,-2.053818702697754,0.02058761939406395,9.9391508102417,0.00014448881847783923,-0.003840393852442503,5.024000711273402e-05,4.722780227661133
100.17329720334965,-5.0015645027160645,-68.04473114013672,-179.4044647216797,4.6365438187839,-0.0006115950949311797,-5.398550909915144e-05,2.0660173892974854,1.0690311193466187,-0.011570639908313751,9.917478561401367,0.0001058559282682836,-0.0213882215321064,5.2526966101140715e-06,4.722783088684082
100.27745238153148,-5.496490478515625,-68.0499267578125,-179.40237426757812,4.847584708642386,-0.0006116413066914034,-5.839098882138916e-05,2.0673489570617676,2.4148809909820557,-0.025199662894010544,9.784358024597168,0.00018515664851292968,-0.021557142958045006,0.0007287487387657166,4.722819805145264
100.36709537936258,-5.942972183227539,-68.05465698242188,-179.3993377685547,5.080975113048953,-0.0006116839531526166,-6.237312356765792e-05,2.0683679580688477,2.8810455799102783,-0.05004992336034775,9.712246894836426,-0.0001878544280771166,-0.01627405546605587,0.00020077476801816374,4.722872734069824
100.4719345906924,-6.4919633865356445,-68.06044006347656,-179.3914794921875,5.326183302814262,-0.0006117368841301958,-6.728604989857052e-05,2.0691046714782715,2.4564754962921143,0.11422519385814667,9.725563049316406,2.632409450598061e-05,-0.002331020776182413,0.018283240497112274,4.723010063171387
100.57655125038582,-7.052793979644775,-68.06635284423828,-179.39012145996094,5.3586517249406205,-0.0006117904321787515,-7.23347661274349e-05,2.068830966949463,0.9357905387878418,0.010197781026363373,9.833292007446289,0.00015842395077925175,0.010466587729752064,0.025079797953367233,4.723033428192139
100.66728332379716,-7.543517112731934,-68.07151794433594,-179.38925170898438,5.386255308100853,-0.0006118371238830578,-7.675564262773695e-05,2.068474531173706,0.03216990828514099,-0.00024842479615472257,9.821843147277832,9.99317126115784e-05,0.010946372523903847,0.026766015216708183,4.723048686981201
100.77378534639138,-8.139486312866211,-68.07779693603516,-179.3907928466797,5.929153087451445,-0.000611893071652089,-8.209455791236978e-05,2.0689656734466553,7.99916410446167,-0.0448245033621788,9.945717811584473,6.380135891959071e-05,-0.028126632794737816,-0.001212986302562058,4.723021507263184
100.87767665015417,-8.79838752746582,-68.08479309082031,-179.39486694335938,6.541282287733147,-0.0006119548473137215,-8.796791666117767e-05,2.0704007148742676,4.481973171234131,0.013167940080165863,9.600889205932617,-1.627038000151515e-05,-0.007870196364820004,-0.00038976481300778687,4.722950458526611
100.967801490071,-9.393355369567871,-68.09110260009766,-179.397705078125,6.518143878438976,-0.000612011275026839,-9.332951787485993e-05,2.0699501037597656,-1.6820675134658813,-0.061925798654556274,9.608102798461914,-0.00013466767268255353,0.030593231320381165,-0.005632898770272732,4.722901344299316
101.07227626183885,-10.054269790649414,-68.09795379638672,-179.3949432373047,6.114655380457357,-0.0006120742162669799,-9.933401277795591e-05,2.067981481552124,-4.476110935211182,0.007136046886444092,9.843097686767578,-0.00016432302072644234,0.038476474583148956,-0.02545883134007454,4.722949028015137
101.1771874858241,-10.670105934143066,-68.10408782958984,-179.3769073486328,5.6368169284319265,-0.0006121328380102426,-0.00010492279038806531,2.0663154125213623,-4.766481399536133,-0.028618216514587402,9.882553100585938,0.0004359460435807705,0.02511078678071499,-0.027099478989839554,4.723264217376709
101.28109798414516,-11.238998413085938,-68.1097183227539,-179.3521728515625,5.307177957765206,-0.0006121870716931865,-0.00011005421555470534,2.0657286643981934,-2.6195833683013916,0.1692604124546051,9.879186630249023,0.0008911904878914356,0.006652711890637875,-0.02295627072453499,4.723695755004883
101.37192384639638,-11.673201560974121,-68.11470794677734,-179.41847229003906,4.487679063036425,-0.0006122217647950277,-0.00011399708487446924,2.0643420219421387,-6.679146766662598,0.047316938638687134,9.95234203338623,-0.00031446508364751935,0.01997249573469162,-0.005969040561467409,4.722538948059082
101.47604459451395,-12.114693641662598,-68.1192855834961,-179.4306182861328,4.1066736606498955,-0.0006122610516475155,-0.000117971801913293,2.064072608947754,-2.312974214553833,0.042469706386327744,9.971156120300293,0.00022795639233663678,-0.010958004742860794,0.00037094997242093086,4.722326755523682
101.58064398748684,-12.543864250183105,-68.123779296875,-179.4236297607422,4.122913416578782,-0.000612301915459182,-0.00012178681755357817,2.0653939247131348,0.9304181933403015,-0.009531684219837189,9.862560272216797,7.340975571423769e-06,-0.02823360450565815,0.001454713405109942,4.722448825836182
101.67018163317698,-12.921553611755371,-68.12777709960938,-179.4159393310547,4.2882626388546905,-0.0006123385969008621,-0.00012513556750286424,2.0668258666992188,2.2660257816314697,0.03695400059223175,9.792734146118164,-0.00010444939834997058,-0.026722287759184837,0.0013860812177881598,4.722582817077637
101.77548953724909,-13.389209747314453,-68.13270568847656,-179.40980529785156,4.561772547615667,-0.0006123837802093952,-0.00012929600576666892,2.068135976791382,2.928379774093628,-0.0300362017005682,9.763694763183594,-0.00023484528355766088,-0.01809507980942726,0.0005540117272175848,4.722690105438232
101.88101987933624,-13.888407707214355,-68.13787078857422,-179.408935546875,4.867501404544192,-0.0006124303347867683,-0.00013375674333837115,2.0689151287078857,3.137939691543579,0.04775744676589966,9.736598014831543,-1.387225347571075e-05,-0.009745693765580654,3.207560075679794e-05,4.722704887390137
101.97036630028742,-14.33642578125,-68.14250946044922,-179.4083709716797,5.134178111438514,-0.0006124718156694012,-0.00013777148428677536,2.069359064102173,3.134378671646118,0.06789809465408325,9.741498947143555,0.00026028932188637555,-0.0053550549782812595,0.0004237117536831647,4.722714900970459
102.07438473237562,-14.883974075317383,-68.14827728271484,-179.41250610351562,5.329640816770305,-0.0006125230325608476,-0.00014269209400845752,2.0694398880004883,-0.22751650214195251,-0.07741229236125946,9.654458045959473,-0.0003689194854814559,0.006005452945828438,-0.02481285110116005,4.72264289855957
102.17953296678024,-15.430234909057617,-68.15406799316406,-179.41622924804688,5.122049192280006,-0.0006125745237060587,-0.00014763671807588863,2.0683441162109375,-2.6605045795440674,0.02733348309993744,9.787549018859863,0.0002104967279592529,0.01862550713121891,-0.033479172736406326,4.722578048706055
102.2834423680033,-15.944485664367676,-68.1594467163086,-179.40052795410156,4.846008330667156,-0.0006126258091609459,-0.00015229197013407576,2.067166805267334,-2.5440075397491455,0.02660652995109558,9.868271827697754,-0.00029201223514974117,0.014106188900768757,9.354436042485759e-05,4.722851753234863
102.37331710403669,-16.369596481323242,-68.16395568847656,-179.39846801757812,4.656255391054681,-0.0006126668100994725,-0.00015612886608295674,2.066591501235962,-1.8583585023880005,-0.0006135068833827972,9.875333786010742,6.91213717800565e-05,0.0059375944547355175,0.0006853994564153254,4.722887992858887
102.47981226837146,-16.863296508789062,-68.16921997070312,-179.3955841064453,4.662141088076397,-0.0006127146673822323,-0.00016056013851522234,2.0667617321014404,0.8693038821220398,-0.04933994635939598,9.877602577209473,-0.00017328080139122903,-0.010376006364822388,5.247751687420532e-05,4.722938060760498
102.56902542358148,-17.287137985229492,-68.17369842529297,-179.3954620361328,4.827071074444796,-0.000612754708432559,-0.00016434634893920376,2.067486047744751,2.1775918006896973,0.01694703847169876,9.798727989196777,4.520406946539879e-07,-0.01582135260105133,7.050296972010983e-06,4.722940444946289
102.67423518674332,-17.80927848815918,-68.17926025390625,-179.39328002929688,5.0546669727453475,-0.0006128046226185805,-0.00016901185123204722,2.0683934688568115,1.952337384223938,0.03954184055328369,9.697004318237305,0.00015765056014060974,-0.010537885129451752,0.0007467102841474116,4.722978591918945
102.77845550441998,-18.336423873901367,-68.18486022949219,-179.3819580078125,4.993803732544223,-0.0006128567308347567,-0.00017375138490197293,2.0684163570404053,-1.7595837116241455,-0.0008448958396911621,9.641303062438965,-0.00013067713007330894,0.012329005636274815,-0.0016559165669605136,4.723176002502441
102.88380878439057,-18.84356689453125,-68.19032287597656,-179.3820343017578,4.667811987759833,-0.0006129062336401172,-0.0001783422387467482,2.0672504901885986,-3.1824779510498047,0.014275878667831421,9.816964149475098,-1.2307165889069438e-05,0.018548469990491867,1.6675840015523136e-06,4.723174571990967
102.97234523689258,-19.242870330810547,-68.19458770751953,-179.3837432861328,4.399510104368177,-0.0006129447662947014,-0.0001819551207879837,2.0664732456207275,-2.830839157104492,0.03015136905014515,9.906522750854492,8.733055437915027e-06,0.011509270407259464,-0.0004090433067176491,4.72314453125
103.07655855754274,-19.691837310791016,-68.19940948486328,-179.3842010498047,4.280615071375853,-0.0006129878926999183,-0.00018599474169559124,2.0663254261016846,-0.2640860676765442,-0.03740246593952179,9.899396896362305,2.5912129785865545e-05,-0.00612364336848259,-6.3153033806884196e-06,4.723136901855469
103.17938874402898,-20.138628005981445,-68.20419311523438,-179.38514709472656,4.415620539771904,-0.0006130306077244785,-0.00018998556257296967,2.067091226577759,1.8401620388031006,0.020093724131584167,9.83940601348877,-0.00020117594976909459,-0.01704171858727932,-0.0005760373896919191,4.723120212554932
103.28338327837992,-20.61199378967285,-68.20917510986328,-179.38906860351562,4.663559192749681,-0.0006130744883275505,-0.00019420783649150346,2.0680696964263916,2.6674270629882812,0.011540018022060394,9.752423286437988,0.00017274270066991448,-0.015422467142343521,-0.000351827620761469,4.723052024841309
103.37181391773629,-21.034526824951172,-68.2136459350586,-179.39105224609375,4.8479110401109695,-0.0006131141865606406,-0.00019798703630347864,2.0686240196228027,1.7069454193115234,0.0019519031047821045,9.705180168151855,-0.00014592663501389325,-0.0064756921492516994,-0.0007425229414366186,4.72301721572876
103.47747680192697,-21.543373107910156,-68.21902465820312,-179.39222717285156,4.720897206393626,-0.0006131622495336874,-0.00020257069098678117,2.068291425704956,-2.609243392944336,-0.01219099760055542,9.721717834472656,4.8739282647147775e-05,0.01660161465406418,-2.2815383999841288e-05,4.722996711730957
103.58147732468206,-22.006061553955078,-68.223876953125,-179.39418029785156,4.186248171943045,-0.00061320613013675,-0.00020677671536942994,2.0668303966522217,-6.105323314666748,0.004345715045928955,9.791268348693848,9.822228457778692e-05,0.030738631263375282,-0.00023727139341644943,4.722962379455566
103.67237274648505,-22.35601806640625,-68.22756958007812,-179.39431762695312,3.593602837196677,-0.0006132396576600261,-0.0002099689606906737,2.0653645992279053,-6.721094131469727,0.030640944838523865,9.831440925598145,2.4736073100939393e-05,0.02498563565313816,1.4743893189006485e-05,4.722959995269775
103.77578571086633,-22.69072151184082,-68.23109436035156,-179.39418029785156,2.9499233172470265,-0.0006132717453510131,-0.00021300947511357476,2.064354419708252,-6.189316272735596,0.024841755628585815,9.874996185302734,-5.476002115756273e-06,0.011373101733624935,2.172300810343586e-05,4.722962379455566
103.88118281701463,-22.966753005981445,-68.23402404785156,-179.39675903320312,2.350511151988106,-0.0006132978680225199,-0.00021550077922086533,2.064011812210083,-5.634801387786865,0.018644854426383972,9.808117866516113,0.0002331269351998344,0.0010504660895094275,-0.01111469604074955,4.722917556762695
103.9854582932021,-23.18135643005371,-68.23632049560547,-179.400146484375,1.806449192193299,-0.0006133177514207775,-0.00021742650349063918,2.064105272293091,-5.203860282897949,-0.046130672097206116,9.808658599853516,0.0004506927798502147,-0.0027709065470844507,-0.013325735926628113,4.722858428955078
104.07599799914169,-23.31560516357422,-68.23789978027344,-179.41737365722656,0.9375603264574865,-0.0006133293386425168,-0.00021864040209995759,2.063868522644043,-18.38434410095215,-0.19365423917770386,8.92264461517334,0.00020641690935008228,0.036863185465335846,-0.01824316382408142,4.722557544708252
104.18048258984345,-23.32799530029297,-68.2382583618164,-179.4379119873047,0.0030042315331279498,-0.0006133298871500501,-0.00021881179356544807,2.0619752407073975,-1.524502158164978,0.05396129935979843,10.293750762939453,-0.00014660485612694174,-0.01760423742234707,-8.555782187613659e-06,4.722199440002441
104.28645923009026,-23.329126358032227,-68.23827362060547,-179.43797302246094,0.0068795101755138414,-0.0006133294072059546,-0.00021875397744252581,2.064107656478882,0.016363315284252167,-0.10079716891050339,9.801555633544922,-4.757952410727739e-06,-0.03952622786164284,-1.0451140042277984e-05,4.722198486328125
104.3757782142784,-23.330018997192383,-68.23828125,-179.43800354003906,0.004874808145192102,-0.0006133289958253013,-0.0002187081256403269,2.065797805786133,0.22668656706809998,-0.04256206378340721,9.719573020935059,6.906804628670216e-06,-0.027631454169750214,-4.032160632050363e-06,4.722197532653809
104.48085488865036,-23.330631256103516,-68.23829650878906,-179.43800354003906,0.0024121264965159643,-0.0006133287215715325,-0.00021867665502020084,2.0669384002685547,0.1770876795053482,-0.0018713808385655284,9.72524356842041,4.6950881369411945e-06,-0.01347739715129137,5.290680178404727e-07,4.722197532653809
104.58489920591819,-23.330896377563477,-68.23829650878906,-179.43800354003906,0.0010012657729596012,-0.000613328584444648,-0.00021866287376825016,2.0674426555633545,0.08580552786588669,-0.0008868096047081053,9.772538185119629,1.938409695867449e-06,-0.005335245747119188,1.5034562750315672e-07,4.722197532653809
104.67392578462022,-23.330984115600586,-68.23829650878906,-179.43800354003906,0.00041562316009962453,-0.0006133285158812056,-0.00021865829715846062,2.06760835647583,0.05873343348503113,-0.0005907752783969045,9.803757667541504,1.529835572000593e-06,-0.002074003219604492,5.8224934207373735e-08,4.722197532653809
104.77943466065335,-23.331010818481445,-68.23829650878906,-179.43800354003906,8.395536526157083e-05,-0.0006133285158812057,-0.00021865677162186408,2.0676534175872803,-0.010302594862878323,9.667289850767702e-05,9.810625076293945,1.662751856201794e-07,-0.00010277298133587465,-4.400330766429761e-09,4.722197532653809
104.88294918855536,-23.33101463317871,-68.2383041381836,-179.43800354003906,3.503770102219809e-05,-0.0006133285844446483,-0.00021865658307239707,2.067661762237549,0.00962574128061533,-0.020097868517041206,9.807500839233398,7.114895197446458e-07,-0.0001137342260335572,3.0032920594891266e-10,4.722197532653809
104.98850028423476,-23.33102035522461,-68.2383041381836,-179.43800354003906,4.372119457720579e-05,-0.0006133285844446483,-0.00021865646308637265,2.067664384841919,0.009910748340189457,-9.827633766690269e-05,9.803750038146973,-7.256580829562154e-07,-6.388175097526982e-05,1.0821438189978494e-09,4.722197532653809
105.07799927631277,-23.331022262573242,-68.2383041381836,-179.43800354003906,7.65703269211947e-05,-0.0006133285844446483,-0.0002186563773820695,2.067669630050659,0.02977103926241398,-0.02029336430132389,9.80875015258789,-2.80537818753146e-07,-3.167201793985441e-05,6.828466680985912e-10,4.722197532653809
105.18338067570585,-23.331022262573242,-68.2383041381836,-179.43800354003906,2.75576344640345e-06,-0.0006133285844446483,-0.00021865636024120887,2.0676677227020264,-0.00021185079822316766,-0.019999196752905846,9.814375877380371,-7.772105732328782e-07,-2.183887318096822e-06,2.808113186425487e-10,4.722197532653809
105.28703320233035,-23.331022262573242,-68.2383041381836,-179.43800354003906,0.00020959067017601197,-0.0006133285844446483,-0.00021865636024120887,2.067669630050659,-0.010211382061243057,-0.019901111721992493,9.821249961853027,5.236303763922479e-07,-4.664817879529437e-06,-2.0138075929043708e-10,4.722197532653809
105.37818594576675,-23.331022262573242,-68.2383041381836,-179.43800354003906,0.0004593802910310389,-0.0006133285844446483,-0.00021865636024120887,2.067662477493286,-0.010211454704403877,-0.01990111544728279,9.866875648498535,-6.519218231915147e-08,-2.1517696495720884e-06,2.7546284697699264e-10,4.722197532653809
105.48216305600363,-23.331022262573242,-68.2383041381836,-179.43800354003906,0.0001588395049756571,-0.0006133285844446483,-0.00021865636024120887,2.06766939163208,0.010180034674704075,0.019900796934962273,9.795625686645508,8.650226845929865e-08,-1.706570742499025e-06,-3.5583869184563355e-10,4.722197532653809
105.58698109464603,-23.331022262573242,-68.2383041381836,-179.43800354003906,3.0055047052263235e-05,-0.0006133285844446483,-0.00021865636024120887,2.0676651000976562,0.020571837201714516,0.059800777584314346,9.829375267028809,4.3065870869440914e-08,-3.615094712472455e-08,-1.992303544362528e-11,4.722197532653809
105.67771912572789,-23.331022262573242,-68.2383041381836,-179.43800354003906,0.0003799915215858379,-0.0006133285844446483,-0.00021865636024120887,2.0676519870758057,0.030571307986974716,0.05970269441604614,9.858750343322754,1.604256567588891e-07,-4.085843841039605e-07,-1.721756244521533e-11,4.722197532653809
105.7834086746152,-23.331022262573242,-68.2383041381836,-179.43800354003906,6.0596935745122244e-05,-0.0006133285844446483,-0.00021865636024120887,2.067652463912964,0.030767550691962242,0.0797017365694046,9.811875343322754,-1.3533225455830689e-06,-2.3541247173852753e-07,8.539075002644836e-11,4.722197532653809
105.88742027358967,-23.331022262573242,-68.2383041381836,-179.43800354003906,5.389691811305938e-05,-0.0006133285844446483,-0.00021865636024120887,2.0676653385162354,-0.010603697970509529,-0.059899184852838516,9.80875015258789,2.3944511440276983e-07,1.0301883435204218e-07,6.923072792125451e-12,4.722197532653809
105.97874261831748,-23.331022262573242,-68.2383041381836,-179.43800354003906,0.00015801906181032335,-0.0006133285844446483,-0.00021865636024120887,2.0676615238189697,0.02037568762898445,0.03980174660682678,9.81812572479248,2.1113538650752162e-07,6.857339940324891e-08,5.329116054691996e-12,4.722197532653809
106.08247641494381,-23.331022262573242,-68.2383041381836,-179.43800354003906,6.744861481556495e-05,-0.0006133285844446483,-0.00021865636024120887,2.0676608085632324,0.01017999928444624,0.019900796934962273,9.81812572479248,1.9438743947830517e-08,-2.827014178308218e-08,-1.630042563600942e-12,4.722197532653809
106.18888420631993,-23.331022262573242,-68.2383041381836,-179.43800354003906,2.5997171602512496e-05,-0.0006133285844446483,-0.00021865636024120887,2.067657470703125,0.01018002163618803,0.019900796934962273,9.804375648498535,1.5406860143230006e-07,7.19043846686418e-09,5.456139012816053e-13,4.722197532653809
106.27794839741546,-23.331022262573242,-68.2383041381836,-179.43800354003906,0.0002067899640566714,-0.0006133285844446483,-0.00021865636024120887,2.067666530609131,-0.00021186978847254068,-0.019999200478196144,9.826250076293945,1.8763871878491045e-07,4.591131386177949e-08,5.174776405991732e-12,4.722197532653809
106.38279181832331,-23.331022262573242,-68.2383041381836,-179.43800354003906,1.1878026212536841e-05,-0.0006133285844446483,-0.00021865636024120887,2.067667245864868,-1.5695341062382795e-05,-1.596039851392561e-07,9.822500228881836,8.980762800092634e-08,6.940663865862007e-08,4.7134266975557004e-12,4.722197532653809
106.48567355630803,-23.331022262573242,-68.2383041381836,-179.43800354003906,0.0004249811174959183,-0.0006133285844446483,-0.00021865636024120887,2.067669153213501,-0.00040807618643157184,-0.039998237043619156,9.850000381469727,8.967163012130186e-08,3.5322106128887754e-08,8.824224987866169e-13,4.722197532653809
106.5906925603922,-23.331022262573242,-68.2383041381836,-179.43800354003906,0.00036854742250794225,-0.0006133285844446483,-0.00021865636024120887,2.0676629543304443,-0.010015287436544895,9.792388300411403e-05,9.868124961853027,8.526674832864956e-08,6.414409625676853e-08,1.6373575672384844e-12,4.722197532653809
106.67983294578153,-23.331022262573242,-68.2383041381836,-179.43800354003906,5.27048202055963e-05,-0.0006133285844446483,-0.00021865636024120887,2.0676686763763428,0.00037669247831217945,0.03999791666865349,9.79062557220459,1.7564335053066316e-07,8.058038503122589e-08,1.9780118515333456e-11,4.722197532653809
106.78416899984586,-23.331022262573242,-68.2383041381836,-179.43800354003906,1.7876657628962506e-05,-0.0006133285844446483,-0.00021865636024120887,2.0676698684692383,-0.010015184991061687,9.792493074201047e-05,9.803750038146973,2.2237517782741634e-07,7.527136602902829e-08,1.314530515689194e-12,4.722197532653809
106.88894838115084,-23.331022262573242,-68.2383041381836,-179.43800354003906,4.088878942446845e-05,-0.0006133285844446483,-0.00021865636024120887,2.067673683166504,0.009787661954760551,-0.02009727992117405,9.817500114440918,1.0403268646541619e-07,2.7573777927614174e-08,-4.2734446623754474e-13,4.722197532653809
106.97804956437903,-23.331022262573242,-68.2383041381836,-179.43800354003906,0.00011609077064928762,-0.0006133285844446483,-0.00021865636024120887,2.067674398422241,-0.010407518595457077,-0.03990015387535095,9.801250457763672,4.396130037775947e-08,1.9948151575022166e-08,4.908100401795901e-12,4.722197532653809
107.08309747019666,-23.331022262573242,-68.2383041381836,-179.43800354003906,0.0001555871860559783,-0.0006133285844446483,-0.00021865636024120887,2.06767201423645,-0.00021179288160055876,-0.019999196752905846,9.778125762939453,2.064194504214356e-08,3.918369984035053e-08,-1.1763728012537111e-12,4.722197532653809
107.18673879952985,-23.331022262573242,-68.2383041381836,-179.43800354003906,4.385948107873265e-05,-0.0006133285844446483,-0.00021865636024120887,2.0676746368408203,-0.02040701173245907,-0.03980207070708275,9.785000801086426,5.328025309836448e-08,4.0885719698735556e-08,-8.869434456630285e-14,4.722197532653809
107.29176586141693,-23.331022262573242,-68.2383041381836,-179.43800354003906,2.8472387943826417e-05,-0.0006133285844446483,-0.00021865636024120887,2.067678213119507,-0.020407026633620262,-0.03980207070708275,9.7943754196167,-7.905000529717654e-07,-4.604803791607992e-07,-5.3508308894834045e-11,4.722197532653809
107.37991177497315,-23.331022262573242,-68.2383041381836,-179.43800354003906,2.2087132999526018e-05,-0.0006133285844446483,-0.00021865636024120887,2.067681312561035,-0.020210880786180496,-0.01980302855372429,9.809375762939453,1.3631576223360753e-07,3.781950042025528e-08,2.3473025606568498e-11,4.722197532653809
107.48530855888384,-23.331022262573242,-68.2383041381836,-179.43800354003906,0.00012360573371147877,-0.0006133285844446483,-0.00021865636024120887,2.0676732063293457,0.0003766824956983328,0.03999791666865349,9.796875,2.3335506682542473e-07,6.441022293302012e-08,4.547823706166354e-13,4.722197532653809
107.58930578755098,-23.331022262573242,-68.2383041381836,-179.43800354003906,6.240367962444905e-05,-0.0006133285844446483,-0.00021865636024120887,2.0676722526550293,0.00018048410129267722,0.019998880103230476,9.815625190734863,4.311053913852447e-08,1.0505616643285975e-07,5.0497752680789265e-12,4.722197532653809
107.68015117684263,-23.331022262573242,-68.2383041381836,-179.43800354003906,8.137710471655837e-05,-0.0006133285844446483,-0.00021865636024120887,2.067667245864868,0.009983879514038563,-9.824326116358861e-05,9.787500381469727,5.336227673069516e-07,-5.059107621718795e-08,-3.9906566939862387e-10,4.722197532653809
107.78328895682353,-23.331022262573242,-68.2383041381836,-179.43800354003906,5.131745920149371e-05,-0.0006133285844446483,-0.00021865636024120887,2.0676751136779785,0.010180012322962284,0.019900796934962273,9.8100004196167,7.822136467439122e-07,2.437893158457882e-07,-4.929761460159554e-11,4.722197532653809
107.88822119889664,-23.331022262573242,-68.2383041381836,-179.43800354003906,0.00012563706997359967,-0.0006133285844446483,-0.00021865636024120887,2.067671775817871,0.01037618238478899,0.039899829775094986,9.808125495910645,2.831909853284742e-07,1.0655090676436885e-07,-7.669447021907416e-11,4.722197532653809
107.99220118505764,-23.331022262573242,-68.2383041381836,-179.43800354003906,0.00019181250940642888,-0.0006133285844446483,-0.00021865636024120887,2.067674160003662,-0.010407550260424614,-0.03990015387535095,9.82187557220459,2.537352941089921e-07,7.420018732773315e-08,6.848408992676802e-12,4.722197532653809
108.08280647287029,-23.331022262573242,-68.2383041381836,-179.43800354003906,5.483631044155308e-06,-0.0006133285844446483,-0.00021865636024120887,2.06766414642334,-0.010211378335952759,-0.019901111721992493,9.819375038146973,4.1748709378452986e-08,7.17542025796547e-09,-8.458808740258172e-13,4.722197532653809
108.18707254083711,-23.331022262573242,-68.2383041381836,-179.43800354003906,0.00012794495068863435,-0.0006133285844446483,-0.00021865636024120887,2.0676651000976562,-0.009819048456847668,0.02009696140885353,9.82437515258789,1.0398240135600645e-07,1.331103405277645e-08,1.0864718142083313e-13,4.722197532653809
108.29210402278113,-23.331022262573242,-68.2383041381836,-179.43800354003906,2.5535137120726078e-05,-0.0006133285844446483,-0.00021865636024120887,2.067666530609131,-0.020210854709148407,-0.01980302855372429,9.791250228881836,-8.225383112403506e-07,-4.334827394814056e-07,-4.871777981030334e-11,4.722197532653809
108.38131160961348,-23.331022262573242,-68.2383041381836,-179.43800354003906,0.0003247976133081985,-0.0006133285844446483,-0.00021865636024120887,2.06767201423645,0.010376145131886005,0.039899829775094986,9.832500457763672,8.979054655355867e-08,5.982614936783648e-08,5.013961034555647e-12,4.722197532653809
108.48644428441185,-23.331022262573242,-68.2383041381836,-179.43800354003906,0.0001781558968177347,-0.0006133285844446483,-0.00021865636024120887,2.067674160003662,-0.00021179487521294504,-0.019999196752905846,9.779375076293945,3.7499848559718885e-08,8.084100500127533e-09,-7.445260770747031e-13,4.722197532653809
108.59094193598139,-23.331022262573242,-68.2383041381836,-179.43800354003906,3.0117044582604237e-05,-0.0006133285844446483,-0.00021865636024120887,2.067678689956665,-0.01060374267399311,-0.059899184852838516,9.836874961853027,1.628315686730275e-07,3.159536277053121e-08,8.900105587412999e-13,4.722197532653809
108.68100355492788,-23.331022262573242,-68.2383041381836,-179.43800354003906,0.0003237199862797223,-0.0006133285844446483,-0.00021865636024120887,2.0676732063293457,0.0001805110659915954,0.019998880103230476,9.798750877380371,1.7653776751558325e-07,2.4756806382697505e-08,1.867714316539093e-12,4.722197532653809
108.78342885451275,-23.331022262573242,-68.2383041381836,-179.43800354003906,2.0561225019810058e-05,-0.0006133285844446483,-0.00021865636024120887,2.067678689956665,0.010180012322962284,0.019900796934962273,9.809375762939453,7.712885974342498e-08,5.678840508949179e-08,2.420899938848642e-11,4.722197532653809
108.88902625648188,-23.331022262573242,-68.2383041381836,-179.43800354003906,0.0001395988365937597,-0.0006133285844446483,-0.00021865636024120887,2.0676686763763428,-1.5659386917832308e-05,-1.592383682691434e-07,9.800000190734863,2.3520030367762956e-08,7.829021875238595e-09,3.667092942239575e-13,4.722197532653809
108.99203922247398,-23.331022262573242,-68.2383041381836,-179.43800354003906,9.2936004961259e-06,-0.0006133285844446483,-0.00021865636024120887,2.067676067352295,0.009787684306502342,-0.02009727992117405,9.803750038146973,6.086386150627732e-08,1.1285897549839774e-08,2.2925284934305346e-11,4.722197532653809
109.08138079589116,-23.331022262573242,-68.2383041381836,-179.43800354003906,0.0004264879111081201,-0.0006133285844446483,-0.00021865636024120887,2.0676698684692383,0.009983872063457966,-9.824334119912237e-05,9.792500495910645,8.110944094141814e-08,8.181125998873995e-09,2.3449494082616873e-11,4.722197532653809
109.18485836984473,-23.331022262573242,-68.2383041381836,-179.43800354003906,2.005632668897185e-05,-0.0006133285844446483,-0.00021865636024120887,2.0676732063293457,-0.0202108733355999,-0.01980302855372429,9.803125381469727,-6.633858333771059e-07,5.217823400016641e-07,3.03321506800458e-10,4.722197532653809
109.29104944618302,-23.331022262573242,-68.2383041381836,-179.43800354003906,7.218360407529126e-05,-0.0006133285844446483,-0.00021865636024120887,2.0676679611206055,-0.010211361572146416,-0.019901111721992493,9.80875015258789,-3.6121003965661203e-09,-7.45534123325342e-09,-1.4105954902407514e-12,4.722197532653809
109.3940964473586,-23.331022262573242,-68.2383041381836,-179.43800354003906,5.639552923397583e-05,-0.0006133285844446483,-0.00021865636024120887,2.0676827430725098,0.00998386088758707,-9.824345033848658e-05,9.799375534057617,2.0781207865638862e-08,-1.0892215129842953e-08,-9.409725602871344e-13,4.722197532653809
109.48318961748737,-23.331022262573242,-68.2383041381836,-179.43800354003906,0.00021040915503282357,-0.0006133285844446483,-0.00021865636024120887,2.0676822662353516,-0.03040659800171852,-0.039703983813524246,9.830625534057617,9.577982496011828e-08,2.55111443081546e-09,3.81429436646652e-12,4.722197532653809
109.5890164852317,-23.331022262573242,-68.2383041381836,-179.43800354003906,3.1609540814888554e-05,-0.0006133285844446483,-0.00021865636024120887,2.0676732063293457,0.020179538056254387,0.01980271190404892,9.80625057220459,8.722751942968898e-08,7.001062130029823e-08,1.8167853289494107e-12,4.722197532653809
109.69279798792559,-23.331022262573242,-68.2383041381836,-179.43800354003906,1.139641475930517e-06,-0.0006133285844446483,-0.00021865636024120887,2.067673683166504,0.010376178659498692,0.039899829775094986,9.810625076293945,7.227155318645373e-09,2.20985230114934e-09,-2.335079829149378e-13,4.722197532653809
109.7827842507686,-23.331022262573242,-68.2383041381836,-179.43800354003906,8.368014827491704e-05,-0.0006133285844446483,-0.00021865636024120887,2.0676703453063965,-0.010211363434791565,-0.019901111721992493,9.809375762939453,1.4309635254505793e-08,-6.277168562718316e-09,6.264068040315318e-13,4.722197532653809
109.88688997851568,-23.331022262573242,-68.2383041381836,-179.43800354003906,6.17456510514769e-05,-0.0006133285844446483,-0.00021865636024120887,2.067671537399292,0.02037568762898445,0.03980174660682678,9.818750381469727,1.292019931042887e-07,2.1306071573690133e-08,2.372665779126759e-11,4.722197532653809
109.99136465621996,-23.331022262573242,-68.2383041381836,-179.43800354003906,0.00017611503684128278,-0.0006133285844446483,-0.00021865636024120887,2.0676729679107666,0.0003766615118365735,0.03999791666865349,9.8100004196167,1.9782646631938405e-07,3.620850819174848e-08,6.379254763322351e-12,4.722197532653809
110.095177251118,-23.331022262573242,-68.2383041381836,-179.43800354003906,0.0,-0.0006133285844446483,-0.00021865636024120887,2.067674160003662,-0.010603686794638634,-0.059899184852838516,9.801875114440918,0.0,0.0,0.0,4.722197532653809
110.1848544657405,-23.331022262573242,-68.2383041381836,-179.43800354003906,0.00015656471108763166,-0.0006133285844446483,-0.00021865636024120887,2.067676544189453,-1.5641411664546467e-05,-1.5905557404494175e-07,9.788750648498535,6.27423233368063e-08,2.0629761010582115e-08,5.377747943138833e-13,4.722197532653809
110.28954220956075,-23.331022262573242,-68.2383041381836,-179.43800354003906,9.080409920409429e-05,-0.0006133285844446483,-0.00021865636024120887,2.067674160003662,-0.020210903137922287,-0.019803032279014587,9.823125839233398,1.472022574944276e-07,3.899627287751173e-08,-9.779588163588704e-13,4.722197532653809
110.39423386121052,-23.331022262573242,-68.2383041381836,-179.43800354003906,9.958267494454235e-05,-0.0006133285844446483,-0.00021865636024120887,2.0676727294921875,-0.009819039143621922,0.02009696513414383,9.81812572479248,2.0668569788995228e-07,3.9098523529901286e-08,-5.357669061005488e-13,4.722197532653809
110.48447924500215,-23.331022262573242,-68.2383041381836,-179.43800354003906,0.0001218891149488212,-0.0006133285844446483,-0.00021865636024120887,2.0676698684692383,-0.010211367160081863,-0.019901111721992493,9.811875343322754,1.7064439816749655e-07,5.5599539194872705e-08,-2.9692632901034965e-13,4.722197532653809
110.58906680831569,-23.331022262573242,-68.2383041381836,-179.43800354003906,8.372783670378322e-05,-0.0006133285844446483,-0.00021865636024120887,2.067657709121704,0.01037620473653078,0.039899829775094986,9.7943754196167,1.1687880174804377e-07,2.7252886170003876e-08,4.5427247033491547e-13,4.722197532653809
110.69279145935434,-23.331022262573242,-68.2383041381836,-179.43800354003906,0.0001716566095361371,-0.0006133285844446483,-0.00021865636024120887,2.0676629543304443,-0.00021184580691624433,-0.019999196752905846,9.811250686645508,1.67985959365069e-07,3.8576381200527976e-08,2.8746652627753555e-11,4.722197532653809
110.79754044415313,-23.331022262573242,-68.2383041381836,-179.43800354003906,3.561984226563568e-05,-0.0006133285844446483,-0.00021865636024120887,2.067664623260498,0.010180025361478329,0.019900796934962273,9.801250457763672,2.1027524610417458e-07,7.237349564093165e-08,-3.60172724978014e-10,4.722197532653809
110.88772436438012,-23.331022262573242,-68.2383041381836,-179.43800354003906,0.00012210846144704583,-0.0006133285844446483,-0.00021865636024120887,2.067664861679077,-1.5648402040824294e-05,-1.591266709510819e-07,9.79312515258789,3.0051887733861804e-07,8.449995192449933e-08,3.931346350891096e-13,4.722197532653809
110.99153954369831,-23.331022262573242,-68.2383041381836,-179.43800354003906,2.559185174908185e-05,-0.0006133285844446483,-0.00021865636024120887,2.0676655769348145,-0.01001513097435236,9.792546916287392e-05,9.770000457763672,6.990985212951273e-08,2.1031837604823522e-08,5.094492536161788e-13,4.722197532653809
111.09486143125105,-23.331022262573242,-68.2383041381836,-179.43800354003906,2.5777824868963e-05,-0.0006133285844446483,-0.00021865636024120887,2.0676729679107666,-0.010015194304287434,9.792482160264626e-05,9.8100004196167,1.4323789798709186e-07,3.953925542532488e-08,7.324908908590277e-13,4.722197532653809
111.19924331011134,-23.331022262573242,-68.2383041381836,-179.43800354003906,1.8076902237304034e-05,-0.0006133285844446483,-0.00021865636024120887,2.067668914794922,-0.010015194304287434,9.792482160264626e-05,9.8100004196167,7.892054298963558e-08,4.9685734637705536e-08,-1.0559593564135605e-12,4.722197532653809
111.28803613522905,-23.331022262573242,-68.2383041381836,-179.43800354003906,6.39533997318822e-05,-0.0006133285844446483,-0.00021865636024120887,2.0676724910736084,0.020179523155093193,0.01980271190404892,9.815625190734863,1.0470985500887764e-07,4.937487219081049e-08,4.421054722401202e-13,4.722197532653809
111.39362796975183,-23.331022262573242,-68.2383041381836,-179.43800354003906,0.0002614545841842531,-0.0006133285844446483,-0.00021865636024120887,2.0676686763763428,0.009983782656490803,-9.824424341786653e-05,9.848125457763672,2.5245066126444726e-07,-8.766163972495633e-08,2.6787834103703112e-12,4.722197532653809
111.48524248899776,-23.331022262573242,-68.2383041381836,-179.43800354003906,0.0002041960214576392,-0.0006133285844446483,-0.00021865636024120887,2.06766414642334,-0.020407022908329964,-0.03980207070708275,9.792500495910645,-8.788721288510715e-07,-2.0009710510748846e-07,9.62128779424809e-11,4.722197532653809
111.59132682645577,-23.331022262573242,-68.2383041381836,-179.43800354003906,0.00023464203420414344,-0.0006133285844446483,-0.00021865636024120887,2.0676660537719727,0.010180042125284672,0.019900796934962273,9.79062557220459,3.4643221624719445e-07,1.4996500397046475e-07,3.290617084372727e-11,4.722197532653809
111.69574358055252,-23.331022262573242,-68.2383041381836,-179.43800354003906,0.00034144401724631857,-0.0006133285844446483,-0.00021865636024120887,2.0676724910736084,0.010179937817156315,0.019900793209671974,9.8568754196167,2.645867311912298e-07,9.583546756175565e-08,2.0274447051771283e-11,4.722197532653809
111.80050777943688,-23.331022262573242,-68.2383041381836,-179.43800354003906,9.599208737571643e-05,-0.0006133285844446483,-0.00021865636024120887,2.0676915645599365,0.020179564133286476,0.01980271190404892,9.789375305175781,3.923111080439412e-08,1.5105564799000604e-08,7.29526912512414e-14,4.722197532653809
111.89020442889887,-23.331022262573242,-68.2383041381836,-179.43800354003906,0.00018444060840444606,-0.0006133285844446483,-0.00021865636024120887,2.0676956176757812,-0.0004079922800883651,-0.039998237043619156,9.797500610351562,1.5094495608991565e-07,4.157080368827337e-08,7.852343992045818e-13,4.722197532653809
111.99491748327273,-23.331022262573242,-68.2383041381836,-179.43800354003906,0.00011758327736362466,-0.0006133285844446483,-0.00021865636024120887,2.067685604095459,0.010376165620982647,0.039899829775094986,9.819375038146973,1.965022704553121e-07,7.704205984282453e-08,1.6348411339961455e-12,4.722197532653809
112.10017919840175,-23.331022262573242,-68.2383041381836,-179.43800354003906,1.1003767131010907e-05,-0.0006133285844446483,-0.00021865636024120887,2.0676772594451904,-1.5675366739742458e-05,-1.59400855181957e-07,9.8100004196167,-1.4449840364250122e-06,-4.5202432374935597e-07,4.841500811370025e-11,4.722197532653809
112.18955845499295,-23.331022262573242,-68.2383041381836,-179.43800354003906,1.5535353910595125e-05,-0.0006133285844446483,-0.00021865636024120887,2.0676727294921875,-0.009819039143621922,0.02009696513414383,9.817500114440918,1.2739892696345123e-08,4.185040092252734e-10,3.966672042915453e-12,4.722197532653809
112.29471161143738,-23.331022262573242,-68.2383041381836,-179.43800354003906,0.00015598774307329594,-0.0006133285844446483,-0.00021865636024120887,2.067666530609131,-0.04079844430088997,-0.07960397750139236,9.822500228881836,1.3121288588990865e-07,2.6005004372109397e-08,-5.607509899127616e-13,4.722197532653809
112.398490309919,-23.331022262573242,-68.2383041381836,-179.43800354003906,9.64879948664236e-05,-0.0006133285844446483,-0.00021865636024120887,2.06766939163208,0.010572345927357674,0.05989886075258255,9.811875343322754,-2.4021207245539244e-10,4.01945428052386e-08,4.1746701581746315e-12,4.722197532653809
112.48876290509361,-23.331022262573242,-68.2383041381836,-179.43800354003906,0.00036412716163287105,-0.0006133285844446483,-0.00021865636024120887,2.0676686763763428,-0.01021142490208149,-0.01990111544728279,9.848750114440918,-1.1258107779354987e-09,6.528443918796256e-08,6.704044329224057e-13,4.722197532653809
112.5923973575409,-23.331022262573242,-68.2383041381836,-179.43800354003906,0.0003320598625950029,-0.0006133285844446483,-0.00021865636024120887,2.0676779747009277,-1.571930988575332e-05,-1.5984770129762182e-07,9.83750057220459,3.045260754674928e-08,1.1359223783813377e-08,7.451840793731845e-13,4.722197532653809
112.69840844182181,-23.331022262573242,-68.2383041381836,-179.43800354003906,0.00014607906787751193,-0.0006133285844446483,-0.00021865636024120887,2.067674398422241,-0.020407022908329964,-0.03980207070708275,9.79312515258789,1.3658488740020402e-07,4.3481474421014354e-08,1.0803281012827792e-12,4.722197532653809
112.80106426795828,-23.331022262573242,-68.2383041381836,-179.43800354003906,0.00013088702945363706,-0.0006133285844446483,-0.00021865636024120887,2.0676801204681396,0.00978768989443779,-0.02009727992117405,9.800625801086426,1.503801883018241e-07,3.8074556840683726e-08,1.9495741826469626e-11,4.722197532653809
112.8925793247472,-23.331022262573242,-68.2383041381836,-179.43800354003906,0.0002520942664142227,-0.0006133285844446483,-0.00021865636024120887,2.067666530609131,0.01037623081356287,0.039899829775094986,9.778125762939453,1.4907085699178424e-07,4.0485371499698886e-08,6.427242418838297e-12,4.722197532653809
112.99636974206078,-23.331022262573242,-68.2383041381836,-179.43800354003906,9.418010458344153e-05,-0.0006133285844446483,-0.00021865636024120887,2.0676732063293457,0.00018048309721052647,0.019998880103230476,9.816250801086426,2.4415077959361042e-08,8.442824217524958e-09,-6.36741974793277e-14,4.722197532653809
113.10119181053597,-23.331022262573242,-68.2383041381836,-179.43800354003906,0.00018537520491870567,-0.0006133285844446483,-0.00021865636024120887,2.06766939163208,-0.020210832357406616,-0.01980302855372429,9.778125762939453,1.3516485353193275e-07,4.3998461762839725e-08,1.0310950227312987e-12,4.722197532653809
113.19049506934243,-23.331022262573242,-68.2383041381836,-179.43800354003906,0.0001327229254946468,-0.0006133285844446483,-0.00021865636024120887,2.067671537399292,0.010180034674704075,0.019900796934962273,9.796250343322754,-6.545135420310544e-07,-4.247637548360217e-07,-5.252966811530868e-11,4.722197532653809
113.29645686151343,-23.331022262573242,-68.2383041381836,-179.43800354003906,4.502297697666769e-05,-0.0006133285844446483,-0.00021865636024120887,2.0676655769348145,0.020375698804855347,0.03980174660682678,9.810625076293945,2.256728492966431e-07,6.573240796114987e-08,2.787377750487763e-12,4.722197532653809
113.3993935493927,-23.331022262573242,-68.2383041381836,-179.43800354003906,5.850314847748806e-05,-0.0006133285844446483,-0.00021865636024120887,2.06767201423645,-0.0002118437987519428,-0.019999196752905846,9.8100004196167,-5.4827387074851686e-09,-8.745124624454093e-10,8.40367489138294e-13,4.722197532653809
113.5039673607971,-23.331022262573242,-68.2383041381836,-179.43800354003906,0.00011604309198667967,-0.0006133285844446483,-0.00021865636024120887,2.0676636695861816,0.00018048410129267722,0.019998880103230476,9.815625190734863,9.386207011630177e-08,2.3865657894361902e-08,6.508981721664586e-13,4.722197532653809
113.59275395257282,-23.331022262573242,-68.2383041381836,-179.43800354003906,2.0351414498960863e-05,-0.0006133285844446483,-0.00021865636024120887,2.0676679611206055,0.009983857162296772,-9.824349399423227e-05,9.801875114440918,6.829259291407652e-08,-6.695253684796398e-09,1.8676275803652942e-11,4.722197532653809
113.69840268438566,-23.331022262573242,-68.2383041381836,-179.43800354003906,0.00022326945375094936,-0.0006133285844446483,-0.00021865636024120887,2.0676605701446533,-0.00021193368593230844,-0.019999198615550995,9.866250038146973,3.2532614824276607e-08,2.0042516979401626e-08,1.46495717032874e-12,4.722197532653809
113.80243426209199,-23.331022262573242,-68.2383041381836,-179.43800354003906,5.292926410749638e-07,-0.0006133285844446483,-0.00021865636024120887,2.0676686763763428,0.01037620846182108,0.039899829775094986,9.792500495910645,1.0615396561775015e-08,3.146400251452519e-09,-3.7367597080853465e-13,4.722197532653809
113.89344570806134,-23.331022262573242,-68.2383041381836,-179.43800354003906,0.0004998159132672537,-0.0006133285844446483,-0.00021865636024120887,2.067662239074707,0.010376247577369213,0.039899829775094986,9.767500877380371,1.237954734278901e-07,3.027805917099613e-08,2.2083073217271654e-13,4.722197532653809
113.99739595336723,-23.331022262573242,-68.2383041381836,-179.43800354003906,0.00012643814338638448,-0.0006133285844446483,-0.00021865636024120887,2.0676698684692383,-0.010603675618767738,-0.059899184852838516,9.7943754196167,9.504643827540349e-08,-4.708001544173612e-09,3.0476624912970096e-13,4.722197532653809
114.10321655237931,-23.331022262573242,-68.2383041381836,-179.43800354003906,0.0005477237871937398,-0.0006133285844446483,-0.00021865636024120887,2.067662477493286,-0.01021127961575985,-0.019901111721992493,9.756875038146973,1.9597435141349706e-07,3.1161622615627493e-08,4.161087978089145e-13,4.722197532653809
114.1926157681446,-23.331022262573242,-68.2383041381836,-179.43800354003906,0.00015601635300843718,-0.0006133285844446483,-0.00021865636024120887,2.0676705837249756,-0.00021186177036724985,-0.019999196752905846,9.821249961853027,1.5846602252622688e-07,3.472312215535567e-08,6.536594182593447e-12,4.722197532653809
114.29662887120503,-23.331022262573242,-68.2383041381836,-179.43800354003906,8.259773448472924e-05,-0.0006133285844446483,-0.00021865636024120887,2.067678451538086,0.00998386275023222,-9.824345033848658e-05,9.798750877380371,9.618771912300872e-08,3.1523676113920374e-08,9.517335921097048e-13,4.722197532653809
114.40278092605877,-23.331022262573242,-68.2383041381836,-179.43800354003906,3.559591051535755e-05,-0.0006133285844446483,-0.00021865636024120887,2.0676732063293457,-0.0002118218399118632,-0.019999196752905846,9.796250343322754,1.8335482820930338e-07,4.9370068921916754e-08,2.0292404909194595e-11,4.722197532653809
114.49294818678754,-23.331022262573242,-68.2383041381836,-179.43800354003906,0.0004110526949436562,-0.0006133285844446483,-0.00021865636024120887,2.067668914794922,-1.563741716381628e-05,-1.59014945211311e-07,9.786250114440918,2.2394041820916755e-07,6.980200595307906e-08,6.692340692032728e-12,4.722197532653809
114.59860683252919,-23.331022262573242,-68.2383041381836,-179.43800354003906,0.000151171690321515,-0.0006133285844446483,-0.00021865636024120887,2.06766676902771,-0.010211307555437088,-0.019901111721992493,9.77500057220459,2.9369192589001614e-07,7.761576625853195e-08,4.467065606306164e-12,4.722197532653809
114.7026311692025,-23.331022262573242,-68.2383041381836,-179.43800354003906,2.6078235986096346e-05,-0.0006133285844446483,-0.00021865636024120887,2.067673683166504,-0.00021182083582971245,-0.019999196752905846,9.795625686645508,-2.300572390367961e-07,-1.0340259137819885e-07,-1.0854132870274924e-10,4.722197532653809
114.79186494110036,-23.331022262573242,-68.2383041381836,-179.43800354003906,0.00035687446512573076,-0.0006133285844446483,-0.00021865636024120887,2.067675828933716,-0.0004080582002643496,-0.039998237043619156,9.838750839233398,-5.075910962659691e-07,-2.4989770963657065e-07,-1.21814766607109e-10,4.722197532653809
114.8973796183418,-23.331022262573242,-68.2383041381836,-179.43800354003906,7.818259073023359e-05,-0.0006133285844446483,-0.00021865636024120887,2.067669153213501,0.02037568762898445,0.03980174660682678,9.816875457763672,-1.314976657340594e-06,-3.734321580850519e-07,3.486100852434504e-10,4.722197532653809
115.00288500750321,-23.331022262573242,-68.2383041381836,-179.43800354003906,1.1787499364243784e-05,-0.0006133285844446483,-0.00021865636024120887,2.0676686763763428,0.02037571743130684,0.03980174660682678,9.800000190734863,2.865252213268832e-07,9.787767396574054e-08,3.6246843200526957e-12,4.722197532653809
115.09337330629933,-23.331022262573242,-68.2383041381836,-179.43800354003906,0.0004778861767071303,-0.0006133285844446483,-0.00021865636024120887,2.0676589012145996,-0.030602680519223213,-0.05970301851630211,9.77500057220459,1.2713079478032796e-08,-1.3537898801985193e-08,1.772091327845171e-11,4.722197532653809
115.19716922772932,-23.331022262573242,-68.2383041381836,-179.43800354003906,0.00012640953530452663,-0.0006133285844446483,-0.00021865636024120887,2.067662239074707,-1.5688350686104968e-05,-1.5953290244397067e-07,9.81812572479248,1.4225615529994684e-07,2.6222975790801684e-08,-1.323491555065004e-13,4.722197532653809
115.30186744985986,-23.331022262573242,-68.2383041381836,-179.43800354003906,0.00016180038944439777,-0.0006133285844446483,-0.00021865636024120887,2.067667007446289,-0.010211361572146416,-0.019901111721992493,9.80875015258789,1.4835259776191378e-07,-1.6676016123540194e-10,-5.672529503411572e-13,4.722197532653809
115.39296525178361,-23.331022262573242,-68.2383041381836,-179.43800354003906,5.510807392475967e-05,-0.0006133285844446483,-0.00021865636024120887,2.0676627159118652,-0.020210865885019302,-0.01980302855372429,9.799375534057617,2.9934772438622304e-09,3.790297409267396e-09,2.8325482584468098e-11,4.722197532653809
115.4967368861835,-23.331022262573242,-68.2383041381836,-179.43800354003906,0.00018713473600056425,-0.0006133285844446483,-0.00021865636024120887,2.0676701068878174,-0.010015222243964672,9.792453784029931e-05,9.827500343322754,5.1658876287774547e-08,1.3128026665754078e-08,2.2305263538968667e-11,4.722197532653809
115.60180728064734,-23.331022262573242,-68.2383041381836,-179.43800354003906,4.5337682062628514e-05,-0.0006133285844446483,-0.00021865636024120887,2.0676660537719727,-1.56464047904592e-05,-1.5910636363969388e-07,9.791875839233398,1.6613800823961355e-07,5.3418983014807964e-08,6.819186274681366e-12,4.722197532653809
115.70585258232313,-23.331022262573242,-68.2383041381836,-179.43800354003906,5.576134496598236e-05,-0.0006133285844446483,-0.00021865636024120887,2.067668914794922,0.02037569135427475,0.03980174660682678,9.816250801086426,2.268357377488428e-07,5.354069543272999e-08,8.93905988726823e-14,4.722197532653809
115.79642928970861,-23.331022262573242,-68.2383041381836,-179.43800354003906,0.00014764309418966674,-0.0006133285844446483,-0.00021865636024120887,2.0676639080047607,-0.010015268810093403,9.792405762709677e-05,9.8568754196167,1.8214824137885444e-07,4.455825219906728e-08,-8.716325729761498e-13,4.722197532653809
115.90121824035305,-23.331022262573242,-68.2383041381836,-179.43800354003906,0.00032834528257058603,-0.0006133285844446483,-0.00021865636024120887,2.067660331726074,-0.010407466441392899,-0.03990015387535095,9.769375801086426,3.496941403113851e-08,3.169155604609841e-08,1.2773122674576004e-13,4.722197532653809
116.00762701893109,-23.331022262573242,-68.2383041381836,-179.43800354003906,0.0001075839993904818,-0.0006133285844446483,-0.00021865636024120887,2.067652463912964,0.010376152582466602,0.039899829775094986,9.827500343322754,1.3518159391878726e-07,5.3243937259139784e-08,1.9152270915034908e-12,4.722197532653809
116.09719169532764,-23.331022262573242,-68.2383041381836,-179.43800354003906,5.43594894183309e-06,-0.0006133285844446483,-0.00021865636024120887,2.0676629543304443,-0.01001517940312624,9.792497439775616e-05,9.800625801086426,4.868205394359393e-08,1.2146600170126476e-08,1.346910864091777e-12,4.722197532653809
116.20233058484155,-23.331022262573242,-68.2383041381836,-179.43800354003906,0.00018411636212680476,-0.0006133285844446483,-0.00021865636024120887,2.0676660537719727,-0.02021084725856781,-0.01980302855372429,9.788750648498535,1.0139937955955247e-07,2.1311450382199837e-08,1.8578250049472445e-11,4.722197532653809
116.30820330159622,-23.331022262573242,-68.2383041381836,-179.43800354003906,0.0004954814795139819,-0.0006133285844446483,-0.00021865636024120887,2.0676474571228027,0.0001804920902941376,0.019998880103230476,9.810625076293945,5.100703504012927e-08,1.4649407020783656e-08,-5.050705405122702e-13,4.722197532653809
116.39798528628307,-23.331022262573242,-68.2383041381836,-179.43800354003906,4.8117642528908694e-05,-0.0006133285844446483,-0.00021865636024120887,2.067643880844116,0.00018047810590360314,0.019998880103230476,9.819375038146973,1.4837144135526614e-07,3.731018693997612e-08,1.931844267888394e-11,4.722197532653809
116.50495951270568,-23.331022262573242,-68.2383041381836,-179.43800354003906,0.00019479273824165878,-0.0006133285844446483,-0.00021865636024120887,2.0676496028900146,-0.010211389511823654,-0.01990111544728279,9.826250076293945,6.585364076272526e-08,6.887773906782968e-08,2.4645652272475838e-12,4.722197532653809
116.59445173220593,-23.331022262573242,-68.2383041381836,-179.43800354003906,0.00026500702470248853,-0.0006133285844446483,-0.00021865636024120887,2.0676634311676025,0.00998381432145834,-9.824393055168912e-05,9.828750610351562,1.2653795522510336e-07,8.117130079199342e-08,3.472320358761244e-13,4.722197532653809
116.7016015315603,-23.331022262573242,-68.2383041381836,-179.43800354003906,0.0004016160965182075,-0.0006133285844446483,-0.00021865636024120887,2.0676684379577637,-0.010407574474811554,-0.03990015387535095,9.836874961853027,2.6171326439339282e-08,6.711156963490339e-09,-2.4305351568193467e-13,4.722197532653809
116.80626668428886,-23.331022262573242,-68.2383041381836,-179.43800354003906,1.0445021950350974e-06,-0.0006133285844446483,-0.00021865636024120887,2.0676796436309814,0.010180019773542881,0.019900796934962273,9.805000305175781,1.456817813050293e-07,3.246505286824686e-08,1.6703614403104639e-13,4.722197532653809
116.8974457627337,-23.331022262573242,-68.2383041381836,-179.43800354003906,2.522659799812698e-06,-0.0006133285844446483,-0.00021865636024120887,2.0676748752593994,-0.010211363434791565,-0.019901111721992493,9.809375762939453,2.136721377610229e-07,4.431646161151548e-08,1.4476150313191827e-12,4.722197532653809
117.00239976981538,-23.331022262573242,-68.2383041381836,-179.43800354003906,9.552001953515563e-05,-0.0006133285844446483,-0.00021865636024120887,2.0676729679107666,0.020375728607177734,0.03980174660682678,9.791250228881836,1.8763719822345593e-07,1.8266547385792364e-08,-9.325220175042392e-14,4.722197532653809
117.10872513448703,-23.331022262573242,-68.2383041381836,-179.43800354003906,5.718708064494924e-05,-0.0006133285844446483,-0.00021865636024120887,2.0676684379577637,-0.010211348533630371,-0.019901111721992493,9.800625801086426,2.1244838777079167e-08,7.903146581611509e-09,3.3076612195731547e-13,4.722197532653809
117.1973584817897,-23.331022262573242,-68.2383041381836,-179.43800354003906,1.5740403352056743e-05,-0.0006133285844446483,-0.00021865636024120887,2.067678451538086,-0.00021184280922170728,-0.019999196752905846,9.809375762939453,1.1323167825594282e-07,3.091010469802313e-08,3.868698980960539e-13,4.722197532653809
117.30237264858442,-23.331022262573242,-68.2383041381836,-179.43800354003906,7.56835983285358e-05,-0.0006133285844446483,-0.00021865636024120887,2.0676748752593994,0.020375706255435944,0.03980174660682678,9.807500839233398,1.6803637947759853e-07,4.714527435112359e-08,5.122227728776574e-12,4.722197532653809
117.40680491478997,-23.331022262573242,-68.2383041381836,-179.43800354003906,0.00017711639816376688,-0.0006133285844446483,-0.00021865636024120887,2.0676724910736084,0.010180038399994373,0.019900796934962273,9.79312515258789,2.0528159438981675e-07,6.113128137030799e-08,7.085325381961383e-12,4.722197532653809
117.4973500307824,-23.331022262573242,-68.2383041381836,-179.43800354003906,8.199215416794665e-05,-0.0006133285844446483,-0.00021865636024120887,2.0676660537719727,-0.009819003753364086,0.02009696513414383,9.796250343322754,2.1214475509623298e-07,4.5479321642005743e-08,4.401794467118192e-12,4.722197532653809
117.60158561190474,-23.331022262573242,-68.2383041381836,-179.43800354003906,0.00013922690479659946,-0.0006133285844446483,-0.00021865636024120887,2.067671537399292,-1.5656391042284667e-05,-1.59207900196634e-07,9.798125267028809,9.105722398317084e-08,1.0409735295979772e-08,-4.825584376533243e-13,4.722197532653809
117.70754222219693,-23.331022262573242,-68.2383041381836,-179.43800354003906,0.0003803443940866942,-0.0006133285844446483,-0.00021865636024120887,2.0676677227020264,0.010179984383285046,0.019900793209671974,9.826875686645508,-6.608049716305686e-07,-4.258313879290654e-07,-5.21757637095277e-11,4.722197532653809
117.79794808125007,-23.331022262573242,-68.2383041381836,-179.43800354003906,0.00010458469890929005,-0.0006133285844446483,-0.00021865636024120887,2.0676684379577637,0.01018002349883318,0.019900796934962273,9.803125381469727,1.7545124819662306e-07,8.389381633833182e-08,1.6416681382358522e-12,4.722197532653809
117.90337842443842,-23.331022262573242,-68.2383041381836,-179.43800354003906,0.00026346217754523134,-0.0006133285844446483,-0.00021865636024120887,2.067666530609131,0.020375624299049377,0.03980174660682678,9.858750343322754,-1.4770192819923977e-06,-3.7428679888762417e-07,5.081010265306496e-11,4.722197532653809
118.00827091021347,-23.331022262573242,-68.2383041381836,-179.43800354003906,0.00017805099263029807,-0.0006133285844446483,-0.00021865636024120887,2.06767201423645,0.010179962031543255,0.019900793209671974,9.8412504196167,1.0025290464454883e-07,2.9495922149180842e-08,5.5984391927020594e-14,4.722197532653809
118.09933758733678,-23.331022262573242,-68.2383041381836,-179.43800354003906,0.0003947686932251682,-0.0006133285844446483,-0.00021865636024120887,2.0676655769348145,-0.010407483205199242,-0.03990015387535095,9.779375076293945,1.308643362563089e-07,1.945602967623472e-08,6.626393769630645e-13,4.722197532653809
118.20775959847379,-23.331022262573242,-68.2383041381836,-179.43800354003906,3.189088220259834e-05,-0.0006133285844446483,-0.00021865636024120887,2.067657947540283,-0.00021187576930969954,-0.019999200478196144,9.830000877380371,2.073587168638369e-08,6.769516858184943e-08,-2.553635081170569e-10,4.722197532653809
118.30224977454054,-23.331022262573242,-68.2383041381836,-179.43800354003906,0.00023708347236443288,-0.0006133285844446483,-0.00021865636024120887,2.0676517486572266,0.00037666852585971355,0.03999791666865349,9.805624961853027,-7.395111083496886e-07,-3.9691840925115685e-07,-5.081924464578336e-11,4.722197532653809
118.39914370534825,-23.331022262573242,-68.2383041381836,-179.43800354003906,0.00024349211919868027,-0.0006133285844446483,-0.00021865636024120887,2.0676398277282715,0.01037608552724123,0.039899829775094986,9.86875057220459,7.831052784013082e-08,2.324234316120055e-08,3.862136305210484e-13,4.722197532653809
118.50711107367533,-23.331022262573242,-68.2383041381836,-179.43800354003906,0.00013526439127914516,-0.0006133285844446483,-0.00021865636024120887,2.067662239074707,0.020571911707520485,0.059800777584314346,9.783125877380371,1.7839801103036734e-07,5.221477650252382e-08,7.65070895091674e-13,4.722197532653809
118.61292360836524,-23.331022262573242,-68.2383041381836,-179.43800354003906,0.00015693664855573726,-0.0006133285844446483,-0.00021865636024120887,2.067673444747925,-1.5638415788998827e-05,-1.5902512018328707e-07,9.78687572479248,2.319553544793962e-07,6.249531736557401e-08,2.0509852496908287e-11,4.722197532653809
118.70188146477449,-23.331022262573242,-68.2383041381836,-179.43800354003906,7.072927259854703e-05,-0.0006133285844446483,-0.00021865636024120887,2.0676801204681396,-0.01040753722190857,-0.03990015387535095,9.813750267028809,2.9722042427238193e-07,7.216670638854339e-08,2.0181465873458926e-11,4.722197532653809
118.80790790097672,-23.331022262573242,-68.2383041381836,-179.43800354003906,5.7048797838566386e-05,-0.0006133285844446483,-0.00021865636024120887,2.0676727294921875,-1.568635161675047e-05,-1.5951258092172793e-07,9.816875457763672,-5.403949998594726e-08,1.3402497778258748e-08,4.1974065824630646e-13,4.722197532653809
118.91196732988465,-23.331022262573242,-68.2383041381836,-179.43800354003906,9.81808650672505e-06,-0.0006133285844446483,-0.00021865636024120887,2.067671775817871,-0.010407552123069763,-0.03990015387535095,9.823125839233398,6.785542439047276e-08,5.168342198658138e-08,5.143759767081701e-13,4.722197532653809
119.00263328684377,-23.331022262573242,-68.2383041381836,-179.43800354003906,0.00020407199983416103,-0.0006133285844446483,-0.00021865636024120887,2.0676677227020264,-0.010799817740917206,-0.07989823073148727,9.778125762939453,1.0127285321459567e-07,4.0511284993272056e-08,5.626202628783439e-13,4.722197532653809
119.10703498517978,-23.331022262573242,-68.2383041381836,-179.43800354003906,0.0001453685738537825,-0.0006133285844446483,-0.00021865636024120887,2.0676722526550293,-0.010211363434791565,-0.019901111721992493,9.809375762939453,1.207425128768591e-07,3.331251008376057e-08,2.361429628228162e-11,4.722197532653809
119.21330897251028,-23.331022262573242,-68.2383041381836,-179.43800354003906,0.0002680873733332549,-0.0006133285844446483,-0.00021865636024120887,2.0676686763763428,-0.010211413726210594,-0.01990111544728279,9.841875076293945,7.027990278629659e-08,1.918863290484296e-08,1.2911573936749687e-13,4.722197532653809
119.30268373826402,-23.331022262573242,-68.2383041381836,-179.43800354003906,7.04383902386415e-05,-0.0006133285844446483,-0.00021865636024120887,2.0676748752593994,-0.010407514870166779,-0.03990015387535095,9.799375534057617,1.6753718057316291e-07,4.679440834820525e-08,6.926698797871111e-13,4.722197532653809
119.40987664388376,-23.331022262573242,-68.2383041381836,-179.43800354003906,4.942895324482572e-05,-0.0006133285844446483,-0.00021865636024120887,2.0676655769348145,0.02057185210287571,0.059800777584314346,9.819375038146973,1.194538867821393e-07,6.719941580968225e-08,2.399700924082815e-11,4.722197532653809
119.49958513324964,-23.331022262573242,-68.2383041381836,-179.43800354003906,1.513484132421566e-05,-0.0006133285844446483,-0.00021865636024120887,2.0676701068878174,-0.020407071337103844,-0.03980207070708275,9.823125839233398,1.9165808851084876e-07,7.141572666569118e-08,-4.872651761245184e-13,4.722197532653809
119.60512451568502,-23.331022262573242,-68.2383041381836,-179.43800354003906,0.0005402612732889849,-0.0006133285844446483,-0.00021865636024120887,2.0676796436309814,-0.01021140068769455,-0.01990111544728279,9.833125114440918,-2.328108728022471e-08,-1.1939960131712724e-08,-1.834858003382789e-12,4.722197532653809
119.7100615829404,-23.331022262573242,-68.2383041381836,-179.43800354003906,9.099961054120552e-05,-0.0006133285844446483,-0.00021865636024120887,2.0676887035369873,0.010180025361478329,0.019900796934962273,9.801875114440918,2.807730048459689e-08,4.339998582736371e-09,-8.161794851080373e-11,4.722197532653809
119.80369248540956,-23.331022262573242,-68.2383041381836,-179.43800354003906,1.4219302439293069e-05,-0.0006133285844446483,-0.00021865636024120887,2.0676684379577637,0.00018051006190944463,0.019998880103230476,9.799375534057617,1.5328025426697423e-07,3.550855964817856e-08,-3.624916122477173e-14,4.722197532653809
119.91041353737819,-23.331022262573242,-68.2383041381836,-179.43800354003906,0.00019374846434389657,-0.0006133285844446483,-0.00021865636024120887,2.06766939163208,-1.5601464838255197e-05,-1.586493567629077e-07,9.763750076293945,1.5320574675570242e-07,1.4629007338839983e-08,3.852372522546166e-13,4.722197532653809
120.00338227694738,-23.331022262573242,-68.2383041381836,-179.43800354003906,0.00010369300459171146,-0.0006133285844446483,-0.00021865636024120887,2.067662239074707,-1.5692345186835155e-05,-1.5957351706674672e-07,9.820625305175781,-4.417882593088507e-08,4.625381855305477e-09,4.4418401248802475e-12,4.722197532653809
120.1089768439706,-23.331022262573242,-68.2383041381836,-179.43800354003906,4.946708648134581e-05,-0.0006133285844446483,-0.00021865636024120887,2.0676639080047607,0.010179986245930195,0.019900793209671974,9.826250076293945,-1.6793279655757942e-08,4.549789522911851e-08,1.4914585950813464e-13,4.722197532653809
120.21496396532166,-23.331022262573242,-68.2383041381836,-179.43800354003906,0.0001132726613124446,-0.0006133285844446483,-0.00021865636024120887,2.0676629543304443,-0.01001520361751318,9.792471246328205e-05,9.816250801086426,2.4625274264167274e-08,2.873968796279769e-08,4.760252522023611e-12,4.722197532653809
120.30542344992864,-23.331022262573242,-68.2383041381836,-179.43800354003906,0.0003789949411482664,-0.0006133285844446483,-0.00021865636024120887,2.067668914794922,0.010376120917499065,0.039899829775094986,9.846875190734863,1.3180320479477814e-07,5.265644276164494e-08,6.377622496951674e-13,4.722197532653809
120.41279204023886,-23.331022262573242,-68.2383041381836,-179.43800354003906,0.0007419443492412734,-0.0006133285844446483,-0.00021865636024120887,2.0676746368408203,-0.03040659800171852,-0.039703983813524246,9.830000877380371,1.5240506172631285e-06,4.674494107348437e-07,-4.964008024077593e-11,4.722197532653809
120.50303804429132,-23.331022262573242,-68.2383041381836,-179.43800354003906,0.00012261391551131128,-0.0006133285844446483,-0.00021865636024120887,2.067702054977417,0.020768050104379654,0.0797998234629631,9.80250072479248,-5.315915814207983e-07,-1.1819159340120677e-07,-2.8289984244089794e-10,4.722197532653809
120.60867856277036,-23.331022262573242,-68.2383041381836,-179.43800354003906,0.0003577614059870619,-0.0006133285844446483,-0.00021865636024120887,2.0676939487457275,0.020179567858576775,0.01980271190404892,9.788125038146973,-9.345055218545895e-07,-2.770903790860757e-07,7.830472381620268e-11,4.722197532653809
120.71033729074406,-23.331022262573242,-68.2383041381836,-179.43800354003906,0.00034410481018340157,-0.0006133285844446483,-0.00021865636024120887,2.067656993865967,-0.010211465880274773,-0.01990111544728279,9.873750686645508,-1.093386913453287e-06,-3.6927903579453414e-07,4.571192382951672e-11,4.722197532653809
120.81652516147005,-23.331022262573242,-68.2383041381836,-179.43800354003906,0.0,-0.0006133285844446483,-0.00021865636024120887,2.067610263824463,-0.00021192370331846178,-0.019999200478196144,9.860000610351562,0.0,0.0,0.0,4.722197532653809
120.90504592304933,-23.331022262573242,-68.2383041381836,-179.43800354003906,0.0004406499793301456,-0.0006133285844446483,-0.00021865636024120887,2.0676662921905518,0.00018047512276098132,0.019998880103230476,9.821249961853027,4.1398774186518494e-08,-1.0983765008631963e-08,-8.560111712345442e-13,4.722197532653809
121.01715374944615,-23.331022262573242,-68.2383041381836,-179.43800354003906,0.00019213199340150573,-0.0006133285844446483,-0.00021865636024120887,2.0676896572113037,-0.00981901865452528,0.02009696513414383,9.805000305175781,1.150439103980716e-07,-7.263697643367095e-09,-5.116760693531924e-14,4.722197532653809
121.11005804987508,-23.331022262573242,-68.2383041381836,-179.43800354003906,0.00018720150067667052,-0.0006133285844446483,-0.00021865636024120887,2.067694664001465,-1.5666379113099538e-05,-1.5930947938613826e-07,9.804375648498535,1.877819642004397e-07,2.2625881612725607e-08,-1.6460667898177128e-11,4.722197532653809
121.20370549728977,-23.331022262573242,-68.2383041381836,-179.43800354003906,0.0012340259275841882,-0.0006133285844446483,-0.00021865636024120887,2.067664623260498,0.004984159022569656,-4.920074934489094e-05,9.7631254196167,1.9376943782845046e-07,2.969967027866005e-08,9.472401162058386e-13,4.722197532653809
121.30339317696053,-23.331022262573242,-68.2383041381836,-179.43800354003906,0.00018560409369282693,-0.0006133285844446483,-0.00021865636024120887,2.067634344100952,0.010180034674704075,0.019900796934962273,9.795625686645508,7.70832571106439e-08,1.5704801015203884e-08,2.243193825135492e-11,4.722197532653809
121.41402162259328,-23.331022262573242,-68.2383041381836,-179.43800354003906,8.633613897452698e-05,-0.0006133285844446483,-0.00021865636024120887,2.0676207542419434,0.00018057896522805095,0.019998880103230476,9.756250381469727,1.8805999957294262e-07,3.725526553921554e-08,5.4754486535080193e-14,4.722197532653809
121.51709027795005,-23.331022262573242,-68.2383041381836,-179.43800354003906,0.00015156745584224825,-0.0006133285844446483,-0.00021865636024120887,2.067626953125,0.020179515704512596,0.01980271190404892,9.820625305175781,2.1249292103675543e-07,6.992010526118975e-08,3.842388213159964e-12,4.722197532653809
121.61495455002296,-23.331022262573242,-68.2383041381836,-179.43800354003906,0.0004433679578007001,-0.0006133285844446483,-0.00021865636024120887,2.0676584243774414,0.030375203117728233,0.03970366343855858,9.817500114440918,1.9471238488222298e-07,4.0822580871235914e-08,1.0763015912546026e-12,4.722197532653809
121.71069626903045,-23.331022262573242,-68.2383041381836,-179.43800354003906,9.461879417253056e-05,-0.0006133285844446483,-0.00021865636024120887,2.0676608085632324,0.010376165620982647,0.039899829775094986,9.818750381469727,-5.438709393956742e-08,-2.054681402796632e-08,-1.5488261714824425e-13,4.722197532653809
121.80473549777525,-23.331022262573242,-68.2383041381836,-179.43800354003906,4.593849095232412e-05,-0.0006133285844446483,-0.00021865636024120887,2.0676658153533936,-0.010211361572146416,-0.019901111721992493,9.80875015258789,5.825939908277178e-08,1.4171135376273014e-08,-3.570107805304229e-13,4.722197532653809
121.91641812046873,-23.331022262573242,-68.2383041381836,-179.43800354003906,0.00016879558289876256,-0.0006133285844446483,-0.00021865636024120887,2.0676584243774414,0.020179511979222298,0.01980270817875862,9.82187557220459,1.6345995845767902e-07,5.4348575417861866e-08,6.719177081046523e-13,4.722197532653809
122.01130534356344,-23.331022262573242,-68.2383041381836,-179.43800354003906,6.621361233545912e-05,-0.0006133285844446483,-0.00021865636024120887,2.0676610469818115,-0.010407527908682823,-0.03990015387535095,9.807500839233398,1.4757291921796423e-07,4.4214583994062195e-08,6.630367695853456e-12,4.722197532653809
122.10807280169684,-23.331022262573242,-68.2383041381836,-179.43800354003906,0.00039711952575550573,-0.0006133285844446483,-0.00021865636024120887,2.0676639080047607,-1.566238461236935e-05,-1.5926883634165279e-07,9.801875114440918,7.497282439317132e-08,1.969537599677551e-08,1.7149306876917264e-14,4.722197532653809
122.20334506800282,-23.331022262573242,-68.2383041381836,-179.43800354003906,0.00014290808853793224,-0.0006133285844446483,-0.00021865636024120887,2.0676708221435547,-1.568035986565519e-05,-1.5945164477670914e-07,9.813125610351562,1.0862558497137798e-07,2.8878986313429778e-08,1.1468746959064635e-12,4.722197532653809
122.31402813849854,-23.331022262573242,-68.2383041381836,-179.43800354003906,8.009910721779033e-05,-0.0006133285844446483,-0.00021865636024120887,2.067673444747925,-0.009818988852202892,0.02009696513414383,9.78687572479248,1.509827711743128e-07,6.323306678268636e-08,5.737533278343809e-12,4.722197532653809
122.40712219869602,-23.331022262573242,-68.2383041381836,-179.43800354003906,0.00017266749851503307,-0.0006133285844446483,-0.00021865636024120887,2.0676698684692383,-0.02040705271065235,-0.03980207070708275,9.811875343322754,1.616435127971272e-07,7.289627035333979e-08,4.402310547352295e-12,4.722197532653809
122.51239913442987,-23.331022262573242,-68.2383041381836,-179.43800354003906,8.929252362861474e-05,-0.0006133285844446483,-0.00021865636024120887,2.067678451538086,-0.030406612902879715,-0.039703983813524246,9.839375495910645,6.373377381407863e-09,-2.6737239089413833e-09,-6.911429707625455e-14,4.722197532653809
122.61549734996515,-23.331022262573242,-68.2383041381836,-179.43800354003906,5.540853850437063e-06,-0.0006133285844446483,-0.00021865636024120887,2.067685127258301,-0.00021185977675486356,-0.019999196752905846,9.820000648498535,5.5812726884596486e-08,-2.1809487549262485e-09,-3.2196169558532106e-13,4.722197532653809
122.71725510267424,-23.331022262573242,-68.2383041381836,-179.43800354003906,0.00023888111309050647,-0.0006133285844446483,-0.00021865636024120887,2.067686080932617,-0.020014775916934013,0.00019600841915234923,9.848125457763672,1.6846341566179035e-07,3.415639326931341e-08,5.313925081212867e-12,4.722197532653809
122.82001441458124,-23.331022262573242,-68.2383041381836,-179.43800354003906,3.971100765935931e-05,-0.0006133285844446483,-0.00021865636024120887,2.0676779747009277,-0.01040753722190857,-0.03990015387535095,9.813125610351562,1.7562923915193096e-07,7.207997754221651e-08,1.2079594052458176e-12,4.722197532653809
122.90661737808841,-23.331022262573242,-68.2383041381836,-179.43800354003906,0.00033151626126024777,-0.0006133285844446483,-0.00021865636024120887,2.067676067352295,-0.009818988852202892,0.02009696513414383,9.786250114440918,3.497273937114187e-08,1.069682920018522e-08,1.7664827391648819e-13,4.722197532653809
123.00697967151063,-23.331022262573242,-68.2383041381836,-179.43800354003906,8.962154479673834e-05,-0.0006133285844446483,-0.00021865636024120887,2.0676779747009277,-0.020407048985362053,-0.03980207070708275,9.809375762939453,1.335391033308042e-07,4.2163957658658546e-08,1.0193846634865e-12,4.722197532653809
123.10800620933878,-23.331022262573242,-68.2383041381836,-179.43800354003906,0.00026117800795491183,-0.0006133285844446483,-0.00021865636024120887,2.0676732063293457,-0.030602695420384407,-0.05970301851630211,9.786250114440918,1.1977644476246496e-07,2.0715274828830843e-08,-3.3443424895737706e-13,4.722197532653809
123.20750368500012,-23.331022262573242,-68.2383041381836,-179.43800354003906,4.24957276547398e-05,-0.0006133285844446483,-0.00021865636024120887,2.067678213119507,-0.010407531633973122,-0.03990015387535095,9.809375762939453,7.958311698530451e-08,4.566978262232624e-08,1.7572744474836366e-12,4.722197532653809
123.31092094929772,-23.331022262573242,-68.2383041381836,-179.43800354003906,0.0004990005400298622,-0.0006133285844446483,-0.00021865636024120887,2.0676681995391846,0.020375750958919525,0.03980174660682678,9.778125762939453,3.234475798308267e-08,8.09823852421232e-09,2.7086552402064146e-13,4.722197532653809
123.41756114477175,-23.331022262573242,-68.2383041381836,-179.43800354003906,0.00026241302934787116,-0.0006133285844446483,-0.00021865636024120887,2.0676701068878174,0.009983829222619534,-9.824377775657922e-05,9.819375038146973,1.4926014557659073e-07,3.462510278495756e-08,8.451016579244519e-13,4.722197532653809
123.51870704276371,-23.331022262573242,-68.2383041381836,-179.43800354003906,6.897927243449707e-05,-0.0006133285844446483,-0.00021865636024120887,2.0676846504211426,0.0001805310312192887,0.019998880103230476,9.786250114440918,2.143090256367941e-07,4.929586694402133e-08,-7.881737797144073e-14,4.722197532653809
123.61907884964603,-23.331022262573242,-68.2383041381836,-179.43800354003906,1.6222027903516833e-05,-0.0006133285844446483,-0.00021865636024120887,2.067688465118408,0.010376178659498692,0.039899829775094986,9.811250686645508,1.993236935504683e-07,4.929993835389723e-08,1.083900547441119e-12,4.722197532653809
123.72038854585844,-23.331022262573242,-68.2383041381836,-179.43800354003906,0.000301022519126957,-0.0006133285844446483,-0.00021865636024120887,2.0676825046539307,0.000376693467842415,0.03999791666865349,9.789999961853027,4.888690785520566e-09,-3.979687690502942e-09,-5.297024212487511e-13,4.722197532653809
123.80977150911349,-23.331022262573242,-68.2383041381836,-179.43800354003906,6.813048869116668e-05,-0.0006133285844446483,-0.00021865636024120887,2.067676544189453,0.010376197285950184,0.039899829775094986,9.799375534057617,4.958089760975781e-08,-8.413856278366438e-09,3.574523272861785e-12,4.722197532653809
123.91275157706696,-23.331022262573242,-68.2383041381836,-179.43800354003906,2.040969705239293e-06,-0.0006133285844446483,-0.00021865636024120887,2.067674160003662,0.019983338192105293,-0.000196328095626086,9.8256254196167,1.4624234268012515e-07,1.8854297678672083e-08,-6.946484403316799e-13,4.722197532653809
124.00088662208873,-23.331022262573242,-68.2383041381836,-179.43800354003906,0.0001319169971120441,-0.0006133285844446483,-0.00021865636024120887,2.067676544189453,0.010376201011240482,0.039899829775094986,9.797500610351562,-2.1458040677657664e-08,3.8296938953408244e-08,2.3662641941354923e-13,4.722197532653809
124.1208184316929,-23.331022262573242,-68.2383041381836,-179.43800354003906,0.0013402461772806914,-0.0006133285844446483,-0.00021865636024120887,2.067646026611328,-0.020407257601618767,-0.03980207070708275,9.940000534057617,1.4249421198542223e-08,5.838217465026219e-09,8.973229873986827e-14,4.722197532653809
124.21020278261858,-23.331022262573242,-68.2383041381836,-179.43800354003906,0.0002894878273923047,-0.0006133285844446483,-0.00021865636024120887,2.0676512718200684,0.00018047010235022753,0.019998876377940178,9.82437515258789,8.11978324577467e-08,2.899881224038836e-08,3.0205865749182575e-14,4.722197532653809
124.31423193888622,-23.331022262573242,-68.2383041381836,-179.43800354003906,0.00020248897138840544,-0.0006133285844446483,-0.00021865636024120887,2.0676589012145996,-0.02040710859000683,-0.03980207070708275,9.846250534057617,-8.836479992169188e-07,-5.080005394120235e-07,-5.4770483287613914e-11,4.722197532653809
124.40858099071193,-23.331022262573242,-68.2383041381836,-179.43800354003906,3.734588705694527e-05,-0.0006133285844446483,-0.00021865636024120887,2.0676419734954834,0.009983896277844906,-9.824309381656349e-05,9.77750015258789,5.603148167665495e-08,1.864443355259482e-08,4.419582321640858e-12,4.722197532653809
124.51784846113878,-23.331022262573242,-68.2383041381836,-179.43800354003906,0.0,-0.0006133285844446483,-0.00021865636024120887,2.067647695541382,-0.010211341083049774,-0.019901111721992493,9.795625686645508,0.0,0.0,0.0,4.722197532653809
124.61950887387502,-23.331022262573242,-68.2383041381836,-179.43800354003906,3.539085929984462e-05,-0.0006133285844446483,-0.00021865636024120887,2.0676634311676025,-0.02001466415822506,0.0001960095250979066,9.779375076293945,1.2053912712417514e-07,3.617690325086187e-08,1.097695285362521e-12,4.722197532653809
124.71853827146697,-23.331022262573242,-68.2383041381836,-179.43800354003906,8.245944946140168e-05,-0.0006133285844446483,-0.00021865636024120887,2.0676774978637695,0.009983870200812817,-9.824336302699521e-05,9.793750762939453,1.320842670793354e-07,2.903622231542613e-08,1.9609322846059207e-11,4.722197532653809
124.81974367445218,-23.331022262573242,-68.2383041381836,-179.43800354003906,0.00010169505774492613,-0.0006133285844446483,-0.00021865636024120887,2.067676544189453,-1.5707324564573355e-05,-1.5972585742929368e-07,9.830000877380371,1.496770494213706e-07,2.9212653629429042e-08,4.709264228575094e-12,4.722197532653809
124.91909861119348,-23.331022262573242,-68.2383041381836,-179.43800354003906,7.423878220990174e-05,-0.0006133285844446483,-0.00021865636024120887,2.067681312561035,-0.00021184480283409357,-0.019999196752905846,9.810625076293945,1.531895605921818e-07,5.22675023262309e-08,1.6407788756139796e-12,4.722197532653809
125.02010501196492,-23.331022262573242,-68.2383041381836,-179.43800354003906,2.6612516365540474e-05,-0.0006133285844446483,-0.00021865636024120887,2.0676796436309814,-1.5675366739742458e-05,-1.59400855181957e-07,9.8100004196167,6.542643973261875e-07,-3.1426654345523275e-07,-1.2568163523796194e-11,4.722197532653809
125.12076114790398,-23.331022262573242,-68.2383041381836,-179.43800354003906,0.0003332520062206325,-0.0006133285844446483,-0.00021865636024120887,2.067676544189453,-0.00021178988390602171,-0.019999196752905846,9.776250839233398,-1.0563338719293824e-06,3.2000508554119733e-07,1.254870096722982e-10,4.722197532653809
125.22086049171048,-23.331022262573242,-68.2383041381836,-179.43800354003906,7.740022847658352e-05,-0.0006133285844446483,-0.00021865636024120887,2.0676791667938232,0.009983845986425877,-9.824358858168125e-05,9.808125495910645,4.305521486003272e-07,-4.202772529993126e-08,6.451583624972335e-12,4.722197532653809
125.3209842426877,-23.331022262573242,-68.2383041381836,-179.43800354003906,4.4097932751653125e-05,-0.0006133285844446483,-0.00021865636024120887,2.067681312561035,0.0205718781799078,0.059800777584314346,9.805000305175781,3.827546208867716e-07,1.721641140761676e-08,2.083797977919799e-12,4.722197532653809
125.42084251271444,-23.331022262573242,-68.2383041381836,-179.43800354003906,9.107704257734491e-07,-0.0006133285844446483,-0.00021865636024120887,2.0676779747009277,0.020768053829669952,0.0797998234629631,9.799375534057617,-2.57998635788681e-08,-1.6780679956696076e-08,5.07733720518655e-13,4.722197532653809
125.52053003033507,-23.331022262573242,-68.2383041381836,-179.43800354003906,1.8200874151578246e-05,-0.0006133285844446483,-0.00021865636024120887,2.0676779747009277,0.009983855299651623,-9.824349399423227e-05,9.80250072479248,3.7239736627725506e-08,-6.855965573038247e-09,2.0233099727985995e-14,4.722197532653809
125.62096726169693,-23.331022262573242,-68.2383041381836,-179.43800354003906,4.707813495525034e-05,-0.0006133285844446483,-0.00021865636024120887,2.067675828933716,0.02037571370601654,0.03980174660682678,9.80250072479248,1.3729710701682052e-07,2.4747293991822517e-08,5.3800537701091666e-14,4.722197532653809
125.7204229964118,-23.331022262573242,-68.2383041381836,-179.43800354003906,6.392955920380497e-05,-0.0006133285844446483,-0.00021865636024120887,2.0676794052124023,-0.020014701411128044,0.00019600919040385634,9.801250457763672,-8.261263673148278e-08,5.746221276581309e-08,-8.378701898958951e-11,4.722197532653809
125.82138869466144,-23.331022262573242,-68.2383041381836,-179.43800354003906,0.0001412487043459493,-0.0006133285844446483,-0.00021865636024120887,2.0676753520965576,-0.0004080412327311933,-0.039998237043619156,9.828125,9.438588222110411e-08,2.8646521599284824e-08,3.537010636635307e-13,4.722197532653809
125.92445172576117,-23.331022262573242,-68.2383041381836,-179.43800354003906,4.197598598567651e-05,-0.0006133285844446483,-0.00021865636024120887,2.0676681995391846,-0.00021180984913371503,-0.019999196752905846,9.788750648498535,1.9793742467300035e-07,5.6011352000950865e-08,6.042193655131367e-12,4.722197532653809
126.0123122150253,-23.331022262573242,-68.2383041381836,-179.43800354003906,5.51080814046994e-05,-0.0006133285844446483,-0.00021865636024120887,2.067669153213501,-0.020407063886523247,-0.03980207070708275,9.817500114440918,2.364513846941918e-07,6.235636362816876e-08,1.4007671975471703e-12,4.722197532653809
126.1153373431589,-23.331022262573242,-68.2383041381836,-179.43800354003906,0.0003455448062538595,-0.0006133285844446483,-0.00021865636024120887,2.067669153213501,-1.5641411664546467e-05,-1.5905557404494175e-07,9.788750648498535,2.191311949673036e-07,4.783076335002079e-08,2.3909476828953835e-11,4.722197532653809
126.22067487539607,-23.331022262573242,-68.2383041381836,-179.43800354003906,5.2728651689464146e-05,-0.0006133285844446483,-0.00021865636024120887,2.0676558017730713,-1.5682357116020285e-05,-1.5947196629895188e-07,9.814375877380371,8.058061240490133e-08,2.3767753987158358e-08,-1.5300704225753442e-13,4.722197532653809
126.3208116099413,-23.331022262573242,-68.2383041381836,-179.43800354003906,0.00015428065923160826,-0.0006133285844446483,-0.00021865636024120887,2.067674398422241,-0.03021041862666607,-0.019704947248101234,9.823750495910645,1.820556576603849e-07,5.025089677701544e-08,1.780939870403564e-12,4.722197532653809
126.4234944015916,-23.331022262573242,-68.2383041381836,-179.43800354003906,2.7103444568341248e-05,-0.0006133285844446483,-0.00021865636024120887,2.0676727294921875,-0.010015162639319897,9.79251490207389e-05,9.789999961853027,2.2020053336291312e-07,5.646425904615171e-08,2.003717721257847e-12,4.722197532653809
126.52652040796238,-23.331022262573242,-68.2383041381836,-179.43800354003906,0.0002842426217146235,-0.0006133285844446483,-0.00021865636024120887,2.067671298980713,0.010179965756833553,0.019900793209671974,9.839375495910645,2.9116219479874417e-07,7.171183824539185e-08,1.5727199273798953e-12,4.722197532653809
126.61509152056533,-23.331022262573242,-68.2383041381836,-179.43800354003906,3.101825638536396e-05,-0.0006133285844446483,-0.00021865636024120887,2.0676662921905518,-1.5711319065303542e-05,-1.5976645784121501e-07,9.832500457763672,6.105749861262666e-08,1.514935377144866e-08,2.6954680891824734e-13,4.722197532653809
126.71600402260083,-23.331022262573242,-68.2383041381836,-179.43800354003906,0.0003290939203909777,-0.0006133285844446483,-0.00021865636024120887,2.0676732063293457,-1.574128145875875e-05,-1.6007113856630895e-07,9.851250648498535,5.1772264697547143e-08,-1.8595819328837138e-09,1.1245363364456584e-12,4.722197532653809
126.82161672713119,-23.331022262573242,-68.2383041381836,-179.43800354003906,0.00018699646602753214,-0.0006133285844446483,-0.00021865636024120887,2.067655563354492,-0.010211437940597534,-0.01990111544728279,9.8568754196167,1.38299384389029e-07,3.643496526706258e-08,2.3615612937399888e-11,4.722197532653809
126.91499553454923,-23.331022262573242,-68.2383041381836,-179.43800354003906,0.00036561489282910465,-0.0006133285844446483,-0.00021865636024120887,2.067643404006958,-0.0006043135072104633,-0.05999726802110672,9.893125534057617,2.4333036208190606e-07,5.711918049655651e-08,-5.4583122960708e-13,4.722197532653809
127.01954341327655,-23.331022262573242,-68.2383041381836,-179.43800354003906,4.849433766004428e-05,-0.0006133285844446483,-0.00021865636024120887,2.0676589012145996,-0.0004080342478118837,-0.039998237043619156,9.823750495910645,2.186497916056851e-08,-1.576217045773376e-09,8.026096605905086e-13,4.722197532653809
127.11973816828686,-23.331022262573242,-68.2383041381836,-179.43800354003906,3.572464216597021e-05,-0.0006133285844446483,-0.00021865636024120887,2.067676305770874,-0.010211346670985222,-0.019901111721992493,9.799375534057617,8.38559444105158e-08,4.927128216536403e-08,9.013136374400044e-13,4.722197532653809
127.22019859982538,-23.331022262573242,-68.2383041381836,-179.43800354003906,0.0004336070853960994,-0.0006133285844446483,-0.00021865636024120887,2.0676779747009277,-0.010015317238867283,9.792359196580946e-05,9.886250495910645,3.311394891625241e-08,7.840073124043556e-08,1.1654852430376117e-12,4.722197532653809
127.31936542803305,-23.331022262573242,-68.2383041381836,-179.43800354003906,0.00016581534963583492,-0.0006133285844446483,-0.00021865636024120887,2.0676841735839844,-1.570532731420826e-05,-1.5970553590705094e-07,9.828750610351562,7.119018619050621e-08,7.72635289081336e-08,3.2049382136904725e-13,4.722197532653809
127.42025144511717,-23.331022262573242,-68.2383041381836,-179.43800354003906,0.00012803553557796666,-0.0006133285844446483,-0.00021865636024120887,2.0676820278167725,0.0003766255686059594,0.03999791666865349,9.832500457763672,3.503114953673503e-08,1.1319285952993141e-08,1.338920903944281e-14,4.722197532653809
127.52211569921928,-23.331022262573242,-68.2383041381836,-179.43800354003906,4.166603620055843e-05,-0.0006133285844446483,-0.00021865636024120887,2.067678213119507,0.020179519429802895,0.01980271190404892,9.816875457763672,1.529252955378979e-07,4.6823487309666234e-08,8.778142058726845e-13,4.722197532653809
127.62273335570353,-23.331022262573242,-68.2383041381836,-179.43800354003906,0.00014713771790094836,-0.0006133285844446483,-0.00021865636024120887,2.0676774978637695,0.010376171208918095,0.039899829775094986,9.816250801086426,-6.952984108465898e-07,-4.503138484324154e-07,-5.420311074977313e-11,4.722197532653809
127.72201522553223,-23.331022262573242,-68.2383041381836,-179.43800354003906,2.1133450788100454e-05,-0.0006133285844446483,-0.00021865636024120887,2.0676825046539307,-1.567436811455991e-05,-1.5939072284254507e-07,9.809375762939453,2.28797418344584e-07,4.757361793394921e-08,4.874971086532565e-12,4.722197532653809
127.82385922895628,-23.331022262573242,-68.2383041381836,-179.43800354003906,0.00017063147140604346,-0.0006133285844446483,-0.00021865636024120887,2.067680597305298,-1.5694342437200248e-05,-1.5959383858898946e-07,9.82187557220459,8.624159590908675e-07,-4.603847685302753e-07,-1.093848319214108e-13,4.722197532653809
127.92577752957004,-23.331022262573242,-68.2383041381836,-179.43800354003906,5.632419712717921e-05,-0.0006133285844446483,-0.00021865636024120887,2.06768798828125,-0.00040799329872243106,-0.039998237043619156,9.798125267028809,-9.594297125659068e-07,1.9180680510544335e-07,2.5470559689155792e-11,4.722197532653809
128.02705284414697,-23.331022262573242,-68.2383041381836,-179.43800354003906,0.00022992135159516594,-0.0006133285844446483,-0.00021865636024120887,2.0676839351654053,0.00018048510537482798,0.019998880103230476,9.815000534057617,5.592084448835521e-07,-1.0420049534332065e-07,-2.9539071189077504e-10,4.722197532653809
128.12739258931833,-23.331022262573242,-68.2383041381836,-179.43800354003906,0.00018671036636017552,-0.0006133285844446483,-0.00021865636024120887,2.0676827430725098,0.009983784519135952,-9.824422158999369e-05,9.846875190734863,4.302374918552232e-07,-1.4799046432756313e-09,6.670526544322319e-12,4.722197532653809
128.21754461919772,-23.331022262573242,-68.2383041381836,-179.43800354003906,0.0,-0.0006133285844446483,-0.00021865636024120887,2.067674398422241,0.010572390630841255,0.05989886075258255,9.784375190734863,0.0,0.0,0.0,4.722197532653809
128.3168411703955,-23.331022262573242,-68.2383041381836,-179.43800354003906,0.0001750898378998143,-0.0006133285844446483,-0.00021865636024120887,2.067716360092163,-0.02079937793314457,-0.07980014383792877,9.803125381469727,8.761522707345648e-08,4.0664474454388255e-08,-1.5914690626537414e-13,4.722197532653809
128.41842318253475,-23.331022262573242,-68.2383041381836,-179.43800354003906,0.000584530820507157,-0.0006133285844446483,-0.00021865636024120887,2.0677037239074707,0.010376223362982273,0.039899829775094986,9.783125877380371,1.6627326715479285e-07,5.975231687216365e-08,2.389770326072238e-11,4.722197532653809
128.52266499141115,-23.331022262573242,-68.2383041381836,-179.43800354003906,2.908971215629919e-06,-0.0006133285844446483,-0.00021865636024120887,2.067675828933716,-0.020210925489664078,-0.019803030416369438,9.835625648498535,2.530548499635188e-07,7.605138563349101e-08,5.41247862501093e-12,4.722197532653809
128.62515755390632,-23.331022262573242,-68.2383041381836,-179.43800354003906,0.0004398536701285633,-0.0006133285844446483,-0.00021865636024120887,2.067671060562134,-1.564940066600684e-05,-1.5913683171220327e-07,9.793750762939453,1.5084651749930345e-07,9.003115053474176e-08,5.012190315567544e-12,4.722197532653809
128.7247663468297,-23.331022262573242,-68.2383041381836,-179.43800354003906,0.00038769244763234203,-0.0006133285844446483,-0.00021865636024120887,2.067675828933716,0.01037611160427332,0.039899829775094986,9.852499961853027,-2.258413758227107e-07,-8.12084408607916e-08,-2.8885121725052976e-11,4.722197532653809
128.82528458462912,-23.331022262573242,-68.2383041381836,-179.43800354003906,0.0002386570065628144,-0.0006133285844446483,-0.00021865636024120887,2.067673921585083,0.010180040262639523,0.019900796934962273,9.791875839233398,3.587909986890736e-07,2.3152131234382978e-07,3.7553855858352136e-11,4.722197532653809
128.92480418199557,-23.331022262573242,-68.2383041381836,-179.43800354003906,0.0001505231809092042,-0.0006133285844446483,-0.00021865636024120887,2.0676794052124023,0.020768020302057266,0.0797998234629631,9.820000648498535,1.532822864191985e-07,1.2820416372960608e-07,4.178097104401424e-12,4.722197532653809
129.02449890246498,-23.331022262573242,-68.2383041381836,-179.43800354003906,5.427861315997094e-05,-0.0006133285844446483,-0.00021865636024120887,2.0676791667938232,-1.5676365364925005e-05,-1.5941101594307838e-07,9.810625076293945,-8.429508397966856e-07,-4.3498073409864446e-07,-5.863586005627752e-11,4.722197532653809
129.1273190912034,-23.331022262573242,-68.2383041381836,-179.43800354003906,2.3766073338892717e-05,-0.0006133285844446483,-0.00021865636024120887,2.06766414642334,0.0305713452398777,0.05970269441604614,9.834375381469727,-7.564815973637451e-07,-4.778236188940355e-07,-5.3578384784369604e-11,4.722197532653809
129.22684323063004,-23.331022262573242,-68.2383041381836,-179.43800354003906,1.5254040925150211e-05,-0.0006133285844446483,-0.00021865636024120887,2.067674398422241,-0.0004080032813362777,-0.039998237043619156,9.804375648498535,1.7485201908584713e-07,1.8446502991764646e-08,-4.396463661876515e-13,4.722197532653809
129.3271807927813,-23.331022262573242,-68.2383041381836,-179.43800354003906,6.723424473676506e-06,-0.0006133285844446483,-0.00021865636024120887,2.067676544189453,-0.010407531633973122,-0.03990015387535095,9.809375762939453,1.0189547339223282e-07,4.254706098549832e-08,8.692763522888391e-12,4.722197532653809
129.4275814529683,-23.331022262573242,-68.2383041381836,-179.43800354003906,1.3694831314421926e-05,-0.0006133285844446483,-0.00021865636024120887,2.067676544189453,-0.010603727772831917,-0.059899184852838516,9.826875686645508,1.5472323866561055e-07,6.859248458113143e-08,2.3129703013990977e-11,4.722197532653809
129.5272692294966,-23.331022262573242,-68.2383041381836,-179.43800354003906,1.0924343729368894e-05,-0.0006133285844446483,-0.00021865636024120887,2.0676772594451904,-0.020407048985362053,-0.03980207070708275,9.809375762939453,6.317132772437617e-08,1.9682504515117216e-08,-1.7957009035111937e-13,4.722197532653809
129.626583414356,-23.331022262573242,-68.2383041381836,-179.43800354003906,5.094528499533145e-05,-0.0006133285844446483,-0.00021865636024120887,2.0676774978637695,-0.010015162639319897,9.79251490207389e-05,9.789999961853027,1.4465663866758405e-07,3.035021478581257e-08,4.1948653752010845e-12,4.722197532653809
129.72703676039237,-23.331022262573242,-68.2383041381836,-179.43800354003906,9.374141748256537e-05,-0.0006133285844446483,-0.00021865636024120887,2.067676305770874,-0.010211329907178879,-0.019901111721992493,9.789375305175781,1.3062583548162365e-07,4.8304730881909563e-08,8.173931908932175e-13,4.722197532653809
129.826373229007,-23.331022262573242,-68.2383041381836,-179.43800354003906,6.721973991520901e-05,-0.0006133285844446483,-0.00021865636024120887,2.067678689956665,-0.010211363434791565,-0.019901111721992493,9.8100004196167,1.768689230630116e-07,4.4775408269970285e-08,-1.1136009649137524e-12,4.722197532653809
129.92656063681352,-23.331022262573242,-68.2383041381836,-179.43800354003906,7.928370958193243e-05,-0.0006133285844446483,-0.00021865636024120887,2.0676748752593994,0.00037668150616809726,0.03999791666865349,9.797500610351562,6.002334629329198e-08,1.4036391604577148e-08,1.0936193492678062e-13,4.722197532653809
130.02783771438408,-23.331022262573242,-68.2383041381836,-179.43800354003906,0.00013403892823200483,-0.0006133285844446483,-0.00021865636024120887,2.067669630050659,0.010768577456474304,0.0798979103565216,9.772500038146973,-3.14931547507058e-08,-2.3843666596690127e-08,4.125300903830287e-13,4.722197532653809
130.13021623829263,-23.331022262573242,-68.2383041381836,-179.43800354003906,0.00023691653156955855,-0.0006133285844446483,-0.00021865636024120887,2.0676677227020264,0.0003767014713957906,0.03999791666865349,9.785000801086426,1.8358575104571173e-08,2.5229287103911702e-08,2.3516842986848197e-11,4.722197532653809
130.22994860002655,-23.331022262573242,-68.2383041381836,-179.43800354003906,0.00037451743295090353,-0.0006133285844446483,-0.00021865636024120887,2.067673683166504,-0.010211275890469551,-0.019901111721992493,9.75562572479248,8.690927444376939e-08,5.2152621776713204e-08,1.4721721021057621e-12,4.722197532653809
130.32464076692122,-23.331022262573242,-68.2383041381836,-179.43800354003906,0.0008363199307654662,-0.0006133285844446483,-0.00021865636024120887,2.0676674842834473,0.030375221744179726,0.03970366343855858,9.80625057220459,3.903725698251037e-08,1.0235782887946243e-08,2.294078815801015e-11,4.722197532653809
130.4238294113602,-23.331022262573242,-68.2383041381836,-179.43800354003906,0.00018320083131686355,-0.0006133285844446483,-0.00021865636024120887,2.0677058696746826,-0.030406568199396133,-0.039703987538814545,9.8100004196167,1.1569348856710349e-07,6.793439411012514e-08,2.3250342623404308e-11,4.722197532653809
130.52410001607495,-23.331022262573242,-68.2383041381836,-179.43800354003906,0.00025186539639953645,-0.0006133285844446483,-0.00021865636024120887,2.067702054977417,0.030375150963664055,0.03970366343855858,9.851250648498535,1.561223967883052e-07,7.132521773201006e-08,2.1744018044445035e-11,4.722197532653809
130.62439539583283,-23.331022262573242,-68.2383041381836,-179.43800354003906,0.00031474113671826556,-0.0006133285844446483,-0.00021865636024120887,2.0676894187927246,-0.01001513097435236,9.79254546109587e-05,9.770625114440918,1.70731198068097e-07,5.918960965800579e-08,2.2778346916996206e-11,4.722197532653809
130.72395207660156,-23.331022262573242,-68.2383041381836,-179.43800354003906,0.00021835803647950568,-0.0006133285844446483,-0.00021865636024120887,2.067685604095459,-0.01001525018364191,9.792425407795236e-05,9.845000267028809,4.453276503113557e-08,1.3779065000107948e-08,-2.914641997805306e-13,4.722197532653809
130.82423959692824,-23.331022262573242,-68.2383041381836,-179.43800354003906,0.0003903103636710761,-0.0006133285844446483,-0.00021865636024120887,2.0676803588867188,0.00018057397392112762,0.019998880103230476,9.75937557220459,-1.4305189779406646e-06,-4.472196337701462e-07,4.680697149317403e-11,4.722197532653809
130.92843477541464,-23.331022262573242,-68.2383041381836,-179.43800354003906,0.00020108705015745227,-0.0006133285844446483,-0.00021865636024120887,2.0676608085632324,0.010179978795349598,0.019900793209671974,9.830625534057617,-7.215244863800763e-07,-4.5430061845763703e-07,-5.2164193103942935e-11,4.722197532653809
131.0315833131026,-23.331022262573242,-68.2383041381836,-179.43800354003906,6.352901294786481e-05,-0.0006133285844446483,-0.00021865636024120887,2.067664623260498,-0.0006041696760803461,-0.05999726802110672,9.803125381469727,-6.504860206035801e-09,3.9717484412449267e-08,1.3509795495844634e-12,4.722197532653809
131.13251222969848,-23.331022262573242,-68.2383041381836,-179.43800354003906,5.189418527238622e-05,-0.0006133285844446483,-0.00021865636024120887,2.06767201423645,-0.030602725222706795,-0.05970301851630211,9.803125381469727,2.178163427402069e-08,-2.198252690988056e-09,-9.188119015623997e-13,4.722197532653809
131.23507624233025,-23.331022262573242,-68.2383041381836,-179.43800354003906,7.33089401162306e-05,-0.0006133285844446483,-0.00021865636024120887,2.0676639080047607,-0.020210914313793182,-0.019803032279014587,9.830000877380371,1.4017039973168721e-08,-1.20774590328665e-08,-9.635498779067553e-13,4.722197532653809
131.32171175369876,-23.331022262573242,-68.2383041381836,-179.43800354003906,0.00017115593139776166,-0.0006133285844446483,-0.00021865636024120887,2.0676724910736084,0.020375695079565048,0.03980174660682678,9.8125,9.965256708710513e-08,3.0170351550395935e-08,4.4751216621286005e-12,4.722197532653809
131.4256268434401,-23.331022262573242,-68.2383041381836,-179.43800354003906,0.0003290557662994382,-0.0006133285844446483,-0.00021865636024120887,2.067668914794922,0.000768985424656421,0.07999598979949951,9.81812572479248,1.5900323546702566e-07,8.219100067208274e-08,1.3148297554888e-12,4.722197532653809
131.52810727545875,-23.331022262573242,-68.2383041381836,-179.43800354003906,0.0003798675321313276,-0.0006133285844446483,-0.00021865636024120887,2.0676724910736084,-0.00040805619210004807,-0.039998237043619156,9.83750057220459,4.526208297050971e-09,2.6076150128062636e-09,2.162373405334428e-11,4.722197532653809
131.6285293244,-23.331022262573242,-68.2383041381836,-179.43800354003906,0.0001826953821133452,-0.0006133285844446483,-0.00021865636024120887,2.067681074142456,0.02037573605775833,0.03980174660682678,9.788125038146973,1.2216968059419742e-07,2.8937257923189463e-08,-4.331416681487704e-13,4.722197532653809
131.72807957811165,-23.331022262573242,-68.2383041381836,-179.43800354003906,0.0004002428303422651,-0.0006133285844446483,-0.00021865636024120887,2.067682981491089,0.009983773343265057,-9.82443307293579e-05,9.853750228881836,-7.107536248440738e-07,-4.608283177276462e-07,-5.233739136523141e-11,4.722197532653809
131.8276555298071,-23.331022262573242,-68.2383041381836,-179.43800354003906,9.799029778487326e-06,-0.0006133285844446483,-0.00021865636024120887,2.067682981491089,-0.020407048985362053,-0.03980207070708275,9.809375762939453,1.337368047416021e-07,6.786967787775211e-08,9.292850777081751e-13,4.722197532653809
131.9290053138684,-23.331022262573242,-68.2383041381836,-179.43800354003906,2.240180954871552e-05,-0.0006133285844446483,-0.00021865636024120887,2.067676544189453,0.00978763960301876,-0.020097283646464348,9.831875801086426,1.0615809564740175e-08,1.3400416332132181e-09,-1.0331796182483366e-12,4.722197532653809
132.0276953598659,-23.331022262573242,-68.2383041381836,-179.43800354003906,5.5389402679210615e-05,-0.0006133285844446483,-0.00021865636024120887,2.0676918029785156,0.020375683903694153,0.03980174660682678,9.820625305175781,4.103569395397244e-08,-1.1838716673651106e-09,5.618612671474954e-13,4.722197532653809
132.12817954292404,-23.331022262573242,-68.2383041381836,-179.43800354003906,4.552364846331919e-05,-0.0006133285844446483,-0.00021865636024120887,2.067685842514038,-0.010015235282480717,9.792440687306225e-05,9.835625648498535,1.362551529382472e-07,2.1731853649953337e-08,3.8283162447430574e-13,4.722197532653809
132.22752749754,-23.331022262573242,-68.2383041381836,-179.43800354003906,0.00014948367788117806,-0.0006133285844446483,-0.00021865636024120887,2.0676841735839844,0.00018050408107228577,0.019998880103230476,9.803125381469727,1.4741451082045387e-07,5.184092088938996e-08,1.2294424376127489e-13,4.722197532653809
132.3278371116321,-23.331022262573242,-68.2383041381836,-179.43800354003906,0.00048443794488195084,-0.0006133285844446483,-0.00021865636024120887,2.0676753520965576,-0.010211307555437088,-0.019901111721992493,9.77500057220459,2.265392993194837e-07,5.9007419395129546e-08,3.2434666931424605e-14,4.722197532653809
132.42690778637188,-23.331022262573242,-68.2383041381836,-179.43800354003906,2.1228804557880548e-05,-0.0006133285844446483,-0.00021865636024120887,2.067676544189453,-1.567436811455991e-05,-1.5939072284254507e-07,9.809375762939453,-2.163793340059783e-07,-8.915854721180949e-08,-1.2735980325917495e-10,4.722197532653809
132.5272864747967,-23.331022262573242,-68.2383041381836,-179.43800354003906,0.00031350612100031113,-0.0006133285844446483,-0.00021865636024120887,2.067671775817871,0.020179564133286476,0.01980271190404892,9.79062557220459,4.019755692752369e-07,2.548489987930225e-07,8.701305301284101e-12,4.722197532653809
132.62655033005285,-23.331022262573242,-68.2383041381836,-179.43800354003906,5.6610153745034656e-05,-0.0006133285844446483,-0.00021865636024120887,2.0676767826080322,0.0001804920902941376,0.019998880103230476,9.810625076293945,3.3864139936667925e-07,1.8490209185983986e-07,2.4131240408675758e-11,4.722197532653809
132.72837568001705,-23.331022262573242,-68.2383041381836,-179.43800354003906,0.000707664473120602,-0.0006133285844446483,-0.00021865636024120887,2.067666530609131,0.01037630159407854,0.03989983722567558,9.734375,2.5552250804139476e-07,1.3059468528808793e-07,-7.580082395097776e-11,4.722197532653809
132.82693871596712,-23.331022262573242,-68.2383041381836,-179.43800354003906,6.458774952721689e-05,-0.0006133285844446483,-0.00021865636024120887,2.0676567554473877,0.010180010460317135,0.019900796934962273,9.811250686645508,-8.648415814604959e-07,-1.2502238178058178e-07,9.742722600902809e-11,4.722197532653809
132.92608185784775,-23.331022262573242,-68.2383041381836,-179.43800354003906,8.674148472365058e-05,-0.0006133285844446483,-0.00021865636024120887,2.0676610469818115,-0.010015212930738926,9.792463970370591e-05,9.821249961853027,-4.0741474549577106e-07,-3.3133144938801706e-07,6.647211860805191e-12,4.722197532653809
133.02643311975407,-23.331022262573242,-68.2383041381836,-179.43800354003906,7.613183904110494e-05,-0.0006133285844446483,-0.00021865636024120887,2.0676677227020264,-1.5673369489377365e-05,-1.59380547870569e-07,9.80875015258789,3.3619053851907665e-07,9.215787599714531e-08,2.4645678293327977e-12,4.722197532653809
133.12524481883156,-23.331022262573242,-68.2383041381836,-179.43800354003906,7.294665442620773e-05,-0.0006133285844446483,-0.00021865636024120887,2.067676544189453,0.02037568762898445,0.03980174660682678,9.818750381469727,-5.506532829713251e-07,-4.270362694569485e-07,-4.779132298238231e-11,4.722197532653809
133.24004313649493,-23.331022262573242,-68.2383041381836,-179.43800354003906,0.0003206348340173333,-0.0006133285844446483,-0.00021865636024120887,2.0676772594451904,0.009983821772038937,-9.824385051615536e-05,9.823750495910645,6.167871902107436e-08,1.6369817501526995e-08,2.004195073790349e-11,4.722197532653809
133.339237803797,-23.331022262573242,-68.2383041381836,-179.43800354003906,6.237083804502627e-06,-0.0006133285844446483,-0.00021865636024120887,2.0676803588867188,0.009591516107320786,-0.04009632393717766,9.804375648498535,1.7345159619708284e-07,3.9427142439762974e-08,4.786634955587787e-13,4.722197532653809
133.43977594489115,-23.331022262573242,-68.2383041381836,-179.43800354003906,0.00032913685285079834,-0.0006133285844446483,-0.00021865636024120887,2.0676774978637695,-0.00040808218182064593,-0.039998237043619156,9.853750228881836,-3.660639347202732e-09,5.540908176726589e-08,-3.753414801188626e-10,4.722197532653809
133.5388340803038,-23.331022262573242,-68.2383041381836,-179.43800354003906,3.393650331073789e-05,-0.0006133285844446483,-0.00021865636024120887,2.0676803588867188,-0.010015184991061687,9.792493074201047e-05,9.803750038146973,7.864259288226094e-08,6.197162605303674e-08,-3.5437465136824164e-13,4.722197532653809
133.63977547196555,-23.331022262573242,-68.2383041381836,-179.43800354003906,9.758472240158731e-05,-0.0006133285844446483,-0.00021865636024120887,2.0676796436309814,0.04076707363128662,0.0796036571264267,9.8100004196167,8.527088368737168e-08,2.394222775592425e-08,-4.08371849790895e-13,4.722197532653809
133.73912707643467,-23.331022262573242,-68.2383041381836,-179.43800354003906,0.00015851974727391688,-0.0006133285844446483,-0.00021865636024120887,2.0676822662353516,-0.010407501831650734,-0.03990015387535095,9.791250228881836,1.3443616353470134e-07,3.012487326259361e-08,-3.338804926977801e-13,4.722197532653809
133.83907634785282,-23.331022262573242,-68.2383041381836,-179.43800354003906,2.6988985681712744e-05,-0.0006133285844446483,-0.00021865636024120887,2.0676801204681396,0.020768050104379654,0.0797998234629631,9.801250457763672,9.571224524052013e-08,2.7105184763343004e-09,1.180437366778142e-12,4.722197532653809
133.93915245702374,-23.331022262573242,-68.2383041381836,-179.43800354003906,1.2029257812011288e-07,-0.0006133285844446483,-0.00021865636024120887,2.0676791667938232,0.009983842261135578,-9.824363223742694e-05,9.810625076293945,1.0168537301069591e-07,4.030121303344458e-08,4.113795675636522e-12,4.722197532653809
134.03911145517486,-23.331022262573242,-68.2383041381836,-179.43800354003906,4.4903756326662886e-05,-0.0006133285844446483,-0.00021865636024120887,2.067678689956665,0.010376178659498692,0.039899829775094986,9.811250686645508,8.617220004225601e-08,2.6639204619982593e-08,2.8095792836344e-13,4.722197532653809
134.13828595282394,-23.331022262573242,-68.2383041381836,-179.43800354003906,1.7757500896158006e-05,-0.0006133285844446483,-0.00021865636024120887,2.0676817893981934,-0.010015192441642284,9.792485798243433e-05,9.808125495910645,1.3542177157432889e-07,3.8516109412967126e-08,-8.562126008193616e-11,4.722197532653809
134.23874439692008,-23.331022262573242,-68.2383041381836,-179.43800354003906,0.0003648138084850542,-0.0006133285844446483,-0.00021865636024120887,2.0676770210266113,-0.010015265084803104,9.792411583475769e-05,9.853750228881836,1.1830406521085024e-07,1.6915764788905108e-08,8.463076837635433e-14,4.722197532653809
134.33802819272387,-23.331022262573242,-68.2383041381836,-179.43800354003906,9.351730446209908e-05,-0.0006133285844446483,-0.00021865636024120887,2.0676803588867188,-0.010015216656029224,9.7924581496045e-05,9.82437515258789,1.673622733733282e-07,3.734517051157127e-08,1.0782187859562087e-12,4.722197532653809
134.43828660642612,-23.331022262573242,-68.2383041381836,-179.43800354003906,7.547855136923774e-05,-0.0006133285844446483,-0.00021865636024120887,2.067676544189453,-0.00021189275139477104,-0.019999200478196144,9.840625762939453,7.160668502592671e-08,1.740472654887526e-08,-2.9501141113330576e-13,4.722197532653809
134.52755956651527,-23.331022262573242,-68.2383041381836,-179.43800354003906,0.00037172317388671337,-0.0006133285844446483,-0.00021865636024120887,2.067661762237549,0.010376193560659885,0.039899829775094986,9.801875114440918,1.138317529125743e-08,-3.992994823676099e-09,7.559767156890829e-13,4.722197532653809
134.64240397998947,-23.331022262573242,-68.2383041381836,-179.43800354003906,0.00089919089808282,-0.0006133285844446483,-0.00021865636024120887,2.067619800567627,0.015376018360257149,0.03985079005360603,9.760000228881836,4.4470308324662255e-08,1.5489892035702724e-08,6.533807511959616e-14,4.722197532653809
134.73314760738867,-23.331022262573242,-68.2383041381836,-179.43800354003906,3.896714136511145e-05,-0.0006133285844446483,-0.00021865636024120887,2.0676534175872803,-0.010211309418082237,-0.019901111721992493,9.776250839233398,1.6412030845458503e-07,5.0265040130170746e-08,8.518157425078943e-13,4.722197532653809
134.8393026154663,-23.331022262573242,-68.2383041381836,-179.43800354003906,6.074908529025031e-06,-0.0006133285844446483,-0.00021865636024120887,2.06767201423645,-0.00021181683405302465,-0.019999196752905846,9.79312515258789,1.8192524819937717e-08,-2.0414443469007892e-09,1.7725453049788342e-11,4.722197532653809
134.9358807906683,-23.331022262573242,-68.2383041381836,-179.43800354003906,3.1471853376910575e-06,-0.0006133285844446483,-0.00021865636024120887,2.0676655769348145,0.00018046611512545496,0.019998876377940178,9.826875686645508,1.2957509909483633e-07,2.883064453840234e-08,-5.116563097685989e-13,4.722197532653809
135.03060978392023,-23.331022262573242,-68.2383041381836,-179.43800354003906,8.416652983947895e-05,-0.0006133285844446483,-0.00021865636024120887,2.06766676902771,0.00018051505321636796,0.019998880103230476,9.796250343322754,2.084146331071679e-07,4.178837897939047e-08,5.277731376929218e-13,4.722197532653809
135.1426987994637,-23.331022262573242,-68.2383041381836,-179.43800354003906,0.00011187077884823514,-0.0006133285844446483,-0.00021865636024120887,2.0676589012145996,0.01018002349883318,0.019900796934962273,9.803125381469727,2.2369341934336262e-07,5.109597722707804e-08,2.257350383005896e-11,4.722197532653809
135.24122643770534,-23.331022262573242,-68.2383041381836,-179.43800354003906,0.0007839631871458667,-0.0006133285844446483,-0.00021865636024120887,2.0676636695861816,0.02017945609986782,0.01980270817875862,9.8568754196167,2.82696106523872e-08,1.0595647026434563e-08,6.465462388562104e-13,4.722197532653809
135.33521527072298,-23.331022262573242,-68.2383041381836,-179.43800354003906,0.00032148847627723844,-0.0006133285844446483,-0.00021865636024120887,2.067701816558838,0.03057141602039337,0.05970269441604614,9.79062557220459,-1.4979104889789596e-06,-4.880259325545921e-07,4.7172547118501384e-11,4.722197532653809
135.43971050178516,-23.331022262573242,-68.2383041381836,-179.43800354003906,0.0003144550146083651,-0.0006133285844446483,-0.00021865636024120887,2.06770920753479,0.00018039920541923493,0.019998878240585327,9.86875057220459,1.5818763188235607e-07,3.095358991345165e-08,7.110055816675342e-13,4.722197532653809
135.5420790493663,-23.331022262573242,-68.2383041381836,-179.43800354003906,5.82696935586362e-05,-0.0006133285844446483,-0.00021865636024120887,2.0677034854888916,0.020375709980726242,0.03980174660682678,9.804375648498535,-6.685435209874413e-07,5.276241950014082e-07,3.069042797676502e-10,4.722197532653809
135.64427036533016,-23.330957412719727,-68.2383041381836,-179.43800354003906,0.00857042744350149,-0.0006133285844446483,-0.00021865636024120887,2.0676915645599365,-0.00021189474500715733,-0.019999200478196144,9.841875076293945,0.0,0.0,0.0,4.722197532653809
135.74081012720126,-23.333044052124023,-68.23833465576172,-179.43797302246094,0.001867767699067956,-0.0006133287901349751,-0.00021867283260827917,2.0676980018615723,0.23068538308143616,-0.02225508540868759,9.775604248046875,-7.917944458313286e-06,0.003046641359105706,-3.494616066745948e-06,4.722198486328125
135.83812988756108,-23.338754653930664,-68.23844909667969,-179.44683837890625,0.0839869475572387,-0.0006133284473177606,-0.00021872036421482035,2.067805290222168,0.23353900015354156,0.05776337534189224,9.764305114746094,0.0004618882085196674,-0.0020695794373750687,-0.01690252684056759,4.722043514251709
135.93816635964322,-23.349225997924805,-68.23857879638672,-179.4490203857422,0.2239923167502399,-0.0006133292015156247,-0.0002188108679589737,2.0679094791412354,5.992921352386475,-0.2575596868991852,10.151979446411133,0.0003357157693244517,-0.012728451751172543,-0.005559481680393219,4.722005844116211
136.03225521018612,-23.38396644592285,-68.23902893066406,-179.45558166503906,0.4367390405037887,-0.0006133320126167568,-0.00021910368528120343,2.06852650642395,1.2858819961547852,0.04795112460851669,9.707977294921875,-5.7526023738319054e-05,-0.006200976204127073,0.010658305138349533,4.721890926361084
136.1372053886007,-23.438623428344727,-68.23958587646484,-179.45675659179688,0.6113038581051864,-0.0006133368120577143,-0.00021958997149742178,2.0686964988708496,2.5470101833343506,-0.14398282766342163,9.842793464660645,-1.5748179066576995e-05,-0.0027187729720026255,0.006784703116863966,4.721870422363281
136.2425392132427,-23.522043228149414,-68.24050903320312,-179.46255493164062,0.8890043227995701,-0.0006133440112191503,-0.0002203299595919003,2.068986415863037,1.8635796308517456,0.022775299847126007,9.724316596984863,-2.550066346884705e-05,-0.0015074986731633544,0.012871524319052696,4.721769332885742
136.334487263317,-23.614356994628906,-68.24144744873047,-179.45965576171875,1.1121255515999,-0.0006133528559032033,-0.0002211572632304541,2.069049835205078,2.7446823120117188,-0.025598708540201187,9.831860542297363,1.806776344892569e-05,-0.0021775055211037397,0.010100037790834904,4.721819877624512
136.4349328421231,-23.74221420288086,-68.24272918701172,-179.4564971923828,1.4070708874139328,-0.0006133649230690426,-0.00022230045578965245,2.0692427158355713,2.907346487045288,-0.06727506220340729,9.785518646240234,6.062480679247528e-05,-0.003044330747798085,0.008339191786944866,4.721875190734863
136.53699776084977,-23.900217056274414,-68.24433135986328,-179.4530792236328,1.6620297882284283,-0.0006133798013360139,-0.0002237181935136433,2.069300889968872,2.4296212196350098,0.057128846645355225,9.758458137512207,9.533235424896702e-05,0.00048165759653784335,0.009171624667942524,4.721934795379639
136.63834904247778,-24.082321166992188,-68.24616241455078,-179.44873046875,1.9167197203853192,-0.0006133969421965793,-0.000225355728493558,2.069270372390747,2.6092209815979004,0.05522598326206207,9.81307315826416,-3.815262971329503e-06,0.00031096243765205145,0.006560648791491985,4.722010612487793
136.73898447790998,-24.28830337524414,-68.24825286865234,-179.4446258544922,2.1568443457670345,-0.0006134163456507388,-0.00022720803845723047,2.069232702255249,2.437807083129883,-0.023318087682127953,9.816859245300293,-9.268303983844817e-06,0.000960670062340796,0.005505341105163097,4.722082138061523
136.84216828105855,-24.523605346679688,-68.2506332397461,-179.44122314453125,2.3830073509444962,-0.0006134383545157027,-0.00022932505473169067,2.0691487789154053,2.106458902359009,-0.020274296402931213,9.79995346069336,4.555888153845444e-05,0.0017136689275503159,0.006132245529443026,4.722141742706299
136.93333638014155,-24.75041961669922,-68.2529296875,-179.438232421875,2.5785518875574467,-0.0006134594720559161,-0.00023136574275374233,2.0690672397613525,2.135441541671753,-0.0006622374057769775,9.83578109741211,5.271581540000625e-05,0.0011190164368599653,0.0047647831961512566,4.722193717956543
137.0390659228142,-25.03690528869629,-68.25585174560547,-179.4341278076172,2.8241528078777676,-0.0006134863489252783,-0.0002339406942609293,2.069059133529663,2.275486469268799,0.017808247357606888,9.856091499328613,-7.283343438757583e-05,-0.00028216204373165965,0.0021796750370413065,4.722265243530273
137.13209593688953,-25.31128692626953,-68.25865936279297,-179.4306182861328,3.053016034749076,-0.0006135120602161211,-0.00023640507007615885,2.069086790084839,2.546114683151245,0.035011813044548035,9.733327865600586,9.80180484475568e-05,-0.0008494160138070583,0.0019412321271374822,4.722326755523682
137.23719494810211,-25.646371841430664,-68.26210021972656,-179.42605590820312,3.305886353711012,-0.0006135436679629967,-0.0002394153137391731,2.0691397190093994,2.4063780307769775,-0.023793406784534454,9.831052780151367,-9.606238745618612e-05,-0.00043469812953844666,0.0005576359108090401,4.722406387329102
137.34304991850513,-26.01114273071289,-68.2658462524414,-179.42245483398438,3.5692972200805113,-0.0006135780868110023,-0.00024269244060227515,2.0691723823547363,2.6061267852783203,-0.0860154926776886,9.771625518798828,-0.00022621949028689414,-0.0006529299425892532,0.00011990120401605964,4.722469329833984
137.44302594588953,-26.38198471069336,-68.2696533203125,-179.42047119140625,3.8327600715173498,-0.0006136125056590034,-0.00024602345833121315,2.069237470626831,2.738070487976074,0.012582913041114807,9.79289436340332,-9.804531146073714e-05,-0.001130058546550572,0.0002486898156348616,4.722503662109375
137.54503874314833,-26.78853416442871,-68.27376556396484,-179.42025756835938,4.119568907373186,-0.0006136495984812464,-0.0002496745130690679,2.069307327270508,2.939244031906128,-0.009508095681667328,9.793161392211914,4.506458935793489e-06,-0.0015872865915298462,-8.58996429542458e-09,4.722507476806641
137.64673598317313,-27.223468780517578,-68.2781982421875,-179.4188232421875,4.3979577245748205,-0.0006136894338411763,-0.000253580795221778,2.0693776607513428,2.289884090423584,-0.06287433207035065,9.774176597595215,0.00020678635337390006,0.0004630711628124118,0.0006669844733551145,4.722532272338867
137.73487839123118,-27.611257553100586,-68.28217315673828,-179.41744995117188,4.350038914415452,-0.0006137255667752259,-0.00025708042759678055,2.0689263343811035,-1.8087583780288696,-0.08136304467916489,9.66667366027832,0.00012202869402244687,0.018070613965392113,0.0004393837007228285,4.7225565910339355
137.83715691717225,-28.033809661865234,-68.28652954101562,-179.41549682617188,3.944634011268214,-0.0006137655392620384,-0.00026092597968025853,2.0674633979797363,-4.303565502166748,0.04386567696928978,9.842719078063965,-9.178248001262546e-05,0.028196735307574272,5.2906045311829075e-05,4.722590446472168
137.9384947057988,-28.418596267700195,-68.29045104980469,-179.41531372070312,3.726236731994125,-0.000613801192251986,-0.0002644148475947803,2.0665178298950195,-1.6204113960266113,0.05630023777484894,9.923484802246094,2.42904934566468e-06,0.006315988022834063,1.3221560038800817e-05,4.722593784332275
138.0410165891226,-28.80022621154785,-68.29435729980469,-179.415283203125,3.752270797639625,-0.0006138362281709517,-0.00026783683187110317,2.0667505264282227,0.8837592601776123,0.030796583741903305,9.880249977111816,9.265058906748891e-06,-0.011563199572265148,-5.366061373024422e-07,4.722594261169434
138.14225923849153,-29.18987274169922,-68.29833984375,-179.41529846191406,3.9344615991166263,-0.0006138716754705677,-0.0002713114385895747,2.067582130432129,2.1583776473999023,-0.0020526722073554993,9.809127807617188,6.14911550655961e-06,-0.015882549807429314,-6.795438821427524e-06,4.722593784332275
138.2446173869248,-29.606903076171875,-68.3025894165039,-179.4151611328125,4.190922283759226,-0.0006139095910541002,-0.0002750325994474199,2.0683906078338623,2.7736496925354004,0.07183898985385895,9.792640686035156,0.00019209142192266881,-0.012659252621233463,0.0003212627489119768,4.722596168518066
138.34839304463821,-30.05870246887207,-68.3073501586914,-179.40943908691406,4.4896146373680486,-0.0006139526488958037,-0.00027907374589159904,2.0689656734466553,2.9929637908935547,-0.030387595295906067,9.780455589294434,0.00010470618144609034,-0.008073954842984676,0.001254997099749744,4.722696304321289
138.4369226351555,-30.469120025634766,-68.31169128417969,-179.40478515625,4.755380909997673,-0.0006139924156922813,-0.00028275220886560005,2.0692648887634277,3.0778796672821045,-0.07153617590665817,9.774209976196289,-7.060115603962913e-05,-0.00470753014087677,0.0008098381222225726,4.722777366638184
138.53916636409122,-30.97237777709961,-68.3169937133789,-179.40211486816406,5.064067026768442,-0.0006140407529190285,-0.00028726892848809563,2.069483518600464,3.073423147201538,0.0882636159658432,9.977596282958984,-0.0001654617954045534,-0.0022545817773789167,9.025968756759539e-05,4.7228240966796875
138.64159540293622,-31.507247924804688,-68.32262420654297,-179.4076385498047,5.309291774659819,-0.0006140905299780493,-0.0002920746773026172,2.069629430770874,2.210719585418701,-0.1425914168357849,9.727765083312988,-0.0003117085434496403,0.006520111579447985,-0.022607838734984398,4.7227277755737305
138.74377363661188,-32.05434036254883,-68.32835388183594,-179.4078369140625,5.354410408190467,-0.0006141421582500072,-0.00029700881116329303,2.069092273712158,0.8423333764076233,-0.04850578308105469,9.818696975708008,-0.0002812287420965731,0.014956539496779442,-0.029475783929228783,4.722724437713623
138.8396983325656,-32.572208404541016,-68.33378601074219,-179.40811157226562,5.363034506140785,-0.0006141911125477163,-0.000301679901376662,2.0685458183288574,-0.1769932359457016,-0.03804156556725502,9.804000854492188,-0.0001610091421753168,0.015136824920773506,-0.035139188170433044,4.722719192504883
138.94429803287494,-33.161983489990234,-68.3399429321289,-179.3961639404297,5.984433613305999,-0.0006142478145143931,-0.00030695935501568665,2.0691511631011963,7.9855523109436035,0.01623840630054474,9.896803855895996,0.00022681424161419272,-0.028157668188214302,-0.00018154557619709522,4.722928047180176
139.04611403329181,-33.81058120727539,-68.34683227539062,-179.39768981933594,6.532813201374025,-0.0006143092473585699,-0.000312745218241309,2.0704307556152344,3.6369080543518066,-0.017728891223669052,9.558537483215332,-9.399891132488847e-05,-0.0033514455426484346,-0.00020356509776320308,4.722901344299316
139.14723443167168,-34.471641540527344,-68.35382080078125,-179.4007568359375,6.406726873809487,-0.0006143719829081375,-0.0003187143515488375,2.0695712566375732,-2.699125289916992,-0.11147937178611755,9.674663543701172,-0.00017684721387922764,0.03616830334067345,-0.008724351413547993,4.722847938537598
139.24862085303175,-35.1005744934082,-68.36030578613281,-179.39688110351562,5.992254995104044,-0.0006144317702296851,-0.0003244305885985542,2.0676236152648926,-4.6433820724487305,-0.07133680582046509,9.847003936767578,-4.451564745977521e-05,0.03644803911447525,-0.024910205975174904,4.7229156494140625
139.34999773671734,-35.68574142456055,-68.36615753173828,-179.3816680908203,5.610187719413969,-0.0006144871694909293,-0.00032973458794999694,2.0662355422973633,-2.2679781913757324,-0.01595120131969452,10.014397621154785,0.0005955151282250881,0.01548272930085659,-0.025569982826709747,4.723180770874023
139.4384088117804,-36.18024444580078,-68.37126159667969,-179.37277221679688,5.4684132030678505,-0.00061453386119502,-0.00033417808181584086,2.066249132156372,-4.806877136230469,-0.04751041531562805,9.518128395080566,0.000573895697016269,0.005584787577390671,-0.021889634430408478,4.723336219787598
139.53905711809057,-36.702877044677734,-68.37689208984375,-179.37054443359375,4.951573995441187,-0.0006145848038325269,-0.00033889572660667823,2.065603494644165,-4.418178081512451,0.04844292998313904,9.844711303710938,0.0005200860323384404,0.01410045474767685,-0.02945755235850811,4.72337532043457
139.64147722741473,-37.18460464477539,-68.38208770751953,-179.37425231933594,4.54881410605134,-0.0006146314955366163,-0.0003432397691991142,2.0649983882904053,-2.7068395614624023,0.029134728014469147,9.934813499450684,-0.000235653918934986,-0.0006243363604880869,-0.0009084696648642421,4.723310470581055
139.74253348467755,-37.64170837402344,-68.38692474365234,-179.37997436523438,4.535694430314357,-0.0006146740734341669,-0.0003473245391335842,2.065706729888916,0.6863753199577332,0.03215022012591362,9.882421493530273,-8.400093065574765e-05,-0.020762519910931587,-0.0010373563272878528,4.723210334777832
139.84466871453333,-38.11527633666992,-68.39198303222656,-179.3829345703125,4.722378055963478,-0.0006147184339812121,-0.0003515375227056017,2.0670528411865234,2.2291111946105957,-0.06409017741680145,9.804229736328125,-0.00010912006837315857,-0.023250196129083633,-0.0005028700106777251,4.723158836364746
139.9458904734056,-38.60794448852539,-68.39717864990234,-179.38800048828125,4.982002882675498,-0.0006147641657970924,-0.0003559287369464993,2.068187713623047,2.7692813873291016,-0.029585113748908043,9.775456428527832,8.309056283906102e-05,-0.016515638679265976,-0.0007924597593955696,4.7230706214904785
140.0501948708843,-39.14437484741211,-68.40283203125,-179.3915557861328,5.3047707192942894,-0.0006148141485463791,-0.00036072546966829563,2.069074869155884,3.041857957839966,-0.07217831909656525,9.75552749633789,-0.0002629539812915027,-0.0132055738940835,-0.0009915099944919348,4.723008632659912
140.1386264974426,-39.61970901489258,-68.40780639648438,-179.38821411132812,5.435842892114414,-0.0006148590576009499,-0.00036499241266958597,2.069232702255249,0.3644005358219147,-0.04360222443938255,9.684098243713379,0.00034624533145688474,0.0013791121309623122,0.025032851845026016,4.723066806793213
140.2410768523987,-40.17694091796875,-68.4136734008789,-179.3910369873047,5.522871822769811,-0.0006149115771975866,-0.0003700130393129906,2.0688154697418213,1.2374948263168335,-0.07300500571727753,9.850855827331543,0.00016003525524865836,0.0010290881618857384,0.023272518068552017,4.723017692565918
140.34224402552354,-40.73255920410156,-68.41952514648438,-179.39141845703125,5.5228560441356,-0.000614964165357662,-0.00037501930191518066,2.0683939456939697,-0.16963332891464233,-0.058058664202690125,9.812071800231934,0.0001104663242585957,0.003696190658956766,0.02827777899801731,4.723010540008545
140.44385752474773,-41.33412170410156,-68.42581939697266,-179.4043426513672,6.282240331484919,-0.0006150186047306555,-0.00038038641391545315,2.06956148147583,6.312661170959473,0.03457106649875641,9.709293365478516,0.00020241958554834127,-0.03141997754573822,0.00015143257041927427,4.722784996032715
140.54546942395973,-41.98976135253906,-68.4326171875,-179.40354919433594,6.533828602749822,-0.0006150794205037625,-0.000386260586855023,2.07009220123291,0.32098039984703064,-0.002934791147708893,9.570588111877441,5.067010715720244e-05,0.00593109056353569,0.00017358142940793186,4.722799301147461
140.64831358959782,-42.641658782958984,-68.43929290771484,-179.39364624023438,6.201310987233736,-0.0006151416075457113,-0.0003921692814879077,2.068570613861084,-3.98563551902771,0.002257533371448517,9.776575088500977,1.0831630788743496e-05,0.03136220946907997,0.029451647773385048,4.7229719161987305
140.74955864736694,-43.24125289916992,-68.44525909423828,-179.37928771972656,5.74756120808559,-0.0006151982409488425,-0.00039761524144709006,2.0668137073516846,-4.757523536682129,-0.02881254255771637,9.867477416992188,-0.0002398297074250877,0.023831652477383614,0.03155449032783508,4.723222732543945
140.85231131708133,-43.814842224121094,-68.45099639892578,-179.36483764648438,5.576398426264752,-0.0006152519261239596,-0.0004027899644275834,2.066196918487549,-0.528846263885498,-0.05438995361328125,9.962918281555176,2.5118642952293158e-05,-0.007997032254934311,0.02884194254875183,4.723474502563477
140.95278851801413,-44.347171783447266,-68.45655822753906,-179.36077880859375,5.0865764291030295,-0.0006153023888173011,-0.00040758693712140336,2.065793037414551,-4.754465579986572,0.07283931970596313,9.816882133483887,-0.0005109444609843194,0.009105256758630276,0.03001108393073082,4.723545551300049
141.04382078835624,-44.78313446044922,-68.46129608154297,-179.3852996826172,4.615907060117991,-0.0006153416071061292,-0.0004115242270909421,2.0650551319122314,-3.806493043899536,-0.019589804112911224,9.921825408935547,-0.00022903806529939175,0.006330868229269981,-0.0012546153739094734,4.723117828369141
141.14530023766565,-45.24385070800781,-68.46613311767578,-179.38925170898438,4.523403233232363,-0.0006153842535670661,-0.00041565164348664023,2.0654377937316895,0.06136468052864075,0.019043833017349243,9.915315628051758,0.00014304660726338625,-0.017273064702749252,-0.0001679512206465006,4.723048686981201
141.2468126893218,-45.71113204956055,-68.47111511230469,-179.38949584960938,4.676098363062541,-0.0006154284084237332,-0.00041981025624869176,2.066720485687256,2.0232861042022705,-0.06160847097635269,9.81459903717041,-4.752192762680352e-05,-0.02394236996769905,-2.3021408196655102e-05,4.723044395446777
141.35170473271864,-46.21662139892578,-68.47649383544922,-179.38958740234375,4.93337797369435,-0.000615476471396594,-0.00042431261182991116,2.0679750442504883,2.8458750247955322,-0.010184291750192642,9.747052192687988,-4.697134136222303e-05,-0.0182005874812603,-1.4989444935054053e-05,4.723042964935303
141.45298400727916,-46.73188400268555,-68.48198699951172,-179.3896942138672,5.176378536010393,-0.0006155256313845233,-0.00042891712694051123,2.068915605545044,3.13974928855896,-0.033196862787008286,9.752983093261719,-2.749109989963472e-05,-0.00575642054900527,-3.663718598545529e-05,4.72304105758667
141.53979543151218,-47.19542694091797,-68.48690795898438,-179.3983612060547,5.37811100268361,-0.0006155686892260995,-0.00043307258578419893,2.0692648887634277,1.0460306406021118,0.06915493309497833,9.648548126220703,-0.00032405025558546185,0.003842567093670368,-0.027548907324671745,4.7228899002075195
141.64450640251744,-47.76280212402344,-68.49286651611328,-179.40133666992188,5.424267810834332,-0.0006156217573302041,-0.00043818457321474633,2.068845510482788,1.15874183177948,0.00806361436843872,9.854082107543945,-7.128494326025248e-05,0.011053587310016155,-0.02600259706377983,4.722837448120117
141.74597130643087,-48.31642532348633,-68.49872589111328,-179.40342712402344,5.430555876230915,-0.0006156741397998885,-0.00044317427774552234,2.0683794021606445,-0.10872280597686768,0.06125662103295326,9.828874588012695,-7.721735164523125e-05,0.0113277742639184,-0.025918910279870033,4.722801208496094
141.84874421005952,-48.92302703857422,-68.50507354736328,-179.3948211669922,6.237447195748969,-0.000615732075908378,-0.0004485842761790586,2.0696158409118652,6.853812217712402,0.0479809045791626,9.72061824798584,-1.3967626728117466e-05,-0.026663346216082573,-0.0006667333072982728,4.722951412200928
141.9501896428119,-49.583797454833984,-68.51200866699219,-179.3995361328125,6.580356233115169,-0.0006157935773158309,-0.0004544978045345965,2.0703463554382324,1.2849286794662476,-0.05309983715415001,9.552750587463379,9.165440133074299e-05,0.00998780969530344,-0.0006582983187399805,4.722868919372559
142.05202768577146,-50.244056701660156,-68.51895141601562,-179.40589904785156,6.3164262095341055,-0.0006158554901039267,-0.00046047759945734345,2.0689496994018555,-3.676989793777466,0.17827734351158142,9.773064613342285,-0.0003900703741237521,0.038157641887664795,-0.024450603872537613,4.7227582931518555
142.15369803106296,-50.86354064941406,-68.52518463134766,-179.39642333984375,5.873812245100618,-0.000615913906156477,-0.0004661059724553531,2.067085027694702,-4.752199649810791,0.009663015604019165,9.8485746383667,7.419206667691469e-06,0.032549891620874405,-0.026954784989356995,4.722923278808594
142.24166169689852,-51.36585998535156,-68.5301513671875,-179.38388061523438,5.5794296858097425,-0.0006159605978604438,-0.00047065128303329525,2.066129446029663,-2.40911602973938,0.0454944483935833,9.97230339050293,0.0007463308284059167,0.013026739470660686,-0.03077535517513752,4.723142623901367
142.3426165471028,-51.92612075805664,-68.53590393066406,-179.37667846679688,5.326703318105447,-0.0006160129117666508,-0.00047568555380169927,2.0661494731903076,-6.168370246887207,-0.013042837381362915,9.542672157287598,0.0004939807113260031,0.01409063395112753,-0.02584690973162651,4.723268032073975
142.44509113227832,-52.44580078125,-68.54141235351562,-179.3796844482422,4.829485672617356,-0.0006160620717545272,-0.00048037858431658514,2.0653748512268066,-5.961016654968262,0.024311743676662445,9.76074504852295,-3.690578159876168e-05,0.012476341798901558,-0.0007899593329057097,4.723215579986572
142.54649744948256,-52.91596603393555,-68.54638671875,-179.3843231201172,4.54652495872679,-0.0006161063637380213,-0.0004846098400459704,2.0651047229766846,-1.424722671508789,0.03490697965025902,9.955536842346191,-0.00019700182019732893,-0.007873425260186195,-0.000950719288084656,4.723134994506836
142.6488518428232,-53.38387680053711,-68.55130004882812,-179.3892822265625,4.614139382992277,-0.0006161494901429944,-0.0004887823369050975,2.0661137104034424,1.2929836511611938,-0.034068524837493896,9.858543395996094,-4.873087164014578e-05,-0.02311268076300621,-0.0007754346588626504,4.723048210144043
142.75179893543827,-53.87139892578125,-68.55642700195312,-179.391845703125,4.834457102296824,-0.0006161946048877825,-0.0004931207230134438,2.067457914352417,2.5562634468078613,-0.06710197776556015,9.767080307006836,8.372188312932849e-05,-0.021479206159710884,-8.388295827899128e-05,4.723003387451172
142.85366848224658,-54.37934875488281,-68.56181335449219,-179.39210510253906,5.108851457519219,-0.0006162425992971351,-0.0004976527322835164,2.068570613861084,3.0955188274383545,0.06738971173763275,9.729730606079102,-2.901806146837771e-05,-0.015066178515553474,-2.9511869797715917e-05,4.72299861907959
142.9543602282356,-54.908973693847656,-68.56742095947266,-179.3965606689453,5.4130768760683114,-0.0006162923763559699,-0.0005023942028705407,2.0692038536071777,2.743476629257202,-0.10868512839078903,9.742517471313477,-0.00039250118425115943,-0.010460101999342442,-0.013381712138652802,4.722920894622803
143.05672329964,-55.46179962158203,-68.5732421875,-179.4016876220703,5.46627996859193,-0.0006163439360642841,-0.0005073698861772725,2.0689609050750732,0.9196130633354187,-0.0894242525100708,9.809975624084473,-0.00017466284043621272,0.0025206138379871845,-0.03030872344970703,4.722831726074219
143.1434370886709,-55.93585205078125,-68.57821655273438,-179.40145874023438,5.5115347778024075,-0.0006163887079918505,-0.0005116399830968388,2.0686378479003906,0.09468095749616623,-0.0408388115465641,9.802990913391113,-0.00011942045239266008,0.003456889884546399,-0.02352047897875309,4.722835540771484
143.24444625826436,-56.50021743774414,-68.58415222167969,-179.4019775390625,5.923273992791918,-0.0006164419132227678,-0.0005167066843735333,2.0687716007232666,8.018362045288086,-0.04351580888032913,10.073521614074707,-2.5744957383722067e-05,-0.03135158121585846,0.0008410880691371858,4.7228264808654785
143.3468612881552,-57.14137268066406,-68.59078216552734,-179.40188598632812,6.501353771442478,-0.0006165012206000023,-0.0005224226128876181,2.070146083831787,3.96240234375,0.01895790547132492,9.590258598327637,0.00013347045751288533,-0.016302715986967087,-0.0002055148215731606,4.722827911376953
143.44798953851569,-57.795413970947266,-68.5976333618164,-179.4064483642578,6.4038551536949555,-0.0006165621049363908,-0.0005283202002427024,2.0695407390594482,-2.7489125728607178,-0.031205564737319946,9.654043197631836,-0.00014145387103781104,0.024983253329992294,-0.017183588817715645,4.722748756408691
143.55066237432766,-58.42581558227539,-68.60442352294922,-179.41847229003906,5.975313615929446,-0.0006166216180039389,-0.0005340481616409424,2.067638397216797,-4.542280197143555,0.006258450448513031,9.8477783203125,0.00014159869169816375,0.029709311202168465,-0.0303043182939291,4.722538948059082
143.65192961806315,-59.00400924682617,-68.61077117919922,-179.43487548828125,5.598988633654476,-0.0006166765373208803,-0.0005392890826251081,2.06626558303833,-2.707530975341797,-0.03343116492033005,9.990828514099121,0.00017037814541254193,0.009099528193473816,-0.03303220123052597,4.722252368927002
143.7540827721532,-59.56528854370117,-68.61668395996094,-179.44403076171875,5.337630552179848,-0.0006167289197904624,-0.0005443367232647551,2.066154956817627,-5.708006858825684,0.01490996778011322,9.582818984985352,6.473765097325668e-05,0.006696527823805809,-0.026224179193377495,4.722092628479004
143.85628085790086,-60.07868576049805,-68.62178039550781,-179.43614196777344,4.7804361186507025,-0.0006167763656922196,-0.0005489736346018743,2.065358877182007,-5.761569499969482,-0.024031206965446472,9.773409843444824,0.00023266597418114543,0.012868073768913746,0.00039329114952124655,4.722229957580566
143.95836152436095,-60.54857635498047,-68.62651062011719,-179.4324951171875,4.524393461743957,-0.0006168192864068082,-0.0005532006736794989,2.065150737762451,-1.2846744060516357,-0.04790375381708145,9.95315170288086,-0.00013069996202830225,-0.009143517352640629,8.210282976506278e-05,4.722293853759766
144.058965780976,-61.00707244873047,-68.63111114501953,-179.43002319335938,4.603398032733571,-0.0006168604930353444,-0.000557288049024671,2.0661873817443848,1.454384207725525,-0.014814784750342369,9.848806381225586,-7.26594589650631e-05,-0.02320822700858116,0.00017214614490512758,4.722337245941162
144.14701510520536,-61.42182159423828,-68.63530731201172,-179.42709350585938,4.790838162451086,-0.0006168980658014652,-0.0005609784077558252,2.0673410892486572,2.4345784187316895,-0.024355575442314148,9.8019437789917,2.2606138372793794e-05,-0.022011440247297287,0.0006974988500587642,4.72238826751709
144.24823534415918,-61.921844482421875,-68.64034271240234,-179.4261016845703,5.0584162206347125,-0.000616943249109623,-0.0005654384254111843,2.068424940109253,2.7333500385284424,-0.007302846759557724,10.00512981414795,-2.844788832589984e-05,-0.015910476446151733,3.3263499062741175e-05,4.722405433654785
144.35010580925154,-62.452919006347656,-68.64566802978516,-179.4266357421875,5.309569857253712,-0.0006169908321382341,-0.0005701913118113397,2.0691514015197754,3.063912868499756,0.009528599679470062,9.757601737976074,-4.5228116505313665e-06,-0.00315910205245018,-0.0020702627953141928,4.722395896911621
144.45119719320792,-62.99908447265625,-68.65017700195312,-179.473388671875,5.398807639911905,-0.0006170279935235587,-0.0005751027854540798,2.069053888320923,0.6801345944404602,-0.20821577310562134,9.781575202941895,-0.00170748436357826,0.011138996109366417,-0.03616335242986679,4.721580505371094
144.5540808404039,-63.56037139892578,-68.65364074707031,-179.55517578125,5.437499721547614,-0.0006170470541600337,-0.0005801610877090073,2.0685973167419434,0.11420430988073349,-0.023256024345755577,9.81358814239502,0.0002294667938258499,0.012376826256513596,-0.040874555706977844,4.720152854919434
144.65511052982765,-64.12714385986328,-68.65640258789062,-179.6227264404297,5.909728329824134,-0.000617060561157656,-0.0005852452726634878,2.068861722946167,8.180142402648926,0.00411204993724823,10.023148536682129,7.103788084350526e-05,-0.02543359063565731,-0.014643547125160694,4.718973636627197
144.75742442367482,-64.77385711669922,-68.65904998779297,-179.7021942138672,6.51684058277465,-0.0006170711199271689,-0.0005910096069679339,2.070284605026245,4.36437463760376,-0.02421424351632595,9.58739185333252,0.0004739494761452079,-0.008967683650553226,-0.012297478504478931,4.717586517333984
144.85905651861685,-65.44054412841797,-68.66145324707031,-179.76541137695312,6.44949665789733,-0.000617081815823533,-0.0005970207011020657,2.0696840286254883,-2.705249071121216,0.1700882613658905,9.64089584350586,0.00023866603442002088,0.0326487198472023,-0.03178919479250908,4.716483116149902
144.94696141706663,-65.99239349365234,-68.6631088256836,-179.78915405273438,6.104547689370688,-0.000617092374593118,-0.0006020346770913723,2.0680277347564697,-4.31522798538208,-0.024819213896989822,9.835894584655762,0.0004227014724165201,0.03793346509337425,-0.031102998182177544,4.716068744659424
145.0485720319848,-66.58963775634766,-68.66471099853516,-179.79269409179688,5.669299446903097,-0.000617105607336911,-0.0006074538630260691,2.0664432048797607,-4.023591995239258,0.03418364375829697,9.919173240661621,0.000794655701611191,0.02403276599943638,-0.029366526752710342,4.716007232666016
145.1510908745404,-67.16493225097656,-68.66632843017578,-179.79058837890625,5.569598995556995,-0.000617119868532364,-0.0006126306771913922,2.0662317276000977,-0.34741973876953125,0.0012591867707669735,9.90407657623291,0.000741112744435668,-0.0053293658420443535,-0.02637282758951187,4.716043949127197
145.2528932580899,-67.70501708984375,-68.6680679321289,-179.79359436035156,5.03624091907223,-0.0006171346782353884,-0.0006174987501749663,2.0657858848571777,-4.6951446533203125,-0.002951938658952713,9.815160751342773,0.0005895004724152386,0.016279444098472595,-0.032074470072984695,4.715991497039795
145.35522959122318,-68.19558715820312,-68.66656494140625,-179.92881774902344,4.6081348440402055,-0.0006171178116280095,-0.0006219258230961346,2.065075397491455,-3.4501113891601562,-3.545391321182251,9.925176620483398,-0.030139604583382607,0.003986245021224022,-0.08401049673557281,4.713631629943848
145.45650496074813,-68.65656280517578,-68.65099334716797,179.40371704101562,4.554300786142643,-0.0006168992999361731,-0.0006260519710679807,2.0655677318573,0.21735380589962006,-1.341874122619629,9.887579917907715,-0.003837806638330221,-0.01819087564945221,-0.12938456237316132,4.701982498168945
145.559179335105,-69.1328125,-68.6274185180664,178.64837646484375,4.727665314706263,-0.0006165647103361126,-0.0006302885747457366,2.0668795108795166,2.115129232406616,-0.35172516107559204,9.812729835510254,0.006364270579069853,-0.02326488494873047,-0.12319335341453552,4.688798904418945
145.66151882169652,-69.63037109375,-68.59878540039062,177.97735595703125,4.985805861236894,-0.0006161913138275527,-0.0006347189387120928,2.0680692195892334,2.94985032081604,-0.03133910894393921,9.718955993652344,0.006709858775138855,-0.0172813031822443,-0.10516414791345596,4.677087306976318
145.74925705065834,-70.07902526855469,-68.57118225097656,177.493896484375,5.2573933826088135,-0.0006158588496942325,-0.0006387248949691475,2.0689141750335693,2.657217025756836,0.1055552065372467,9.711606979370117,0.005097867920994759,-0.014424479566514492,-0.09206543117761612,4.668649673461914
145.84968996347743,-70.60706329345703,-68.53765106201172,177.03713989257812,5.3171517269948305,-0.0006154779112069505,-0.0006434673597259211,2.0689210891723633,0.684116780757904,0.30932217836380005,9.787580490112305,0.0035159443505108356,0.002311904914677143,-0.08849180489778519,4.660677909851074
145.95291576554882,-71.15750122070312,-68.50165557861328,176.68734741210938,5.407226169766003,-0.0006150946415625935,-0.0006484192172361962,2.0686421394348145,-0.13762517273426056,0.20868442952632904,9.735283851623535,0.0018704936373978853,0.0015002405270934105,-0.07853291928768158,4.654572486877441
146.0575407317083,-71.7216796875,-68.46379852294922,176.4518280029297,5.635242144012244,-0.0006147148686537869,-0.0006534927748569686,2.068441152572632,8.953509330749512,-0.7096517086029053,10.407232284545898,-0.00019423337653279305,-0.02179131843149662,-0.037876781076192856,4.6504621505737305
146.1596880138095,-72.33992767333984,-68.42171478271484,176.2642059326172,6.409016098320728,-0.0006143106871593821,-0.0006589917000752279,2.070096015930176,6.453798294067383,0.016452670097351074,9.655628204345703,6.746873259544373e-05,-0.02932880073785782,-0.027358857914805412,4.647187232971191
146.26119988338905,-73.00398254394531,-68.3759536743164,176.1396484375,6.614659091327147,-0.000613879628795443,-0.0006649495889778155,2.0703399181365967,-0.281920462846756,0.0973903238773346,9.576454162597656,0.0009539583697915077,0.012521758675575256,-0.008432473987340927,4.645013332366943
146.3522055542271,-73.58623504638672,-68.33243560791016,175.96014404296875,6.290251699589721,-0.0006134737332149921,-0.0006702332249864962,2.0687718391418457,-4.156241416931152,-2.7908997535705566,9.778063774108887,-0.02510160580277443,0.03483409434556961,-0.05309554189443588,4.641880512237549
146.45411566851544,-74.19589233398438,-68.27521514892578,175.34765625,5.829969346847601,-0.0006128794252944264,-0.00067576862595614,2.0668752193450928,-4.784669399261475,-1.09156334400177,9.880681991577148,-0.0030844882130622864,0.026025427505373955,-0.0913638100028038,4.631190299987793
146.55673410577583,-74.76942443847656,-68.21354675292969,174.64703369140625,5.584622084951653,-0.0006122107260387553,-0.0006809404349899977,2.066040515899658,-1.1069377660751343,-0.5429736375808716,9.98177719116211,0.0032123629935085773,-0.004122376441955566,-0.09202905744314194,4.618962287902832
146.66039118377375,-75.3226318359375,-68.1488037109375,174.01467895507812,5.160523647712469,-0.0006115176867610077,-0.0006859084049091863,2.0658226013183594,-4.824604034423828,0.02689361572265625,9.771965026855469,0.007142352871596813,0.00839449092745781,-0.06451171636581421,4.6079254150390625
146.76301961319405,-75.81790161132812,-68.08771514892578,173.54861450195312,4.648927246253142,-0.0006108838862976695,-0.0006903693481708226,2.065117120742798,-4.118072509765625,0.05406057834625244,9.90261459350586,0.0036177546717226505,0.007146631367504597,-0.0639791339635849,4.599791526794434
146.84994268903392,-76.21058654785156,-68.03626251220703,173.2442626953125,4.518070387552416,-0.0006103745970460889,-0.0006938871327169467,2.0652589797973633,-0.7392228841781616,-1.9443411827087402,9.925219535827637,-0.014240091666579247,-0.012500585056841373,-0.0837063193321228,4.594479560852051
146.95268619360286,-76.6734390258789,-67.9611587524414,172.43002319335938,4.6248781609382466,-0.0006096065493623142,-0.0006979988138022792,2.066385507583618,1.6031622886657715,-1.3226672410964966,9.86707878112793,-0.004357367753982544,-0.02297842502593994,-0.1542980968952179,4.580268383026123
147.05484044199693,-77.15135955810547,-67.8753433227539,171.536865234375,4.8618722283200935,-0.0006086985636923141,-0.0007022337719572681,2.067678213119507,2.558337450027466,-0.6335673332214355,9.774588584899902,0.0047500766813755035,-0.01970660872757435,-0.148006871342659,4.564680099487305
147.15754312483477,-77.65764617919922,-67.77992248535156,170.74383544921875,5.137639355333442,-0.0006077101531041882,-0.0007067330421832162,2.068718910217285,2.867453098297119,-0.09872651100158691,9.708580017089844,0.006502147298306227,-0.01183247845619917,-0.12900647521018982,4.550838947296143
147.25955868253368,-78.17922973632812,-67.67933654785156,170.08572387695312,5.219932399690103,-0.0006066930144336177,-0.0007113977559959932,2.0689053535461426,0.5501214861869812,0.2051992118358612,9.75851821899414,0.005805634893476963,0.006189617328345776,-0.14405457675457,4.5393524169921875
147.36165085455286,-78.7073745727539,-67.57588958740234,169.58189392089844,5.323122825111077,-0.0006056768356512309,-0.0007161367925804726,2.0686464309692383,0.82697993516922,0.001668393611907959,9.80063533782959,0.002911192364990711,0.003325578523799777,-0.12007613480091095,4.530559539794922
147.46319219117868,-79.2365493774414,-67.46791076660156,169.11083984375,5.382852779792448,-0.0006046448872770576,-0.0007208912559395139,2.0683093070983887,1.7092616558074951,-2.4961681365966797,9.95773983001709,-0.03045801632106304,-0.0014939671382308006,-0.1452966332435608,4.522337913513184
147.55111438335734,-79.73562622070312,-67.35183715820312,168.21473693847656,6.131581978226883,-0.0006035052942981522,-0.0007253132551656805,2.0696029663085938,7.270567893981934,-2.0136942863464355,9.73750114440918,-0.011166587471961975,-0.03085600957274437,-0.21835912764072418,4.506697654724121
147.65288563465583,-80.36748504638672,-67.1943130493164,167.02978515625,6.507371091642821,-0.0006019159936995225,-0.0007309264756423879,2.070418119430542,1.3311847448349,-0.616565465927124,9.527326583862305,0.006054437719285488,0.006024402566254139,-0.2271122932434082,4.486016273498535
147.75563827736187,-81.00115203857422,-67.0294189453125,166.0593719482422,6.233619051283222,-0.0006002577868411344,-0.0007366287600309296,2.0689783096313477,-3.548017740249634,0.0824880599975586,9.756326675415039,0.008993208408355713,0.03591780364513397,-0.1885313093662262,4.469079971313477
147.85758260657894,-81.59150695800781,-66.87153625488281,165.4020538330078,5.808398251219122,-0.0005987080473488791,-0.0007419638186212583,2.0671353340148926,-4.58826208114624,0.2636749744415283,9.865153312683105,0.007817169651389122,0.028893431648612022,-0.13449843227863312,4.457607269287109
147.96028506217408,-82.14553833007812,-66.71430969238281,164.72805786132812,5.53512536311245,-0.0005972015028254643,-0.0007469508491772768,2.0661613941192627,-1.057977557182312,-2.0234391689300537,9.998870849609375,-0.013167393393814564,0.0021438617259263992,-0.19826363027095795,4.445843696594238
148.0619262077089,-82.67353057861328,-66.5513687133789,163.81912231445312,5.219137086765297,-0.0005956040431772901,-0.0007516598549737964,2.0661354064941406,-5.048956394195557,-0.3770408630371094,9.70309066772461,0.007204615511000156,0.012464775703847408,-0.19019372761249542,4.429980278015137
148.16556219311315,-83.16127014160156,-66.39358520507812,163.0651397705078,4.714742186131148,-0.000594054372248606,-0.0007560279633340324,2.0653340816497803,-4.856264591217041,-0.27159547805786133,9.84925651550293,0.004933515563607216,0.011548961512744427,-0.11462746560573578,4.416820526123047
148.2526105439465,-83.53990936279297,-66.2662124633789,162.55325317382812,4.5356629294517985,-0.0005928246869063494,-0.000759406289837876,2.065234899520874,-1.1506894826889038,-0.08988648653030396,9.921929359436035,0.005205682013183832,-0.008644088171422482,-0.09448723495006561,4.407886028289795
148.3540923075925,-83.97856140136719,-66.11524200439453,162.04917907714844,4.621322044207152,-0.0005913948648752755,-0.0007632910259282487,2.0662550926208496,1.57596755027771,-0.017094075679779053,9.820768356323242,0.004174076020717621,-0.022755978628993034,-0.0798066109418869,4.399088382720947
148.45694953968632,-84.4378433227539,-65.95097351074219,161.46347045898438,4.836826942231746,-0.000589857946746943,-0.0007673555353649271,2.067537546157837,2.2500455379486084,-3.713709831237793,9.732989311218262,-0.02849103882908821,-0.01918173022568226,-0.1589372754096985,4.3888654708862305
148.55756734797615,-84.90452575683594,-65.7679443359375,160.44265747070312,5.105560959460531,-0.0005880905183248146,-0.0007714763353878887,2.0685384273529053,2.8616740703582764,-1.351909875869751,9.715558052062988,-0.001445653848350048,-0.01341717503964901,-0.1828358918428421,4.371048927307129
148.6598903129052,-85.39817810058594,-65.56689453125,159.4082794189453,5.2097746840185835,-0.000586124393046198,-0.000775844512311481,2.068948268890381,0.46247559785842896,-0.17672866582870483,9.715561866760254,0.009749597869813442,0.008620982989668846,-0.18945205211639404,4.352995872497559
148.76152781231212,-85.89363861083984,-65.36096954345703,158.55870056152344,5.314513251329139,-0.0005841327621669551,-0.0007802525931586178,2.068682909011841,0.9376415014266968,0.15412792563438416,9.816271781921387,0.006456957198679447,0.0061386325396597385,-0.15240013599395752,4.338168144226074
148.86381453668582,-86.39871215820312,-65.1478271484375,157.8975830078125,5.330809471524993,-0.0005821081522718424,-0.0007847576227134865,2.0683908462524414,-0.13809293508529663,0.038645341992378235,9.797697067260742,0.004088037647306919,0.010700961574912071,-0.12544746696949005,4.326629161834717
148.96622851697612,-86.94058227539062,-64.916259765625,157.38987731933594,6.108832042838047,-0.0005799651333114387,-0.0007895605604261418,2.069532871246338,7.439187049865723,-0.1066746711730957,9.761616706848145,0.0008075106889009476,-0.028859788551926613,-0.07873853296041489,4.317768096923828
149.05361628180253,-87.45288848876953,-64.68865966796875,156.78225708007812,6.54563026058618,-0.0005778727827351013,-0.0007941094705842081,2.0704991817474365,4.030824661254883,-3.624485492706299,9.589363098144531,-0.029485264793038368,-0.0029404722154140472,-0.17943879961967468,4.307162761688232
149.15493795947987,-88.05398559570312,-64.40396118164062,155.61953735351562,6.448075577948053,-0.0005751536937304811,-0.0007994718174244004,2.0696563720703125,-2.8374745845794678,-1.1582821607589722,9.668662071228027,0.0008716247975826263,0.03587845712900162,-0.2223716825246811,4.286869525909424
149.25780459700036,-88.62995910644531,-64.12086486816406,154.57815551757812,6.032838382468818,-0.0005724209263191062,-0.000804633959012382,2.0676658153533936,-4.495238304138184,-0.16830778121948242,9.850804328918457,0.009385239332914352,0.03718655928969383,-0.18407772481441498,4.268693923950195
149.3593064576562,-89.15626525878906,-63.85530471801758,153.82168579101562,5.60918764441389,-0.0005698918266138324,-0.0008093479013765408,2.066221237182617,-3.5600249767303467,0.09662795066833496,9.962187767028809,0.009012015536427498,0.02058187499642372,-0.13973839581012726,4.255491256713867
149.4614996232267,-89.66397857666016,-63.59457015991211,153.27784729003906,5.460175395270738,-0.0005674621439002565,-0.000813868357705876,2.0662076473236084,-4.453717231750488,-0.20143413543701172,9.537313461303711,0.0017348378896713257,0.00431660283356905,-0.10596741735935211,4.245999336242676
149.5622964121576,-90.12300872802734,-63.347694396972656,152.5936737060547,4.934277285920912,-0.0005651531671273154,-0.0008179714683605205,2.065519094467163,-5.670138359069824,-1.4980592727661133,9.636284828186035,-0.005505973473191261,0.012752548791468143,-0.13539573550224304,4.234058380126953
149.66623759196955,-90.54663848876953,-63.10678482055664,151.76824951171875,4.57051405394018,-0.0005628715471679939,-0.000821731350421841,2.0650157928466797,-2.0723159313201904,-0.8161581754684448,9.921671867370605,0.0011773055884987116,-0.004100877791643143,-0.13912244141101837,4.21965217590332
149.76717689374345,-90.94403076171875,-62.87202072143555,150.99539184570312,4.605604906346991,-0.0005606619188233693,-0.0008252167044592636,2.0658960342407227,0.938573956489563,-0.2828174829483032,9.87490463256836,0.006052085198462009,-0.022059213370084763,-0.12669895589351654,4.20616340637207
149.85578935986268,-91.30099487304688,-62.65707778930664,150.38912963867188,4.779539448377859,-0.0005586578093977808,-0.0008283410719717742,2.067080497741699,2.2370667457580566,-0.3252248764038086,9.788620948791504,0.004782438278198242,-0.022998355329036713,-0.11335630714893341,4.195582389831543
149.95814432410407,-91.7316665649414,-62.3949089050293,149.7930145263672,5.0440692488627015,-0.000556230869222019,-0.0008321285851004005,2.0682690143585205,2.7342872619628906,0.0020630359649658203,9.999019622802734,0.004653732292354107,-0.017505250871181488,-0.09252253919839859,4.185178279876709
150.06006234532106,-92.1825942993164,-62.11751174926758,149.27833557128906,5.276771178380121,-0.000553678595073286,-0.0008361211029221777,2.0690553188323975,2.116805076599121,-1.8118736743927002,9.701062202453613,-0.015627119690179825,-0.0023009851574897766,-0.09209131449460983,4.17619514465332
150.16283705850947,-92.63996124267578,-61.8205451965332,148.34051513671875,5.30126257031191,-0.000550904072525587,-0.0008401778646895708,2.0687904357910156,0.7996553182601929,-1.445671796798706,9.825608253479004,-0.005849449895322323,0.011437460780143738,-0.15249468386173248,4.15982723236084
150.26498590430128,-93.09525299072266,-61.51318359375,147.28672790527344,5.369146193725679,-0.0005479968797166024,-0.0008441901973461781,2.0684781074523926,0.05652797222137451,-0.6855702996253967,9.79824447631836,0.0035186028108000755,0.010408627800643444,-0.14939723908901215,4.141435146331787
150.36655523368972,-93.55752563476562,-61.192630767822266,146.3255157470703,5.855918778818933,-0.0005449910583955358,-0.0008482492217071303,2.0688207149505615,7.96230411529541,-0.833470344543457,9.995458602905273,8.128397166728973e-05,-0.02735559642314911,-0.15963919460773468,4.124658584594727
150.46988516135025,-94.08663177490234,-60.817630767822266,145.44668579101562,6.487451596609789,-0.0005415309357041921,-0.000852882327772337,2.0703442096710205,4.828125953674316,-0.05072021484375,9.585232734680176,0.005528224632143974,-0.009805568493902683,-0.1339448243379593,4.109320163726807
150.55662232657778,-94.54652404785156,-60.48323059082031,144.7093048095703,6.474154980517707,-0.0005384352619916949,-0.0008569665149166731,2.0699968338012695,-2.103736400604248,-3.1580982208251953,9.563373565673828,-0.024792255833745003,0.030172396451234818,-0.21395224332809448,4.0964508056640625
150.6579473663296,-95.05257415771484,-60.09672164916992,143.5839080810547,6.09056440306453,-0.0005347909778937449,-0.0008614697618216836,2.0680835247039795,-4.333898067474365,-1.0204157829284668,9.832036018371582,0.002065591514110565,0.03919490799307823,-0.21679072082042694,4.076808452606201
150.7596737073909,-95.52030181884766,-59.72748565673828,142.57827758789062,5.641092587623567,-0.00053130445827711,-0.000865615107556691,2.0664422512054443,-4.338253498077393,-0.17824840545654297,9.902436256408691,0.009322352707386017,0.026357488706707954,-0.18472616374492645,4.059256553649902
150.8624756030913,-95.96743774414062,-59.36595916748047,141.76780700683594,5.552891852774968,-0.0005279399130247683,-0.0008695531174414926,2.066230058670044,-0.4215366244316101,-0.09904751181602478,9.898712158203125,0.007166231516748667,-0.0048090610653162,-0.15016186237335205,4.045111179351807
150.9643097279768,-96.38386535644531,-59.0244255065918,141.1919403076172,5.027004716416559,-0.0005247794468591537,-0.0008732416249589439,2.0657877922058105,-4.514535903930664,0.13471078872680664,9.82472038269043,0.006926020607352257,0.015635117888450623,-0.11169560253620148,4.035060405731201
151.06979051345843,-96.77072143554688,-58.70116424560547,140.73963928222656,4.594981422718209,-0.0005218101698530686,-0.0008766896119200153,2.0650787353515625,-3.3186745643615723,-3.023120403289795,9.923166275024414,-0.022160673514008522,0.0032406076788902283,-0.11013190448284149,4.027166366577148
151.17079717313754,-97.11322021484375,-58.395511627197266,139.9162139892578,4.5491430752005355,-0.0005189925209002024,-0.0008796869999367851,2.0656042098999023,0.39223694801330566,-1.1551156044006348,9.906059265136719,-0.0020586196333169937,-0.018333928659558296,-0.15079355239868164,4.0127949714660645
151.25999762603897,-97.41690826416016,-58.11595153808594,139.1561279296875,4.696379590565763,-0.0005164092560756765,-0.0008823090031057239,2.0667331218719482,1.982657790184021,-0.6220147609710693,9.794869422912598,0.004595831036567688,-0.023365426808595657,-0.14519643783569336,3.9995291233062744
151.36308427361655,-97.78077697753906,-57.7751350402832,138.36875915527344,4.951709564627178,-0.0005132702159859411,-0.0008854605217412545,2.067966938018799,2.7263293266296387,-0.24753880500793457,9.753608703613281,0.006208358332514763,-0.017941422760486603,-0.12349248677492142,3.9857873916625977
151.46561595631647,-98.16123962402344,-57.41499710083008,137.7151336669922,5.263833991461189,-0.0005099670692964932,-0.0008887839289271861,2.068942070007324,2.705500602722168,0.18793153762817383,9.702713012695312,0.005640922114253044,-0.013858405873179436,-0.1015511304140091,3.974379539489746
151.56666449291515,-98.54946899414062,-57.04573440551758,137.1900177001953,5.358207576254186,-0.0005065827434910813,-0.0008922109354747679,2.0690107345581055,1.0901563167572021,0.1938234567642212,9.795294761657715,0.003491196082904935,0.0019505603704601526,-0.10342250019311905,3.965214729309082
151.67060579938698,-98.9508056640625,-56.657737731933594,136.653564453125,5.425233932957151,-0.000503037122187106,-0.0008957777428816451,2.0686566829681396,-0.16256356239318848,-2.738706588745117,9.755925178527832,-0.023661412298679352,0.003477407619357109,-0.1615307629108429,3.9558513164520264
151.77132142076152,-99.33441162109375,-56.269203186035156,135.79151916503906,5.650559846209216,-0.0004994566020909153,-0.0008991501043654953,2.0684173107147217,8.961309432983398,-2.3409738540649414,10.415170669555664,-0.009087871760129929,-0.020779551938176155,-0.17038655281066895,3.940805435180664
151.8596026173036,-99.70222473144531,-55.88459396362305,134.87684631347656,6.341353864971782,-0.0004959368634865576,-0.0009023265115305968,2.069854736328125,6.799314498901367,-1.0024738311767578,9.688704490661621,0.0004208087921142578,-0.032566316425800323,-0.18139244616031647,3.9248416423797607
151.9605607932608,-100.15286254882812,-55.403846740722656,133.9128875732422,6.633489061130044,-0.0004915170582903111,-0.0009062501916557184,2.0703816413879395,0.7590442895889282,-0.3191766142845154,9.553250312805176,0.0066849058493971825,0.0062667252495884895,-0.14147937297821045,3.90801739692688
152.06274345351267,-100.59979248046875,-54.92057418823242,133.21456909179688,6.312103245617216,-0.0004870496357832306,-0.0009102126786893021,2.0687978267669678,-3.738125801086426,0.22331571578979492,9.801229476928711,0.007574889808893204,0.03323010355234146,-0.07063619792461395,3.895829200744629
152.16412455608952,-101.00919342041016,-54.46529006958008,132.5452423095703,5.869711107898488,-0.0004828513247881225,-0.0009138665616680863,2.0669500827789307,-4.873211860656738,-1.588078498840332,9.865806579589844,-0.009412918239831924,0.025587555021047592,-0.10988053679466248,3.8841471672058105
152.26679324006545,-101.38693237304688,-54.028221130371094,131.70858764648438,5.570462322084703,-0.00047881379506579437,-0.000917187637696846,2.065981864929199,-1.2920931577682495,-0.7756863236427307,10.007251739501953,0.0015970487147569656,-0.0017238752916455269,-0.11842689663171768,3.8695449829101562
152.36822207385558,-101.74083709716797,-53.6082649230957,130.94544982910156,5.213011209290391,-0.0004749518220380968,-0.0009202719641585682,2.065917730331421,-5.273857593536377,-0.07696962356567383,9.714879035949707,0.007756095379590988,0.008288269862532616,-0.08721842616796494,3.8562259674072266
152.4705528469931,-102.06073760986328,-53.22249221801758,130.37437438964844,4.66880636199329,-0.00047140164126533747,-0.0009230838194997141,2.065121650695801,-4.403522968292236,0.019289493560791016,9.932596206665039,0.005049481987953186,0.00949957687407732,-0.07859406620264053,3.8462586402893066
152.5716699754994,-102.35227966308594,-52.86549758911133,129.98406982421875,4.520868213791193,-0.0004681540652462128,-0.0009256472009251683,2.0652921199798584,-0.35884127020835876,0.0499919056892395,9.929251670837402,0.0035477029159665108,-0.014587733894586563,-0.05944518744945526,3.839446544647217
152.65967006629216,-102.60285949707031,-52.55084991455078,129.5665283203125,4.614535337956519,-0.0004653184183898493,-0.000927839037055604,2.066303014755249,1.3721411228179932,-3.0362532138824463,9.806697845458984,-0.023731408640742302,-0.02279951609671116,-0.1307523399591446,3.8321592807769775
152.76144022887456,-102.89390563964844,-52.166263580322266,128.73287963867188,4.844316271627684,-0.00046182038011518525,-0.0009303388601697979,2.0675923824310303,2.584460735321045,-0.7637803554534912,9.779675483703613,0.00012148171663284302,-0.02015143632888794,-0.1460062563419342,3.8176097869873047
152.86315329858917,-103.19597625732422,-51.75758743286133,127.9255599975586,5.123785763057437,-0.0004580881976842808,-0.0009329290499012149,2.0686442852020264,2.973282814025879,-0.19334697723388672,9.72977066040039,0.006762230768799782,-0.013809053227305412,-0.12928886711597443,3.8035192489624023
152.96453566031414,-103.50820922851562,-51.33024215698242,127.23242950439453,5.27592123112385,-0.0004541807328125436,-0.0009356338777085189,2.0689985752105713,0.48509031534194946,0.037131547927856445,9.720913887023926,0.0067984238266944885,0.0008244095370173454,-0.13468462228775024,3.79142165184021
153.06658709442127,-103.82498931884766,-50.89362716674805,126.68721771240234,5.378497417103863,-0.00045019277445927436,-0.0009384106971304682,2.0687129497528076,1.2402782440185547,-0.07105493545532227,9.827938079833984,0.0029767812229692936,-0.0014223442412912846,-0.11060892045497894,3.7819058895111084
153.16744849758106,-104.13926696777344,-50.45542907714844,126.22637176513672,5.374378626042715,-0.00044620577599420593,-0.0009411866252276642,2.0683631896972656,-0.3079831600189209,-2.3048572540283203,9.801933288574219,-0.01851295493543148,0.0033849645406007767,-0.13289117813110352,3.773862361907959
153.268655481952,-104.46934509277344,-49.97118377685547,125.35482025146484,6.191227791244128,-0.0004418259775668916,-0.0009440427725525694,2.0696163177490234,7.327116966247559,-1.6692724227905273,9.747121810913086,-0.007969789206981659,-0.03574724867939949,-0.1735464185476303,3.758650779724121
153.3695053292613,-104.826416015625,-49.43141555786133,124.36198425292969,6.553792147298988,-0.000436907750425387,-0.0009471093410825301,2.070408821105957,1.4236950874328613,-0.3846207857131958,9.550335884094238,0.006019751075655222,0.0013931160792708397,-0.15561765432357788,3.7413225173950195
153.4720329970296,-105.18295288085938,-48.88248825073242,123.57058715820312,6.2659812688433485,-0.00043185681874087164,-0.0009502254124179806,2.0689613819122314,-3.739078998565674,-0.11316728591918945,9.756875991821289,0.007843691855669022,0.03250635415315628,-0.08237475901842117,3.7275099754333496
153.57350484022754,-105.51116943359375,-48.37074279785156,123.05396270751953,5.826294977552376,-0.00042715463500680637,-0.0009531300340967141,2.0670955181121826,-4.663405895233154,0.24955177307128906,9.87340259552002,0.005980454385280609,0.025960953906178474,-0.040908895432949066,3.7184929847717285
153.6753590630542,-105.81307983398438,-47.88636779785156,122.51628112792969,5.564422908232664,-0.00042273781232057605,-0.0009558015400708835,2.066145181655884,-1.1886249780654907,-1.65069580078125,10.003623008728027,-0.010623721405863762,-0.002253054641187191,-0.09140342473983765,3.709108591079712
153.76226817650604,-106.05691528320312,-47.48035430908203,121.89134216308594,5.286491119717521,-0.0004190381975249784,-0.0009579124713390214,2.066147804260254,-5.331894874572754,-0.2523317337036133,9.644651412963867,0.003995941951870918,0.007893409579992294,-0.0946139469742775,3.6982016563415527
153.86391901710886,-106.31290435791016,-47.04526138305664,121.26180267333984,4.71191729790536,-0.00041504969066428213,-0.0009601333098054997,2.0652835369110107,-5.650820255279541,-0.11889266967773438,9.81691837310791,0.004772370681166649,0.014360330998897552,-0.09236288070678711,3.6872141361236572
153.96551575159538,-106.54298400878906,-46.64500045776367,120.7881851196289,4.472810668664326,-0.00041140691496256135,-0.000962132482662324,2.065112352371216,-1.1250951290130615,-0.06524550914764404,9.957475662231445,0.004190721549093723,-0.00993354432284832,-0.0732937604188919,3.678947925567627
154.067254499736,-106.7694091796875,-46.245872497558594,120.39630889892578,4.560173925127115,-0.0004078155275610234,-0.0009640914773418331,2.066206216812134,1.471700668334961,-0.14333510398864746,9.843695640563965,0.0030947141349315643,-0.023713991045951843,-0.061908598989248276,3.6721086502075195
154.1701697979297,-107.00607299804688,-45.825618743896484,120.06304931640625,4.788774397463717,-0.000404047349322921,-0.0009661477635462706,2.067551851272583,2.6529541015625,0.029993295669555664,9.766707420349121,0.001577550545334816,-0.021135492250323296,-0.05240067467093468,3.6662917137145996
154.2714049985807,-107.24251556396484,-45.385643005371094,119.43077087402344,5.054282965711615,-0.00040008475944353745,-0.0009681966448988936,2.068535804748535,2.7741854190826416,-1.439680814743042,9.9858980178833,-0.012579964473843575,-0.013818426057696342,-0.14033186435699463,3.655256748199463
154.37354748716461,-107.48480224609375,-44.9156494140625,118.58332061767578,5.188333696041686,-0.000395807669053285,-0.0009702534110473715,2.069035053253174,0.33441272377967834,-0.2825045585632324,9.670570373535156,0.006426683627068996,0.007741780485957861,-0.1653897613286972,3.6404659748077393
154.47528707256424,-107.72596740722656,-44.4394416809082,117.84485626220703,5.2715720685911736,-0.0003914584499214985,-0.0009723133311141999,2.068723201751709,1.2347097396850586,0.06556439399719238,9.835589408874512,0.00575551763176918,0.007847800850868225,-0.13981129229068756,3.627577543258667
154.5631025910552,-107.93510437011719,-44.02117156982422,117.32734680175781,5.2996171641386995,-0.00038765115623948037,-0.0009741169610329202,2.068470001220703,0.048132359981536865,0.016536392271518707,9.798095703125,0.004661853425204754,0.010633302852511406,-0.11904866993427277,3.6185452938079834
154.66490924844402,-108.18415069580078,-43.51797103881836,116.85774230957031,5.847817005490239,-0.0003831085539180438,-0.0009762774636699197,2.068969964981079,8.142374038696289,-0.17391586303710938,9.946510314941406,0.0009542852640151978,-0.028875354677438736,-0.07320407778024673,3.610349178314209
154.7671927085321,-108.46138763427734,-42.94029998779297,116.2437515258789,6.480016523041455,-0.0003779297171316554,-0.0009786841090655275,2.070441961288452,4.857387542724609,-2.837812900543213,9.598280906677246,-0.022000787779688835,-0.009810337796807289,-0.15561310946941376,3.599632740020752
154.86893535332638,-108.73735809326172,-42.3337287902832,115.26768493652344,6.459582088664348,-0.000372401035379785,-0.0009810452283352611,2.0699052810668945,-2.395219564437866,-0.8239808082580566,9.619216918945312,0.001933913677930832,0.03277808427810669,-0.18775087594985962,3.5825977325439453
154.9711890697654,-108.99588012695312,-41.74855041503906,114.43690490722656,6.052920652705271,-0.0003670219590595308,-0.0009832666838725853,2.0679197311401367,-4.454440116882324,-0.015324115753173828,9.850116729736328,0.00793340802192688,0.03865504264831543,-0.15048886835575104,3.5680978298187256
155.07221408674377,-109.22936248779297,-41.208621978759766,113.85185241699219,5.620284648332657,-0.0003620794947413158,-0.000985289922497612,2.066349506378174,-3.662497043609619,0.02103424072265625,9.968844413757324,0.007234832271933556,0.022729065269231796,-0.11173445731401443,3.5578866004943848
155.1748102728452,-109.45401000976562,-40.68167495727539,113.44078063964844,5.458525687016988,-0.0003573105644961493,-0.0009872435006650527,2.0662190914154053,-4.371038436889648,-0.1730332374572754,9.557708740234375,0.0005372087471187115,0.005017373710870743,-0.08482865244150162,3.5507121086120605
155.27641794199008,-109.652587890625,-40.19525146484375,112.89679718017578,4.937175767809792,-0.00035289147921650505,-0.0009889710937259618,2.0655276775360107,-5.416116237640381,-1.1311120986938477,9.643628120422363,-0.0038136309012770653,0.012168030254542828,-0.10575415194034576,3.541217803955078
155.36422220079112,-109.802734375,-39.80936050415039,112.35945129394531,4.600001517853572,-0.00034938041388801554,-0.0009902501447459514,2.0650269985198975,-2.597348213195801,-0.6988556385040283,9.963604927062988,0.0006682390812784433,-0.00027551723178476095,-0.10652968287467957,3.53183913230896
155.46598245317,-109.96629333496094,-39.37333297729492,111.75800323486328,4.593484904704792,-0.0003454457978933101,-0.0009916192881293808,2.06573748588562,0.7689259052276611,-0.16345667839050293,9.884284973144531,0.004502009600400925,-0.020630285143852234,-0.09819218516349792,3.5213420391082764
155.568627586792,-110.13236999511719,-38.92079544067383,111.22080993652344,4.784817340488384,-0.0003413848537557501,-0.0009930102346875237,2.067086935043335,2.254159927368164,-0.20363855361938477,9.804505348205566,0.003658544272184372,-0.022939875721931458,-0.08577878028154373,3.5119662284851074
155.67091178821283,-110.30423736572266,-38.44659423828125,110.77078247070312,5.04820792071697,-0.0003371295322586231,-0.0009944691276171955,2.0682730674743652,2.735191822052002,-0.014148473739624023,9.992130279541016,0.0035411063581705093,-0.017569057643413544,-0.0698336735367775,3.5041115283966064
155.77261957639712,-110.47623443603516,-37.947940826416016,110.1181411743164,5.231870134329552,-0.0003326389695901901,-0.0009959348768911,2.068988561630249,0.764701247215271,-1.8260961771011353,9.623379707336426,-0.009420332498848438,0.002177800051867962,-0.12111837416887283,3.492720603942871
155.8752018774103,-110.64405059814453,-37.433895111083984,109.24647521972656,5.279637186579103,-0.0003279644854871914,-0.000997317732962974,2.0687148571014404,1.0489293336868286,-0.33849942684173584,9.839494705200195,0.0036583542823791504,0.009288140572607517,-0.11920188367366791,3.4775071144104004
155.97708960922319,-110.80843353271484,-36.9134521484375,108.47156524658203,5.344666691445977,-0.00032323775604099384,-0.0009986746034901296,2.0684587955474854,0.29017719626426697,-0.0661630630493164,9.813313484191895,0.004732642322778702,0.009386533871293068,-0.0966048389673233,3.463982343673706
156.067404487374,-110.95529174804688,-36.43762969970703,107.9054946899414,5.788555610412596,-0.0003189428391558449,-0.000999900723532432,2.068790912628174,8.182722091674805,-0.21195411682128906,10.054569244384766,0.0015649721026420593,-0.025426320731639862,-0.105524942278862,3.4541022777557373
156.16992446707445,-111.14067840576172,-35.825862884521484,107.34367370605469,6.465590558537986,-0.0003134670541000322,-0.0010014638328946486,2.07035756111145,5.2287068367004395,-0.11964082717895508,9.610074043273926,0.0032799243927001953,-0.012859271839261055,-0.0843941792845726,3.4442968368530273
156.27157672887552,-111.32890319824219,-35.186641693115234,106.80452728271484,6.46640962727771,-0.0003076885957271852,-0.0010030902263142964,2.0699539184570312,-2.3028135299682617,-2.4424455165863037,9.59475040435791,-0.021374402567744255,0.03170359134674072,-0.15321606397628784,3.434887170791626
156.37715029271203,-111.50322723388672,-34.54930114746094,105.98072052001953,6.046081195553604,-0.0003018624514800807,-0.0010045633118764556,2.067903995513916,-4.460575580596924,-0.8244867324829102,9.848785400390625,0.0013281889259815216,0.039461880922317505,-0.16790354251861572,3.420508623123169
156.47882586551714,-111.6522216796875,-33.97725296020508,105.25804138183594,5.60021947700722,-0.00029663860279387634,-0.0010057996478716306,2.066319704055786,-4.272568225860596,-0.3110074996948242,9.918354034423828,0.0065881311893463135,0.024005025625228882,-0.14189037680625916,3.407895565032959
156.56707674005884,-111.77236938476562,-33.49996566772461,104.73814392089844,5.5382429631319505,-0.0002923212999447819,-0.0010067938177878875,2.066175699234009,-0.30226844549179077,-0.1900922656059265,9.92954158782959,0.00482782581821084,-0.004182758741080761,-0.12362872809171677,3.3988215923309326
156.6697461681615,-111.90201568603516,-32.97392654418945,104.28752136230469,5.016075885396971,-0.0002875596545655285,-0.0010078830166354526,2.065744638442993,-4.342002868652344,0.3045053482055664,9.83885669708252,0.005839577876031399,0.014891507104039192,-0.09582097083330154,3.3909566402435303
156.77247265839833,-112.01224517822266,-32.49440002441406,103.76019287109375,4.617595688416366,-0.0002832190572868467,-0.001008813216859839,2.065124988555908,-3.074430465698242,-1.4581432342529297,9.92619800567627,-0.010169153101742268,0.002369306981563568,-0.11638467758893967,3.3817532062530518
156.87398163528997,-112.10625457763672,-32.039608001708984,103.0579833984375,4.582146185099497,-0.0002791250141475085,-0.0010095508909376356,2.0656802654266357,0.5376900434494019,-0.5634809732437134,9.887048721313477,0.0028723757714033127,-0.01871059089899063,-0.11957728862762451,3.369497537612915
156.97595815753448,-112.19790649414062,-31.571640014648438,102.3969497680664,4.76071467931422,-0.00027493463937142533,-0.0010102562716339976,2.0669760704040527,2.143364667892456,-0.36652135848999023,9.810709953308105,0.0046249572187662125,-0.02281898260116577,-0.10734397917985916,3.3579599857330322
157.07757593339193,-112.2908935546875,-31.08213996887207,101.83235931396484,5.018341812761461,-0.00027055072713795054,-0.0010109885977632618,2.0681264400482178,2.7267584800720215,-0.007996320724487305,9.810151100158691,0.0044190045446157455,-0.016696535050868988,-0.088747039437294,3.3481063842773438
157.17948158478248,-112.38760375976562,-30.564151763916016,101.36273956298828,5.26511467561487,-0.00026590234856578864,-0.0010117735806163704,2.0690057277679443,2.7080161571502686,0.0655975341796875,9.740438461303711,0.0035315128043293953,-0.00490671256557107,-0.08505471795797348,3.339909553527832
157.26697968991357,-112.47203826904297,-30.107994079589844,101.0376205444336,5.287723646572274,-0.0002617885077324312,-0.0010124784813686561,2.068905830383301,0.6802005767822266,-0.010481059551239014,9.783679008483887,0.001813666895031929,0.010518781840801239,-0.08413469046354294,3.334235191345215
157.36985174307483,-112.56404113769531,-29.56344985961914,100.42150115966797,5.369423115038226,-0.00025687238891721034,-0.0010132374101135943,2.0685982704162598,0.038965463638305664,-1.486362338066101,9.766657829284668,-0.0086496127769351,0.01015922799706459,-0.1589670032262802,3.323481798171997
157.47194956449675,-112.6478271484375,-29.013824462890625,99.62359619140625,5.650730985062485,-0.0002519090813126827,-0.001013872650408217,2.068492889404297,8.90160083770752,-0.9603681564331055,10.303881645202637,-0.0032224953174591064,-0.01691543497145176,-0.14055857062339783,3.309556245803833
157.5799112098466,-112.73950958251953,-28.356910705566406,98.73688507080078,6.410138719003202,-0.00024603862794094937,-0.0010145510856715688,2.0701816082000732,5.852298259735107,-0.467529296875,9.634389877319336,0.003557102754712105,-0.0158272422850132,-0.13813818991184235,3.294079542160034
157.6822410907771,-112.82762145996094,-27.691608428955078,98.02725982666016,6.503243096652572,-0.00024003819542304969,-0.0010152235559154215,2.0700697898864746,-1.6792036294937134,0.10740995407104492,9.576767921447754,0.005695872008800507,0.027131736278533936,-0.12571753561496735,3.2816946506500244
157.7723692545842,-112.89952850341797,-27.12422752380371,97.578857421875,6.173146474163025,-0.00023487507680615034,-0.001015802848440952,2.068427324295044,-4.081372261047363,-1.2827129364013672,9.78603458404541,-0.010814785957336426,0.04074715077877045,-0.12873008847236633,3.2738687992095947
157.87460430173087,-112.96344757080078,-26.52008819580078,96.81005859375,5.718749584861069,-0.0002293754488133408,-0.0010162860835834853,2.0666544437408447,-4.815803527832031,-1.2230949401855469,9.871927261352539,-0.0020222552120685577,0.029306821525096893,-0.17054857313632965,3.2604501247406006
157.97759398745256,-113.01518249511719,-25.944644927978516,95.97969055175781,5.5433976704517764,-0.00022417160351160138,-0.0010166208103095358,2.06612491607666,-0.5519359707832336,-0.6915378570556641,9.95001220703125,0.003710881108418107,-0.0006347503513097763,-0.17086870968341827,3.245957612991333
158.0792691486131,-113.05867004394531,-25.397245407104492,95.27152252197266,5.1279136422103635,-0.00021923433287440952,-0.0010168884819888211,2.065962553024292,-4.913163661956787,0.1942434310913086,9.763772964477539,0.008881643414497375,0.016847677528858185,-0.13257601857185364,3.2335972785949707
158.17217909844476,-113.0916748046875,-24.942453384399414,94.81055450439453,4.705421310028885,-0.00021512018350560967,-0.001017104388269061,2.0652291774749756,-4.553887844085693,0.048677921295166016,9.8603515625,0.0050521548837423325,0.009980662725865841,-0.07163107395172119,3.225553512573242
158.2751689844008,-113.12306213378906,-24.470678329467773,94.45581817626953,4.553323098469733,-0.00021088076872731478,-0.0010173233799042115,2.065364360809326,-0.3821544945240021,-0.019669562578201294,9.916027069091797,0.002778087742626667,-0.013979541137814522,-0.05286947265267372,3.2193610668182373
158.37726791782188,-113.15290832519531,-24.00006866455078,94.18421173095703,4.684225058237733,-0.00020668580020063808,-0.0010175419601587148,2.0665626525878906,1.8507716655731201,0.059882521629333496,9.80672836303711,0.0017810426652431488,-0.023573553189635277,-0.04202659800648689,3.214620590209961
158.47986037490773,-113.18333435058594,-23.506601333618164,93.9626693725586,4.926764226767288,-0.0002022886380819513,-0.0010177753501167965,2.0678255558013916,2.648932456970215,0.134965181350708,9.787320137023926,0.0012068022042512894,-0.019117331132292747,-0.033804625272750854,3.210754871368408
158.58225992994267,-113.21485137939453,-22.9873046875,93.78388977050781,5.168320273623407,-0.00019764790433368976,-0.001018027046514024,2.0688278675079346,3.059659481048584,-0.08247590065002441,9.75549602508545,0.0008317846804857254,-0.006626784335821867,-0.031467143446207047,3.2076339721679688
158.6709863890137,-113.24276733398438,-22.524179458618164,93.65690612792969,5.205199288971767,-0.00019348466354004318,-0.0010182568026096783,2.0688676834106445,0.2829996943473816,0.06237894296646118,9.751363754272461,0.0004239417612552643,0.010087023489177227,-0.04807477071881294,3.205418348312378
158.7728454975586,-113.27491760253906,-21.98625946044922,93.54865264892578,5.317886240641526,-0.00018864213043956663,-0.001018528519532124,2.0686264038085938,0.9077253341674805,0.1846279501914978,9.801796913146973,0.00020982278510928154,0.006172611843794584,-0.042216088622808456,3.2035279273986816
158.87550607437151,-113.30480194091797,-21.438579559326172,93.38458251953125,5.381174285873124,-0.00018370989921540697,-0.001018783575538038,2.0683093070983887,1.9601109027862549,-0.5629947185516357,9.979621887207031,-0.009800909087061882,0.0013772901147603989,-0.04731114208698273,3.200665235519409
158.97757623923826,-113.33126831054688,-20.835296630859375,92.97321319580078,6.229067556734012,-0.0001783373878450704,-0.001018965131533546,2.0698702335357666,7.055140972137451,-0.8175621032714844,9.696821212768555,-0.002555401995778084,-0.0253083948045969,-0.07813670486211777,3.19348406791687
159.08092649580794,-113.35697174072266,-20.162628173828125,92.53404998779297,6.587630309554721,-0.0001723101984437745,-0.0010191239244661092,2.070505142211914,1.4851514101028442,-0.11433625221252441,9.56374740600586,0.003125447779893875,0.011967143975198269,-0.07058865576982498,3.185818910598755
159.18193063812214,-113.37979888916016,-19.507877349853516,92.20580291748047,6.319579813693918,-0.00016637450695653096,-0.0010192728442629648,2.0690224170684814,-3.623028039932251,0.17344117164611816,9.789817810058594,0.0037158839404582977,0.0390896275639534,-0.06747570633888245,3.1800904273986816
159.28464798183995,-113.40013122558594,-18.88199234008789,92.00616455078125,5.879093425287653,-0.0001606854724537758,-0.001019420529917878,2.0671069622039795,-4.727367401123047,0.20145845413208008,9.863247871398926,0.0029276255518198013,0.032258570194244385,-0.051580674946308136,3.1766064167022705
159.37208042872953,-113.4156494140625,-18.38478660583496,91.91405487060547,5.535805250670339,-0.00015618243123897922,-0.001019543258479779,2.066056489944458,-2.8778533935546875,0.1332707405090332,9.969317436218262,0.0023235976696014404,0.01594231091439724,-0.04723082855343819,3.1749980449676514
159.47387974263984,-113.43280029296875,-17.83013153076172,91.85430145263672,5.223756967617147,-0.00015119209249728807,-0.0010196855961862252,2.0658891201019287,-6.025846004486084,-0.006537437438964844,9.5902738571167,0.0016515403985977173,0.013496996834874153,-0.034852009266614914,3.1739554405212402
159.5780833812605,-113.44881439208984,-17.314373016357422,91.82041931152344,4.669073903079575,-0.00014653440643787378,-0.0010198236143958155,2.065096616744995,-6.248868465423584,-0.16283845901489258,9.80361270904541,0.0003186045214533806,0.014402220025658607,-0.003914936911314726,3.1733624935150146
159.68222893888014,-113.4622802734375,-16.850372314453125,91.76627349853516,4.356216399948712,-0.00014235825857618264,-0.0010199407893189058,2.064835548400879,-1.644788146018982,-0.47335708141326904,9.928065299987793,-0.004873957484960556,-0.00911654345691204,-0.019999967887997627,3.172417640686035
159.77242857331294,-113.47181701660156,-16.456283569335938,91.65738677978516,4.395871839943723,-0.00013884602766933506,-0.0010200109297204567,2.0657689571380615,1.0097482204437256,-0.27397334575653076,9.893308639526367,0.00015760771930217743,-0.023704921826720238,-0.02110612578690052,3.170520067214966
159.876406157593,-113.48239135742188,-15.987465858459473,91.53816223144531,4.604017396256532,-0.00013467834739279823,-0.0010200844297306678,2.067220449447632,2.45386004447937,0.01104426383972168,9.772490501403809,0.0011259131133556366,-0.023368505761027336,-0.018635088577866554,3.168440341949463
159.9775189619686,-113.49279022216797,-15.506875991821289,91.43974304199219,4.872600020725383,-0.0001303942378204218,-0.0010201597809538277,2.0683276653289795,2.8959083557128906,0.1256732940673828,9.772163391113281,0.0007862262427806854,-0.015692371875047684,-0.01564396359026432,3.166719913482666
160.08146034387755,-113.50384521484375,-14.9833345413208,91.35784912109375,5.183453849869976,-0.0001257113461254525,-0.0010202443882417187,2.0691192150115967,3.3067967891693115,0.08112168312072754,9.75755786895752,0.0006031254306435585,-0.010159985162317753,-0.012534682638943195,3.1652913093566895
160.1808912299748,-113.51483154296875,-14.460694313049316,91.2875747680664,5.288770495254995,-0.00012101397897368004,-0.001020331189559777,2.069169521331787,-0.566251814365387,0.012684345245361328,9.682034492492676,0.00011733965948224068,0.00637056864798069,-0.043939441442489624,3.164064884185791
160.27897889280575,-113.5253677368164,-13.9517822265625,91.2413558959961,5.1724199486780735,-0.00011641372336781577,-0.0010204186765122708,2.068342685699463,-1.5269842147827148,-0.04698526859283447,9.80396556854248,0.0001978473737835884,0.011400843970477581,-0.04453055188059807,3.163257122039795
160.37516019048053,-113.53517150878906,-13.466444969177246,91.23292541503906,5.030846796457154,-0.00011202847414728344,-0.0010205055463937962,2.0675745010375977,0.8158680200576782,-0.4977979063987732,10.13591480255127,0.0002672085538506508,0.005579357501119375,0.005004670470952988,3.163113594055176
160.48381260895985,-113.5462875366211,-12.926671028137207,91.20259857177734,4.9443705287915805,-0.00010717061711741841,-0.0010206006438884146,2.067167282104492,-0.640840470790863,-0.046691298484802246,9.724527359008789,-7.071415893733501e-05,0.0009000821737572551,-0.002749551320448518,3.162583589553833
160.5822189647879,-113.5561294555664,-12.441436767578125,91.18952941894531,4.931186000646973,-0.00010281201336473829,-0.0010206870338258553,2.0672035217285156,0.06132395192980766,-0.001385517418384552,9.861915588378906,1.7096754163503647e-06,-0.0029679250437766314,-0.0019668752793222666,3.1623523235321045
160.67816469000536,-113.56582641601562,-11.966423034667969,91.18199157714844,4.969960146838077,-9.855038403108135e-05,-0.001020772806692322,2.067476987838745,0.48311325907707214,0.010069876909255981,9.863858222961426,-3.056228160858154e-05,-0.004641175735741854,-0.0011550852796062827,3.1622226238250732
160.7808326475497,-113.5758056640625,-11.454320907592773,91.15886688232422,4.991213361605395,-9.395422509090922e-05,-0.0010208609107158304,2.06767201423645,-0.015384584665298462,-0.3208670914173126,9.73684024810791,-0.0027343113906681538,-0.0011870861053466797,-0.009780840948224068,3.161823034286499
160.88006761690485,-113.5842056274414,-10.962639808654785,91.09403228759766,4.909036814334586,-8.953135168129244e-05,-0.0010209280343259376,2.0675745010375977,-1.1424643993377686,-0.060303568840026855,9.814854621887207,0.0002268124371767044,0.00519786961376667,-0.01117334421724081,3.1606860160827637
160.97729241123307,-113.59180450439453,-10.493985176086426,91.03823852539062,4.748212237772898,-8.530723512112899e-05,-0.0010209867246326252,2.0672199726104736,-1.7094159126281738,-0.21071124076843262,9.826107025146484,0.0007424689829349518,0.007402980234473944,-0.008914888836443424,3.159712076187134
161.07716449836153,-113.59908294677734,-10.033198356628418,90.99479675292969,4.458648163286155,-8.114980507925269e-05,-0.0010210443179242395,2.0667052268981934,-4.022398471832275,-0.011265754699707031,9.731274604797363,0.0006802082061767578,0.013369760476052761,-0.006442386191338301,3.1589527130126953
161.17783095428604,-113.60556030273438,-9.615598678588867,90.96449279785156,3.8689602628768767,-7.736273761304212e-05,-0.0010210973860286616,2.065656900405884,-6.5402374267578125,-0.0908050537109375,9.773974418640137,0.00046088360249996185,0.021972069516777992,-0.0042737992480397224,3.1584227085113525
161.2758848212834,-113.61087799072266,-9.270930290222168,90.94537353515625,3.238635638802396,-7.423165088320057e-05,-0.0010211421579565572,2.0646231174468994,-6.473779678344727,0.06594610214233398,9.836551666259766,0.00025901664048433304,0.015077436342835426,-0.0027324152179062366,3.1580936908721924
161.37340349631268,-113.61524200439453,-8.986868858337402,90.93247985839844,2.653805672383979,-7.166188877210549e-05,-0.0010211792507789058,2.0640945434570312,-6.04054594039917,0.05744600296020508,9.81576919555664,0.0001516612246632576,0.005414300598204136,-0.004090112168341875,3.157864570617676
161.48809357287246,-113.61939239501953,-8.720417022705078,90.9190444946289,2.042332578635196,-6.926602069211736e-05,-0.0010212143552614267,2.0640387535095215,-5.397974967956543,-0.07422399520874023,9.770761489868164,0.0005841419333592057,-0.0019117525080218911,-0.018793921917676926,3.157628297805786
161.58600640969235,-113.62184143066406,-8.551138877868652,90.9429931640625,1.2711294004073217,-6.774221103761924e-05,-0.0010212402722426695,2.0639607906341553,-14.496407508850098,0.5178632736206055,9.055139541625977,0.0003837626427412033,0.02477649413049221,0.013930149376392365,3.1580467224121094
161.68325811551767,-113.6217041015625,-8.526281356811523,90.99506378173828,0.0004260765506773234,-6.743994053081233e-05,-0.001021248911236421,2.0614688396453857,-2.432642698287964,-0.039678335189819336,10.529364585876465,0.00027117657009512186,-0.0008538535330444574,2.340296305192169e-06,3.1589596271514893
161.78085225561517,-113.62173461914062,-8.525355339050293,90.99500274658203,0.007356795669212021,-6.748698362281559e-05,-0.0010212480884751116,2.0632126331329346,-0.25538137555122375,-0.1167963445186615,9.833279609680176,-4.6428292989730835e-05,-0.04262597858905792,-1.515097392257303e-05,3.1589596271514893
161.8773963052954,-113.62176513671875,-8.52424144744873,90.99494171142578,0.005745373152943367,-6.754389556532744e-05,-0.0010212472657138026,2.065314531326294,0.22491909563541412,-0.08454474806785583,9.731039047241211,-5.980953574180603e-05,-0.032711211591959,-6.698770448565483e-06,3.158956289291382
161.9791138295259,-113.62178802490234,-8.523515701293945,90.99494171142578,0.0030565263911853076,-6.75812926380103e-05,-0.0010212468543331482,2.0666582584381104,0.2162369340658188,-0.08402703702449799,9.73477554321289,-3.325939178466797e-05,-0.017247039824724197,-1.6486592357978225e-06,3.158956289291382
162.0777083162393,-113.62179565429688,-8.523179054260254,90.99492645263672,0.0013495942115971447,-6.75986477593997e-05,-0.0010212465800793786,2.0672976970672607,0.12505000829696655,0.07775144279003143,9.773208618164062,-1.569138839840889e-05,-0.007561934180557728,5.775925728812581e-07,3.1589527130126953
162.17625120581943,-113.62179565429688,-8.523041725158691,90.99493408203125,0.0005525397627364046,-6.760567551225864e-05,-0.001021246511515936,2.0675554275512695,0.06746237725019455,-0.04119899496436119,9.801888465881348,-7.655005902051926e-06,-0.0027916529215872288,2.1218212964413397e-07,3.158956289291382
162.28894374260562,-113.62179565429688,-8.52299690246582,90.99493408203125,0.0,-6.76080495214561e-05,-0.0010212464429524937,2.0676441192626953,0.0996675118803978,-0.0017312020063400269,9.768754005432129,0.0,0.0,0.0,3.158956289291382
162.37966891398537,-113.62179565429688,-8.522991180419922,90.99493408203125,0.00022795346440968384,-6.760823807092306e-05,-0.0010212464429524937,2.0676608085632324,0.025503169745206833,0.0395650789141655,9.78437614440918,-2.1561136236414313e-06,-0.00010830871178768575,4.148949628302034e-09,3.158956289291382
162.4803481634881,-113.62179565429688,-8.52298641204834,90.99493408203125,4.3645926893703405e-05,-6.760838376823843e-05,-0.0010212464429524937,2.0676815509796143,-0.012581774964928627,0.00021705031394958496,9.816875457763672,-9.854702511802316e-07,-7.093326712492853e-05,3.5433787015648477e-09,3.158956289291382
162.58801770044374,-113.62179565429688,-8.522984504699707,90.99493408203125,0.00011768024878725077,-6.760845233168095e-05,-0.0010212464429524937,2.067662477493286,0.010656453669071198,0.03982032835483551,9.815625190734863,1.9723302102647722e-07,-3.2640637073200196e-05,1.9119730243488675e-09,3.158956289291382
162.69005022963393,-113.62179565429688,-8.52298355102539,90.99493408203125,9.734897594503204e-05,-6.760847804297191e-05,-0.0010212464429524937,2.067678213119507,0.0053995028138160706,-0.12011212855577469,9.815625190734863,-2.790156941046007e-07,-1.2706980669463519e-05,9.012217083714802e-10,3.158956289291382
162.77775689327973,-113.62179565429688,-8.52298355102539,90.99493408203125,4.1371319113777314e-05,-6.760847804297191e-05,-0.0010212464429524937,2.0676729679107666,-0.0025152761954814196,4.341010935604572e-05,9.796250343322754,-1.7317688616458327e-07,-3.8457283153547905e-06,9.976676429435116e-11,3.158956289291382
162.8800575651403,-113.62179565429688,-8.52298355102539,90.99493408203125,3.5741552281448746e-06,-6.760847804297191e-05,-0.0010212464429524937,2.0676727294921875,-0.0025153090246021748,4.341010935604572e-05,9.816875457763672,1.345890723314369e-07,-2.6350837742938893e-06,1.7646907546353674e-10,3.158956289291382
162.98407349569607,-113.62179565429688,-8.522982597351074,90.99493408203125,5.871856005931059e-05,-6.760847375775675e-05,-0.0010212464429524937,2.0676677227020264,0.001789432018995285,-0.0400373749434948,9.783125877380371,-3.3770174923120067e-07,-1.7270738226216054e-06,-3.067902529241273e-11,3.158956289291382
163.08775379342842,-113.62179565429688,-8.522982597351074,90.99493408203125,8.193569196407934e-06,-6.760847375775675e-05,-0.0010212464429524937,2.067668914794922,-0.0018207579851150513,0.0400373749434948,9.82187557220459,-2.9720968086621724e-07,-8.323848987856763e-07,-2.9159102216125277e-11,3.158956289291382
163.1909324975859,-113.62179565429688,-8.522982597351074,90.99493408203125,2.874854141172354e-05,-6.760847375775675e-05,-0.0010212464429524937,2.06766676902771,-0.0007102228701114655,-0.03999396413564682,9.801250457763672,1.1626241303019924e-08,-2.3589279862790136e-07,-4.053496427403047e-11,3.158956289291382
163.2925694102596,-113.62179565429688,-8.522982597351074,90.99493408203125,0.00013963699442413004,-6.760847375775675e-05,-0.0010212464429524937,2.0676732063293457,0.0017893798649311066,-0.0400373712182045,9.816250801086426,5.6248886437515466e-08,1.2426629325545946e-07,1.928570324272183e-11,3.158956289291382
163.380839038844,-113.62179565429688,-8.522982597351074,90.99493408203125,8.763313482706354e-05,-6.760847375775675e-05,-0.0010212464429524937,2.067671060562134,-0.0007102787494659424,-0.03999396413564682,9.834375381469727,3.2901017021913503e-08,8.833562503696157e-08,2.1965183144567746e-11,3.158956289291382
163.48336445653695,-113.62179565429688,-8.522982597351074,90.99493408203125,0.0002258729950546625,-6.760847375775675e-05,-0.0010212464429524937,2.067673444747925,0.0031784623861312866,0.03995055332779884,9.838125228881836,7.953967440244014e-08,4.299810996144515e-08,-5.9373755911806825e-12,3.158956289291382
163.58938082886743,-113.62179565429688,-8.522982597351074,90.99493408203125,0.0002261972404462697,-6.760847375775675e-05,-0.0010212464429524937,2.0676584243774414,-0.004736393690109253,0.1601060926914215,9.86875057220459,2.4388805641706313e-08,1.1940043620484175e-08,8.659130270455284e-13,3.158956289291382
163.69230981377768,-113.62179565429688,-8.522982597351074,90.99493408203125,8.487227586908526e-05,-6.760847375775675e-05,-0.0010212464429524937,2.0676684379577637,0.00428897887468338,-0.04008078575134277,9.829375267028809,-3.872795559800579e-07,-2.1345269374251075e-07,-2.952155186974892e-11,3.158956289291382
163.78006065750378,-113.62179565429688,-8.522982597351074,90.99493408203125,0.0003185510579333963,-6.760847375775675e-05,-0.0010212464429524937,2.0676727294921875,0.002484034514054656,-4.341010935604572e-05,9.75562572479248,5.989643625525787e-08,4.5480504695660784e-08,-1.3223620332417085e-12,3.158956289291382
163.88147421667236,-113.62179565429688,-8.522982597351074,90.99493408203125,0.00025404931758811646,-6.760847375775675e-05,-0.0010212464429524937,2.0676794052124023,-0.0018207840621471405,0.0400373712182045,9.83750057220459,-7.043271352813463e-07,-2.0561299152177526e-07,2.2139793470765667e-11,3.158956289291382
163.98390641456353,-113.62179565429688,-8.522982597351074,90.99493408203125,0.0003647518243756989,-6.760847375775675e-05,-0.0010212464429524937,2.0676677227020264,-0.006819956004619598,0.04012419655919075,9.791250228881836,1.7413185560144484e-08,-4.118272158848413e-07,1.2728425084762574e-11,3.158956289291382
164.08752834724146,-113.62179565429688,-8.522982597351074,90.99493408203125,0.0003536891906177076,-6.760847375775675e-05,-0.0010212464429524937,2.0676591396331787,0.004289053380489349,-0.04008078575134277,9.785000801086426,4.819565901925671e-08,-1.8903428156136215e-07,-1.771568169939286e-10,3.158956289291382
164.19164674842614,-113.62179565429688,-8.522982597351074,90.99493408203125,0.0001611852645488394,-6.760847375775675e-05,-0.0010212464429524937,2.0676636695861816,0.00067891925573349,0.03999396786093712,9.787500381469727,6.5706679208688e-08,-6.11316153253938e-08,-1.6431758731449975e-10,3.158956289291382
164.2934189394291,-113.62179565429688,-8.522982597351074,90.99493408203125,0.00011477472684816924,-6.760847375775675e-05,-0.0010212464429524937,2.067674398422241,-1.5693341993028298e-05,0.0,9.821249961853027,-3.5559645539251505e-07,-2.3120426817513362e-07,-3.252979136059153e-11,3.158956289291382
164.3805422198202,-113.62179565429688,-8.522982597351074,90.99493408203125,2.570152561747485e-05,-6.760847375775675e-05,-0.0010212464429524937,2.067678213119507,-0.00362580269575119,0.080074742436409,9.811875343322754,3.087155420189447e-08,1.395597237774382e-08,2.971939361273712e-11,3.158956289291382
164.48358232641476,-113.62179565429688,-8.522982597351074,90.99493408203125,0.00020405292200275483,-6.760847375775675e-05,-0.0010212464429524937,2.067674398422241,0.0024839674588292837,-4.341010935604572e-05,9.797500610351562,4.441771395136129e-08,4.2812455802732075e-08,-8.63052337929382e-12,3.158956289291382
164.58640474939602,-113.62179565429688,-8.522982597351074,90.99493408203125,0.00018239976227473118,-6.760847375775675e-05,-0.0010212464429524937,2.0676705837249756,-0.0025153050664812326,4.340987652540207e-05,9.814375877380371,1.2107722113796626e-07,-4.496171470691479e-07,-1.81926571030111e-10,3.158956289291382
164.69004079254228,-113.62179565429688,-8.522982597351074,90.99493408203125,0.000230150257259265,-6.760847375775675e-05,-0.0010212464429524937,2.0676705837249756,-0.0018207021057605743,0.0400373749434948,9.785625457763672,-7.067570777508081e-07,2.7170904104423244e-07,2.1796635329973668e-10,3.158956289291382
164.7927038904454,-113.62179565429688,-8.522982597351074,90.99493408203125,5.191809100610644e-05,-6.760847375775675e-05,-0.0010212464429524937,2.0676729679107666,0.0024839474353939295,-4.341010935604572e-05,9.8100004196167,-4.0257648947772395e-07,-2.3615564259671373e-07,-2.7999682433721418e-11,3.158956289291382
164.8949705029081,-113.62179565429688,-8.522982597351074,90.99493408203125,0.00015625477188069807,-6.760847375775675e-05,-0.0010212464429524937,2.067673683166504,-0.004320390522480011,0.040080782026052475,9.828125,4.2137276778930755e-08,4.118389895779728e-08,-1.9185147914768663e-10,3.158956289291382
164.98173838781076,-113.62179565429688,-8.522982597351074,90.99493408203125,7.471084488322588e-05,-6.760847375775675e-05,-0.0010212464429524937,2.067676544189453,0.0006788633763790131,0.03999396413564682,9.822500228881836,9.51261398540737e-08,7.42847916512801e-08,-1.486716132148569e-12,3.158956289291382
165.08518848588574,-113.62179565429688,-8.522982597351074,90.99493408203125,9.897234660641118e-05,-6.760847375775675e-05,-0.0010212464429524937,2.0676698684692383,-0.0018207468092441559,0.0400373712182045,9.815625190734863,1.2977022834093077e-07,-4.0735051243245834e-07,-1.8131744716765041e-10,3.158956289291382
165.18708975912887,-113.62179565429688,-8.522982597351074,90.99493408203125,3.01886759152797e-05,-6.760847375775675e-05,-0.0010212464429524937,2.067673444747925,0.0006788820028305054,0.03999396786093712,9.810625076293945,-4.286620765014959e-07,-2.385105801749887e-07,-2.7695715512643382e-11,3.158956289291382
165.2909124281432,-113.62179565429688,-8.522982597351074,90.99493408203125,0.00020092965791353577,-6.760847375775675e-05,-0.0010212464429524937,2.067666530609131,-0.0036257952451705933,0.0800747498869896,9.807500839233398,-3.757098738788045e-07,-2.031994768003642e-07,-2.961173320437105e-11,3.158956289291382
165.39228589946288,-113.62179565429688,-8.522982597351074,90.99493408203125,9.231090684582928e-05,-6.760847375775675e-05,-0.0010212464429524937,2.0676751136779785,0.003594435751438141,-0.080074742436409,9.820625305175781,8.479084101509216e-08,6.024083631928079e-08,2.074761369652567e-11,3.158956289291382
165.4946403449576,-113.62179565429688,-8.522982597351074,90.99493408203125,0.00023839472936057856,-6.760847375775675e-05,-0.0010212464429524937,2.0676770210266113,0.0013734251260757446,0.07998792827129364,9.818750381469727,1.1356014795183e-07,6.608271974073432e-08,-1.362685463600355e-12,3.158956289291382
165.58456544505316,-113.62179565429688,-8.522982597351074,90.99493408203125,1.536430269525625e-05,-6.760847375775675e-05,-0.0010212464429524937,2.0676679611206055,0.0017893649637699127,-0.0400373712182045,9.823125839233398,7.636776899744291e-07,2.354144044147688e-07,-2.015768454932676e-11,3.158956289291382
165.68676878904807,-113.62179565429688,-8.522982597351074,90.99493408203125,0.0002717447666537517,-6.760847375775675e-05,-0.0010212464429524937,2.0676839351654053,0.0010947808623313904,-0.08003134280443192,9.836250305175781,-7.267723844961438e-07,1.870016035354638e-07,2.0102196296445385e-10,3.158956289291382
165.7882284980442,-113.62179565429688,-8.522982597351074,90.99493408203125,0.0002378559024096916,-6.760847375775675e-05,-0.0010212464429524937,2.067686080932617,-0.0025153469759970903,4.340987652540207e-05,9.840625762939453,-1.514412986125535e-07,-1.5724998547739233e-07,-6.192673457361408e-11,3.158956289291382
165.89260448070127,-113.62179565429688,-8.522982597351074,90.99493408203125,9.739400835813978e-05,-6.760847375775675e-05,-0.0010212464429524937,2.0676724910736084,-0.0007102563977241516,-0.03999396413564682,9.82187557220459,-2.7960169290963677e-07,-1.9044657051381364e-07,-1.9002669229828406e-11,3.158956289291382
165.99500343410182,-113.62179565429688,-8.522982597351074,90.99493408203125,6.370544305240785e-06,-6.760847375775675e-05,-0.0010212464429524937,2.067673683166504,0.0006788857281208038,0.03999396786093712,9.8100004196167,3.2532183613653842e-09,2.172319213400442e-09,3.514612103953929e-13,3.158956289291382
166.08620882799732,-113.62179565429688,-8.522982597351074,90.99493408203125,9.570121640129665e-05,-6.760847375775675e-05,-0.0010212464429524937,2.0676584243774414,-0.0029312744736671448,0.12006871402263641,9.834375381469727,-4.4039715874077956e-08,4.965119870803392e-09,-2.8157630307251713e-13,3.158956289291382
166.1976315464999,-113.62179565429688,-8.522982597351074,90.99493408203125,0.00014828681177986777,-6.760847375775675e-05,-0.0010212464429524937,2.0676398277282715,-0.0018207058310508728,0.0400373712182045,9.788750648498535,4.357662675147367e-09,6.241003802642808e-08,2.3299299989343325e-11,3.158956289291382
166.29557902665692,-113.62179565429688,-8.522982597351074,90.99493408203125,0.00023936748043580018,-6.760847375775675e-05,-0.0010212464429524937,2.067636728286743,0.001094825565814972,-0.08003134280443192,9.813125610351562,3.159735584290502e-08,1.5947819065331714e-08,1.6323546681018541e-10,3.158956289291382
166.39075105192023,-113.62179565429688,-8.522982597351074,90.99493408203125,5.948066780491087e-05,-6.760847375775675e-05,-0.0010212464429524937,2.0676512718200684,-0.0018207170069217682,0.0400373712182045,9.795000076293945,8.274916751815908e-08,4.3908571001338714e-08,-1.0248890494959917e-12,3.158956289291382
166.48736053725588,-113.62179565429688,-8.522982597351074,90.99493408203125,5.64098765768716e-06,-6.760847375775675e-05,-0.0010212464429524937,2.067643880844116,-0.0018206723034381866,0.0400373749434948,9.767500877380371,2.7855682205313315e-08,3.1481558693258194e-08,-3.6484227097788313e-13,3.158956289291382
166.59434426037478,-113.62179565429688,-8.522982597351074,90.99493408203125,0.00023137568538150383,-6.760847375775675e-05,-0.0010212464429524937,2.0676681995391846,0.0024839364923536777,-4.341010935604572e-05,9.816875457763672,7.952731806426527e-08,4.4273797072946763e-08,3.127406238709676e-14,3.158956289291382
166.6971892148431,-113.62179565429688,-8.522982597351074,90.99493408203125,1.2130746467792874e-05,-6.760847375775675e-05,-0.0010212464429524937,2.067683458328247,0.004983569961041212,-8.682021871209145e-05,9.8100004196167,3.5599363457095023e-08,7.970282211999802e-08,-1.339387043115814e-12,3.158956289291382
166.78613609002787,-113.62179565429688,-8.522982597351074,90.99493408203125,0.0002480221595184857,-6.760847375775675e-05,-0.0010212464429524937,2.067683219909668,-1.5705325495218858e-05,9.094947017729282e-13,9.828750610351562,-1.1031793292204384e-06,6.739219315932132e-08,3.4899713674541033e-10,3.158956289291382
166.8884504523303,-113.62179565429688,-8.522982597351074,90.99493408203125,0.0002024888964909657,-6.760847375775675e-05,-0.0010212464429524937,2.067674160003662,-1.571830944158137e-05,0.0,9.836874961853027,3.6471082154321266e-08,3.589427421957225e-08,-2.2597220861002298e-13,3.158956289291382
166.99036983514088,-113.62179565429688,-8.522982597351074,90.99493408203125,0.00011170863647391651,-6.760847375775675e-05,-0.0010212464429524937,2.0676729679107666,-1.569234336784575e-05,0.0,9.820625305175781,6.969708721271672e-08,2.0869045158633526e-08,1.1885582795745364e-11,3.158956289291382
167.09803483934957,-113.62179565429688,-8.522982597351074,90.99493408203125,0.0005031776384795066,-6.760847375775675e-05,-0.0010212464429524937,2.0676465034484863,0.0035944730043411255,-0.080074742436409,9.7943754196167,9.644596588032073e-08,6.203213587241407e-08,-9.300028195463605e-13,3.158956289291382
167.19055764211225,-113.62179565429688,-8.522982597351074,90.99493408203125,2.9183135867081615e-06,-6.760847375775675e-05,-0.0010212464429524937,2.0676519870758057,-1.56763635459356e-05,0.0,9.810625076293945,1.2078255906544655e-07,5.508445610757917e-08,4.1228617199927375e-13,3.158956289291382
167.28964937871206,-113.62179565429688,-8.522982597351074,90.99493408203125,0.0010609340388491961,-6.760847375775675e-05,-0.0010212464429524937,2.067664384841919,0.0024837658274918795,-4.341010935604572e-05,9.923750877380371,3.208554844036371e-08,2.1678815187442524e-08,-2.0528026435824576e-13,3.158956289291382
167.3896464111458,-113.62179565429688,-8.522982597351074,90.99493408203125,0.0005360984943578325,-6.760847375775675e-05,-0.0010212464429524937,2.0676627159118652,0.0006790012121200562,0.03999396413564682,9.737500190734863,6.71845583610775e-08,1.984344066841004e-08,1.0747954609646726e-11,3.158956289291382
167.4925420845102,-113.62179565429688,-8.522982597351074,90.99493408203125,0.00019379614994684575,-6.760847375775675e-05,-0.0010212464429524937,2.067699909210205,0.0053995028138160706,-0.12011212110519409,9.819375038146973,6.038320776724504e-08,2.5097058653500426e-08,2.4041107646310955e-12,3.158956289291382
167.59754038529354,-113.62179565429688,-8.522982597351074,90.99493408203125,3.119468946372629e-05,-6.760847375775675e-05,-0.0010212464429524937,2.0676910877227783,0.0010948330163955688,-0.08003134280443192,9.809375762939453,8.679010932155506e-08,4.374811624074937e-08,-3.0819671901355372e-12,3.158956289291382
167.6873473871674,-113.62179565429688,-8.522982597351074,90.99493408203125,0.000663871760499114,-6.760847375775675e-05,-0.0010212464429524937,2.0676753520965576,-0.003625720739364624,0.0800747498869896,9.76187515258789,1.5875452064051387e-08,2.4794575281816833e-08,2.563876574154106e-13,3.158956289291382
167.79307355565834,-113.62179565429688,-8.522982597351074,90.99493408203125,0.00012557509207023225,-6.760847375775675e-05,-0.0010212464429524937,2.067634344100952,-0.0007101856172084808,-0.03999396413564682,9.778125762939453,7.109738930921594e-08,-4.350878839431971e-07,-1.7788995276823982e-10,3.158956289291382
167.8874409154232,-113.62179565429688,-8.522982597351074,90.99493408203125,0.0001560020472022681,-6.760847375775675e-05,-0.0010212464429524937,2.0676488876342773,-0.0050148810259997845,8.681975305080414e-05,9.785000801086426,9.773381748345855e-08,3.714035301527474e-08,-1.566142614900512e-12,3.158956289291382
167.98590843679267,-113.62179565429688,-8.522982597351074,90.99493408203125,8.249282930676606e-05,-6.760847375775675e-05,-0.0010212464429524937,2.0676419734954834,-0.004320353269577026,0.04008078575134277,9.805624961853027,6.124916751559795e-08,4.8757648585251445e-08,-8.445416675023631e-13,3.158956289291382
168.0979183979507,-113.62179565429688,-8.522982597351074,90.99493408203125,0.0004605197755251173,-6.760847375775675e-05,-0.0010212464429524937,2.067640542984009,0.00067896768450737,0.03999396786093712,9.758749961853027,1.4249689428424972e-08,1.0930139460185728e-08,-5.326803858033899e-16,3.158956289291382
168.19613538237172,-113.62179565429688,-8.522982597351074,90.99493408203125,5.913734346985142e-05,-6.760847375775675e-05,-0.0010212464429524937,2.067636013031006,-0.0018207170069217682,0.0400373712182045,9.797500610351562,3.4450849284439755e-08,3.483720334429563e-08,1.0127727649578144e-11,3.158956289291382
168.29135847763973,-113.62179565429688,-8.522982597351074,90.99493408203125,0.00022340296758787195,-6.760847375775675e-05,-0.0010212464429524937,2.067653179168701,-0.003625810146331787,0.0800747498869896,9.814375877380371,7.925117984086683e-08,5.355715870791755e-08,-9.132863736105445e-13,3.158956289291382
168.38738059459138,-113.62179565429688,-8.522982597351074,90.99493408203125,4.7073380558406004e-05,-6.760847375775675e-05,-0.0010212464429524937,2.067655086517334,-0.0011261701583862305,0.08003134280443192,9.803750038146973,5.350984011442961e-08,5.1390919963978376e-08,-1.5410721310171738e-10,3.158956289291382
168.4973267095338,-113.62179565429688,-8.522982597351074,90.99493408203125,0.0004408979439352802,-6.760847375775675e-05,-0.0010212464429524937,2.0676662921905518,0.0031784363090991974,0.03995055705308914,9.854375839233398,1.911702085521938e-08,1.5520928542400725e-08,9.826704337398406e-13,3.158956289291382
168.59403348361957,-113.62179565429688,-8.522982597351074,90.99493408203125,7.707595892067731e-05,-6.760847375775675e-05,-0.0010212464429524937,2.0676605701446533,-0.0011261627078056335,0.08003134280443192,9.801250457763672,5.207720121802595e-08,5.3336670191583835e-08,-4.2669779385176576e-13,3.158956289291382
168.6928334387194,-113.62179565429688,-8.522982597351074,90.99493408203125,0.00046590802976812954,-6.760847375775675e-05,-0.0010212464429524937,2.0676467418670654,-0.002931155264377594,0.12006870657205582,9.750625610351562,6.120822604316345e-08,5.421469495558995e-08,-1.2046043416230612e-12,3.158956289291382
168.79065282011288,-113.62179565429688,-8.522982597351074,90.99493408203125,0.0003376960817075825,-6.760847375775675e-05,-0.0010212464429524937,2.0676486492156982,-1.5607456589350477e-05,0.0,9.767500877380371,9.387338906208242e-08,6.127958585011584e-08,-3.888588236133916e-12,3.158956289291382
168.88714345471817,-113.62179565429688,-8.522982597351074,90.99493408203125,2.7990366936717642e-05,-6.760847375775675e-05,-0.0010212464429524937,2.0676538944244385,-0.0025152999442070723,4.340987652540207e-05,9.811250686645508,3.4056381537084235e-07,-6.581046818610048e-09,-2.06569657212885e-11,3.158956289291382
169.00065819287556,-113.62179565429688,-8.522982597351074,90.99493408203125,0.00031871795256265245,-6.760847375775675e-05,-0.0010212464429524937,2.0676543712615967,-0.0036258697509765625,0.0800747498869896,9.851875305175781,5.06556318669027e-07,2.020216243181494e-07,3.1334802808036244e-11,3.158956289291382
169.09469237478334,-113.62179565429688,-8.522982597351074,90.99493408203125,0.0004115581454175159,-6.760847375775675e-05,-0.0010212464429524937,2.0676627159118652,-0.0007101446390151978,-0.03999396786093712,9.752500534057617,3.5697183875527116e-07,1.466953847284458e-07,2.94789852250954e-11,3.158956289291382
169.18955786546576,-113.62179565429688,-8.522982597351074,90.99493408203125,0.0005223846543211673,-6.760847375775675e-05,-0.0010212464429524937,2.067661762237549,0.0006787888705730438,0.03999396413564682,9.870625495910645,-2.0277202850138565e-07,-1.3492959283212258e-07,-6.239130739826848e-12,3.158956289291382
169.3017488058831,-113.62179565429688,-8.522982597351074,90.99493408203125,2.2492877903932063e-05,-6.760847375775675e-05,-0.0010212464429524937,2.067657232284546,-0.00293123722076416,0.12006870657205582,9.811875343322754,-8.120475172290753e-07,-2.4679894750079256e-07,2.06497301896702e-11,3.158956289291382
169.39962150083738,-113.62179565429688,-8.522982597351074,90.99493408203125,9.59301978792177e-05,-6.760847375775675e-05,-0.0010212464429524937,2.0676515102386475,0.0017893947660923004,-0.0400373712182045,9.804375648498535,-7.869643923186231e-07,2.0408225509527256e-07,2.1378414316597372e-10,3.158956289291382
169.4900751982059,-113.62179565429688,-8.522982597351074,90.99493408203125,0.00026542186973220336,-6.760847375775675e-05,-0.0010212464429524937,2.067678451538086,-0.003209829330444336,-0.03995055332779884,9.791250228881836,2.7978746430790125e-08,-5.3649173992198484e-09,1.4093474651200033e-12,3.158956289291382
169.5981139440264,-113.62179565429688,-8.522982597351074,90.99493408203125,0.000713605844936948,-6.760847375775675e-05,-0.0010212464429524937,2.067661762237549,-0.000710170716047287,-0.03999396413564682,9.768750190734863,-3.45359978837223e-07,-2.1864673271920765e-07,-3.3194218207466264e-11,3.158956289291382
169.6901348179381,-113.62179565429688,-8.522982597351074,90.99493408203125,0.00020886429732396307,-6.760847375775675e-05,-0.0010212464429524937,2.0676677227020264,0.004288963973522186,-0.04008078575134277,9.840625762939453,-1.1247899465161026e-06,4.062098923895974e-08,1.71664613080047e-10,3.158956289291382
169.80224885159987,-113.62179565429688,-8.522982597351074,90.99493408203125,0.0001410961126324765,-6.760847375775675e-05,-0.0010212464429524937,2.06764817237854,0.0017894171178340912,-0.0400373749434948,9.791875839233398,5.7410947107428e-08,4.070222558993919e-08,-1.8750823918729786e-13,3.158956289291382
169.90457166658598,-113.62179565429688,-8.522982597351074,90.99493408203125,0.00010304450656631629,-6.760847375775675e-05,-0.0010212464429524937,2.067683458328247,0.0035944879055023193,-0.080074742436409,9.788125038146973,9.258523903099558e-08,2.9078599084186862e-08,6.41168650290791e-13,3.158956289291382
169.99344323037076,-113.62179565429688,-8.522982597351074,90.99493408203125,0.00011069774398246232,-6.760847375775675e-05,-0.0010212464429524937,2.0676822662353516,-0.003209903836250305,-0.03995055705308914,9.839375495910645,7.225230547192041e-08,3.0238382464631286e-08,-6.52889810899733e-14,3.158956289291382
170.09519368430483,-113.62179565429688,-8.522982597351074,90.99493408203125,3.694057693224932e-05,-6.760847375775675e-05,-0.0010212464429524937,2.0676839351654053,-0.0018207468092441559,0.0400373749434948,9.817500114440918,5.770839806018557e-09,6.272190233858055e-08,-9.607821266008343e-13,3.158956289291382
170.2003775483172,-113.62179565429688,-8.522982597351074,90.99493408203125,0.0001225328454352908,-6.760847375775675e-05,-0.0010212464429524937,2.06769061088562,-0.006125457584857941,0.08011815696954727,9.833125114440918,5.728797702886368e-08,1.585388176295055e-08,4.249909208190947e-14,3.158956289291382
170.30442684164154,-113.62179565429688,-8.522982597351074,90.99493408203125,9.386539078653492e-05,-6.760847375775675e-05,-0.0010212464429524937,2.0676896572113037,-0.0025152999442070723,4.340987652540207e-05,9.811250686645508,6.636616944888374e-08,2.4490191208315082e-08,-5.765588744280348e-13,3.158956289291382
170.3934671014722,-113.62179565429688,-8.522982597351074,90.99493408203125,0.0002535629321577441,-6.760847375775675e-05,-0.0010212464429524937,2.0676820278167725,0.002483962569385767,-4.340987652540207e-05,9.800625801086426,5.7778620998760744e-08,4.325141134131627e-08,-5.34833082769387e-13,3.158956289291382
170.49630448242533,-113.62179565429688,-8.522982597351074,90.99493408203125,5.883216760184435e-05,-6.760847375775675e-05,-0.0010212464429524937,2.067680597305298,0.003594443202018738,-0.080074742436409,9.815625190734863,-6.854190104377267e-09,3.469595455385388e-08,2.4256594996496794e-11,3.158956289291382
170.60087129680323,-113.62179565429688,-8.522982597351074,90.99493408203125,0.0007057475741404953,-6.760847375775675e-05,-0.0010212464429524937,2.067666530609131,0.0017894543707370758,-0.0400373712182045,9.769375801086426,3.7985323331213294e-08,2.7113213008078674e-08,-3.5320875456205936e-13,3.158956289291382
170.69493217972922,-113.62179565429688,-8.522982597351074,90.99493408203125,0.0011217594147572092,-6.760847375775675e-05,-0.0010212464429524937,2.0676348209381104,0.002483990276232362,-4.340987652540207e-05,9.783125877380371,9.11352415755573e-08,2.9819076985404536e-08,1.5324171098729522e-10,3.158956289291382
170.7926400017168,-113.62179565429688,-8.522982597351074,90.99493408203125,0.00023618221219704402,-6.760847375775675e-05,-0.0010212464429524937,2.0676376819610596,-0.0025152922607958317,4.340987652540207e-05,9.80625057220459,7.775764032658117e-08,5.993702956175184e-08,6.598176865990624e-13,3.158956289291382
170.90454805849004,-113.62179565429688,-8.522982597351074,90.99493408203125,0.00015778553135932676,-6.760847375775675e-05,-0.0010212464429524937,2.0676541328430176,-0.0007102079689502716,-0.03999396413564682,9.792500495910645,-1.1099961056970642e-06,5.309016160026658e-08,1.658891635170079e-10,3.158956289291382
171.00054834617185,-113.62179565429688,-8.522982597351074,90.99493408203125,0.0002423906263114661,-6.760847375775675e-05,-0.0010212464429524937,2.067655324935913,-0.0025153360329568386,4.340987652540207e-05,9.83375072479248,3.438605489236579e-08,2.2407444788541397e-08,-1.2724589719577406e-14,3.158956289291382
171.09833353964495,-113.62179565429688,-8.522982597351074,90.99493408203125,3.352642874407726e-05,-6.760847375775675e-05,-0.0010212464429524937,2.0676512718200684,-1.5653393347747624e-05,9.094947017729282e-13,9.796250343322754,1.5881772696957341e-07,5.7690058952175605e-08,-5.517230552629093e-13,3.158956289291382
171.1993335953157,-113.62179565429688,-8.522982597351074,90.99493408203125,0.0007697248369104991,-6.760847375775675e-05,-0.0010212464429524937,2.0676310062408447,-0.0007103756070137024,-0.03999396786093712,9.896875381469727,1.4022228356225241e-07,4.690610921898042e-08,1.4153221129797888e-11,3.158956289291382
171.2981055827986,-113.62179565429688,-8.522982597351074,90.99493408203125,0.00014679920806733303,-6.760847375775675e-05,-0.0010212464429524937,2.0676445960998535,0.0017893947660923004,-0.0400373749434948,9.805000305175781,-1.105400656342681e-06,7.090602593962103e-08,3.260542946748046e-10,3.158956289291382
171.39497002234566,-113.62179565429688,-8.522982597351074,90.99493408203125,6.711487595640365e-05,-6.760847375775675e-05,-0.0010212464429524937,2.0676512718200684,-0.0057094767689704895,-0.03990714251995087,9.807500839233398,2.746995164670807e-08,4.4689411993203976e-07,1.5260315233689425e-10,3.158956289291382
171.49272539952653,-113.62179565429688,-8.522982597351074,90.99493408203125,2.4275838977723876e-05,-6.760847375775675e-05,-0.0010212464429524937,2.0676493644714355,-0.0007102265954017639,-0.03999396413564682,9.803125381469727,9.79785994559279e-08,2.9646054144905065e-07,1.5226359062481265e-10,3.158956289291382
171.60320949667948,-113.62179565429688,-8.522982597351074,90.99493408203125,4.91142397567121e-05,-6.760847375775675e-05,-0.0010212464429524937,2.0676631927490234,0.0006789267063140869,0.03999396413564682,9.782500267028809,6.793709417252103e-08,1.892406373826816e-07,1.2981120518784639e-11,3.158956289291382
171.7023280665453,-113.62179565429688,-8.522982597351074,90.99493408203125,0.00011123657330665466,-6.760847375775675e-05,-0.0010212464429524937,2.0676469802856445,-0.000710219144821167,-0.03999396786093712,9.800000190734863,3.635993550687999e-08,1.0258870020152244e-07,1.277807720745372e-11,3.158956289291382
171.79785485492903,-113.62179565429688,-8.522982597351074,90.99493408203125,0.0004170751490449857,-6.760847375775675e-05,-0.0010212464429524937,2.0676629543304443,-0.0061254799365997314,0.08011816442012787,9.843125343322754,-2.5559341310099626e-08,-1.3955101962892513e-08,-5.355586460420447e-11,3.158956289291382
171.89452121334034,-113.62179565429688,-8.522982597351074,90.99493408203125,4.633904172225885e-05,-6.760847375775675e-05,-0.0010212464429524937,2.0676636695861816,0.004289001226425171,-0.04008078575134277,9.815000534057617,-1.7761868775778566e-07,-8.991672473257495e-08,-5.65065945423715e-11,3.158956289291382
172.00606044309097,-113.62179565429688,-8.522982597351074,90.99493408203125,0.000152983668444876,-6.760847375775675e-05,-0.0010212464429524937,2.067664623260498,0.001789439469575882,-0.0400373749434948,9.776875495910645,-2.3392999537463766e-07,-1.5552231502624636e-07,-2.987077252214476e-11,3.158956289291382
172.10083626696724,-113.62179565429688,-8.522982597351074,90.99493408203125,7.280350081594347e-05,-6.760847375775675e-05,-0.0010212464429524937,2.0676660537719727,0.001373477280139923,0.07998793572187424,9.789375305175781,1.3857204805844958e-07,6.050514400612883e-08,2.164252457803606e-11,3.158956289291382
172.20840101802605,-113.62179565429688,-8.522982597351074,90.99493408203125,0.00014411925807596276,-6.760847375775675e-05,-0.0010212464429524937,2.067676067352295,-0.002515312284231186,4.340987652540207e-05,9.818750381469727,2.1878701517152876e-08,-1.0757544188777501e-08,-1.9898831193909672e-10,3.158956289291382
172.29726878201473,-113.62179565429688,-8.522982597351074,90.99493408203125,0.00020922184257960656,-6.760847375775675e-05,-0.0010212464429524937,2.0676872730255127,-0.004320364445447922,0.04008078575134277,9.8125,7.378483246611722e-08,3.276633151472197e-07,1.8335626073007205e-10,3.158956289291382
172.40022678134847,-113.62179565429688,-8.522982597351074,90.99493408203125,0.0001679658964142562,-6.760847375775675e-05,-0.0010212464429524937,2.067685127258301,0.0017894171178340912,-0.0400373712182045,9.789375305175781,7.229724019452988e-08,-2.795875957417593e-07,-1.7630412407765306e-10,3.158956289291382
172.50704068431514,-113.62179565429688,-8.522982597351074,90.99493408203125,1.4144030635831397e-07,-6.760847375775675e-05,-0.0010212464429524937,2.067664861679077,-0.0036257877945899963,0.080074742436409,9.801875114440918,4.562105004879413e-08,-3.3570469781807333e-07,-1.824826123542067e-10,3.158956289291382
172.6088591639127,-113.62179565429688,-8.522982597351074,90.99493408203125,0.0008016395194071107,-6.760847375775675e-05,-0.0010212464429524937,2.067643165588379,-1.574627276568208e-05,0.0,9.854375839233398,1.9058575162489433e-08,-4.790634307028085e-07,-1.7087573023211178e-10,3.158956289291382
172.70450113920378,-113.62179565429688,-8.522982597351074,90.99493408203125,0.0004375839198878699,-6.760847375775675e-05,-0.0010212464429524937,2.067692756652832,-0.006820034235715866,0.04012419655919075,9.84375,3.167624385014278e-08,-2.1406712846783194e-08,2.124159138514048e-12,3.158956289291382
172.79858780300128,-113.62179565429688,-8.522982597351074,90.99493408203125,0.00023281574298781107,-6.760847375775675e-05,-0.0010212464429524937,2.067697763442993,0.002899937331676483,-0.12006870657205582,9.78125,1.0390297688900318e-07,1.5282523690984817e-08,2.9001879565428157e-13,3.158956289291382
172.89563071748125,-113.62179565429688,-8.522982597351074,90.99493408203125,0.00038883209373788197,-6.760847375775675e-05,-0.0010212464429524937,2.0676748752593994,0.002483977237716317,-4.340987652540207e-05,9.791250228881836,9.361795605400403e-08,3.773172352339316e-08,-1.3021983664984749e-13,3.158956289291382
173.00178532043356,-113.62179565429688,-8.522982597351074,90.99493408203125,1.9726752740840218e-05,-6.760847375775675e-05,-0.0010212464429524937,2.067680835723877,-0.0007102377712726593,-0.03999396413564682,9.810625076293945,3.998625874856998e-09,2.150126299227395e-09,2.3495335993613253e-13,3.158956289291382
173.10946366025019,-113.62179565429688,-8.522982597351074,90.99493408203125,0.00035150526687253357,-6.760847375775675e-05,-0.0010212464429524937,2.067652940750122,0.0006788745522499084,0.03999396413564682,9.815625190734863,5.545406978058054e-08,5.734129615575512e-09,9.6350106712495e-12,3.158956289291382
173.20412047413993,-113.62179565429688,-8.522982597351074,90.99493408203125,0.0009494876722357507,-6.760847375775675e-05,-0.0010212464429524937,2.067613363265991,-0.0009182877838611603,0.02001868560910225,9.860625267028809,4.236058614992544e-08,3.213261834389414e-08,9.415937647638817e-12,3.158956289291382
173.29523444568622,-113.62179565429688,-8.522982597351074,90.99493408203125,0.00028158186748805875,-6.760847375775675e-05,-0.0010212464429524937,2.0675835609436035,0.0035944730043411255,-0.080074742436409,9.795625686645508,-3.452471446507843e-07,-1.7654531347943703e-07,-2.6119627294374226e-11,3.158956289291382
173.40020078068483,-113.62179565429688,-8.522982597351074,90.99493408203125,0.0005720424819069213,-6.760847375775675e-05,-0.0010212464429524937,2.0676157474517822,-0.0018207542598247528,0.0400373749434948,9.820000648498535,1.0476557577021595e-07,8.55308712743863e-08,-1.825161983354251e-12,3.158956289291382
173.51011672170716,-113.62179565429688,-8.522982597351074,90.99493408203125,0.0002906799230378623,-6.760847375775675e-05,-0.0010212464429524937,2.0676450729370117,-0.004736289381980896,0.1601060926914215,9.805624961853027,-2.6560292099020444e-07,-4.0745987917034654e-08,-9.936576735036784e-12,3.158956289291382
173.60352049881476,-113.62179565429688,-8.522982597351074,90.99493408203125,0.0001655531083191397,-6.760847375775675e-05,-0.0010212464429524937,2.067660331726074,-1.5662382793379948e-05,9.094947017729282e-13,9.801875114440918,2.935481973054266e-07,1.5455478319381655e-07,-1.897676286943817e-11,3.158956289291382
173.71035368481535,-113.62179565429688,-8.522982597351074,90.99493408203125,9.669780824164456e-05,-6.760847375775675e-05,-0.0010212464429524937,2.0676701068878174,-1.564940066600684e-05,9.094947017729282e-13,9.793750762939453,1.3762485195911722e-07,1.0839978870080813e-07,8.915031039780086e-12,3.158956289291382
173.8107579976495,-113.62179565429688,-8.522982597351074,90.99493408203125,0.0005939102315160649,-6.760847375775675e-05,-0.0010212464429524937,2.0676279067993164,0.0017893575131893158,-0.0400373749434948,9.829375267028809,-3.8165740079421084e-07,-2.045608198386617e-07,-2.6866009417148007e-11,3.158956289291382
173.8989489033993,-113.62179565429688,-8.522982597351074,90.99493408203125,0.00031964301267878867,-6.760847375775675e-05,-0.0010212464429524937,2.0676114559173584,-0.0007102452218532562,-0.03999396413564682,9.815625190734863,-3.8924062550904637e-07,1.3701031775781303e-07,-4.495799565962244e-11,3.158956289291382
174.00280486160773,-113.62179565429688,-8.522982597351074,90.99493408203125,0.00015804291514204784,-6.760847375775675e-05,-0.0010212464429524937,2.0676238536834717,0.0024840161204338074,-4.341010935604572e-05,9.766875267028809,4.913636075798422e-08,-2.507154306385928e-07,-1.5282933252258601e-10,3.158956289291382
174.10474038982647,-113.62179565429688,-8.522982597351074,90.99493408203125,0.0001745891520068912,-6.760847375775675e-05,-0.0010212464429524937,2.067643880844116,-1.5681358490837738e-05,9.094947017729282e-13,9.813750267028809,9.385497889979888e-08,1.4606170850584022e-07,-2.9780594223288714e-12,3.158956289291382
174.20371975304442,-113.62179565429688,-8.522982597351074,90.99493408203125,3.8585668484372374e-05,-6.760847375775675e-05,-0.0010212464429524937,2.067659616470337,-1.5681358490837738e-05,9.094947017729282e-13,9.813750267028809,1.0916268422533904e-07,8.978863519359948e-08,1.240034550736846e-11,3.158956289291382
174.29660478627193,-113.62179565429688,-8.522982597351074,90.99493408203125,0.00031775952088824923,-6.760847375775675e-05,-0.0010212464429524937,2.067674160003662,0.003594405949115753,-0.080074742436409,9.838750839233398,2.292282452742711e-08,2.4583176383430327e-08,-1.2381805650218958e-14,3.158956289291382
174.40390536209452,-113.62179565429688,-8.522982597351074,90.99493408203125,0.0002841567915094691,-6.760847375775675e-05,-0.0010212464429524937,2.0676803588867188,0.0017893947660923004,-0.0400373712182045,9.803125381469727,6.971586685722286e-08,5.3881997530424997e-08,-1.6980143419803584e-12,3.158956289291382
174.5105530183937,-113.62179565429688,-8.522982597351074,90.99493408203125,0.00033079145966786306,-6.760847375775675e-05,-0.0010212464429524937,2.067678213119507,0.005399487912654877,-0.12011212110519409,9.825000762939453,5.111499135068698e-08,5.7342010251204556e-08,2.8465467830085522e-12,3.158956289291382
174.59901670386898,-113.62179565429688,-8.522982597351074,90.99493408203125,0.00017042159817860585,-6.760847375775675e-05,-0.0010212464429524937,2.0676841735839844,0.0017893798649311066,-0.0400373712182045,9.813125610351562,4.2775283759510785e-08,7.395723855552205e-08,1.0383928959745159e-11,3.158956289291382
174.70115685483324,-113.62179565429688,-8.522982597351074,90.99493408203125,3.698832998929698e-05,-6.760847375775675e-05,-0.0010212464429524937,2.067685842514038,-0.0032098740339279175,-0.03995055705308914,9.818750381469727,-4.0582762039775844e-07,-2.3463024945158395e-07,-6.957385622480272e-12,3.158956289291382
174.80477108733612,-113.62179565429688,-8.522982597351074,90.99493408203125,0.0001588487650349503,-6.760847375775675e-05,-0.0010212464429524937,2.067678451538086,-0.0025153232272714376,4.341010935604572e-05,9.8256254196167,4.3923790826738696e-08,3.642470858267188e-08,1.7254718487347276e-10,3.158956289291382
174.9064254865225,-113.62179565429688,-8.522982597351074,90.99493408203125,2.163887473250889e-05,-6.760847375775675e-05,-0.0010212464429524937,2.0676801204681396,0.002483959309756756,-4.341010935604572e-05,9.80250072479248,7.834022142105823e-08,6.208823322140233e-08,-1.9219799363145995e-12,3.158956289291382
175.00957185143488,-113.62179565429688,-8.522982597351074,90.99493408203125,3.543377316582216e-05,-6.760847375775675e-05,-0.0010212464429524937,2.067673921585083,-0.0018207468092441559,0.0400373712182045,9.815625190734863,1.02138741908675e-07,3.9994716871660785e-08,7.251051321877089e-12,3.158956289291382
175.11176341978717,-113.62179565429688,-8.522982597351074,90.99493408203125,7.760524869275291e-05,-6.760847375775675e-05,-0.0010212464429524937,2.0676729679107666,0.002483964432030916,-4.340987652540207e-05,9.799375534057617,5.081355425318179e-08,-6.327702095632048e-08,1.1209528964772897e-11,3.158956289291382
175.20041864106315,-113.62179565429688,-8.522982597351074,90.99493408203125,4.968644465570587e-05,-6.760847375775675e-05,-0.0010212464429524937,2.0676698684692383,-0.0011261925101280212,0.08003133535385132,9.816875457763672,1.0402281702681648e-07,-2.035145030276908e-07,-1.917983410981705e-10,3.158956289291382
175.30251870045322,-113.62179565429688,-8.522982597351074,90.99493408203125,2.1371865787564287e-05,-6.760847375775675e-05,-0.0010212464429524937,2.067674398422241,-0.0018207095563411713,0.0400373712182045,9.791875839233398,4.748710580315674e-08,1.61022342126671e-07,1.977243715978183e-11,3.158956289291382
175.40686914717662,-113.62179565429688,-8.522982597351074,90.99493408203125,1.3623439545039493e-05,-6.760847375775675e-05,-0.0010212464429524937,2.067667007446289,-0.0007102340459823608,-0.03999396786093712,9.809375762939453,-3.952867473344668e-07,-1.5651980334041582e-07,1.3673781551482023e-10,3.158956289291382
175.5104331143375,-113.62179565429688,-8.522982597351074,90.99493408203125,0.0004988574827197738,-6.760847375775675e-05,-0.0010212464429524937,2.0676562786102295,0.0006789267063140869,0.03999396413564682,9.782500267028809,-7.791189204908733e-07,2.531522795834462e-07,2.1771022484795566e-10,3.158956289291382
175.60064043683815,-113.62179565429688,-8.522982597351074,90.99493408203125,0.0001538992112338251,-6.760847375775675e-05,-0.0010212464429524937,2.067650079727173,-1.5694340618210845e-05,9.094947017729282e-13,9.82187557220459,1.301467023040459e-07,-4.3462765120239055e-07,-1.4926139491056034e-10,3.158956289291382
175.70850393848377,-113.62179565429688,-8.522982597351074,90.99493408203125,0.00018321514481386102,-6.760847375775675e-05,-0.0010212464429524937,2.0676469802856445,-0.0007102303206920624,-0.03999396413564682,9.806875228881836,-3.372163632775482e-07,-1.7840000055002747e-07,-2.7568667834709792e-11,3.158956289291382
175.80326006675023,-113.62179565429688,-8.522982597351074,90.99493408203125,5.850791888104888e-05,-6.760847375775675e-05,-0.0010212464429524937,2.0676441192626953,0.003594420850276947,-0.0800747498869896,9.825000762939453,3.920319002759243e-08,5.007920833577373e-08,2.080747033006425e-12,3.158956289291382
175.9136223664682,-113.62179565429688,-8.522982597351074,90.99493408203125,1.8000602773552033e-05,-6.760847375775675e-05,-0.0010212464429524937,2.067655324935913,-0.0018206723034381866,0.0400373749434948,9.768750190734863,-5.948529668842184e-09,-1.3158253153733313e-08,-1.7900363136202913e-10,3.158956289291382
176.00404202213394,-113.62179565429688,-8.522982597351074,90.99493408203125,0.00023091315351636674,-6.760847375775675e-05,-0.0010212464429524937,2.0676724910736084,0.0010947883129119873,-0.08003133535385132,9.834375381469727,8.307254972805822e-08,-1.2969334761692153e-07,4.8336872698895306e-11,3.158956289291382
176.1118006829347,-113.62179565429688,-8.522982597351074,90.99493408203125,0.0004595470404652406,-6.760847375775675e-05,-0.0010212464429524937,2.06766414642334,0.0006789043545722961,0.03999396413564682,9.796875,7.85259430813312e-08,-2.5244270318580675e-07,-1.719782788400792e-10,3.158956289291382
176.21318881047773,-113.62179565429688,-8.522982597351074,90.99493408203125,2.390863284275535e-05,-6.760847375775675e-05,-0.0010212464429524937,2.0676302909851074,-0.0007102563977241516,-0.03999396413564682,9.823125839233398,6.700624766153851e-08,1.223993422172498e-07,1.6351786244483968e-11,3.158956289291382
176.31314860490966,-113.62179565429688,-8.522982597351074,90.99493408203125,0.00027794361862405916,-6.760847375775675e-05,-0.0010212464429524937,2.0676369667053223,0.0006788559257984161,0.03999396413564682,9.829375267028809,-2.4873145321180345e-08,-1.0726045829301256e-08,-3.383756816410788e-11,3.158956289291382
176.41095897761988,-113.62179565429688,-8.522982597351074,90.99493408203125,5.521881820622589e-06,-6.760847375775675e-05,-0.0010212464429524937,2.0676510334014893,0.0006788969039916992,0.03999396413564682,9.804375648498535,1.7515614558760717e-07,1.2915788261125272e-07,1.7027934617885876e-10,3.158956289291382
176.50184288455057,-113.62179565429688,-8.522982597351074,90.99493408203125,3.917217999050857e-05,-6.760847375775675e-05,-0.0010212464429524937,2.0676791667938232,-0.005014896858483553,8.681975305080414e-05,9.795000076293945,1.1215501416472762e-07,9.166401326865525e-08,-2.2012691149042585e-12,3.158956289291382
176.60920145289856,-113.62179565429688,-8.522982597351074,90.99493408203125,1.1263117640502766e-05,-6.760847375775675e-05,-0.0010212464429524937,2.0676753520965576,-0.001126222312450409,0.08003134280443192,9.839375495910645,-3.6753479548679024e-07,-1.756768597260816e-07,-2.8719526756759706e-11,3.158956289291382
176.71625828949618,-113.62179565429688,-8.522982597351074,90.99493408203125,1.59692754465535e-05,-6.760847375775675e-05,-0.0010212464429524937,2.067671537399292,0.004289012402296066,-0.04008078947663307,9.808125495910645,-1.0875824685285806e-08,6.188553225427995e-09,1.057965867690136e-11,3.158956289291382
176.8087756235327,-113.62179565429688,-8.522982597351074,90.99493408203125,0.00022009848934692787,-6.760847375775675e-05,-0.0010212464429524937,2.067664384841919,0.0006788186728954315,0.03999396786093712,9.852499961853027,5.334488051289554e-08,4.184816049246365e-08,-4.2972578620514845e-12,3.158956289291382
176.91492954289424,-113.62179565429688,-8.522982597351074,90.99493408203125,0.00031456947921019285,-6.760847375775675e-05,-0.0010212464429524937,2.0676698684692383,0.0006788559257984161,0.03999396041035652,9.828125,3.609634902090875e-08,3.601052966928364e-08,1.670173201129277e-11,3.158956289291382
177.00796676820028,-113.62179565429688,-8.522982597351074,90.99493408203125,0.00044768333323083793,-6.760847375775675e-05,-0.0010212464429524937,2.0676605701446533,0.0017894506454467773,-0.0400373712182045,9.771875381469727,9.268495659853215e-08,-4.0609657503409835e-07,-1.722487291688779e-10,3.158956289291382
177.11556565502542,-113.62179565429688,-8.522982597351074,90.99493408203125,2.1257399646799598e-05,-6.760847375775675e-05,-0.0010212464429524937,2.067664861679077,0.003178536891937256,0.03995055705308914,9.79312515258789,-8.185567779150915e-09,6.805912278196047e-09,3.5796155536255148e-12,3.158956289291382
177.20446897784132,-113.62179565429688,-8.522982597351074,90.99493408203125,0.0003358697868575897,-6.760847375775675e-05,-0.0010212464429524937,2.0676608085632324,0.0026918835937976837,-0.06005605682730675,9.834688186645508,1.1798970689369526e-08,3.5150350186086143e-08,-9.990149983304941e-13,3.158956289291382
177.31392279008287,-113.62179565429688,-8.522982597351074,90.99493408203125,4.144191759535051e-05,-6.760847375775675e-05,-0.0010212464429524937,2.067660093307495,-0.004320353269577026,0.04008078575134277,9.805624961853027,5.321051688156331e-08,5.9274899655292757e-08,-8.699440365127209e-13,3.158956289291382
177.4114886384632,-113.62179565429688,-8.522982597351074,90.99493408203125,0.00044376371117147237,-6.760847375775675e-05,-0.0010212464429524937,2.0676486492156982,0.004704996943473816,-0.1601060926914215,9.783125877380371,1.0096015046201501e-07,6.321108259044195e-08,4.045095692867956e-13,3.158956289291382
177.50822803677875,-113.62179565429688,-8.522982597351074,90.99493408203125,4.0979388932165704e-05,-6.760847375775675e-05,-0.0010212464429524937,2.0676541328430176,-0.0011261552572250366,0.08003134280443192,9.796250343322754,1.1169280611511567e-07,8.615911184506331e-08,-1.5508877819134237e-12,3.158956289291382
177.60398822205025,-113.62179565429688,-8.522982597351074,90.99493408203125,0.00023241042871828245,-6.760847375775675e-05,-0.0010212464429524937,2.0676567554473877,-0.0018207170069217682,0.0400373712182045,9.796250343322754,-8.285324071266587e-08,1.1797517629474896e-08,-1.6730364316153157e-10,3.158956289291382
177.70818885715562,-113.62179565429688,-8.522982597351074,90.99493408203125,0.00019690513765974484,-6.760847375775675e-05,-0.0010212464429524937,2.0676517486572266,0.004289001226425171,-0.040080782026052475,9.813750267028809,2.3134276716518798e-08,6.640746619268612e-08,-1.5591355246799554e-12,3.158956289291382
177.80437696745503,-113.62179565429688,-8.522982597351074,90.99493408203125,0.0001854991866070086,-6.760847375775675e-05,-0.0010212464429524937,2.0676512718200684,-0.0018207468092441559,0.0400373712182045,9.815000534057617,6.648778594353644e-08,6.044762557166905e-08,-1.7959163886929752e-12,3.158956289291382
177.91671500934171,-113.62179565429688,-8.522982597351074,90.99493408203125,3.578186578268842e-05,-6.760847375775675e-05,-0.0010212464429524937,2.067657232284546,0.0024839784018695354,-4.340987652540207e-05,9.79062557220459,9.222679864251404e-08,7.55226565729572e-08,-1.4784553789559673e-12,3.158956289291382
178.01246558336425,-113.62179565429688,-8.522982597351074,90.99493408203125,0.00010125160409870462,-6.760847375775675e-05,-0.0010212464429524937,2.0676631927490234,0.0010948330163955688,-0.08003134280443192,9.80625057220459,1.1569703417535493e-07,-4.0070808893233334e-08,-4.582879561954023e-11,3.158956289291382
178.10892757421243,-113.62179565429688,-8.522982597351074,90.99493408203125,8.370334467144212e-06,-6.760847375775675e-05,-0.0010212464429524937,2.0676610469818115,-0.004320353269577026,0.04008078575134277,9.80625057220459,-9.179836979456013e-07,-3.4496628131819307e-07,2.488363248093206e-14,3.158956289291382
178.20423965362716,-113.62179565429688,-8.522982597351074,90.99493408203125,9.541561609417583e-06,-6.760847375775675e-05,-0.0010212464429524937,2.0676636695861816,0.004983579274266958,-8.681975305080414e-05,9.804375648498535,1.726166090065817e-07,8.921654170990223e-08,9.375791809596024e-12,3.158956289291382
178.31769551543402,-113.62179565429688,-8.522982597351074,90.99493408203125,0.00028619767107787477,-6.760847375775675e-05,-0.0010212464429524937,2.0676562786102295,0.00359441339969635,-0.080074742436409,9.833125114440918,1.419621185050346e-07,7.809528312918701e-08,-3.2378207753813726e-11,3.158956289291382
178.4150806388061,-113.62179565429688,-8.522982597351074,90.99493408203125,0.00028927801769336567,-6.760847375775675e-05,-0.0010212464429524937,2.067655086517334,-0.0007101930677890778,-0.03999396413564682,9.785000801086426,5.533182445560669e-08,1.4773224421560371e-08,1.5856056745366942e-10,3.158956289291382
178.50788838529843,-113.62179565429688,-8.522982597351074,90.99493408203125,0.0002494668882216548,-6.760847375775675e-05,-0.0010212464429524937,2.067673683166504,-1.5709319995949045e-05,9.094947017729282e-13,9.831250190734863,6.730799384513375e-08,4.393741193098322e-08,-7.637266470281179e-13,3.158956289291382
178.61385511720437,-113.62179565429688,-8.522982597351074,90.99493408203125,0.0003749084431150822,-6.760847375775675e-05,-0.0010212464429524937,2.0676817893981934,-1.5747271390864626e-05,9.094947017729282e-13,9.855000495910645,1.135638854066201e-07,5.973355143851222e-08,-7.475350633640021e-13,3.158956289291382
178.7064267678361,-113.62179565429688,-8.522982597351074,90.99493408203125,0.0003757381349320871,-6.760847375775675e-05,-0.0010212464429524937,2.067671775817871,0.005399443209171295,-0.12011212855577469,9.853750228881836,7.967547333009861e-08,5.986183992945371e-08,-3.67044372326375e-12,3.158956289291382
178.8168787874456,-113.62179565429688,-8.522982597351074,90.99493408203125,0.0010166930766065151,-6.760847375775675e-05,-0.0010212464429524937,2.0676708221435547,-0.002167925238609314,0.020040392875671387,9.751875877380371,-3.9862413814262254e-07,-2.393465479144652e-07,-2.2284658493521015e-11,3.158956289291382
178.90609522091108,-113.62179565429688,-8.522982597351074,90.99493408203125,0.0007182836449434032,-6.760847375775675e-05,-0.0010212464429524937,2.067636728286743,-0.000710364431142807,-0.03999396413564682,9.890000343322754,-3.258571155129175e-07,-2.0800487732230977e-07,-2.6788526258370027e-11,3.158956289291382
179.0124714236881,-113.62179565429688,-8.522982597351074,90.99493408203125,0.0004866218375040902,-6.760847375775675e-05,-0.0010212464429524937,2.067633867263794,0.0017894245684146881,-0.0400373749434948,9.786250114440918,1.1596904414545861e-07,7.885287800490914e-08,-8.496873343810663e-12,3.158956289291382
179.1124171067204,-113.62179565429688,-8.522982597351074,90.99493408203125,0.0007808780651038014,-6.760847375775675e-05,-0.0010212464429524937,2.06764817237854,-0.004320245236158371,0.04008078575134277,9.737500190734863,1.5860446467286238e-07,7.281994385266444e-08,1.497983681542081e-10,3.158956289291382
179.20963870102423,-113.62179565429688,-8.522982597351074,90.99493408203125,0.0001334524909922966,-6.760847375775675e-05,-0.0010212464429524937,2.067667245864868,-1.566737591929268e-05,0.0,9.805000305175781,-8.082012072918587e-07,-2.395571527813445e-07,2.1070220221353075e-11,3.158956289291382
179.3056788800459,-113.62179565429688,-8.522982597351074,90.99493408203125,0.0002428912995118955,-6.760847375775675e-05,-0.0010212464429524937,2.06766939163208,0.002484002383425832,-4.341010935604572e-05,9.775625228881836,1.1444450720432542e-08,3.5839796908021526e-08,4.3095705498132075e-13,3.158956289291382
179.4198868975218,-113.62179565429688,-8.522982597351074,90.99493408203125,0.00017975806325846205,-6.760847375775675e-05,-0.0010212464429524937,2.067657470703125,0.0006788820028305054,0.03999396413564682,9.813125610351562,9.433462366814638e-08,4.1890700686053606e-08,-3.762387103256604e-12,3.158956289291382
179.51912202613312,-113.62179565429688,-8.522982597351074,90.99493408203125,0.0007644844009009745,-6.760847375775675e-05,-0.0010212464429524937,2.067643642425537,0.0017894916236400604,-0.0400373749434948,9.744375228881836,5.3808044242487085e-08,1.6354004372942654e-08,3.3614454535840776e-12,3.158956289291382
179.61173842681455,-113.62179565429688,-8.522982597351074,90.99493408203125,8.777141194857285e-05,-6.760847375775675e-05,-0.0010212464429524937,2.0676519870758057,-0.004320420324802399,0.04008078575134277,9.846250534057617,-2.379034214072817e-08,1.0792312821195083e-08,-6.185402884328894e-12,3.158956289291382
179.7078374104749,-113.62179565429688,-8.522982597351074,90.99493408203125,8.101463170155228e-05,-6.760847375775675e-05,-0.0010212464429524937,2.067641258239746,-0.007235899567604065,0.160149484872818,9.79312515258789,7.153601444542801e-08,6.252637518855408e-08,-1.4563497977015949e-12,3.158956289291382
179.82142921743798,-113.62179565429688,-8.522982597351074,90.99493408203125,0.00016391279321441304,-6.760847375775675e-05,-0.0010212464429524937,2.0676426887512207,-0.0011261776089668274,0.08003134280443192,9.810625076293945,8.542585305804096e-08,-4.3523974113668373e-07,-1.4148449078987824e-10,3.158956289291382
179.91658699625987,-113.62179565429688,-8.522982597351074,90.99493408203125,0.0002440023404264045,-6.760847375775675e-05,-0.0010212464429524937,2.0676562786102295,0.00248394045047462,-4.341010935604572e-05,9.814375877380371,2.949642841088007e-08,3.4687317906900716e-08,-1.5308518341861088e-10,3.158956289291382
180.015483559313,-113.62179565429688,-8.522982597351074,90.99493408203125,7.70760019312617e-05,-6.760847375775675e-05,-0.0010212464429524937,2.0676441192626953,0.0006788633763790131,0.03999396786093712,9.82437515258789,-4.1182408949680394e-07,-2.3569327822769992e-07,-2.8004095570244303e-11,3.158956289291382
180.1088386599149,-113.62179565429688,-8.522982597351074,90.99493408203125,7.955074615863734e-05,-6.760847375775675e-05,-0.0010212464429524937,2.0676631927490234,-0.0007102042436599731,-0.03999396413564682,9.789375305175781,5.115136403333054e-08,3.709725149292353e-08,2.2774660629609755e-11,3.158956289291382
180.21988567357766,-113.62179565429688,-8.522982597351074,90.99493408203125,5.09740198978457e-06,-6.760847375775675e-05,-0.0010212464429524937,2.0676612854003906,0.0006788782775402069,0.03999396413564682,9.815000534057617,5.469895114629253e-08,4.78322021990607e-08,-6.717233106551257e-13,3.158956289291382
180.31528642887133,-113.62179565429688,-8.522982597351074,90.99493408203125,0.0004298877669209282,-6.760847375775675e-05,-0.0010212464429524937,2.067661762237549,-0.0025153649039566517,4.340987652540207e-05,9.851875305175781,-3.612262275964895e-07,-1.7881615121950745e-07,-3.232248149687145e-11,3.158956289291382
180.4113148015167,-113.62179565429688,-8.522982597351074,90.99493408203125,0.00027617932718369446,-6.760847375775675e-05,-0.0010212464429524937,2.0676541328430176,0.003178529441356659,0.03995055705308914,9.797500610351562,1.4661907243862515e-09,4.6328202074619185e-07,4.98419101130354e-12,3.158956289291382
180.50959531331318,-113.62179565429688,-8.522982597351074,90.99493408203125,0.0003989505648349827,-6.760847375775675e-05,-0.0010212464429524937,2.067631721496582,-0.0050149341113865376,8.681975305080414e-05,9.81812572479248,3.125713021745469e-08,-1.4516187718527362e-07,-2.1578211439887696e-11,3.158956289291382
180.60911421032506,-113.62179565429688,-8.522982597351074,90.99493408203125,0.0006061935574931846,-6.760847375775675e-05,-0.0010212464429524937,2.067612648010254,0.0035943761467933655,-0.080074742436409,9.858125686645508,1.5735622582724318e-08,2.0302366010582773e-07,1.6283524528759585e-10,3.158956289291382
180.7096702225681,-113.62179565429688,-8.522982597351074,90.99493408203125,0.00017192841418568758,-6.760847375775675e-05,-0.0010212464429524937,2.06762957572937,-0.002515304135158658,4.341010935604572e-05,9.813750267028809,3.327662057017733e-08,-3.2730943644310173e-07,-1.7590826018043515e-10,3.158956289291382
180.81078189538675,-113.62179565429688,-8.522982597351074,90.99493408203125,0.0,-6.760847375775675e-05,-0.0010212464429524937,2.0676331520080566,-0.0029312744736671448,0.12006870657205582,9.828750610351562,0.0,0.0,0.0,3.158956289291382
180.91049293169635,-113.62179565429688,-8.522982597351074,90.99493408203125,0.00043850898520834416,-6.760847375775675e-05,-0.0010212464429524937,2.0676567554473877,0.005399532616138458,-0.12011212110519409,9.803125381469727,4.8591932255703796e-08,3.908708734456923e-08,3.801852767066488e-13,3.158956289291382
181.02333822401124,-113.62179565429688,-8.522982597351074,90.99493408203125,7.322787943247158e-05,-6.760847375775675e-05,-0.0010212464429524937,2.06766939163208,-0.001820731908082962,0.0400373712182045,9.805000305175781,6.686970266400749e-08,2.3802158466423862e-08,-1.3562574999702315e-13,3.158956289291382
181.12042848134297,-113.62179565429688,-8.522982597351074,90.99493408203125,0.00012637137898692478,-6.760847375775675e-05,-0.0010212464429524937,2.0676639080047607,0.0024839872494339943,-4.341010935604572e-05,9.785000801086426,6.856590317738664e-08,3.6318432705684245e-08,-2.2732813895198767e-13,3.158956289291382
181.21828407348949,-113.62179565429688,-8.522982597351074,90.99493408203125,1.8496518478043885e-05,-6.760847375775675e-05,-0.0010212464429524937,2.067655563354492,-1.566737591929268e-05,0.0,9.805000305175781,5.576434958243226e-08,5.24530179291105e-08,2.3956906337191386e-12,3.158956289291382
181.31533869469422,-113.62179565429688,-8.522982597351074,90.99493408203125,0.00048474309743893994,-6.760847375775675e-05,-0.0010212464429524937,2.067641019821167,-1.5781224647071213e-05,9.094947017729282e-13,9.876250267028809,5.7822390431283566e-08,3.288897332254237e-08,-3.3857072419089806e-14,3.158956289291382
181.41290064455825,-113.62179565429688,-8.522982597351074,90.99493408203125,7.28559814678759e-05,-6.760847375775675e-05,-0.0010212464429524937,2.0676417350769043,-1.5687350241933018e-05,9.094947017729282e-13,9.817500114440918,-3.487807589408476e-07,-2.059851738067664e-07,-2.6972542255254695e-11,3.158956289291382
181.51506867000717,-113.62179565429688,-8.522982597351074,90.99493408203125,0.0003335762017680943,-6.760847375775675e-05,-0.0010212464429524937,2.067619800567627,0.00137338787317276,0.07998792827129364,9.84375,9.519552435222067e-08,6.893759518789011e-08,-1.4318589716677543e-11,3.158956289291382
181.62127866709488,-113.62179565429688,-8.522982597351074,90.99493408203125,0.0006871175723598974,-6.760847375775675e-05,-0.0010212464429524937,2.067615032196045,-0.0029313042759895325,0.12006870657205582,9.846875190734863,1.297373444231198e-07,8.077677193796262e-08,1.3898795309108536e-12,3.158956289291382
181.7179248679604,-113.62179565429688,-8.522982597351074,90.99493408203125,0.00021824360123200783,-6.760847375775675e-05,-0.0010212464429524937,2.067619800567627,-0.0018207766115665436,0.0400373749434948,9.836874961853027,-6.269113583812214e-08,-3.8623895193268254e-08,-3.6622725685386825e-11,3.158956289291382
181.81549861395615,-113.62179565429688,-8.522982597351074,90.99493408203125,0.00038071631718843667,-6.760847375775675e-05,-0.0010212464429524937,2.067629098892212,-0.0007103011012077332,-0.03999396413564682,9.848750114440918,-1.8554577252416493e-07,-9.826906932630664e-08,-8.749721433498614e-12,3.158956289291382
181.91030532421428,-113.62179565429688,-8.522982597351074,90.99493408203125,0.00017901897525450335,-6.760847375775675e-05,-0.0010212464429524937,2.0676519870758057,-0.001820731908082962,0.0400373712182045,9.80625057220459,2.071722775554008e-07,1.3423441203030961e-07,1.7761407622440828e-10,3.158956289291382
182.0220524931501,-113.62179565429688,-8.522982597351074,90.99493408203125,9.937763739231926e-05,-6.760847375775675e-05,-0.0010212464429524937,2.0676558017730713,-0.0018207766115665436,0.0400373712182045,9.834375381469727,1.6441401839983882e-07,1.0336195543914073e-07,-1.120183546615694e-11,3.158956289291382
182.11968970132875,-113.62179565429688,-8.522982597351074,90.99493408203125,3.980636428929315e-05,-6.760847375775675e-05,-0.0010212464429524937,2.0676584243774414,-0.0007102340459823608,-0.03999396786093712,9.809375762939453,1.8211695262948524e-08,2.5643069889724757e-08,-4.36239755527857e-14,3.158956289291382
182.21680714117247,-113.62179565429688,-8.522982597351074,90.99493408203125,0.0003396320493209973,-6.760847375775675e-05,-0.0010212464429524937,2.0676584243774414,-0.0011261627078056335,0.08003133535385132,9.796875,6.253009132706211e-08,-4.7369599087687675e-07,-1.707704672115895e-10,3.158956289291382
182.31379443520564,-113.62179565429688,-8.522982597351074,90.99493408203125,4.388332413483906e-05,-6.760847375775675e-05,-0.0010212464429524937,2.0676584243774414,0.004289019852876663,-0.04008078575134277,9.803125381469727,5.491558141557107e-08,3.0486145163877154e-08,-5.898255516813278e-13,3.158956289291382
182.41260677130776,-113.62179565429688,-8.522982597351074,90.99493408203125,0.000525493582462013,-6.760847375775675e-05,-0.0010212464429524937,2.0676462650299072,0.004983610939234495,-8.682021871209145e-05,9.784375190734863,7.993953232698914e-08,5.429575367088546e-08,1.4390006547460032e-11,3.158956289291382
182.52226269451785,-113.62179565429688,-8.522982597351074,90.99493408203125,0.0004133176699311846,-6.760847375775675e-05,-0.0010212464429524937,2.0676636695861816,-0.0018207505345344543,0.0400373749434948,9.81812572479248,3.10408267978346e-08,2.6201313119145198e-08,9.439318901169336e-13,3.158956289291382
182.62647247427958,-113.62179565429688,-8.522982597351074,90.99493408203125,0.0001768684309627395,-6.760847375775675e-05,-0.0010212464429524937,2.0676732063293457,0.006094068288803101,-0.08011815696954727,9.815000534057617,6.183526579661702e-08,5.1315780069671746e-08,1.678316791098311e-10,3.158956289291382
182.72651338318246,-113.62179565429688,-8.522982597351074,90.99493408203125,0.0001631927455217676,-6.760847375775675e-05,-0.0010212464429524937,2.0676894187927246,0.0010947957634925842,-0.08003134280443192,9.827500343322754,9.986171534137611e-08,7.327418671820851e-08,-1.0264688404815203e-12,3.158956289291382
182.81718292480218,-113.62179565429688,-8.522982597351074,90.99493408203125,0.0002475070947700086,-6.760847375775675e-05,-0.0010212464429524937,2.06766939163208,-0.0018207468092441559,0.0400373712182045,9.816875457763672,6.832853216565127e-08,7.84648435114832e-08,-1.9668136477107856e-12,3.158956289291382
182.9139385057788,-113.62179565429688,-8.522982597351074,90.99493408203125,2.6364325532176824e-05,-6.760847375775675e-05,-0.0010212464429524937,2.067646026611328,0.003178488463163376,0.03995055705308914,9.82187557220459,2.685187183715243e-08,-1.525503279253826e-08,-2.018905225290024e-12,3.158956289291382
183.0113369852479,-113.62179565429688,-8.522982597351074,90.99493408203125,0.00017204285844688993,-6.760847375775675e-05,-0.0010212464429524937,2.0676381587982178,-0.002931252121925354,0.12006870657205582,9.816250801086426,-3.6877040088256763e-07,-2.4076115323623526e-07,-2.643379265476753e-11,3.158956289291382
183.11198920404422,-113.62179565429688,-8.522982597351074,90.99493408203125,0.0007255935343624619,-6.760847375775675e-05,-0.0010212464429524937,2.067636728286743,-0.004320450127124786,0.04008078575134277,9.863750457763672,3.884180799218484e-08,4.4720113834273434e-08,-2.504092853211626e-13,3.158956289291382
183.21578587332624,-113.62179565429688,-8.522982597351074,90.99493408203125,7.543563788717202e-05,-6.760847375775675e-05,-0.0010212464429524937,2.0676820278167725,-0.007235884666442871,0.1601494997739792,9.786250114440918,4.317449509017024e-08,5.6226230782385755e-08,-1.0064271464826913e-12,3.158956289291382
183.31865671483683,-113.62179565429688,-8.522982597351074,90.99493408203125,0.000343594554582123,-6.760847375775675e-05,-0.0010212464429524937,2.0676846504211426,0.004704877734184265,-0.1601060926914215,9.860000610351562,-9.132246958643009e-09,6.801652130405955e-09,2.7248691584352835e-12,3.158956289291382
183.42051261218148,-113.62179565429688,-8.522982597351074,90.99493408203125,1.6670228722974044e-05,-6.760847375775675e-05,-0.0010212464429524937,2.0676801204681396,-1.5675364920753054e-05,0.0,9.8100004196167,3.659630110064427e-08,3.6156329485947936e-08,-7.052529133605434e-13,3.158956289291382
183.52163473257679,-113.62179565429688,-8.522982597351074,90.99493408203125,1.753807726075535e-05,-6.760847375775675e-05,-0.0010212464429524937,2.067678928375244,-0.0018207207322120667,0.0400373749434948,9.798750877380371,2.641873741993095e-08,5.3350262874118926e-08,2.661018454197528e-11,3.158956289291382
183.61746045036125,-113.62179565429688,-8.522982597351074,90.99493408203125,0.0005828857540691559,-6.760847375775675e-05,-0.0010212464429524937,2.067631721496582,-0.002515306230634451,4.340987652540207e-05,9.815000534057617,7.03581122252217e-08,7.57479412527573e-08,1.5205670056417375e-11,3.158956289291382
183.7163787141617,-113.62179565429688,-8.522982597351074,90.99493408203125,0.0004853057616884302,-6.760847375775675e-05,-0.0010212464429524937,2.067610025405884,0.00040031224489212036,-0.12002529948949814,9.7787504196167,1.0545980977383351e-08,-2.1176838060910086e-10,3.918699945700682e-13,3.158956289291382
183.82186365986126,-113.62179565429688,-8.522982597351074,90.99493408203125,0.0008300780900770475,-6.760847375775675e-05,-0.0010212464429524937,2.0676209926605225,0.0010949373245239258,-0.08003134280443192,9.741875648498535,1.782971992270177e-09,9.251682975275344e-09,4.648892490584366e-13,3.158956289291382
183.91845470221597,-113.62179565429688,-8.522982597351074,90.99493408203125,0.00024500369920530383,-6.760847375775675e-05,-0.0010212464429524937,2.06762957572937,0.002483946504071355,-4.341010935604572e-05,9.810625076293945,2.212295235892725e-08,3.755666355687026e-08,-2.2642770904773846e-13,3.158956289291382
184.01329666862148,-113.62179565429688,-8.522982597351074,90.99493408203125,0.00011822223336748433,-6.760847375775675e-05,-0.0010212464429524937,2.067645788192749,0.0006788969039916992,0.03999396413564682,9.804375648498535,4.0818282087684565e-08,2.636177853787558e-08,-6.252847089931179e-13,3.158956289291382
184.12688384970534,-113.62179565429688,-8.522982597351074,90.99493408203125,8.767128020189337e-05,-6.760847375775675e-05,-0.0010212464429524937,2.0676424503326416,-1.5665376849938184e-05,9.094947017729282e-13,9.803750038146973,-6.152703679873639e-09,4.0897063513511966e-11,6.48010616520478e-13,3.158956289291382
184.2277911475103,-113.62179565429688,-8.522982597351074,90.99493408203125,1.1072159451064472e-05,-6.760847375775675e-05,-0.0010212464429524937,2.0676300525665283,-0.005430862307548523,0.12011212110519409,9.811250686645508,2.944391397363688e-09,2.5755500843160917e-08,3.660319931268058e-13,3.158956289291382
184.32510937025654,-113.62179565429688,-8.522982597351074,90.99493408203125,0.0006885337644126411,-6.760847375775675e-05,-0.0010212464429524937,2.0676519870758057,0.003178507089614868,0.03995055705308914,9.808125495910645,4.601175618290654e-08,4.7082234999606953e-08,-1.9624384582639376e-12,3.158956289291382
184.42835278363782,-113.62179565429688,-8.522982597351074,90.99493408203125,0.0003408336491165051,-6.760847375775675e-05,-0.0010212464429524937,2.0676825046539307,0.0042890384793281555,-0.04008078575134277,9.79312515258789,6.797255025503546e-08,6.01612981654398e-08,-1.2031262488013117e-12,3.158956289291382
184.51680784134078,-113.62179565429688,-8.522982597351074,90.99493408203125,2.2893030283553937e-05,-6.760847375775675e-05,-0.0010212464429524937,2.067683696746826,0.006094031035900116,-0.08011816442012787,9.836250305175781,-3.547048947893927e-07,-7.966889370436547e-10,5.206169176319442e-11,3.158956289291382
184.63019263671595,-113.62179565429688,-8.522982597351074,90.99493408203125,0.0003249549830967618,-6.760847375775675e-05,-0.0010212464429524937,2.067626953125,0.0024839553516358137,-4.340987652540207e-05,9.805000305175781,2.660750340055529e-07,2.0399630784595502e-07,2.793195189032538e-11,3.158956289291382
184.7211631789978,-113.62179565429688,-8.522982597351074,90.99493408203125,0.00046449661289310986,-6.760847375775675e-05,-0.0010212464429524937,2.067655324935913,-0.004320390522480011,0.040080782026052475,9.828125,2.2036201130504196e-07,1.465164842784361e-07,2.6864363164569305e-11,3.158956289291382
184.82203672660398,-113.62179565429688,-8.522982597351074,90.99493408203125,9.629255554659395e-05,-6.760847375775675e-05,-0.0010212464429524937,2.0676820278167725,0.005399517714977264,-0.12011212110519409,9.805000305175781,-5.801987867926073e-07,-1.1571182767511345e-07,1.8291246989265986e-11,3.158956289291382
184.9281218351971,-113.62179565429688,-8.522982597351074,90.99493408203125,2.9931068642259928e-05,-6.760847375775675e-05,-0.0010212464429524937,2.067664623260498,-0.0068200863897800446,0.04012419283390045,9.873750686645508,1.840253727181107e-09,1.924083115056874e-09,4.430458007843169e-13,3.158956289291382
185.02064794974285,-113.62179565429688,-8.522982597351074,90.99493408203125,0.0005463933921807348,-6.760847375775675e-05,-0.0010212464429524937,2.067678451538086,0.0024839325342327356,-4.341010935604572e-05,9.819375038146973,1.2521041981017333e-09,3.665926584517365e-08,2.0240779538549525e-12,3.158956289291382
185.1227661606099,-113.62179565429688,-8.522982597351074,90.99493408203125,0.0003673410398614051,-6.760847375775675e-05,-0.0010212464429524937,2.067690849304199,-0.003625735640525818,0.0800747498869896,9.768125534057617,1.0214256462859339e-07,8.867255729683166e-08,-2.3580046335652805e-12,3.158956289291382
185.22383224984515,-113.62179565429688,-8.522982597351074,90.99493408203125,0.00010015967872895326,-6.760847375775675e-05,-0.0010212464429524937,2.067690372467041,0.0024839674588292837,-4.341010935604572e-05,9.797500610351562,5.165326797396119e-07,-1.3775922980130417e-07,-1.559879309054324e-10,3.158956289291382
185.32648223006981,-113.62179565429688,-8.522982597351074,90.99493408203125,0.00027724266189879004,-6.760847375775675e-05,-0.0010212464429524937,2.0676791667938232,-0.0007102154195308685,-0.03999396413564682,9.796875,6.294695253927785e-08,-3.8248253986239433e-07,-2.131328863397286e-10,3.158956289291382
185.42633933780598,-113.62179565429688,-8.522982597351074,90.99493408203125,2.909660372877121e-05,-6.760847375775675e-05,-0.0010212464429524937,2.0676848888397217,-0.000710219144821167,-0.03999396786093712,9.798750877380371,-1.6029442662102156e-08,8.504953186161401e-09,2.0675921912072237e-12,3.158956289291382
185.5272583544429,-113.62179565429688,-8.522982597351074,90.99493408203125,0.0002392244503637051,-6.760847375775675e-05,-0.0010212464429524937,2.0676791667938232,-1.5641409845557064e-05,0.0,9.788750648498535,-3.916331934306072e-07,-1.9764584635595384e-07,1.1761802642951125e-10,3.158956289291382
185.62730105334776,-113.62179565429688,-8.522982597351074,90.99493408203125,5.402582377512863e-06,-6.760847375775675e-05,-0.0010212464429524937,2.0676791667938232,-0.0032098591327667236,-0.03995055705308914,9.810625076293945,5.754708354288596e-08,6.106071737121965e-08,-3.8139123478310444e-13,3.158956289291382
185.7285044688906,-113.62179565429688,-8.522982597351074,90.99493408203125,0.0003038501604903054,-6.760847375775675e-05,-0.0010212464429524937,2.067673683166504,0.0024839674588292837,-4.341010935604572e-05,9.797500610351562,8.72017764663724e-08,6.70641995270671e-08,1.282797110722933e-13,3.158956289291382
185.82928645631182,-113.62179565429688,-8.522982597351074,90.99493408203125,1.0204660751253514e-06,-6.760847375775675e-05,-0.0010212464429524937,2.067675828933716,0.0060940757393836975,-0.08011815696954727,9.809375762939453,4.8542801778239664e-08,2.6670946340345836e-08,3.2087700552185794e-13,3.158956289291382
185.93090428059804,-113.62179565429688,-8.522982597351074,90.99493408203125,0.0003448677019293102,-6.760847375775675e-05,-0.0010212464429524937,2.067671060562134,0.007899187505245209,-0.12015552818775177,9.78125,6.555094955729146e-08,5.828673721453015e-08,-8.134674032468647e-13,3.158956289291382
186.03147206289577,-113.62179565429688,-8.522982597351074,90.99493408203125,1.5368469371326768e-05,-6.760847375775675e-05,-0.0010212464429524937,2.067675828933716,-0.001820731908082962,0.0400373712182045,9.805000305175781,7.053785822108694e-08,6.512259886903848e-08,1.0459848048469111e-12,3.158956289291382
186.13309898247826,-113.62179565429688,-8.522982597351074,90.99493408203125,0.0003244066033307066,-6.760847375775675e-05,-0.0010212464429524937,2.0676727294921875,-0.0018206797540187836,0.0400373712182045,9.77500057220459,7.045202465860712e-08,7.95854830926146e-08,1.8324397554891902e-11,3.158956289291382
186.21965109484154,-113.62179565429688,-8.522982597351074,90.99493408203125,0.000345220556497834,-6.760847375775675e-05,-0.0010212464429524937,2.067674398422241,0.0017893090844154358,-0.0400373749434948,9.857500076293945,1.1746661421341287e-08,1.4954148142010126e-08,8.312181238451233e-13,3.158956289291382
186.3204834202479,-113.62179565429688,-8.522982597351074,90.99493408203125,2.7875902567010263e-05,-6.760847375775675e-05,-0.0010212464429524937,2.067676305770874,-0.001820739358663559,0.0400373749434948,9.809375762939453,6.226444781987084e-08,4.7062087560334476e-08,-1.7695556391722489e-12,3.158956289291382
186.42190794667113,-113.62179565429688,-8.522982597351074,90.99493408203125,2.3732188585059965e-05,-6.760847375775675e-05,-0.0010212464429524937,2.067676305770874,-0.0025152801536023617,4.341010935604572e-05,9.798750877380371,5.5606914628469895e-08,4.883161253133039e-08,-2.7190744230840003e-13,3.158956289291382
186.52354649288463,-113.62179565429688,-8.522982597351074,90.99493408203125,0.0001148891400647752,-6.760847375775675e-05,-0.0010212464429524937,2.067676305770874,-0.001820739358663559,0.0400373749434948,9.813125610351562,8.569380582912345e-08,6.547117692434767e-08,7.80769871498721e-13,3.158956289291382
186.62777008322882,-113.62179565429688,-8.522982597351074,90.99493408203125,0.00037682056433981456,-6.760847375775675e-05,-0.0010212464429524937,2.0676677227020264,-0.002515258267521858,4.341010935604572e-05,9.785000801086426,4.17604049118836e-08,2.1840111941173745e-08,1.1192109928724256e-13,3.158956289291382
186.72472105847555,-113.62179565429688,-8.522982597351074,90.99493408203125,0.00018712043003989224,-6.760847375775675e-05,-0.0010212464429524937,2.067669153213501,-1.5668374544475228e-05,9.094947017729282e-13,9.805624961853027,8.115566174637934e-08,4.8544215758283826e-08,-5.27308665482229e-13,3.158956289291382
186.8272540999751,-113.62179565429688,-8.522982597351074,90.99493408203125,0.00018130778408679147,-6.760847375775675e-05,-0.0010212464429524937,2.0676779747009277,0.0028998777270317078,-0.12006871402263641,9.814375877380371,9.594914729404991e-08,5.0234213233579794e-08,1.8974358542700465e-11,3.158956289291382
186.92814633177477,-113.62179565429688,-8.522982597351074,90.99493408203125,8.066654214918442e-05,-6.760847375775675e-05,-0.0010212464429524937,2.067681312561035,-0.002515298081561923,4.340987652540207e-05,9.8100004196167,5.771152444822292e-08,5.190013396827453e-08,1.196055407493013e-12,3.158956289291382
187.02964348645764,-113.62179565429688,-8.522982597351074,90.99493408203125,4.288196744307637e-05,-6.760847375775675e-05,-0.0010212464429524937,2.0676777362823486,0.0013734400272369385,0.07998792827129364,9.811250686645508,1.3009409549624706e-08,1.424365159152785e-08,2.178155919518865e-11,3.158956289291382
187.13225148638594,-113.62179565429688,-8.522982597351074,90.99493408203125,7.151603604093801e-05,-6.760847375775675e-05,-0.0010212464429524937,2.067668914794922,-0.0007102414965629578,-0.03999396413564682,9.811875343322754,6.445648637054546e-08,4.6743188875097985e-08,-4.4076098023107524e-13,3.158956289291382
187.23444325683522,-113.62179565429688,-8.522982597351074,90.99493408203125,9.236812317734702e-05,-6.760847375775675e-05,-0.0010212464429524937,2.0676727294921875,-0.0011261850595474243,0.08003134280443192,9.811250686645508,9.599958872286152e-08,4.331487701847436e-08,-4.012013703029449e-13,3.158956289291382
187.33244555650163,-113.62179565429688,-8.522982597351074,90.99493408203125,0.00027784347256294093,-6.760847375775675e-05,-0.0010212464429524937,2.0676207542419434,-0.0025153912138193846,4.341010935604572e-05,9.868124961853027,1.1195484717063664e-07,6.410986941318697e-08,-1.2072430728704564e-12,3.158956289291382
187.4332697216596,-113.62179565429688,-8.522982597351074,90.99493408203125,1.0204316598347064e-05,-6.760847375775675e-05,-0.0010212464429524937,2.0676345825195312,0.0010947883129119873,-0.08003133535385132,9.834375381469727,3.227800604577169e-08,1.668952975819593e-08,-7.497037116544619e-14,3.158956289291382
187.5301322035666,-113.62179565429688,-8.522982597351074,90.99493408203125,0.00013382434639766072,-6.760847375775675e-05,-0.0010212464429524937,2.0676398277282715,-1.5662382793379948e-05,9.094947017729282e-13,9.801875114440918,8.798239292673316e-08,4.7204672171119455e-08,-9.872986759737468e-13,3.158956289291382
187.6272228846501,-113.62179565429688,-8.522982597351074,90.99493408203125,9.969711518509238e-05,-6.760847375775675e-05,-0.0010212464429524937,2.0676486492156982,-0.0007102116942405701,-0.03999396413564682,9.795625686645508,7.395896517436995e-08,6.513641892524902e-08,8.334495203363157e-13,3.158956289291382
187.72139768509078,-113.62179565429688,-8.522982597351074,90.99493408203125,0.0001121807101273132,-6.760847375775675e-05,-0.0010212464429524937,2.067662239074707,0.004983598366379738,-8.682021871209145e-05,9.792500495910645,7.488387154808152e-08,8.342698976093743e-08,3.822079111537313e-11,3.158956289291382
187.83287514394033,-113.62179565429688,-8.522982597351074,90.99493408203125,3.907203434764818e-05,-6.760847375775675e-05,-0.0010212464429524937,2.067657947540283,0.0028999149799346924,-0.12006870657205582,9.7943754196167,1.403037330760526e-08,8.343231883145563e-09,-5.269262131658847e-13,3.158956289291382
187.92953657286125,-113.62179565429688,-8.522982597351074,90.99493408203125,0.00020951271297699263,-6.760847375775675e-05,-0.0010212464429524937,2.067647695541382,-0.0018207244575023651,0.0400373749434948,9.803750038146973,2.8554941522429544e-08,2.0158642755063738e-08,2.30372773808718e-12,3.158956289291382
188.02644647026318,-113.62179565429688,-8.522982597351074,90.99493408203125,0.00015810965894614372,-6.760847375775675e-05,-0.0010212464429524937,2.0676472187042236,-1.5628427718183957e-05,9.094947017729282e-13,9.780625343322754,5.5532243692368866e-08,4.7573600170380814e-08,-8.540738103725298e-13,3.158956289291382
188.12233311703312,-113.62179565429688,-8.522982597351074,90.99493408203125,1.0733621552799476e-05,-6.760847375775675e-05,-0.0010212464429524937,2.0676562786102295,0.006094112992286682,-0.08011815696954727,9.788125038146973,8.598699707818014e-08,8.215989311111116e-08,-9.958036999158093e-13,3.158956289291382
188.2361203834589,-113.62179565429688,-8.522982597351074,90.99493408203125,0.0004006814851947497,-6.760847375775675e-05,-0.0010212464429524937,2.0676565170288086,-0.0014048293232917786,-0.07998792082071304,9.835625648498535,9.938970535472436e-09,8.451769950568178e-09,9.632964998590454e-13,3.158956289291382
188.3328650027688,-113.62179565429688,-8.522982597351074,90.99493408203125,2.921104512587214e-05,-6.760847375775675e-05,-0.0010212464429524937,2.067657947540283,0.0006789378821849823,0.03999396413564682,9.776250839233398,4.853413670957707e-08,2.3932887671662684e-08,1.0404024863852612e-11,3.158956289291382
188.42988795248675,-113.62179565429688,-8.522982597351074,90.99493408203125,1.426698063032334e-05,-6.760847375775675e-05,-0.0010212464429524937,2.067652940750122,0.006094083189964294,-0.08011815696954727,9.80875015258789,5.425804872061235e-08,4.000879272325619e-08,2.5238441545005763e-11,3.158956289291382
188.52539944110322,-113.62179565429688,-8.522982597351074,90.99493408203125,3.837586085097871e-05,-6.760847375775675e-05,-0.0010212464429524937,2.0676605701446533,-0.0007102265954017639,-0.03999396413564682,9.803125381469727,8.704265042069892e-08,6.547953290692021e-08,2.1208717074228112e-11,3.158956289291382
188.6216906516056,-113.62179565429688,-8.522982597351074,90.99493408203125,0.0,-6.760847375775675e-05,-0.0010212464429524937,2.0676629543304443,0.002483938354998827,-4.341010935604572e-05,9.815625190734863,0.0,0.0,0.0,3.158956289291382
188.72253036146867,-113.62179565429688,-8.522982597351074,90.99493408203125,0.0005827235873246462,-6.760847375775675e-05,-0.0010212464429524937,2.0676639080047607,-1.562443321745377e-05,9.094947017729282e-13,9.778125762939453,2.7009338765537905e-08,3.0385614024908136e-08,2.030715547975126e-13,3.158956289291382
188.83634177708882,-113.62179565429688,-8.522982597351074,90.99493408203125,0.00046653745831155147,-6.760847375775675e-05,-0.0010212464429524937,2.067671775817871,-1.562143734190613e-05,9.094947017729282e-13,9.776250839233398,6.910188687925256e-08,4.7217113774422614e-08,1.3896938070787068e-12,3.158956289291382
188.9376736629929,-113.62179565429688,-8.522982597351074,90.99493408203125,3.709830539991633e-06,-6.760847375775675e-05,-0.0010212464429524937,2.067657232284546,0.0006788969039916992,0.03999396413564682,9.801875114440918,7.823243208804342e-08,6.916598493944548e-08,-3.5946501851513712e-12,3.158956289291382
189.03551757449168,-113.62179565429688,-8.522982597351074,90.99493408203125,0.0,-6.760847375775675e-05,-0.0010212464429524937,2.0676589012145996,-0.0014047548174858093,-0.07998792827129364,9.787500381469727,0.0,0.0,0.0,3.158956289291382
189.13183650115388,-113.62179565429688,-8.522982597351074,90.99493408203125,0.00015206336694645938,-6.760847375775675e-05,-0.0010212464429524937,2.0676608085632324,-1.563042496854905e-05,9.094947017729282e-13,9.781875610351562,2.753697714297232e-08,2.249780628460485e-08,5.55786211324516e-13,3.158956289291382
189.22866310292738,-113.62179565429688,-8.522982597351074,90.99493408203125,0.00020005225129963316,-6.760847375775675e-05,-0.0010212464429524937,2.0676558017730713,0.003178521990776062,0.03995055705308914,9.800625801086426,7.518305977782802e-08,4.0616015439809416e-08,-5.849305415028816e-12,3.158956289291382
189.32571634018677,-113.62179565429688,-8.522982597351074,90.99493408203125,9.22013169319141e-05,-6.760847375775675e-05,-0.0010212464429524937,2.0676558017730713,-0.001820739358663559,0.0400373749434948,9.810625076293945,-6.813890536250256e-07,-1.7730923218550743e-07,1.9200606382607788e-11,3.158956289291382
189.43336611820268,-113.62179565429688,-8.522982597351074,90.99493408203125,0.00011309623459512962,-6.760847375775675e-05,-0.0010212464429524937,2.0676729679107666,-0.0043203867971897125,0.04008078575134277,9.827500343322754,8.376561311251862e-08,4.350097526639729e-08,-3.8727739548258255e-13,3.158956289291382
189.52820403056103,-113.62179565429688,-8.522982597351074,90.99493408203125,0.00024325847336429868,-6.760847375775675e-05,-0.0010212464429524937,2.0676560401916504,0.0017894506454467773,-0.0400373712182045,9.77125072479248,2.216963501666669e-09,1.6115878409550533e-08,-2.9026377113515467e-13,3.158956289291382
189.63449754865724,-113.62179565429688,-8.522982597351074,90.99493408203125,5.703926001291874e-05,-6.760847375775675e-05,-0.0010212464429524937,2.06766676902771,-0.0018207542598247528,0.0400373749434948,9.820625305175781,5.5989257674582404e-08,5.6624951838557536e-08,-1.3576727632760854e-12,3.158956289291382
189.72784936448443,-113.62179565429688,-8.522982597351074,90.99493408203125,0.0001382493996502932,-6.760847375775675e-05,-0.0010212464429524937,2.0676627159118652,-0.0007102563977241516,-0.03999396413564682,9.822500228881836,7.592642958798024e-08,4.622482663307892e-08,-1.7677755093092884e-10,3.158956289291382
189.83799243645626,-113.62179565429688,-8.522982597351074,90.99493408203125,0.0001678132991180938,-6.760847375775675e-05,-0.0010212464429524937,2.0676612854003906,0.0017894506454467773,-0.0400373712182045,9.770000457763672,1.2901972468171152e-07,7.24190698520033e-08,-2.0786391271426785e-12,3.158956289291382
189.9340018296789,-113.62179565429688,-8.522982597351074,90.99493408203125,0.00025937557811746856,-6.760847375775675e-05,-0.0010212464429524937,2.06767201423645,0.0017893798649311066,-0.0400373712182045,9.816875457763672,-2.372962981667115e-08,2.2646732489306487e-08,2.228952786231808e-11,3.158956289291382
190.02903538403916,-113.62179565429688,-8.522982597351074,90.99493408203125,0.0002550792707338762,-6.760847375775675e-05,-0.0010212464429524937,2.067669630050659,0.0017893873155117035,-0.0400373749434948,9.8100004196167,1.6411526360116113e-08,4.90337015435216e-08,-9.588767497029083e-13,3.158956289291382
190.12582507749903,-113.62179565429688,-8.522982597351074,90.99493408203125,0.00010353088211241281,-6.760847375775675e-05,-0.0010212464429524937,2.0676584243774414,0.003178488463163376,0.03995055705308914,9.821249961853027,4.001582709634022e-08,5.5244949948018984e-08,8.316803192312539e-13,3.158956289291382
190.23894915005076,-113.62179565429688,-8.522982597351074,90.99493408203125,0.00010011672689306588,-6.760847375775675e-05,-0.0010212464429524937,2.0676515102386475,0.0006788969039916992,0.03999396413564682,9.804375648498535,7.53222764160455e-08,6.5435159513072e-08,-1.2841886842113182e-12,3.158956289291382
190.33777117563295,-113.62179565429688,-8.522982597351074,90.99493408203125,0.00023008347617341422,-6.760847375775675e-05,-0.0010212464429524937,2.067639112472534,-0.001820731908082962,0.0400373712182045,9.805624961853027,1.6083617992990185e-08,-4.861075808548776e-07,-1.73942416026307e-10,3.158956289291382
190.43423539141077,-113.62179565429688,-8.522982597351074,90.99493408203125,4.1055680150898905e-05,-6.760847375775675e-05,-0.0010212464429524937,2.0676486492156982,0.002483962569385767,-4.340987652540207e-05,9.800625801086426,6.840015487341589e-08,2.9637675424964982e-08,6.487334541088741e-13,3.158956289291382
190.53196715118247,-113.62179565429688,-8.522982597351074,90.99493408203125,0.00014019965652357447,-6.760847375775675e-05,-0.0010212464429524937,2.0676469802856445,-0.001126110553741455,0.08003134280443192,9.769375801086426,6.268864893854698e-08,4.274296117046106e-08,-9.829098255795254e-13,3.158956289291382
190.62800259070355,-113.62179565429688,-8.522982597351074,90.99493408203125,0.00020884040747177823,-6.760847375775675e-05,-0.0010212464429524937,2.067657947540283,0.003178514540195465,0.03995055332779884,9.805624961853027,-6.999409833952086e-07,3.058665356547863e-07,2.1812772421636595e-10,3.158956289291382
190.73922356424737,-113.62179565429688,-8.522982597351074,90.99493408203125,0.0002967119217009394,-6.760847375775675e-05,-0.0010212464429524937,2.0676565170288086,-0.004320383071899414,0.04008078575134277,9.82437515258789,1.6178391959442706e-09,1.1972221436451491e-08,1.6609916567156269e-12,3.158956289291382
190.8334414830606,-113.62179565429688,-8.522982597351074,90.99493408203125,0.00013719558810139801,-6.760847375775675e-05,-0.0010212464429524937,2.0676584243774414,-1.570133099448867e-05,9.094947017729282e-13,9.826250076293945,4.7282039616902694e-08,4.0799204015229407e-08,-4.116639483724843e-13,3.158956289291382
190.9301167607482,-113.62179565429688,-8.522982597351074,90.99493408203125,0.00010693552610200432,-6.760847375775675e-05,-0.0010212464429524937,2.0676465034484863,-0.002515345113351941,4.341010935604572e-05,9.839375495910645,-3.8173226357685053e-07,-2.18140201013739e-07,-2.5524594590708993e-11,3.158956289291382
191.02615494115162,-113.62179565429688,-8.522982597351074,90.99493408203125,1.0772001627548217e-05,-6.760847375775675e-05,-0.0010212464429524937,2.0676498413085938,-0.002931267023086548,0.12006870657205582,9.820000648498535,-3.7192162949395424e-07,-1.909988043280464e-07,-2.958390823981638e-11,3.158956289291382
191.13723344469327,-113.62179565429688,-8.522982597351074,90.99493408203125,0.0005536365206479099,-6.760847375775675e-05,-0.0010212464429524937,2.0676567554473877,0.0017892718315124512,-0.0400373712182045,9.881875038146973,1.9845113996552755e-08,1.2577700658766844e-08,2.7948658470021426e-13,3.158956289291382
191.23318923005718,-113.62179565429688,-8.522982597351074,90.99493408203125,3.711700384392729e-05,-6.760847375775675e-05,-0.0010212464429524937,2.0676608085632324,0.0017894096672534943,-0.0400373749434948,9.795625686645508,5.4137579752477905e-08,2.831276191272991e-08,-7.174158185921375e-13,3.158956289291382
191.3289372746076,-113.62179565429688,-8.522982597351074,90.99493408203125,4.644394206923e-05,-6.760847375775675e-05,-0.0010212464429524937,2.0676608085632324,-0.0011261925101280212,0.08003133535385132,9.817500114440918,8.379323901408497e-08,4.087804228447567e-08,-1.0162011206474308e-12,3.158956289291382
191.43437692077714,-113.62179565429688,-8.522982597351074,90.99493408203125,0.0003087949592768878,-6.760847375775675e-05,-0.0010212464429524937,2.0676844120025635,0.001789391040802002,-0.0400373712182045,9.807500839233398,8.357020675475724e-08,5.5605404725156404e-08,-1.1779503587827644e-11,3.158956289291382
191.5357498714875,-113.62179565429688,-8.522982597351074,90.99493408203125,0.00031219481025053866,-6.760847375775675e-05,-0.0010212464429524937,2.0676894187927246,0.0024839863181114197,-4.340987652540207e-05,9.785625457763672,-5.55657209133642e-09,1.7406587282664532e-09,-2.5467827716521563e-13,3.158956289291382
191.63605538310367,-113.62179565429688,-8.522982597351074,90.99493408203125,1.4724731786987608e-05,-6.760847375775675e-05,-0.0010212464429524937,2.06768798828125,0.002483938354998827,-4.341010935604572e-05,9.815625190734863,1.9371867665540776e-08,2.0183078319746528e-08,-5.813469280621653e-13,3.158956289291382
191.7302297318529,-113.62179565429688,-8.522982597351074,90.99493408203125,0.0007503413944874482,-6.760847375775675e-05,-0.0010212464429524937,2.06764817237854,0.006094112992286682,-0.08011815696954727,9.787500381469727,4.86033613356085e-08,2.2073979977221825e-08,1.592831699870345e-10,3.158956289291382
191.837240675668,-113.62179565429688,-8.522982597351074,90.99493408203125,8.525371326071136e-05,-6.760847375775675e-05,-0.0010212464429524937,2.067657470703125,0.0017894022166728973,-0.0400373749434948,9.800625801086426,5.5047273406216846e-08,5.524427848513369e-08,-9.151754874758833e-13,3.158956289291382
191.9432507205929,-113.62179565429688,-8.522982597351074,90.99493408203125,7.286071927551327e-05,-6.760847375775675e-05,-0.0010212464429524937,2.0676398277282715,0.004983579274266958,-8.681975305080414e-05,9.804375648498535,1.2546054861672928e-08,1.017581396922651e-08,1.1938506823752637e-12,3.158956289291382
192.03828955834615,-113.62179565429688,-8.522982597351074,90.99493408203125,0.0005837869249443127,-6.760847375775675e-05,-0.0010212464429524937,2.067664384841919,-0.002515351166948676,4.341010935604572e-05,9.843125343322754,5.702081651293156e-08,4.3773187741180664e-08,-4.650957353621865e-13,3.158956289291382
192.13898600099492,-113.62179565429688,-8.522982597351074,90.99493408203125,0.0001326990174526156,-6.760847375775675e-05,-0.0010212464429524937,2.0676991939544678,0.0035944506525993347,-0.0800747498869896,9.810625076293945,7.774319499276316e-08,3.589475738863257e-08,-9.845276720613083e-13,3.158956289291382
192.24060912264395,-113.62179565429688,-8.522982597351074,90.99493408203125,0.00013228415660190946,-6.760847375775675e-05,-0.0010212464429524937,2.0676965713500977,0.0035944655537605286,-0.0800747498869896,9.797500610351562,5.6247493773753376e-08,2.5101734024701727e-08,1.9523261479692522e-11,3.158956289291382
192.34341422395664,-113.62179565429688,-8.522982597351074,90.99493408203125,0.0004043245280642637,-6.760847375775675e-05,-0.0010212464429524937,2.067683219909668,0.004289068281650543,-0.04008078575134277,9.772500038146973,6.206159142152501e-09,1.9238082238359766e-09,3.4470093879940267e-13,3.158956289291382
192.43119114098954,-113.62179565429688,-8.522982597351074,90.99493408203125,0.00025063037187322737,-6.760847375775675e-05,-0.0010212464429524937,2.067657947540283,0.004288945347070694,-0.04008078575134277,9.851875305175781,4.379565865519908e-08,2.9298831805135706e-08,-4.331983448173371e-13,3.158956289291382
192.541017303447,-113.62179565429688,-8.522982597351074,90.99493408203125,0.00032334803867533924,-6.760847375775675e-05,-0.0010212464429524937,2.0676658153533936,-0.0007102116942405701,-0.03999396786093712,9.795000076293945,3.425958183811417e-08,6.634959959228581e-08,1.0603984704204983e-11,3.158956289291382
192.63777281178045,-113.62179565429688,-8.522982597351074,90.99493408203125,0.00040298463704483,-6.760847375775675e-05,-0.0010212464429524937,2.067650556564331,-0.0007103532552719116,-0.03999396413564682,9.883125305175781,-7.185136610132759e-07,-1.6169730088222423e-07,1.8638006069049418e-11,3.158956289291382
192.73333308121073,-113.62179565429688,-8.522982597351074,90.99493408203125,6.888402025258513e-05,-6.760847375775675e-05,-0.0010212464429524937,2.067655086517334,-0.004320360720157623,0.04008078575134277,9.80875015258789,-7.721266115368053e-07,3.0608356382799684e-07,2.1839990926864061e-10,3.158956289291382
192.82913827543962,-113.62179565429688,-8.522982597351074,90.99493408203125,0.00014816284388293735,-6.760847375775675e-05,-0.0010212464429524937,2.0676584243774414,0.0010948404669761658,-0.08003134280443192,9.798125267028809,1.3472549653670285e-07,4.864820368766232e-08,-6.601818701088003e-13,3.158956289291382
192.94174761345494,-113.62179565429688,-8.522982597351074,90.99493408203125,0.00018396380789424257,-6.760847375775675e-05,-0.0010212464429524937,2.0676560401916504,0.0010948404669761658,-0.08003134280443192,9.797500610351562,-6.371034260155284e-07,-1.826026050366636e-07,1.850601616393277e-11,3.158956289291382
193.03791054544854,-113.62179565429688,-8.522982597351074,90.99493408203125,1.3761709178262638e-05,-6.760847375775675e-05,-0.0010212464429524937,2.0676536560058594,-0.004320383071899414,0.04008078575134277,9.823750495910645,-3.5233858852734556e-07,-2.0713241610792466e-07,-2.5561018579534078e-11,3.158956289291382
193.1343251990329,-113.62179565429688,-8.522982597351074,90.99493408203125,0.00027603627033399836,-6.760847375775675e-05,-0.0010212464429524937,2.0676567554473877,0.006094053387641907,-0.08011815696954727,9.822500228881836,1.1639922092854249e-07,7.559361137055021e-08,-2.2201745650263227e-12,3.158956289291382
193.24572905732202,-113.62179565429688,-8.522982597351074,90.99493408203125,8.141040821266454e-05,-6.760847375775675e-05,-0.0010212464429524937,2.0676534175872803,-0.001820739358663559,0.0400373749434948,9.8100004196167,5.6104440204762795e-08,-1.0478741785391321e-07,-1.922746406535225e-10,3.158956289291382
193.3398879340093,-113.62179565429688,-8.522982597351074,90.99493408203125,3.474714365130846e-05,-6.760847375775675e-05,-0.0010212464429524937,2.0676586627960205,-0.0043203458189964294,0.04008078575134277,9.799375534057617,6.545917585754069e-08,2.1477589484675264e-07,1.0409757257578978e-11,3.158956289291382
193.4454803794797,-113.62179565429688,-8.522982597351074,90.99493408203125,0.00012516020981986957,-6.760847375775675e-05,-0.0010212464429524937,2.067678451538086,0.0010948702692985535,-0.08003134280443192,9.783125877380371,6.975765387551291e-08,1.1596886650977467e-07,1.7136879415513562e-10,3.158956289291382
193.53514797912794,-113.62179565429688,-8.522982597351074,90.99493408203125,0.00031078814286484744,-6.760847375775675e-05,-0.0010212464429524937,2.0676803588867188,-0.0018206797540187836,0.0400373712182045,9.773750305175781,-3.910247414751211e-07,-1.5412103948619915e-07,1.472987842809914e-10,3.158956289291382
193.63456454427796,-113.62179565429688,-8.522982597351074,90.99493408203125,0.0008997535333199241,-6.760847375775675e-05,-0.0010212464429524937,2.067636728286743,-0.0018207021057605743,0.0400373749434948,9.788125038146973,2.8431559329078482e-08,1.9612496515719613e-08,-1.1214474444562472e-12,3.158956289291382
193.74646518213558,-113.62179565429688,-8.522982597351074,90.99493408203125,0.0002931976341931422,-6.760847375775675e-05,-0.0010212464429524937,2.067654609680176,-0.0018207579851150513,0.0400373749434948,9.82187557220459,1.6105920153108855e-08,1.990658837769388e-08,5.149429927603366e-12,3.158956289291382
193.83201466521132,-113.62179565429688,-8.522982597351074,90.99493408203125,0.00012905129386958942,-6.760847375775675e-05,-0.0010212464429524937,2.0676321983337402,0.002483888529241085,-4.341010935604572e-05,9.846875190734863,8.598889849054103e-07,2.9686259495065315e-07,-2.0767545669264642e-11,3.158956289291382
193.93345841785776,-113.62179565429688,-8.522982597351074,90.99493408203125,0.000505351985867651,-6.760847375775675e-05,-0.0010212464429524937,2.0676345825195312,-0.005014992784708738,8.682021871209145e-05,9.855000495910645,1.2893907808120275e-07,7.784585420722578e-08,-2.6381440434986025e-12,3.158956289291382
194.04653017615783,-113.62179565429688,-8.522982597351074,90.99493408203125,5.8841702460655726e-05,-6.760847375775675e-05,-0.0010212464429524937,2.0676302909851074,0.0024839274119585752,-4.340987652540207e-05,9.822500228881836,2.9897060382921836e-09,5.7316125179340816e-09,1.0673421348139644e-11,3.158956289291382
194.14374295642483,-113.62179565429688,-8.522982597351074,90.99493408203125,0.00021227358980691828,-6.760847375775675e-05,-0.0010212464429524937,2.0676379203796387,-0.0025152971502393484,4.341010935604572e-05,9.809375762939453,5.714642270504555e-08,3.2914076797396774e-08,-5.8682598710890765e-12,3.158956289291382
194.24182720502722,-113.62179565429688,-8.522982597351074,90.99493408203125,0.0003133296851730178,-6.760847375775675e-05,-0.0010212464429524937,2.067636728286743,-1.567137223901227e-05,9.094947017729282e-13,9.807500839233398,5.778231226827302e-08,2.7798044754945295e-08,1.765972242571967e-12,3.158956289291382
194.33661361059058,-113.62179565429688,-8.522982597351074,90.99493408203125,0.0002116012615855084,-6.760847375775675e-05,-0.0010212464429524937,2.0676567554473877,0.006094068288803101,-0.08011815696954727,9.815000534057617,-3.8818672010165756e-07,-2.1287030449457234e-07,-3.0144182289193466e-11,3.158956289291382
194.43966701833415,-113.62179565429688,-8.522982597351074,90.99493408203125,0.0009867476765231728,-6.760847375775675e-05,-0.0010212464429524937,2.067617177963257,0.0017894022166728973,-0.0400373749434948,9.801250457763672,3.130335812784324e-08,1.9497502279364198e-08,2.056725015991967e-13,3.158956289291382
194.532707981969,-113.62179565429688,-8.522982597351074,90.99493408203125,0.0001368236563909586,-6.760847375775675e-05,-0.0010212464429524937,2.067617177963257,-0.0025152843445539474,4.341010935604572e-05,9.801250457763672,3.7776274552925315e-08,2.7542995439944207e-08,2.1610291681128935e-11,3.158956289291382
194.63514247557032,-113.62179565429688,-8.522982597351074,90.99493408203125,0.0001055335969971745,-6.760847375775675e-05,-0.0010212464429524937,2.0676348209381104,-1.5638415788998827e-05,0.0,9.78687572479248,7.115379219158058e-08,5.395133229058047e-08,-7.464427838853316e-13,3.158956289291382
194.74831321203965,-113.62179565429688,-8.522982597351074,90.99493408203125,5.514625736241769e-05,-6.760847375775675e-05,-0.0010212464429524937,2.06766939163208,0.0035944879055023193,-0.080074742436409,9.785000801086426,-3.446967298259551e-07,-1.763767443208053e-07,-3.000105025519062e-11,3.158956289291382
194.84581321963924,-113.62179565429688,-8.522982597351074,90.99493408203125,0.00015131956467057114,-6.760847375775675e-05,-0.0010212464429524937,2.0676660537719727,0.003178536891937256,0.03995055705308914,9.79062557220459,-7.61569253882044e-07,2.627031108204392e-07,2.003076177148344e-10,3.158956289291382
194.9434280313726,-113.62179565429688,-8.522982597351074,90.99493408203125,0.0001246976767453925,-6.760847375775675e-05,-0.0010212464429524937,2.0676612854003906,-0.0025153302121907473,4.341010935604572e-05,9.830000877380371,5.2935227756734093e-08,3.1895297070150264e-08,4.037278844570835e-11,3.158956289291382
195.0396571822639,-113.62179565429688,-8.522982597351074,90.99493408203125,0.0003584480156123945,-6.760847375775675e-05,-0.0010212464429524937,2.067660331726074,-0.006819926202297211,0.04012419283390045,9.772500038146973,2.706242518968338e-08,5.477392051034258e-08,-1.7850158851029363e-10,3.158956289291382
195.13727345244843,-113.62179565429688,-8.522982597351074,90.99493408203125,0.00017814644844731418,-6.760847375775675e-05,-0.0010212464429524937,2.067652940750122,0.0024839863181114197,-4.340987652540207e-05,9.785625457763672,8.403536639889353e-07,3.183173475918011e-07,-2.0920197518758954e-10,3.158956289291382
195.248294599558,-113.62179565429688,-8.522982597351074,90.99493408203125,0.00022344112226026537,-6.760847375775675e-05,-0.0010212464429524937,2.0676517486572266,0.003178440034389496,0.03995055705308914,9.850625038146973,1.0012243478740857e-08,-2.4103666618202624e-08,-2.538176786803792e-11,3.158956289291382
195.33905807623523,-113.62179565429688,-8.522982597351074,90.99493408203125,0.000505933774049876,-6.760847375775675e-05,-0.0010212464429524937,2.06766414642334,0.0006788410246372223,0.03999396413564682,9.838750839233398,9.49704030972498e-08,3.0756552860111697e-07,9.763300411191889e-12,3.158956289291382
195.44510411584633,-113.62179565429688,-8.522982597351074,90.99493408203125,0.00014393330903565222,-6.760847375775675e-05,-0.0010212464429524937,2.06766939163208,-0.004320383071899414,0.04008078575134277,9.82187557220459,7.273703772625595e-08,-3.040393039555056e-07,-1.867622029250171e-10,3.158956289291382
195.54948529062676,-113.62179565429688,-8.522982597351074,90.99493408203125,0.00016636849458865922,-6.760847375775675e-05,-0.0010212464429524937,2.067674160003662,-0.0025153260212391615,4.340987652540207e-05,9.827500343322754,3.944754212170665e-08,-3.7761904536637303e-07,-1.8725226924587446e-10,3.158956289291382
195.63690912278253,-113.62179565429688,-8.522982597351074,90.99493408203125,2.5181910199845756e-05,-6.760847375775675e-05,-0.0010212464429524937,2.0676791667938232,0.0017893798649311066,-0.0400373712182045,9.814375877380371,-4.2192155547127186e-07,-2.417687028355431e-07,1.4427523065130288e-10,3.158956289291382
195.74127234725165,-113.62179565429688,-8.523045539855957,90.99493408203125,0.008036039348754334,-6.760891084970285e-05,-0.0010212464429524937,2.0676627159118652,-0.22393909096717834,-0.07612442970275879,9.803123474121094,1.786870416253805e-05,0.0011450807796791196,1.9837803847622126e-05,3.158956289291382
195.8464756209578,-113.62183380126953,-8.520755767822266,90.99474334716797,0.004589978389340852,-6.759026159333575e-05,-0.0010212467172062633,2.0677201747894287,0.24954159557819366,-0.08433309197425842,9.796225547790527,3.551389090716839e-05,0.0023569255135953426,7.986751370481215e-06,3.1589527130126953
195.94025882633287,-113.62191009521484,-8.516090393066406,90.99292755126953,0.057988206494989265,-6.75505119375312e-05,-0.0010212471285869177,2.067775011062622,0.0385451577603817,0.07936413586139679,9.839366912841797,-0.00018496703705750406,-0.0005598330753855407,0.01469769049435854,3.1589252948760986
196.0486612796958,-113.62235260009766,-8.501314163208008,90.96993255615234,0.3098817182224018,-6.742890181656567e-05,-0.001021247128586915,2.0681228637695312,3.9171462059020996,-0.10613393783569336,9.910441398620605,-0.00012684985995292664,-0.016256563365459442,-0.0062146480195224285,3.158518075942993
196.14666717147338,-113.62313842773438,-8.455642700195312,90.96092224121094,0.5483079566258342,-6.704014709744244e-05,-0.001021252750789194,2.068760633468628,1.3965948820114136,-0.06320011615753174,9.7227783203125,0.0001235082745552063,-0.005783314350992441,0.00857655331492424,3.15836238861084
196.24340428804862,-113.62406158447266,-8.3969087600708,90.9545669555664,0.648160879424159,-6.651178006847536e-05,-0.001021260018514091,2.068753719329834,1.0278215408325195,0.023098111152648926,9.782315254211426,-6.18472695350647e-05,0.0036811509635299444,0.012965064495801926,3.1582484245300293
196.3452678604226,-113.62517547607422,-8.323477745056152,90.95320129394531,0.8176170735104376,-6.584751172599118e-05,-0.0010212699602132435,2.068607807159424,2.672497034072876,0.11574983596801758,9.940258979797363,-0.00011391693260520697,-0.0015251350123435259,0.012935354374349117,3.15822696685791
196.44041100909817,-113.62664031982422,-8.231301307678223,90.94380950927734,1.1070767242996817,-6.50279643270459e-05,-0.0010212814103081286,2.068906307220459,3.303985595703125,0.225877046585083,9.817520141601562,-5.100341513752937e-05,-0.0074563282541930676,0.007528417278081179,3.158064842224121
196.54861120527494,-113.62875366210938,-8.093489646911621,90.93677520751953,1.3990509229259063,-6.379945741950798e-05,-0.0010212992368031609,2.069218397140503,2.450425624847412,0.0002880096435546875,9.754983901977539,3.933277912437916e-05,-0.002083843806758523,0.009424924850463867,3.15793776512146
196.63985249420512,-113.63089752197266,-7.95347261428833,90.93109893798828,1.6453492631254694,-6.254373082528722e-05,-0.0010213174746788482,2.069301128387451,2.638812303543091,-0.04250025749206543,9.809078216552734,6.40411744825542e-05,-0.000835164450109005,0.00693638576194644,3.1578426361083984
196.7417276093911,-113.63368225097656,-7.770508766174316,90.92434692382812,1.92139639452615,-6.0900680773806e-05,-0.0010213414718837006,2.0693490505218506,2.686344623565674,0.07706284523010254,9.78625774383545,-3.804903826676309e-06,-0.00013682561984751374,0.0050498428754508495,3.1577210426330566
196.84381093012053,-113.63687133789062,-7.560802459716797,90.91698455810547,2.168383876695215,-5.901471044545468e-05,-0.0010213690343875612,2.069303274154663,2.378751516342163,0.12232685089111328,9.78237247467041,4.3446547351777554e-05,0.0013455520384013653,0.004827816970646381,3.157594919204712
196.9381168281834,-113.64012145996094,-7.346435546875,90.91056060791016,2.354445020027579,-5.708412245687952e-05,-0.001021397282525847,2.069143533706665,1.8865795135498047,0.1304023265838623,9.788003921508789,9.656976908445358e-05,0.0034166136756539345,0.007444221526384354,3.1574864387512207
197.05178728533792,-113.64427185058594,-7.064451694488525,90.89810943603516,2.599239606892761,-5.454583096590434e-05,-0.0010214333468965718,2.0690059661865234,2.2579989433288574,-0.11543726921081543,9.79437255859375,-0.0008199196890927851,0.0006454732501879334,0.002887170761823654,3.15726375579834
197.14890955222654,-113.64784240722656,-6.7999396324157715,90.8747329711914,2.8296208608030287,-5.2169237783696855e-05,-0.0010214621435423934,2.0690267086029053,2.3733396530151367,-0.1164999008178711,9.795259475708008,0.00016106601106002927,-0.0007665810990147293,0.0013296139659360051,3.1568591594696045
197.24467486536014,-113.65162658691406,-6.516442775726318,90.8524169921875,3.0763602072291345,-4.96237599869021e-05,-0.0010214923114570643,2.0691092014312744,2.683297634124756,-0.04000115394592285,9.797890663146973,0.00017168757040053606,-0.0018841485725715756,-0.002953450195491314,3.1564714908599854
197.33981358559686,-113.6556396484375,-6.211080074310303,90.83246612548828,3.3203326293708355,-4.688198076893993e-05,-0.0010215249476556657,2.0691919326782227,2.563542604446411,-0.1171717643737793,9.805980682373047,0.0001567167928442359,-0.000987504725344479,-0.0033707956317812204,3.156118869781494
197.43723154367763,-113.66006469726562,-5.874523162841797,90.814453125,3.5694585872419116,-4.385851293257438e-05,-0.0010215616290973745,2.0692152976989746,2.6203060150146484,-0.03705430030822754,9.799412727355957,5.947781028226018e-05,-0.0005001192330382764,-0.0030274756718426943,3.1558077335357666
197.55193429553765,-113.66566467285156,-5.44642972946167,90.79582214355469,3.8761681804680728,-4.001261803267771e-05,-0.0010216089378726671,2.0692529678344727,2.739128828048706,0.0022177696228027344,9.817001342773438,3.8708560168743134e-05,-0.0008392409072257578,-0.002538585104048252,3.1554811000823975
197.64941686970997,-113.67076110839844,-5.054038047790527,90.78217315673828,4.153649181796396,-3.648820854435583e-05,-0.0010216526127855145,2.0693161487579346,2.903381109237671,-0.039334774017333984,9.81745719909668,1.1868425644934177e-05,-0.0013343595201149583,-0.0022433483973145485,3.155242919921875
197.74169047383475,-113.67591857910156,-4.656975746154785,90.77195739746094,4.430260305039749,-3.292237173849521e-05,-0.001021697179023118,2.0694148540496826,3.0290074348449707,-0.0004429817199707031,9.812286376953125,5.424139089882374e-06,-0.0015376269584521651,-0.001791608054190874,3.155067205429077
197.8495598921727,-113.6823501586914,-4.161578178405762,90.76280975341797,4.7004575918499665,-2.8470705968235128e-05,-0.0010217535381728318,2.069420337677002,1.7341969013214111,-0.06268203258514404,9.716996192932129,-1.556496135890484e-05,0.003614615648984909,-0.001262565841898322,3.154902458190918
197.9404027762066,-113.68781280517578,-3.738081932067871,90.7562255859375,4.5835095004156745,-2.4643061799696326e-05,-0.0010218018753997812,2.0687620639801025,-2.5542075634002686,0.033933162689208984,9.698233604431152,1.2505799531936646e-05,0.021951591596007347,-0.0011260820319876075,3.154790163040161
198.045864046755,-113.69377899169922,-3.2804994583129883,90.75312805175781,4.14995689456997,-2.0478663997975475e-05,-0.0010218554920118075,2.067167282104492,-4.097789287567139,-0.026174545288085938,9.831268310546875,-9.834207594394684e-05,0.026369113475084305,-0.0004563845868688077,3.154735803604126
198.15231057369965,-113.69926452636719,-2.857367753982544,90.75132751464844,3.8534040773837135,-1.664530442372009e-05,-0.0010219049262538465,2.066220283508301,-2.6624906063079834,-0.005333423614501953,9.876168251037598,4.753563553094864e-05,0.008146167732775211,-1.0083449524245225e-05,3.1547040939331055
198.24430787490564,-113.70382690429688,-2.5094146728515625,90.7503662109375,3.7574108394642267,-1.3518376495190901e-05,-0.00102194585862902,2.066216468811035,-0.3772478401660919,0.004610568284988403,9.919670104980469,-0.00021044397726655006,-0.007152334321290255,-0.0005411430029198527,3.1546902656555176
198.34280435854453,-113.70860290527344,-2.1341922283172607,90.74571990966797,3.8652725809711086,-1.0170247902819526e-05,-0.0010219880251461611,2.0669236183166504,1.5829998254776,0.05910944938659668,9.747055053710938,-7.956847548484802e-05,-0.01697213388979435,-0.0009720723028294742,3.1546034812927246
198.45092636274057,-113.71420288085938,-1.702305555343628,90.74461364746094,4.10027981555425,-6.321772232095028e-06,-0.0010220373908247703,2.0678956508636475,2.513397216796875,0.04746127128601074,9.81553840637207,5.1865354180336e-05,-0.015343214385211468,4.318017090554349e-06,3.154589891433716
198.55050292165834,-113.71968841552734,-1.2794047594070435,90.74461364746094,4.352080175396188,-2.543892267185378e-06,-0.0010220864136861712,2.0686235427856445,2.434624195098877,0.048638343811035156,9.749406814575195,-2.127140760421753e-05,-0.009100062772631645,-8.613772479293402e-06,3.154589891433716
198.65181123578805,-113.72544860839844,-0.8314059376716614,90.74195098876953,4.417015131089646,1.479563468862285e-06,-0.0010221379048315077,2.0687003135681152,-0.6970354318618774,0.009210526943206787,9.616991996765137,0.00012351199984550476,0.008086642250418663,-0.00025367728085257113,3.1545393466949463
198.7480249965738,-113.73064422607422,-0.41962340474128723,90.73675537109375,4.192552893863532,5.2089441720926425e-06,-0.0010221845965358717,2.067845106124878,-1.8459957838058472,-0.056513071060180664,9.931866645812988,-0.00047002360224723816,0.017298690974712372,-0.0020580256823450327,3.15445613861084
198.8446294760506,-113.73550415039062,-0.021131057292222977,90.72577667236328,4.109961428973339,8.809076626164416e-06,-0.001022226900179918,2.067270517349243,-0.2588396370410919,-0.15718355774879456,9.907936096191406,5.7412777096033096e-05,0.0038092094473540783,-0.0019383360631763935,3.1542599201202393
198.94240064101177,-113.74044799804688,0.3859899938106537,90.71619415283203,4.229757541105877,1.2460135112824247e-05,-0.001022269478077739,2.067500352859497,1.6504693031311035,0.05911695957183838,9.832989692687988,0.0001737494021654129,-0.009658749215304852,-0.0014306037919595838,3.1540894508361816
199.05541811065632,-113.74639129638672,0.8799750804901123,90.70761108398438,4.496613868136645,1.687510551438204e-05,-0.0010223210377865385,2.068244695663452,2.6763293743133545,-0.19303202629089355,9.786540031433105,0.00019417516887187958,-0.01232075970619917,-0.0009290457237511873,3.1539406776428223
199.15226749909925,-113.75180053710938,1.3300483226776123,90.7012710571289,4.768876258691283,2.0901089795198226e-05,-0.0010223684151253478,2.0688071250915527,2.984069347381592,-0.0363919734954834,9.770625114440918,-4.7237612307071686e-05,-0.00908592902123928,-0.001299262628890574,3.153834104537964
199.24681790472823,-113.75736236572266,1.7954232692718506,90.69513702392578,5.04677118228188,2.507125978173529e-05,-0.0010224172322964562,2.0692243576049805,2.9702272415161133,0.08421802520751953,10.00493335723877,7.59754329919815e-05,-0.005806843284517527,-0.0009500305168330669,3.153721570968628
199.34490385020035,-113.76349639892578,2.305396795272827,90.69233703613281,5.290762651294145,2.964853806391634e-05,-0.0010224715345429761,2.0695316791534424,3.029237747192383,0.003834962844848633,9.776937484741211,7.500080391764641e-05,0.003064038697630167,-0.001267309533432126,3.153672218322754
199.45433434119332,-113.77064514160156,2.895129442214966,90.68405151367188,5.366439835136048,3.49608421612678e-05,-0.0010225348186004813,2.0691444873809814,0.6289351582527161,0.03276658058166504,9.813522338867188,-0.0004987958818674088,0.016534239053726196,-0.031246401369571686,3.1535284519195557
199.55014612918603,-113.77689361572266,3.413201332092285,90.68228149414062,5.380634919556941,3.963524055978672e-05,-0.0010225908349330791,2.0685477256774902,0.09491558372974396,-0.0809348002076149,9.834256172180176,-0.00010556913912296295,0.014124288223683834,-0.031586065888404846,3.153498411178589
199.65087233038503,-113.7835922241211,3.9734957218170166,90.69186401367188,5.870115544345675,4.466050809021749e-05,-0.0010226524734679762,2.068824291229248,8.152052879333496,-0.01818370819091797,10.022553443908691,-0.0001808423548936844,-0.026708271354436874,-0.0014272393891587853,3.1536624431610107
199.75316481964546,-113.791259765625,4.617617130279541,90.68216705322266,6.520416094217158,5.0398115506772794e-05,-0.0010227197342051791,2.0703465938568115,5.096837520599365,-0.14040851593017578,9.611554145812988,-0.00027478206902742386,-0.012217464856803417,-0.001946695614606142,3.1534934043884277
199.85389608258265,-113.79904174804688,5.284859657287598,90.67120361328125,6.555766316218653,5.64055414957438e-05,-0.0010227880919574776,2.070005178451538,-1.6567590236663818,0.09964203834533691,9.615675926208496,0.00038581155240535736,0.02907063253223896,-0.003215266391634941,3.153301477432251
199.956516861188,-113.8066177368164,5.938470840454102,90.66940307617188,6.164521588362138,6.234286136473161e-05,-0.0010228565868366712,2.068084478378296,-4.3676910400390625,-0.06908559799194336,9.836376190185547,-0.00013679638504981995,0.03903883323073387,-0.02664967067539692,3.153275966644287
200.05695254655438,-113.81330108642578,6.534149646759033,90.68315124511719,5.704812462318908,6.774989014314675e-05,-0.0010229193223866922,2.0664381980895996,-4.879269599914551,-0.022266387939453125,9.87021255493164,0.00040168873965740204,0.026911888271570206,-0.025688061490654945,3.1535134315490723
200.14514220433193,-113.81892395019531,7.031325340270996,90.69551086425781,5.58327955188612,7.222989832645767e-05,-0.0010229715677299946,2.0660667419433594,-0.614474892616272,-0.11284613609313965,9.96566390991211,0.0007768315263092518,-0.0016555266920477152,-0.024494215846061707,3.153731346130371
200.2451901139866,-113.82522583007812,7.566765785217285,90.69795989990234,5.076082440830569,7.70545535092712e-05,-0.0010230284753874035,2.065671443939209,-4.822772979736328,-0.021502017974853516,9.822470664978027,0.0005149170756340027,0.016019871458411217,-0.028259433805942535,3.153775453567505
200.34708292895812,-113.83106994628906,8.060345649719238,90.69265747070312,4.649201046892346,8.150687491744678e-05,-0.001023080515040391,2.0650312900543213,-3.571542501449585,0.042729854583740234,9.934548377990723,-0.00011261738836765289,0.004041493870317936,-0.0010684033622965217,3.153677225112915
200.4483295327227,-113.83646392822266,8.52399730682373,90.68524932861328,4.566132550204961,8.565829708766629e-05,-0.00102312802950617,2.0654754638671875,0.15221941471099854,0.03764507174491882,9.926286697387695,-0.00028446875512599945,-0.017905425280332565,-0.0017421365482732654,3.1535532474517822
200.5505294270988,-113.84197998046875,8.999133110046387,90.67760467529297,4.7242642980486815,8.988684456029721e-05,-0.0010231759553526113,2.066772937774658,2.0396788120269775,-0.024395465850830078,9.813791275024414,-7.271766662597656e-05,-0.02380196936428547,-0.0013196045765653253,3.1534180641174316
200.65145256297546,-113.84762573242188,9.489870071411133,90.67127227783203,4.972060704470298,9.42584925079102e-05,-0.0010232251839044706,2.067981719970703,2.7406277656555176,-0.032113075256347656,9.772120475769043,-5.131959915161133e-05,-0.01810295321047306,-0.0010687417816370726,3.1533117294311523
200.75402120614308,-113.85363006591797,10.015666961669922,90.66502380371094,5.218984825294033,9.895763373874877e-05,-0.0010232778406284724,2.0689284801483154,2.9711427688598633,0.08567571640014648,9.752070426940918,1.6195233911275864e-05,-0.005870216991752386,-0.0014288146048784256,3.153193950653076
200.8545290354814,-113.85977935791016,10.55245304107666,90.65440368652344,5.335121450145776,0.00010377826081931303,-0.00102333145724068,2.06904935836792,0.5421862006187439,0.03398263454437256,9.750690460205078,-0.00019202940165996552,0.010071144439280033,-0.025768272578716278,3.153012752532959
200.95793528316426,-113.8661880493164,11.11072826385498,90.65101623535156,5.39320607084904,0.00010880756930763545,-0.001023388433461586,2.068653106689453,-0.16530516743659973,-0.03790546953678131,9.750894546508789,-0.00011382345110177994,0.011264675296843052,-0.02785092405974865,3.1529500484466553
201.0591852387588,-113.8724365234375,11.662850379943848,90.66285705566406,5.615963314396073,0.00011377615629717051,-0.001023446506697578,2.0684216022491455,8.876063346862793,-0.5825223922729492,10.410231590270996,2.7297064661979675e-06,-0.012763557955622673,-0.001545966835692525,3.153157949447632
201.14677207285422,-113.87850952148438,12.19327449798584,90.65531158447266,6.303345668722695,0.00011849550660269297,-0.0010234997804925915,2.069844961166382,6.797441005706787,0.0025162696838378906,9.691051483154297,-0.0004362519830465317,-0.02498268522322178,-0.0019643381237983704,3.1530284881591797
201.2470260944392,-113.88591766357422,12.849616050720215,90.64759826660156,6.582793901078389,0.0001243763216246065,-0.0010235647786363293,2.0703628063201904,0.630678117275238,-0.006735265254974365,9.552091598510742,0.00023952778428792953,0.014633681625127792,-0.0007689518970437348,3.1528921127319336
201.34823279289412,-113.893310546875,13.503959655761719,90.64221954345703,6.29244845616715,0.00013030762505150984,-0.00102363087379516,2.0688257217407227,-3.806955575942993,-0.07722210884094238,9.778100967407227,-0.000360146164894104,0.038935109972953796,-0.024141913279891014,3.152796745300293
201.44955880308407,-113.89997863769531,14.118919372558594,90.65304565429688,5.850386230848098,0.00013589448288402274,-0.0010236934036549758,2.0669870376586914,-4.7003397941589355,-0.10677719116210938,9.86717700958252,0.00010459497570991516,0.03196679428219795,-0.029420951381325722,3.152992010116577
201.5498312220152,-113.90608978271484,14.688334465026855,90.66641998291016,5.565821463280745,0.00014104181476822233,-0.0010237505170028222,2.0660595893859863,-1.271681308746338,-0.06562817096710205,10.008631706237793,0.0008462830446660519,0.00577271543443203,-0.024735039100050926,3.1532249450683594
201.65057084916043,-113.9123306274414,15.241625785827637,90.67218780517578,5.235048002757335,0.00014601478124764766,-0.0010238069447162442,2.066038131713867,-5.501204490661621,-0.055567264556884766,9.666643142700195,0.00046345964074134827,0.016024868935346603,-0.026711465790867805,3.153326988220215
201.7519314738165,-113.91812133789062,15.747554779052734,90.66912078857422,4.760182521156127,0.00015058326626832085,-0.0010238589158058904,2.065272092819214,-5.103707313537598,-0.06070137023925781,9.827343940734863,-0.0001043025404214859,0.010820931755006313,-0.000760022783651948,3.1532657146453857
201.85363539514947,-113.92351531982422,16.217069625854492,90.6650390625,4.558558036626272,0.00015480139209768585,-0.0010239069102158595,2.065243721008301,-0.7665171027183533,0.08849453926086426,9.964947700500488,-0.00011521577835083008,-0.011774025857448578,-0.0007198543753474951,3.1531991958618164
201.955578645895,-113.92888641357422,16.686853408813477,90.66215515136719,4.664805913071373,0.00015898717312303913,-0.0010239542875548503,2.0663723945617676,1.627713680267334,-0.018979310989379883,9.839944839477539,0.00011401437222957611,-0.02351192757487297,-7.518623897340149e-05,3.1531476974487305
202.05567839296418,-113.93440246582031,17.16643714904785,90.6610336303711,4.891766902489918,0.00016325651584397075,-0.0010240033789799137,2.06765079498291,2.6207802295684814,0.049788475036621094,9.783117294311523,-0.00024028867483139038,-0.020304694771766663,-0.0006074818666093051,3.153132200241089
202.15764864740777,-113.94029998779297,17.68075942993164,90.65875244140625,5.137155526515984,0.00016784820958993843,-0.001024055761450241,2.068706512451172,2.6262738704681396,-0.030019760131835938,9.701188087463379,-0.00017630495131015778,-0.009016257710754871,-0.0005080386763438582,3.1530909538269043
