wall_time,carla_frame,gps_timestamp,latitude,longitude,altitude,gps_noisy_timestamp,latitude_noisy,longitude_noisy,altitude_noisy,imu_timestamp,accel_x,accel_y,accel_z,gyro_x_deg_s,gyro_y_deg_s,gyro_z_deg_s,compass_deg,speed_kmh,throttle,brake,steer,reverse,hand_brake
2026-09-24T14:54:38.867,7454,109.34994468666264,0.00021993976501738215,-0.0005719601800364184,1.9741064310073853,109.34994468666264,0.00015538949178056354,-0.0005050043733489442,-2.671481490135193,109.34994468666264,0.0012482586316764355,-0.0006284707342274487,9.052851676940918,-6.701701681768612e-05,1.1694050737307962e-06,2.5819583876386757e-09,90.15920055365282,0.4265941590074683,0.0,0.0,0.0,False,False
2026-09-24T14:54:38.924,7455,109.4078764525766,0.00021993976501738215,-0.0005719601800364184,1.9820034503936768,109.4078764525766,0.0002665816146390469,-0.0006155969463860824,2.9321879744529724,109.4078764525766,-0.001246522064320743,0.0012534683337435126,8.997852325439453,4.487506379171009e-05,1.7885754089014017e-06,4.162932605927153e-09,90.15920055365282,0.301418736577196,0.0,0.0,0.0,False,False
2026-09-24T14:54:39.140,7459,109.62729630447575,0.00021993976501738215,-0.0005719601800364184,1.995517373085022,109.62729630447575,0.0002715132368820676,-0.0006098739655270915,0.6243562698364258,109.62729630447575,0.0024982537142932415,-0.0006319439271464944,9.536758422851562,3.5834844878843823e-05,1.7196498882882177e-06,-1.9906010362688453e-09,90.15920055365282,0.06481593623903577,0.0,0.0,0.0,False,False
2026-09-24T14:54:39.193,7460,109.68037649817416,0.00021993976501738215,-0.0005719601800364184,1.9966557025909424,109.68037649817416,0.00026615165647575197,-0.0006618418233982961,4.610319137573242,109.68037649817416,-1.7365781559419702e-06,-0.0006249975995160639,9.612656593322754,4.6427648353467385e-05,1.744831332034425e-06,5.270128218310144e-09,90.15920055365282,0.04250558652253409,0.0,0.0,0.0,False,False
2026-09-24T14:54:39.412,7464,109.95251710541197,0.00021993976501738215,-0.0005719601800364184,1.9985921382904053,109.95251710541197,0.0003125730736855374,-0.0005929141321529609,8.473849058151245,109.8987538201327,-0.0024947805795818567,0.0018819390097633004,9.756172180175781,-9.99663826957504e-06,-1.8620218157388053e-05,-3.887283473348755e-09,90.15920055365282,0.008514884664220401,0.0,0.0,0.0,False,False
2026-09-24T14:54:39.469,7465,109.95251710541197,0.00021993976501738215,-0.0005719601800364184,1.9985921382904053,109.95251710541197,0.0003125730736855374,-0.0005929141321529609,8.473849058151245,109.95251710541197,0.0024982537142932415,-0.0006319439271464944,9.804610252380371,4.3465156979185996e-05,2.19684138203354e-06,-6.048580108539725e-10,90.15920055365282,0.004320579419361501,0.0,0.0,0.0,False,False
2026-09-24T14:54:39.689,7469,110.17784827403375,0.00021993976501738215,-0.0005719601800364184,1.998767614364624,110.17784827403375,0.00022844243271441227,-0.0005678600810596403,1.0550457239151,110.17784827403375,-0.0024982537142932415,0.0006319439271464944,9.797735214233398,0.0,0.0,0.0,90.15920055365282,0.0,0.0,0.0,0.0,False,False
2026-09-24T14:54:39.742,7470,110.22967934436747,0.00021993976501738215,-0.0005719601800364184,1.998767614364624,110.22967934436747,0.00015090128094646642,-0.0005310383463210168,0.5669591426849365,110.22967934436747,-1.7365781559419702e-06,-0.0006249975995160639,9.8100004196167,0.0,0.0,0.0,90.15920055365282,0.0,0.0,0.0,0.0,False,False
2026-09-24T14:54:39.961,7474,110.50244169510552,0.00021993976501738215,-0.0005719601800364184,1.998767614364624,110.44780106670805,0.00017373880932330647,-0.0006310823051307093,-2.7707855701446533,110.44780106670805,0.0024982537142932415,-0.0006319439271464944,9.8100004196167,0.0,0.0,0.0,90.15920055365282,0.0,0.0,0.0,0.0,False,False
2026-09-24T14:54:40.021,7475,110.50244169510552,0.00021993976501738215,-0.0005719601800364184,1.998767614364624,110.50244169510552,0.00021885719677078013,-0.0006127302481899246,16.79643702507019,110.50244169510552,0.0024999903980642557,-6.946312623767881e-06,9.809961318969727,0.0,0.0,0.0,90.15920055365282,0.0,0.0,0.0,0.0,False,False
2026-09-24T14:54:40.235,7479,110.77597677908489,0.00021993976501738215,-0.0005719601800364184,1.998767614364624,110.72141118175932,0.0002685330301091497,-0.0004637455027249384,11.873639822006226,110.72141118175932,3.4731563118839404e-06,0.0012499951990321279,9.8100004196167,0.0,0.0,0.0,90.15920055365282,0.0,0.0,0.0,0.0,False,False
2026-09-24T14:54:40.290,7480,110.77597677908489,0.00021993976501738215,-0.0005719601800364184,1.998767614364624,110.77597677908489,0.00018394089515544036,-0.000546392510454913,4.148218631744385,110.77597677908489,-0.002496517263352871,0.0012569414684548974,9.810039520263672,0.0,0.0,0.0,90.15920055365282,0.0,0.0,0.0,0.0,False,False
2026-09-24T14:54:40.501,7484,110.989895375591,0.00021993976501738215,-0.0005719601800364184,1.998767614364624,110.989895375591,0.00022456941728426753,-0.0005440959890392118,-0.1668384075164795,110.989895375591,0.0024999903980642557,-6.946312623767881e-06,9.810039520263672,0.0,0.0,0.0,90.15920055365282,0.0,0.0,0.0,0.0,False,False
2026-09-24T14:54:40.556,7485,111.0966310632939,0.00021993976501738215,-0.0005719601800364184,1.998767614364624,111.04256152189919,0.0002612644539539659,-0.0005281219424204177,-4.192343473434448,111.04256152189919,-0.004996507428586483,0.0012638878542929888,9.8100004196167,0.0,0.0,0.0,90.15920055365282,0.0,0.0,0.0,0.0,False,False
2026-09-24T14:54:40.773,7489,111.31388687543222,0.00021993976501738215,-0.0005719601800364184,1.998767614364624,111.26173129878589,0.0002258040877194915,-0.0005860789138522673,2.028820352628827,111.26173129878589,0.0024982537142932415,-0.0006319439271464944,9.809961318969727,0.0,0.0,0.0,90.15920055365282,0.0,0.0,0.0,0.0,False,False
2026-09-24T14:54:40.827,7490,111.36822659723111,0.00021993976501738215,-0.0005719601800364184,1.998767614364624,111.31388687543222,0.00026071262350063336,-0.0005786100865178891,6.92145848274231,111.31388687543222,0.002496517263352871,-0.0012569414684548974,9.809961318969727,0.0,0.0,0.0,90.15920055365282,0.0,0.0,0.0,0.0,False,False
2026-09-24T14:54:41.040,7494,111.52919755704352,0.00021993976501738215,-0.0005719601800364184,1.998767614364624,111.52919755704352,0.00019851251731500523,-0.0005786371171551732,9.239256143569946,111.52919755704352,0.0024999903980642557,-6.946312623767881e-06,9.8100004196167,0.0,0.0,0.0,90.15920055365282,0.0,0.0,0.0,0.0,False,False
2026-09-24T14:54:41.094,7495,111.58058145470568,0.00021993976501738215,-0.0005719601800364184,1.998767614364624,111.58058145470568,0.00027693121323585075,-0.000557701059346888,11.788638830184937,111.58058145470568,-3.4731563118839404e-06,-0.0012499951990321279,9.809961318969727,0.0,0.0,0.0,90.15920055365282,0.0,0.0,0.0,0.0,False,False
2026-09-24T14:54:41.311,7499,111.79423631928512,0.00021993976501738215,-0.0005719601800364184,1.998767614364624,111.79423631928512,0.0002424085042065897,-0.000604284720407028,2.481097310781479,111.79423631928512,-0.0024999903980642557,6.946312623767881e-06,9.810039520263672,0.0,0.0,0.0,90.15920055365282,0.0,0.0,0.0,0.0,False,False
2026-09-24T14:54:41.365,7500,111.85177271641442,0.00021993976501738215,-0.0005719601800364184,1.998767614364624,111.85177271641442,0.00014112074227062548,-0.0005617017601024567,7.9461705684661865,111.85177271641442,-0.0037499854806810617,1.0419468708278146e-05,9.8100004196167,0.0,0.0,0.0,90.15920055365282,0.0,0.0,0.0,0.0,False,False
2026-09-24T14:54:41.576,7504,112.06469318844029,0.00021993976501738215,-0.0005719601800364184,1.998767614364624,112.06469318844029,0.00022288097129324595,-0.0004762068607077676,6.603325605392456,112.06469318844029,0.0024982537142932415,-0.0006319439271464944,9.8100004196167,0.0,0.0,0.0,90.15920055365282,0.0,0.0,0.0,0.0,False,False
2026-09-24T14:54:41.632,7505,112.117312399816,0.00021993976501738215,-0.0005719601800364184,1.998767614364624,112.117312399816,0.0002798242067428262,-0.0005552114804003363,-5.1067588329315186,112.117312399816,1.7365781559419702e-06,0.0006249975995160639,9.8100004196167,0.0,0.0,0.0,90.15920055365282,0.0,0.0,0.0,0.0,False,False
2026-09-24T14:54:41.843,7509,112.33073410220095,0.00021993976501738215,-0.0005719601800364184,1.998767614364624,112.33073410220095,0.00022565413705427344,-0.0005219179916592988,4.1972503662109375,112.33073410220095,0.0024982537142932415,-0.0006319439271464944,9.809922218322754,0.0,0.0,0.0,90.15920055365282,0.0,0.0,0.0,0.0,False,False
2026-09-24T14:54:41.897,7510,112.38418489150354,0.00021993976501738215,-0.0005719601800364184,1.998767614364624,112.38418489150354,0.00020157070234466372,-0.000645093660364088,4.588161468505859,112.38418489150354,0.0,0.0,9.810039520263672,0.0,0.0,0.0,90.15920055365282,0.0,0.0,0.0,0.0,False,False
2026-09-24T14:54:42.110,7514,112.59854691676446,0.00021993976501738215,-0.0005719601800364184,1.998767614364624,112.59854691676446,0.0001629248409216714,-0.0006144693439408879,-5.935961008071899,112.59854691676446,0.0024982537142932415,-0.0006319439271464944,9.809922218322754,0.0,0.0,0.0,90.15920055365282,0.0,0.0,0.0,0.0,False,False
2026-09-24T14:54:42.163,7515,112.70406082845875,0.00021993976501738215,-0.0005719601800364184,1.998767614364624,112.70406082845875,0.00024133891115246369,-0.0006087902371063105,4.855189323425293,112.6510122177715,-0.0024999903980642557,6.946312623767881e-06,9.8100004196167,0.0,0.0,0.0,90.15920055365282,0.0,0.0,0.0,0.0,False,False
2026-09-24T14:54:42.374,7519,112.86076376787969,0.00021993976501738215,-0.0005719601800364184,1.998767614364624,112.86076376787969,0.00019608165443690522,-0.000515050800981859,-10.659874200820923,112.86076376787969,0.0024999903980642557,-6.946312623767881e-06,9.809961318969727,0.0,0.0,0.0,90.15920055365282,0.0,0.0,0.0,0.0,False,False
2026-09-24T14:54:42.428,7520,112.91499008066603,0.00021993976501738215,-0.0005719601800364184,1.998767614364624,112.91499008066603,0.00025296528569645745,-0.000629554612328226,1.697733998298645,112.91499008066603,-3.4731563118839404e-06,-0.0012499951990321279,9.809922218322754,0.0,0.0,0.0,90.15920055365282,0.0,0.0,0.0,0.0,False,False
2026-09-24T14:54:42.642,7524,113.13135314561077,0.00021993976501738215,-0.0005719601800364184,1.998767614364624,113.13135314561077,0.0002505609163990201,-0.0006362257887075397,5.518192291259766,113.13135314561077,-0.00250172708183527,-0.0006180512718856335,9.810039520263672,0.0,0.0,0.0,90.15920055365282,0.0,0.0,0.0,0.0,False,False
2026-09-24T14:54:42.697,7525,113.23752210862585,0.00021993976501738215,-0.0005719601800364184,1.9986032247543335,113.23752210862585,0.00018213537354943836,-0.0005549849034422518,10.019484877586365,113.18332850016304,0.0,0.0,9.810039520263672,0.0,0.0,0.0,90.15920055365282,0.005870304036740425,0.4000000059604645,0.0,0.0,False,False
2026-09-24T14:54:42.907,7529,113.44754231176921,0.00021993976501738215,-0.0005719601800364184,1.998708963394165,113.44754231176921,0.00032332284995112133,-0.0005965240512295135,-5.8686363697052,113.39408175103017,0.002496517263352871,-0.0012569414684548974,9.810274124145508,4.3362613860700616e-05,8.944692759563562e-06,-1.6947557790324887e-09,90.15920055365282,0.002434741991162593,0.4000000059604645,0.0,0.0,False,False
2026-09-24T14:54:42.960,7530,113.50077955998131,0.00021993976501738215,-0.0005719601800364184,1.9987444877624512,113.44754231176921,0.00032332284995112133,-0.0005965240512295135,-5.8686363697052,113.44754231176921,-0.004998244345188141,0.0006388901965692639,9.80722713470459,-7.117012222209179e-05,7.9625000197157e-06,1.2468599705276825e-08,90.15920055365282,0.00221779626336514,0.4000000059604645,0.0,0.0,False,False
2026-09-24T14:54:43.172,7534,113.6588376929576,0.00021993976501738215,-0.0005719601800364184,1.9987995624542236,113.6588376929576,0.000208658218113608,-0.0005170267473430581,4.171440362930298,113.6588376929576,0.00250172708183527,0.0006180512718856335,9.804532051086426,5.04932159365972e-06,1.181208035820395e-06,-5.439437263115714e-12,90.15920055365282,0.0002754478400795335,0.4000000059604645,0.0,0.0,False,False
2026-09-24T14:54:43.231,7535,113.71282094917842,0.00021993976501738215,-0.0005719601800364184,1.9987995624542236,113.71282094917842,0.00021808828653041272,-0.0005854677716114533,-7.789831876754761,113.71282094917842,-0.0049947709776461124,0.0018888853956013918,9.808320999145508,1.1437471676266432e-05,1.2683841389734404e-06,2.559234069882122e-10,90.15920055365282,0.0010848655441311052,0.4000000059604645,0.0,0.0,False,False
2026-09-24T14:54:43.444,7539,113.93099468402215,0.00021993976501738215,-0.0005719601800364184,1.9987863302230835,113.93099468402215,0.000164980491760555,-0.0004882740291349332,-1.1940032243728638,113.93099468402215,-3.4731563118839404e-06,-0.0012499951990321279,9.798672676086426,-7.58634280967042e-05,2.401607019092408e-06,1.280647957075274e-08,90.15920055365282,0.0018439179334613196,0.4000000059604645,0.0,0.0,False,False
2026-09-24T14:54:43.498,7540,113.98461810327717,0.00021993976501738215,-0.0005719601800364184,1.9988254308700562,113.98461810327717,0.00018368163459575297,-0.0005872427887651579,11.700204253196716,113.98461810327717,-0.004996507428586483,0.0012638878542929888,9.83359432220459,-2.9870675253939427e-05,-1.8631169443267267e-05,6.158392734610604e-10,90.15920055365282,0.00013063697631281613,0.4000000059604645,0.0,0.0,False,False
2026-09-24T14:54:43.713,7544,114.20042662523338,0.00021993985072168575,-0.0005719488670684002,1.9989559650421143,114.20042662523338,0.0002706150037554936,-0.0006005688499817695,15.774056673049927,114.20042662523338,0.44607117772102356,0.0018862216966226697,9.81006908416748,0.0008217172180979068,-0.7029424187276436,0.046963290170576724,90.15949425178714,2.367514904278576,0.4000000059604645,0.0,0.0,False,False
2026-09-24T14:54:43.768,7545,114.25306936554261,0.00021994195904755155,-0.000571742662514979,2.0001888275146484,114.25306936554261,0.0002822684085991711,-0.0005949115434585372,11.25131607055664,114.25306936554261,7.892322540283203,0.004998242482542992,9.831331253051758,9.379200374906096e-05,-1.2959904020826614,0.4403404281608709,90.16823006373558,3.18245340414213,0.4000000059604645,0.0,0.0,False,False
2026-09-24T14:54:43.985,7549,114.47272561318823,0.00021993236016567077,-0.0005698107846764161,2.00075626373291,114.47272561318823,0.00022293420381754383,-0.0005554400271502219,-1.8790600299835205,114.47272561318823,1.260043978691101,-0.015306479297578335,9.827608108520508,-0.0010368696360391297,0.18881153494043754,-0.027523144389905604,90.08813926552801,4.4135354323615,0.4000000059604645,0.0,0.0,False,False
2026-09-24T14:54:44.039,7550,114.52536806665012,0.00021992836634516477,-0.0005692451362755094,2.0005242824554443,114.52536806665012,0.00023152336423144204,-0.0005716389838561157,-4.297724008560181,114.52536806665012,1.2302615642547607,-0.00974503718316555,9.801064491271973,-0.007055924754297024,0.16605581256540122,0.046524553903055876,90.06118733906314,4.657758390133082,0.0,0.0,0.0,False,False
2026-09-24T14:54:44.253,7554,114.79357442088076,0.00021992387543980102,-0.0005660308478077869,1.9993798732757568,114.79357442088076,0.00023989781973034213,-0.0006017579424629449,-6.654820680618286,114.74062850527116,-0.2446744590997696,-0.0006756930961273611,9.807034492492676,0.006143824360782562,0.3327457655065558,0.22625695316754818,90.02754865740083,4.687882526214872,0.0,0.0,0.0,False,False
2026-09-24T14:54:44.307,7555,114.79357442088076,0.00021992387543980102,-0.0005660308478077869,1.9993798732757568,114.79357442088076,0.00023989781973034213,-0.0006017579424629449,-6.654820680618286,114.79357442088076,-0.7026991248130798,0.0027096415869891644,9.805853843688965,0.004777107843432308,0.32697972514531637,0.22214787401027147,90.02745986494162,4.505384602186856,0.0,0.0,0.0,False,False
2026-09-24T14:54:44.527,7559,115.00869007981964,0.00021992474962378118,-0.0005637097353059559,1.998491883277893,115.00869007981964,0.0003021143451833931,-0.0006536591760408825,-2.7908624410629272,115.00869007981964,-0.9957699775695801,0.0010590889723971486,9.808222770690918,0.0010271272157903561,0.11991381595693218,0.18381286366440633,90.02712518567229,3.754012306609727,0.0,0.0,0.0,False,False
2026-09-24T14:54:44.582,7560,115.06730168886133,0.0002199252124270395,-0.0005631479950212733,1.9983460903167725,115.06730168886133,0.00024269195119326175,-0.0005871472428085608,-4.9605796337127686,115.06730168886133,-0.9429392218589783,0.0004385219363030046,9.794793128967285,-0.0004617917515739817,0.07369115774921219,0.49466321714665656,90.02832046877704,3.4160934375659675,0.4000000059604645,0.0,0.0,False,False
2026-09-24T14:54:44.798,7564,115.28514773971983,0.00021992534955399108,-0.0005613817321781493,1.9982134103775024,115.28514773971983,0.0002495135223192069,-0.0004323943268454126,4.148378491401672,115.28514773971983,-0.4832902252674103,0.0008394274045713246,9.811787605285645,-0.012055667416202658,-0.10144551804974661,1.2536661743953252,90.02642850637694,3.060134446732277,0.4000000059604645,0.0,0.0,False,False
2026-09-24T14:54:44.852,7565,115.39308199859806,0.00021992553810348903,-0.0005605565711472498,1.9985564947128296,115.33815843812772,0.00026020298971205386,-0.0005630429536587872,1.0705904364585876,115.33815843812772,-0.024462606757879257,3.4811491786967963e-06,9.810770988464355,-0.009381558309703412,-0.17743014526652198,1.1440349147491564,90.0259367327567,3.1812623871689554,0.4000000059604645,0.0,0.0,False,False
2026-09-24T14:54:45.066,7569,115.55290553919622,0.00021992610375194132,-0.0005591874620450047,1.9991250038146973,115.55290553919622,0.00013119120224176228,-0.0005292587180747736,-9.142228603363037,115.55290553919622,0.9249253273010254,-0.0016756260301917791,9.807506561279297,-0.004496937935974548,-0.13682404366077472,1.0227581825681158,90.02608016672927,3.8581500747489597,0.4000000059604645,0.0,0.0,False,False
2026-09-24T14:54:45.120,7570,115.66071199454018,0.0002199268579498481,-0.0005581481773830706,1.9992820024490356,115.66071199454018,0.00029071357273651176,-0.0005842233850259323,4.349733948707581,115.60631584576913,0.9084031581878662,-0.0016827330691739917,9.802106857299805,-0.0033876668981797113,-0.09066831997289952,1.019865810898027,90.02708420453726,4.0081632762001025,0.4000000059604645,0.0,0.0,False,False
2026-09-24T14:54:45.338,7574,115.82621889762231,0.00021992774927466618,-0.0005564040605318837,1.9993412494659424,115.82621889762231,0.00014579325725035252,-0.00050983643659182,-6.483546018600464,115.82621889762231,0.747105598449707,-0.0003727106377482414,9.798283576965332,0.003444647534552078,-0.004280786461127445,1.0728022315648587,90.02916058204495,4.570340199540267,0.4000000059604645,0.0,0.0,False,False
2026-09-24T14:54:45.392,7575,115.93290151111432,0.00021992848633171872,-0.0005551848311150178,1.9993703365325928,115.93290151111432,0.00020621633666532927,-0.0005785907154639215,9.465428590774536,115.93290151111432,0.7397927641868591,0.0014933162601664662,9.801671028137207,0.006830890781851931,-0.002316713746899542,1.0409191219626508,90.03015778966378,4.703936116251076,0.4000000059604645,0.0,0.0,False,False
2026-09-24T14:54:45.608,7579,116.0955933315272,0.00021992977189634036,-0.0005531889150211226,1.9993679523468018,116.0955933315272,0.0001377084531615306,-0.0005476337591267237,9.88689637184143,116.0955933315272,0.7197955250740051,-0.0003933566331397742,9.806915283203125,0.005880377661244423,-0.0002922787304126342,1.0210469000159101,90.03194046903715,5.250748502000428,0.4000000059604645,0.0,0.0,False,False
2026-09-24T14:54:45.662,7580,116.20200620792457,0.00021993068036200568,-0.0005517915920622731,1.999377727508545,116.1484468971903,0.0002935310690237588,-0.00046934125191561745,-0.8219072818756104,116.1484468971903,0.722341001033783,0.0008472406771034002,9.812418937683105,0.004823917400985707,-0.004988787845559834,0.9855776209343282,90.03258250681913,5.381645462420043,0.4000000059604645,0.0,0.0,False,False
2026-09-24T14:54:45.880,7584,116.36727381698438,0.00021993220589868696,-0.0005494894030705761,1.9992988109588623,116.36727381698438,0.00022839290951017727,-0.0005521396756337632,-5.395527124404907,116.36727381698438,0.5419608354568481,-0.0028259141836315393,9.794403076171875,0.0048910120033891814,0.03882193479859961,1.1063916077991005,90.03530092210879,5.866924282607947,0.4000000059604645,0.0,0.0,False,False
2026-09-24T14:54:45.933,7585,116.42045057393261,0.00021993265156109183,-0.0005487183728775557,1.9993155002593994,116.42045057393261,8.904163743775635e-05,-0.0005274333574136102,8.139169931411743,116.42045057393261,0.58064204454422,0.000896283017937094,9.831069946289062,0.0029744838090869138,-0.004160446898935618,0.9611965136400272,90.03569024289148,6.00508329598975,0.4000000059604645,0.0,0.0,False,False
2026-09-24T14:54:46.148,7589,116.63518256894895,0.00021993493129567653,-0.0005454305158359828,1.999324917793274,116.63518256894895,0.00019174117216035668,-0.0005238801662067315,-6.070490717887878,116.63518256894895,0.6193908452987671,-0.001650393009185791,9.808356285095215,0.0024308469833303485,0.00819176553645564,0.9611539316794204,90.03778711096668,6.477460366361756,0.4000000059604645,0.0,0.0,False,False
2026-09-24T14:54:46.203,7590,116.68881277568289,0.00021993556550755145,-0.0005445696675332421,1.9993194341659546,116.68881277568289,0.00025725096169211883,-0.000609618009172582,1.4850427508354187,116.68881277568289,0.6068331003189087,0.001477857818827033,9.810749053955078,0.002289057817362271,0.006767255463489763,0.9482199012689435,90.03826522420857,6.586252099249879,0.4000000059604645,0.0,0.0,False,False
2026-09-24T14:54:46.417,7594,116.95776020936319,0.00021993859944004833,-0.0005400339558375395,1.9992793798446655,116.95776020936319,0.00021127696116409532,-0.00048087918715941267,-11.435827851295471,116.95776020936319,0.5689457058906555,0.001481065177358687,9.812702178955078,0.0014894862911977572,0.00014161683751054858,0.9031865430803453,90.04047820549967,7.017408608945599,0.4000000059604645,0.0,0.0,False,False
2026-09-24T14:54:46.475,7595,116.95776020936319,0.00021993859944004833,-0.0005400339558375395,1.9992793798446655,116.95776020936319,0.00021127696116409532,-0.00048087918715941267,-11.435827851295471,116.95776020936319,0.5689457058906555,0.001481065177358687,9.812702178955078,0.0014894862911977572,0.00014161683751054858,0.9031865430803453,90.04047820549967,7.063645333613708,0.4000000059604645,0.0,0.0,False,False
2026-09-24T14:54:46.690,7599,117.17744377083727,0.00021994151338649814,-0.0005360923463713954,1.999228596687317,117.17744377083727,0.00022212175749619333,-0.0005251950691645726,2.11391244828701,117.17744377083727,0.5197629332542419,-0.001624849857762456,9.809423446655273,0.001304622202056137,-0.0005109342310249045,0.9048600461487042,90.04218575279216,7.484574146317073,0.4000000059604645,0.0,0.0,False,False
2026-09-24T14:54:46.745,7600,117.28576276652166,0.00021994293607800324,-0.0005340680107305636,1.9992122650146484,117.2306913343782,0.0001719161847256538,-0.0005183570527400498,5.376416802406311,117.2306913343782,0.5310433506965637,-0.0003862076555378735,9.810277938842773,0.001127121910613437,-0.002588434505248218,0.8829984248844918,90.04251360187233,7.5583868733033945,0.4000000059604645,0.0,0.0,False,False
2026-09-24T14:54:46.960,7604,117.44708419046947,0.00021994516438999628,-0.000530967434732266,1.999203085899353,117.44708419046947,0.00021390680214599772,-0.0005829942860678064,-2.5419551134109497,117.44708419046947,0.4732414186000824,0.0002700053446460515,9.811601638793945,0.0008749301822186081,-0.0008380304229017615,0.8595868309263623,90.04391379065218,7.908317077278959,0.4000000059604645,0.0,0.0,False,False
2026-09-24T14:54:47.016,7605,117.55626548282453,0.0002199468441944149,-0.000528811457281766,1.9991610050201416,117.55626548282453,0.0002302870404349918,-0.0005487152795308004,3.3335213661193848,117.50086815483519,0.45194458961486816,0.0009087042417377234,9.806377410888672,0.0007789092555194416,0.007921017571468063,0.8721452542933414,90.04424163973233,7.966718899544582,0.4000000059604645,0.0,0.0,False,False
2026-09-24T14:54:47.234,7609,117.72138673640438,0.00021994936390104555,-0.0005254852732758054,1.9991275072097778,117.72138673640438,0.0003128726704118293,-0.0006036405249613354,1.4141774773597717,117.72138673640438,0.39762094616889954,0.002191107487305999,9.821418762207031,0.0005686067867377817,-0.013207751575486542,0.8366067661855602,90.04556669643132,8.267931619971906,0.4000000059604645,0.0,0.0,False,False
2026-09-24T14:54:47.289,7610,117.77477643467137,0.00021995022094411574,-0.0005243881553500875,1.9991480112075806,117.77477643467137,0.00028553881698822404,-0.0005305154634474353,8.25408136844635,117.77477643467137,0.4777302145957947,-0.0003747259615920484,9.804828643798828,0.0005743829948427869,-0.009994601138245114,0.836926717859493,90.04583307380895,8.322291662095338,0.4000000059604645,0.0,0.0,False,False
2026-09-24T14:54:47.506,7614,117.99264870784828,0.0002199537176798448,-0.0005198204588084278,1.9991213083267212,117.99264870784828,0.0001829785598252319,-0.0004938642494523461,-15.398969054222107,117.99264870784828,0.3725234568119049,0.0015770385507494211,9.808147430419922,0.0003483926437520857,0.001521368358595807,0.8319784058883773,90.04694639464367,8.595085820392757,0.4000000059604645,0.0,0.0,False,False
2026-09-24T14:54:47.562,7615,118.10270107365795,0.0002199556888788997,-0.0005174592366926963,1.9990803003311157,118.10270107365795,0.0002501261347041058,-0.000488242228715274,4.778830170631409,118.04675988308736,0.34248146414756775,0.0016000950708985329,9.808507919311523,0.000379185451474379,0.006388963285199225,0.8344545629059186,90.04720594183212,8.63467354327655,0.4000000059604645,0.0,0.0,False,False
2026-09-24T14:54:47.785,7619,118.26729062772938,0.00021995853426188874,-0.0005138736086201784,1.99907648563385,118.26729062772938,0.0001883644782078703,-0.0004821733272229717,-5.525750994682312,118.26729062772938,0.34840425848960876,-0.00028641120297834277,9.811213493347168,0.00024831902801913887,-0.0085687974814783,0.8161153982627286,90.04825779096431,8.846368266695244,0.4000000059604645,0.0,0.0,False,False
2026-09-24T14:54:47.840,7620,118.32522885329672,0.00021995961413615264,-0.0005125954832061665,1.9990307092666626,118.32522885329672,0.00017206335304201462,-0.00048739567876567654,-1.488362431526184,118.32522885329672,0.2219860851764679,0.00043826233013533056,9.798041343688965,0.0001812279430546973,0.024408334669488475,0.9195349210238882,90.04863345136866,8.917281624645563,0.4000000059604645,0.0,0.0,False,False
2026-09-24T14:54:48.061,7624,118.60135337538668,0.00021996468783111258,-0.0005063735907681818,1.999090552330017,118.60135337538668,0.0002988764135538316,-0.0004201497386459793,-10.511892914772034,118.60135337538668,0.3585565388202667,0.003445967799052596,9.808393478393555,0.00018856889042745268,-0.004547042109312286,0.8161071806913834,90.0497399420142,9.199526611388944,0.4000000059604645,0.0,0.0,False,False
2026-09-24T14:54:48.116,7625,118.60135337538668,0.00021996468783111258,-0.0005063735907681818,1.999090552330017,118.60135337538668,0.0002988764135538316,-0.0004201497386459793,-10.511892914772034,118.60135337538668,0.3585565388202667,0.003445967799052596,9.808393478393555,0.00018856889042745268,-0.004547042109312286,0.8161071806913834,90.0497399420142,9.27071034882907,0.4000000059604645,0.0,0.0,False,False
2026-09-24T14:54:48.337,7629,118.82248152248212,0.00021996902446902696,-0.0005012166600013644,1.9990960359573364,118.82248152248212,0.00021985115776418626,-0.0005568597095648785,11.644309163093567,118.82248152248212,0.36362209916114807,0.0003114244609605521,9.815069198608398,0.0003064998927549874,-0.008956468246546046,0.7806911557409864,90.05056639490377,9.555961993154469,0.4000000059604645,0.0,0.0,False,False
2026-09-24T14:54:48.393,7630,118.93413415006944,0.0002199712699218592,-0.0004985530045406045,1.999086856842041,118.87739662654349,0.0002537603900132564,-0.0005321025031945852,2.181848257780075,118.87739662654349,0.3974475562572479,-0.0009696448687463999,9.807831764221191,0.0003152739490103348,-0.007262115258683415,0.7803276082502418,90.05075081001137,9.61180003014692,0.4000000059604645,0.0,0.0,False,False
2026-09-24T14:54:48.615,7634,119.15555158085772,0.00021997591509527028,-0.000493153564877535,1.9991501569747925,119.10149030588218,0.00016302274062648204,-0.0005181783562110831,4.106391668319702,119.10149030588218,0.48631593585014343,0.0008202562457881868,9.807100296020508,0.00031737083772117106,-0.021589340842231,0.7427201064324757,90.0515157911984,9.949414475686767,0.4000000059604645,0.0,0.0,False,False
2026-09-24T14:54:48.670,7635,119.15555158085772,0.00021997591509527028,-0.000493153564877535,1.9991501569747925,119.15555158085772,0.000221108497706078,-0.00046398946948287244,14.556550860404968,119.15555158085772,0.4865080416202545,0.0008190406952053308,9.808418273925781,0.00037331992647303137,-0.018049762057537173,0.7205867183444906,90.05165922517098,10.021541462191596,0.4000000059604645,0.0,0.0,False,False
2026-09-24T14:54:48.892,7639,119.37671756200143,0.00021998074881815236,-0.0004875723635283004,1.9991506338119507,119.37671756200143,0.00025878392553971036,-0.0005039348316873595,4.96525514125824,119.37671756200143,0.4490869343280792,-0.0004069966380484402,9.814247131347656,0.0004360336236982609,-0.010954062623753398,0.7000843580859635,90.05225345162876,10.35259150053454,0.4000000059604645,0.0,0.0,False,False
2026-09-24T14:54:48.948,7640,119.43242116100737,0.00021998194867844353,-0.0004861374335212059,1.999146580696106,119.43242116100737,0.00024273333699308927,-0.0005067514146992363,-11.224362254142761,119.43242116100737,0.43286043405532837,0.00023173741647042334,9.804600715637207,0.00035621972725435045,0.000470485245447914,0.7340995539262732,90.0524037157905,10.43271534731994,0.4000000059604645,0.0,0.0,False,False
2026-09-24T14:54:49.171,7644,119.65714977137395,0.00021998714235940667,-0.0004802323384694297,1.999137282371521,119.65714977137395,0.00021684680653868952,-0.0004813403895070202,-12.971544861793518,119.65714977137395,0.4291381537914276,0.00023114790383260697,9.80342960357666,0.000380477914905846,0.0025564951166214766,0.7439310776279777,90.05294330073494,10.801664021216485,0.4000000059604645,0.0,0.0,False,False
2026-09-24T14:54:49.227,7645,119.7674639170582,0.00021998983347462162,-0.0004772570964440608,1.999173879623413,119.71144487537094,0.00019662078572924008,-0.0004888936062888129,2.776676595211029,119.71144487537094,0.49553507566452026,0.002044370397925377,9.819535255432129,0.0005280044929291463,-0.02016052396480251,0.6447750336519341,90.05300477243746,10.891529608321218,0.4000000059604645,0.0,0.0,False,False
2026-09-24T14:54:49.451,7649,119.93854506887146,0.00021999317594259565,-0.0004725310869135546,1.9992427825927734,119.93854506887146,0.0001968807873529434,-0.0004387221238603933,-0.3675718307495117,119.93854506887146,0.5947734713554382,-0.0023746411316096783,9.80822467803955,-0.0005371187246216721,-0.01615624719012985,-0.5539683089668492,90.04842171550439,11.336602576607715,0.4000000059604645,0.0,0.0,False,False
2026-09-24T14:54:49.510,7650,119.99231511182734,0.0002199945300706336,-0.00047101504635393754,1.9992468357086182,119.99231511182734,0.0001703925407671509,-0.0004277747432966916,-7.553050756454468,119.99231511182734,0.556098222732544,0.001406748197041452,9.80561637878418,-0.0006625968223044189,-0.00396381382355995,-0.5673934193064796,90.04855831928779,11.398140037657907,0.4000000059604645,0.0,0.0,False,False
2026-09-24T14:54:49.733,7654,120.27406464345404,0.00022000198634526382,-0.00046287961679819767,1.9992077350616455,120.27406464345404,0.00018136398841346303,-0.0004624760730326829,7.510876417160034,120.21726753018447,0.5697048306465149,0.0007627884042449296,9.811714172363281,-0.0007643065161797326,-0.01745483357102522,-0.5560742483870346,90.04929597971815,11.822075976418631,0.4000000059604645,0.0,0.0,False,False
2026-09-24T14:54:49.795,7655,120.27406464345404,0.00022000198634526382,-0.00046287961679819767,1.9992077350616455,120.27406464345404,0.00018136398841346303,-0.0004624760730326829,7.510876417160034,120.27406464345404,0.5297545790672302,0.002671071095392108,9.802194595336914,-0.0005487635322302909,-0.0010258552056154903,-0.6171121271831478,90.04941892312321,11.978237085992534,0.4000000059604645,0.0,0.0,False,False
2026-09-24T14:54:50.021,7659,120.56164539061137,0.0002200107281844547,-0.0004541685285789214,1.999240517616272,120.56164539061137,0.00022472567741194587,-0.0004772966405129779,20.326377511024475,120.56164539061137,0.5750526785850525,8.24358212412335e-05,9.811301231384277,0.0006878857498681982,-0.0067970429089710205,0.5344354620444938,90.05415224421803,12.415627773104768,0.4000000059604645,0.0,0.0,False,False
2026-09-24T14:54:50.079,7660,120.56164539061137,0.0002200107281844547,-0.0004541685285789214,1.999240517616272,120.56164539061137,0.00022472567741194587,-0.0004772966405129779,20.326377511024475,120.56164539061137,0.5750526785850525,8.24358212412335e-05,9.811301231384277,0.0006878857498681982,-0.0067970429089710205,0.5344354620444938,90.05415224421803,12.521363463435073,0.4000000059604645,0.0,0.0,False,False
2026-09-24T14:54:50.306,7664,120.84709191150614,0.00022001895579783223,-0.0004450993677809931,1.9992988109588623,120.79111396349617,0.00023994911872519842,-0.0004934892660028588,-16.678494334220886,120.79111396349617,0.6716154217720032,0.0024911013897508383,9.803977012634277,0.0006389215915487129,-0.012066012751556847,0.5012659823616491,90.05435031970396,13.056760239128922,0.4000000059604645,0.0,0.0,False,False
2026-09-24T14:54:50.364,7665,120.84709191150614,0.00022001895579783223,-0.0004450993677809931,1.9992988109588623,120.84709191150614,0.0003623491286187803,-0.0004869268290266957,-5.074713468551636,120.84709191150614,0.6742624044418335,-0.0006352590280584991,9.812872886657715,0.0007481966454071081,-0.015879217652241043,0.4377359916529804,90.0542956781906,13.183459234467879,0.4000000059604645,0.0,0.0,False,False
2026-09-24T14:54:50.595,7669,121.07865856788703,0.00022002591498747744,-0.00043739249402279223,1.9993103742599487,121.07865856788703,0.00020902358477613699,-0.0004533418005667087,2.296400725841522,121.07865856788703,0.6957416534423828,-3.327092417748645e-05,9.813901901245117,0.0006552420396714658,-0.013645251371994307,0.4145981922310333,90.05447326310902,13.758623918572317,0.4000000059604645,0.0,0.0,False,False
2026-09-24T14:54:50.651,7670,121.13544105566689,0.0002200276976370401,-0.0004354514972463327,1.9993352890014648,121.13544105566689,0.00027735602633102415,-0.0005322911315986964,9.186628341674805,121.13544105566689,0.7446446418762207,0.001796638942323625,9.809649467468262,0.0006949781576043693,-0.015799880069152453,0.37115055850778883,90.054432281974,13.912208599424236,0.4000000059604645,0.0,0.0,False,False
2026-09-24T14:54:50.881,7674,121.420983055752,0.00022003703940637649,-0.0004253657462859062,1.9993703365325928,121.36396495826193,0.00017787568085510724,-0.00037674393858489353,2.62409371137619,121.36396495826193,0.7562288641929626,-0.0013421302428469062,9.803563117980957,0.0005866593781711671,-0.0019051621241957118,0.3262685316979888,90.05465767821661,14.512624668287591,0.4000000059604645,0.0,0.0,False,False
2026-09-24T14:54:50.938,7675,121.420983055752,0.00022003703940637649,-0.0004253657462859062,1.9993703365325928,121.420983055752,0.00023020855439309968,-0.0005142837399934885,-3.8451149463653564,121.420983055752,0.7237358689308167,0.0011888709850609303,9.812642097473145,0.00046495911423062624,-0.0004038129702243736,0.280463708978723,90.05465767821661,14.655405809823229,0.4000000059604645,0.0,0.0,False,False
2026-09-24T14:54:51.181,7679,121.72145760260173,0.00022004728964134947,-0.0004142060175615869,1.9993383884429932,121.72145760260173,0.00023354778533872113,-0.0004692809858204372,-5.078424692153931,121.6562554781849,0.6296301484107971,0.0006499056471511722,9.81357192993164,0.00045533758966418325,0.008403139547442371,0.2807669053448481,90.05490356502673,15.216002542876597,0.4000000059604645,0.0,0.0,False,False
2026-09-24T14:54:51.241,7680,121.78136055744835,0.0002200492779812463,-0.0004119196667250689,1.9993008375167847,121.72145760260173,0.00023354778533872113,-0.0004692809858204372,-5.078424692153931,121.72145760260173,0.6583470106124878,-0.0006083051557652652,9.81531810760498,-0.00022230991132706244,0.001736029168835691,-0.13706270007532848,90.05328481019343,15.338029904748431,0.4000000059604645,0.0,0.0,False,False
2026-09-24T14:54:51.508,7684,122.04827479473897,0.00022005920253983724,-0.00040150563400175054,1.9993057250976562,121.98652726612636,0.00020029348966755974,-0.00027038831440373437,-4.0048195123672485,122.04827479473897,0.523997962474823,0.00013341328303795308,9.802482604980469,3.629600067744058e-05,0.01483110377976143,0.001262737163369808,90.05396099892127,15.877192661377407,0.4000000059604645,0.0,0.0,False,False
2026-09-24T14:54:51.571,7685,122.04827479473897,0.00022005920253983724,-0.00040150563400175054,1.9993057250976562,122.04827479473897,0.0001879779083462062,-0.00035627453435381506,2.5675503611564636,122.04827479473897,0.523997962474823,0.00013341328303795308,9.802482604980469,3.629600067744058e-05,0.01483110377976143,0.001262737163369808,90.05396099892127,15.987993293750923,0.4000000059604645,0.0,0.0,False,False
2026-09-24T14:54:51.823,7689,122.30237808651873,0.00022006876714034232,-0.00039129153227685355,1.9992035627365112,122.30237808651873,0.00016381785861188772,-0.000360153780628651,-5.601793885231018,122.30237808651873,0.44090694189071655,0.000834648497402668,9.81480884552002,6.864598843045043e-05,0.0120726611803217,0.0012209234114478878,90.05428884800143,16.392355670499555,0.4000000059604645,0.0,0.0,False,False
2026-09-24T14:54:51.887,7690,122.36368141151615,0.00022007106401573267,-0.00038878889806084964,1.9992098808288574,122.36368141151615,0.0002765551888135947,-0.00036725260921968776,-4.733424663543701,122.36368141151615,0.4307830035686493,-0.001656095264479518,9.815169334411621,5.5951563986735616e-05,0.011282749636057061,0.0011854604347832903,90.0543639800823,16.485538666851276,0.4000000059604645,0.0,0.0,False,False
2026-09-24T14:54:52.139,7694,122.61876233867952,0.00022008115998291752,-0.000378230299318915,1.999101996421814,122.61876233867952,0.00023410940271391875,-0.00030490265278635336,-2.58088219165802,122.61876233867952,0.3753368556499481,-0.0016053771832957864,9.801728248596191,-4.158895174192291e-05,0.009178285976959482,0.0010525820101458846,90.05465084802744,16.826110025192076,0.4000000059604645,0.0,0.0,False,False
2026-09-24T14:54:52.203,7695,122.74363598428317,0.0002200862508186579,-0.00037298293337130397,1.9991384744644165,122.74363598428317,0.000223194193166582,-0.0003732958132763995,2.5989041924476624,122.68022333286353,0.3590047061443329,0.00028467283118516207,9.831697463989258,8.551488346381039e-05,0.008760264559283483,0.0010223475633012516,90.05471231972997,16.90431031140178,0.4000000059604645,0.0,0.0,False,False
2026-09-24T14:54:52.452,7699,122.99316399000236,0.00022009656961702133,-0.00036235937076754723,1.9991048574447632,122.930703522783,0.0002260934847994485,-0.0003084540602514682,10.260579466819763,122.99316399000236,0.30356988310813904,-0.00028922222554683685,9.809382438659668,-2.582078103716886e-06,0.0072229784081413746,0.0008792205198555214,90.05500601786429,17.18695440042999,0.4000000059604645,0.0,0.0,False,False
2026-09-24T14:54:52.515,7700,123.05522409282275,0.00022009917502790235,-0.0003596909158657613,1.999096155166626,123.05522409282275,0.0002917612529991708,-0.00035445954827064585,2.0900110006332397,122.99316399000236,0.30356988310813904,-0.00028922222554683685,9.809382438659668,-2.582078103716886e-06,0.0072229784081413746,0.0008792205198555214,90.05500601786429,17.25146650624725,0.4000000059604645,0.0,0.0,False,False
2026-09-24T14:54:52.764,7704,123.30488653309294,0.00022010968237572818,-0.0003488600859752019,1.9990695714950562,123.30488653309294,0.0002479800852217479,-0.000379139496541638,11.633161902427673,123.2437687946076,0.26203152537345886,0.0022494399454444647,9.811275482177734,1.6722337719859604e-06,0.006298467447513187,0.0007784168661649841,90.05521775372856,17.489950678446952,0.4000000059604645,0.0,0.0,False,False
2026-09-24T14:54:52.825,7705,123.36557218633243,0.00022011230492746702,-0.00034620582370601717,1.9990670680999756,123.30488653309294,0.0002479800852217479,-0.000379139496541638,11.633161902427673,123.30488653309294,0.25821396708488464,0.00037783506559208035,9.809948921203613,4.141660699995401e-06,0.0060985722731229115,0.0007556815993393981,90.05525873486357,17.54316230887632,0.4000000059604645,0.0,0.0,False,False
2026-09-24T14:54:53.056,7709,123.53961239210912,0.0002201197954837398,-0.000338550578219955,1.999001145362854,123.53961239210912,0.00019422427852809683,-0.0004099318260551888,-2.612726092338562,123.53961239210912,0.22298404574394226,-0.0027140590827912092,9.822891235351562,-4.7481740152666785e-05,0.005353600155270515,0.0006738160979553174,90.05542948959283,17.730221846847588,0.4000000059604645,0.0,0.0,False,False
2026-09-24T14:54:53.112,7710,123.6526568812842,0.0002201245777839694,-0.00033354623539439153,1.998993992805481,123.59649462453672,0.00019395324048554388,-0.0003400674520968798,-15.192048072814941,123.59649462453672,0.2204321175813675,-0.0008367678965441883,9.80996322631836,1.975009122642763e-05,0.005213244853783045,0.0006566901302388294,90.05547047072784,17.77224973734437,0.4000000059604645,0.0,0.0,False,False
2026-09-24T14:54:53.332,7714,123.81955193556496,0.00022013182836818195,-0.0003261155009009048,1.9989991188049316,123.81955193556496,0.00015958305533277488,-0.00030509881365882343,-0.47629213333129883,123.81955193556496,0.19274106621742249,-0.0033106610644608736,9.799970626831055,-4.950072735957888e-05,0.004636728362808371,0.0005869499446904237,90.05560707451124,17.924462013395015,0.4000000059604645,0.0,0.0,False,False
2026-09-24T14:54:53.387,7715,123.87193004987785,0.00022013409096183667,-0.0003237736822393524,1.9990166425704956,123.87193004987785,0.00026468649292149993,-0.0003627898262402775,-4.738441586494446,123.87193004987785,0.1902058869600296,-0.0014332800637930632,9.818331718444824,2.455198337519795e-05,0.004509977160636392,0.0005724560114648122,90.05563439526792,17.960098929210833,0.4000000059604645,0.0,0.0,False,False
2026-09-24T14:54:53.592,7719,124.08266160092899,0.00022014341559022403,-0.00031430843043375235,1.9992283582687378,124.08266160092899,0.0002074995811379046,-0.00031084209396788965,5.655347466468811,124.08266160092899,0.14749731123447418,0.0004810855316463858,9.783575057983398,-0.0001757693857495053,0.04088614936687771,0.10238298152365069,90.05635156513077,18.006764743850724,0.4000000059604645,0.0,0.0,False,False
2026-09-24T14:54:53.641,7720,124.13260218329378,0.00022014542107096533,-0.00031206589163699003,1.9989876747131348,124.13260218329378,0.00022116352808477133,-0.0003633065139066782,0.4858109951019287,124.13260218329378,-0.28678858280181885,0.000274529738817364,9.702013969421387,-0.0001372775814159682,0.010935599768653208,-0.0017113689509302384,90.05521775372856,17.978023856532413,0.4000000059604645,0.0,0.0,False,False
2026-09-24T14:54:53.842,7724,124.33367955512949,0.0002201541800509357,-0.0003030272415708419,1.9989672899246216,124.33367955512949,0.0002494405824741033,-0.00025807596070083266,-1.6670655012130737,124.33367955512949,0.16290482878684998,0.0029652067460119724,9.80030632019043,0.00038587291078495065,-0.07158385095717153,0.0024189687741005407,90.05536801789029,17.935095481950544,0.4000000059604645,0.0,0.0,False,False
2026-09-24T14:54:53.891,7725,124.38310928843566,0.00022015627123597807,-0.00030080403766487247,1.9989620447158813,124.38310928843566,0.0002550404425635541,-0.00030336144763577717,6.763461709022522,124.38310928843566,0.008878406137228012,-0.0018840591656044126,9.840547561645508,0.0001428002603319825,0.09798500670882361,-0.0006560024839353665,90.05507431975597,18.058282643299574,0.4000000059604645,0.0,0.0,False,False
2026-09-24T14:54:54.091,7729,124.58421699903556,0.00022016614437188288,-0.00029176751306543363,1.9988901615142822,124.58421699903556,0.00019635558217441463,-0.0003214956261424325,10.388077020645142,124.58421699903556,-0.25136467814445496,0.004653092008084059,9.76198959350586,0.0016381007479763048,0.02869147359384141,0.33995340266949114,90.06223235800616,18.105634960085755,0.4000000059604645,0.0,0.0,False,False
2026-09-24T14:54:54.143,7730,124.6321798247809,0.00022016852695155308,-0.00028960680473733415,1.9989871978759766,124.6321798247809,0.00018353510627416313,-0.00023245944366113004,8.916069984436035,124.6321798247809,0.3642410933971405,0.0033969038631767035,9.848341941833496,0.005764984399986567,-0.10571836833465155,-0.5746010831498413,90.06305198070656,18.051855526042026,0.4000000059604645,0.0,0.0,False,False
2026-09-24T14:54:54.343,7734,124.88419996402808,0.00022019871200734578,-0.0002782562639522729,1.9990181922912598,124.88419996402808,0.00015824009849291123,-0.0003339115989702185,-5.21393346786499,124.88419996402808,0.23044130206108093,0.0303471852093935,9.834912300109863,-0.011295948943277578,-0.06631325944491581,2.682733100780459,90.14487081677414,18.100493641578318,0.4000000059604645,0.0,0.0,False,False
2026-09-24T14:54:54.394,7735,124.88419996402808,0.00022019871200734578,-0.0002782562639522729,1.9990181922912598,124.88419996402808,0.00015824009849291123,-0.0003339115989702185,-5.21393346786499,124.88419996402808,0.23044130206108093,0.0303471852093935,9.834912300109863,-0.011295948943277578,-0.06631325944491581,2.682733100780459,90.14487081677414,18.07983603179433,0.4000000059604645,0.0,0.0,False,False
2026-09-24T14:54:54.601,7739,125.14106041393825,0.00022022264064900244,-0.0002666854973897725,1.9989829063415527,125.14106041393825,0.00025126299996656033,-0.0003358066145113125,-17.026867389678955,125.08633225984522,0.25278031826019287,0.0095073776319623,9.814641952514648,-0.039667637615851487,0.09462845564954497,3.582681814029101,90.15685096857834,18.128644589441336,0.4000000059604645,0.0,0.0,False,False
2026-09-24T14:54:54.651,7740,125.19157217643806,0.00022023354223640627,-0.0002644115222545978,1.998966932296753,125.19157217643806,0.0003008634853497147,-0.0002409716228038477,-3.4488699436187744,125.19157217643806,-0.08986763656139374,0.02533443458378315,9.821680068969727,0.0025110362556568745,-0.048898067985008446,0.7060994602280705,90.149686100139,18.072358232978164,0.4000000059604645,0.0,0.0,False,False
2026-09-24T14:54:54.858,7744,125.3472030518169,0.00022024634645942268,-0.00025739830484439305,1.9989712238311768,125.3472030518169,0.0002302388474229853,-0.0002837908097228516,-6.31548285484314,125.3472030518169,-0.05246623605489731,-0.024208756163716316,9.80992317199707,-0.0054394656883232926,-0.061964850192317615,-0.796576681646555,90.12434609831826,18.09719394016927,0.4000000059604645,0.0,0.0,False,False
2026-09-24T14:54:54.912,7745,125.39885320342728,0.00022025681952531008,-0.0002550703702799401,1.9989768266677856,125.39885320342728,0.00021749839371754055,-0.00023265123856974605,-9.215126872062683,125.39885320342728,0.05522112175822258,0.02487352304160595,9.810194969177246,0.004428533074503608,-0.06877721016735824,0.793038376852224,90.15343587399333,18.026045307199666,0.4000000059604645,0.0,0.0,False,False
2026-09-24T14:54:55.125,7749,125.61307867817231,0.000220280902434663,-0.00024541992861599164,1.9989190101623535,125.66613163999864,0.00027887483937056576,-0.00020137589285883792,1.3706047534942627,125.61307867817231,-0.022001322358846664,0.0037499847821891308,9.82871150970459,-0.015337434907681599,0.008491633519381678,0.6048961737700213,90.14844983589923,17.98142816053415,0.4000000059604645,0.0,0.0,False,False
2026-09-24T14:54:55.179,7750,125.66613163999864,0.00022028626752408062,-0.0002430318124898497,1.9989104270935059,125.66613163999864,0.00027887483937056576,-0.00020137589285883792,1.3706047534942627,125.66613163999864,-0.0227715652436018,-0.014325161464512348,9.807069778442383,0.002313558161149883,0.03893859496323196,0.1287972640451139,90.14579972250127,18.107847332752264,0.4000000059604645,0.0,0.0,False,False
2026-09-24T14:54:55.416,7754,125.89426930077025,0.0002203043168504924,-0.0002327523698040585,1.998937964439392,125.89426930077025,0.00023395186965568843,-0.0002785655242332558,2.0092141646891832,125.89426930077025,0.1994086056947708,-0.013685325160622597,9.827224731445312,-0.005627912458478529,-0.027323941655957917,0.4223747628074895,90.10745504050081,18.127381051192728,0.4000000059604645,0.0,0.0,False,False
2026-09-24T14:54:55.472,7755,125.95654238961288,0.0002203060823591813,-0.00022994723367954388,1.9989558458328247,125.95654238961288,0.00011217105495570372,-0.00028173488063256043,-1.4666911363601685,125.95654238961288,-0.06482385843992233,-0.02203438989818096,9.800353050231934,-0.01169793125584328,-0.12384114804926306,0.14319834438411555,90.08658881258641,17.931165212540954,0.4000000059604645,0.0,0.0,False,False
2026-09-24T14:54:55.706,7759,126.18781622700044,0.0002203352389632772,-0.0002195218022837214,1.9989454746246338,126.18781622700044,0.00017065392353190586,-0.00032517628111354113,10.541134119033813,126.18781622700044,-0.06288900971412659,0.0016400422900915146,9.81050968170166,0.0005390836963412067,-0.12045109304447567,-0.6273922555751046,90.14060194854288,18.11372162981971,0.4000000059604645,0.0,0.0,False,False
2026-09-24T14:54:55.768,7760,126.24706173143932,0.00022034715186145708,-0.00021684901074416144,1.9989745616912842,126.24706173143932,0.00020705186818213055,-0.0003170059506236869,-7.318901300430298,126.24706173143932,0.14405186474323273,0.02535797469317913,9.823746681213379,-0.0019412755404753308,-0.0735204763911346,1.7682746111354768,90.17103727148445,17.981324761952468,0.4000000059604645,0.0,0.0,False,False
2026-09-24T14:54:56.017,7764,126.49537389181205,0.00022037899958067393,-0.0002056613595576452,1.9989330768585205,126.49537389181205,0.00014368914758651336,-0.0002905660514605658,4.7906787395477295,126.49537389181205,-0.07130565494298935,0.014145772904157639,9.798319816589355,0.0018731577020295101,-0.035659577223203544,-0.2449921887413196,90.17982089475709,18.085899045109738,0.4000000059604645,0.0,0.0,False,False
2026-09-24T14:54:56.081,7765,126.55804421953508,0.0002203841761206241,-0.00020284141372953752,1.998905897140503,126.55804421953508,0.00023523142883501356,-0.00023620567752927752,16.853607892990112,126.55804421953508,-0.05824153870344162,-0.0021755225025117397,9.81484317779541,-0.010106280400765442,-0.1071746260306791,-0.19135023087756664,90.1600953084341,18.025329068969523,0.4000000059604645,0.0,0.0,False,False
2026-09-24T14:54:56.335,7769,126.81224470413872,0.00022041009310205464,-0.0001913796973223298,1.998936414718628,126.81224470413872,0.00017030466937731017,-0.00010494479877357028,-4.461418390274048,126.81224470413872,0.2343907356262207,-0.00805537961423397,9.821015357971191,-0.010156456277749252,0.0521282872250683,-0.05210755653372025,90.1258828908815,18.050918561963456,0.4000000059604645,0.0,0.0,False,False
2026-09-24T14:54:56.400,7770,126.94069225169369,0.0002204256912853049,-0.00018559193146141723,1.998901605606079,126.94069225169369,0.00019300469341829344,-0.00019390701314772257,1.8205435574054718,126.94069225169369,0.11068324744701385,-0.01285432931035757,9.825393676757812,-0.006053764581316241,0.1441728469600324,-0.26945445789286737,90.13256281588977,17.932464270605614,0.0,0.0,0.0,False,False
2026-09-24T14:54:56.656,7774,127.19591632686206,0.00022044948279999424,-0.00017493170455659733,1.9971020221710205,127.19591632686206,0.00021028339931563003,-0.00017518805163527272,-0.6914820671081543,127.19591632686206,-3.610347032546997,-9.183747170027345e-05,9.80518627166748,0.001984963071252959,0.31784282634611694,-0.009934412597474355,90.12890866468382,15.196715684583184,0.0,0.0,0.0,False,False
2026-09-24T14:54:56.719,7775,127.19591632686206,0.00022044948279999424,-0.00017493170455659733,1.9971020221710205,127.19591632686206,0.00021028339931563003,-0.00017518805163527272,-0.6914820671081543,127.19591632686206,-3.610347032546997,-9.183747170027345e-05,9.80518627166748,0.001984963071252959,0.31784282634611694,-0.009934412597474355,90.12890866468382,14.37687990500921,0.0,0.0,0.0,False,False
2026-09-24T14:54:56.966,7779,127.5070777630026,0.00022047198875012452,-0.00016461796300863327,1.9965518712997437,127.44610190219828,0.00024754490674589044,-0.00012579324040253934,13.05001699924469,127.44610190219828,-3.149827718734741,0.0012924186885356903,9.801769256591797,0.0005776515555231754,0.0041452715726314916,-0.006932327261907219,90.12679813623028,11.598161866514886,0.0,0.0,0.0,False,False
2026-09-24T14:54:57.027,7780,127.5070777630026,0.00022047198875012452,-0.00016461796300863327,1.9965518712997437,127.5070777630026,0.00025815441334058173,-0.00010277238877169268,-3.9247008562088013,127.5070777630026,-2.9746739864349365,-0.0016107195988297462,9.805516242980957,0.00046638776769044276,-0.029173121992246313,-0.006333196608230122,90.12639515506925,10.820104654027222,0.0,1.0,0.0,False,False
2026-09-24T14:54:57.265,7784,127.80572634391137,0.00022048599283333556,-0.00015788801546122596,1.9943000078201294,127.80572634391137,0.00025836413704563555,-0.00014005472156540673,-7.857454180717468,127.74746525860974,-5.117945194244385,-0.0014844221295788884,9.807076454162598,0.00022924958404387538,0.21167179122628674,-0.012739063194227473,90.12382017375216,3.8378396295456545,0.0,1.0,0.0,False,False
2026-09-24T14:54:57.324,7785,127.80572634391137,0.00022048599283333556,-0.00015788801546122596,1.9943000078201294,127.80572634391137,0.00025836413704563555,-0.00014005472156540673,-7.857454180717468,127.80572634391137,-10.296951293945312,0.0012832841603085399,9.74445629119873,0.001597329408653238,2.554288618674019,-0.017631407968293933,90.12224240005388,0.010534358538603473,0.0,1.0,0.0,False,False
2026-09-24T14:54:57.558,7789,128.04094409025856,0.000220486181382804,-0.00015774224958239175,1.9948621988296509,128.04094409025856,0.0002643772570029989,-0.00010582428295254759,-1.3677176237106323,128.04094409025856,-0.014203174039721489,-0.00126515026204288,9.791890144348145,-0.0011799838603737164,-1.195881920243371,0.00011043471442502618,90.12165500378526,0.006823521481296905,0.0,1.0,0.0,False,False
2026-09-24T14:54:57.616,7790,128.09839607976028,0.00022048618138280384,-0.00015775750494835634,1.995963454246521,128.09839607976028,0.00024377438985022403,-0.0001324676914552107,5.322771668434143,128.09839607976028,0.07898776233196259,-0.00020206447516102344,9.80274486541748,-0.0008964465912813874,-0.9085466407532187,6.758078412941613e-05,90.12165500378526,0.0049606700420541695,0.0,1.0,0.0,False,False
2026-09-24T14:54:57.846,7794,128.3870097605104,0.0002204861299602216,-0.00015778990117495516,1.9983196258544922,128.3870097605104,0.00016098580058914553,-0.00011762670245615402,6.74880313873291,128.3870097605104,0.025389492511749268,0.0005665182252414525,9.805716514587402,-4.143107083953456e-05,-0.1678251117049122,4.860967618757204e-06,90.12166183397443,0.0012640141753388235,0.0,1.0,0.0,False,False
2026-09-24T14:54:57.905,7795,128.3870097605104,0.0002204861299602216,-0.00015778990117495516,1.9983196258544922,128.3870097605104,0.00016098580058914553,-0.00011762670245615402,6.74880313873291,128.3870097605104,0.025389492511749268,0.0005665182252414525,9.805716514587402,-4.143107083953456e-05,-0.1678251117049122,4.860967618757204e-06,90.12166183397443,0.0009502133397915732,0.0,1.0,0.0,False,False
2026-09-24T14:54:58.140,7799,128.61887763268896,0.00022048612996022156,-0.00015779442636216262,1.9986474514007568,128.61887763268896,0.00016888527866703397,-0.00011253269493267143,5.841303586959839,128.61887763268896,0.024012522771954536,0.0005705852527171373,9.80504322052002,0.0,0.0,0.0,90.12166183397443,0.0,0.0,1.0,0.0,False,False
2026-09-24T14:54:58.200,7800,128.6809519661183,0.00022048612996022156,-0.00015779442636216262,1.9986474514007568,128.6809519661183,0.00016315877624455778,-0.00014900069944218702,-0.2448291778564453,128.6809519661183,-0.0019244144205003977,0.0012506607454270124,9.810039520263672,0.0,0.0,0.0,90.12166183397443,0.0,0.0,0.0,0.0,False,False
2026-09-24T14:54:58.431,7804,128.91387071661302,0.00022048612996022156,-0.00015779442636216262,1.9986474514007568,128.91387071661302,0.000180356262403251,-0.00012707075309976206,-2.9532406330108643,128.91387071661302,-0.0016158900689333677,-0.0006249985890462995,9.8100004196167,0.0,0.0,0.0,90.12166183397443,0.0,0.0,0.0,0.0,False,False
2026-09-24T14:54:58.491,7805,128.9725574424083,0.00022048612996022156,-0.00015779442636216262,1.9986474514007568,128.9725574424083,0.00020659502174984835,-0.0001851760412895979,5.420793533325195,128.9725574424083,-0.002238247310742736,0.0006263257237151265,9.810078620910645,0.0,0.0,0.0,90.12166183397443,0.0,0.0,0.0,0.0,False,False
2026-09-24T14:54:58.721,7809,129.205558603775,0.00022048612996022156,-0.00015779442636216262,1.9986474514007568,129.205558603775,0.000206082876188333,-0.00014537833302114594,-2.585164785385132,129.205558603775,-0.0016172108007594943,-0.001249997178092599,9.809961318969727,0.0,0.0,0.0,90.12166183397443,0.0,0.0,0.0,0.0,False,False
2026-09-24T14:54:58.779,7810,129.31968210465857,0.00022048612996022156,-0.00015779442636216262,1.9986474514007568,129.31968210465857,0.00023963854405755581,-0.00012727685005615202,-6.912094354629517,129.26189024947234,-0.002238247310742736,0.0006263257237151265,9.810078620910645,0.0,0.0,0.0,90.12166183397443,0.0,0.0,0.0,0.0,False,False
2026-09-24T14:54:59.011,7814,129.55222656033584,0.00022048612996022156,-0.00015779442636216262,1.9986474514007568,129.55222656033584,0.00022620934001187733,-0.0001779614381879961,-3.940464735031128,129.49601702965447,-0.0009922122117131948,-0.001251324312761426,9.809961318969727,0.0,0.0,0.0,90.12166183397443,0.0,0.0,0.0,0.0,False,False
2026-09-24T14:54:59.068,7815,129.55222656033584,0.00022048612996022156,-0.00015779442636216262,1.9986474514007568,129.55222656033584,0.00022620934001187733,-0.0001779614381879961,-3.940464735031128,129.55222656033584,-0.002863239496946335,0.0006276529165916145,9.810039520263672,0.0,0.0,0.0,90.12166183397443,0.0,0.0,0.0,0.0,False,False
2026-09-24T14:54:59.297,7819,129.78142004660913,0.00022048612996022156,-0.00015779442636216262,1.9986474514007568,129.78142004660913,0.0002577084993887128,-0.00012758204009827894,10.97598147392273,129.78142004660913,-0.0016119215870276093,0.001249997178092599,9.810078620910645,0.0,0.0,0.0,90.12166183397443,0.0,0.0,0.0,0.0,False,False
2026-09-24T14:54:59.355,7820,129.83855212680646,0.00022048612996022156,-0.00015779442636216262,1.9986474514007568,129.83855212680646,0.0002566222425726609,-0.00014285771756789617,-11.813286066055298,129.83855212680646,-0.0009922122117131948,-0.001251324312761426,9.809961318969727,0.0,0.0,0.0,90.12166183397443,0.0,0.0,0.0,0.0,False,False
2026-09-24T14:54:59.587,7824,130.07177240229794,0.00022048612996022156,-0.00015779442636216262,1.9986474514007568,130.07177240229794,0.00026355277046113214,-9.344234293479675e-05,-5.57863450050354,130.07177240229794,-0.00161589658819139,-0.0006249985890462995,9.810039520263672,0.0,0.0,0.0,90.12166183397443,0.0,0.0,0.0,0.0,False,False
2026-09-24T14:54:59.645,7825,130.12857456706115,0.00022048612996022156,-0.00015779442636216262,1.9986474514007568,130.12857456706115,0.0001761145100814191,-0.00011613507611713575,-0.8132848739624023,130.12857456706115,-0.0016158900689333677,-0.0006249985890462995,9.8100004196167,0.0,0.0,0.0,90.12166183397443,0.0,0.0,0.0,0.0,False,False
2026-09-24T14:54:59.877,7829,130.35942818797776,0.00022048612996022156,-0.00015779442636216262,1.9986474514007568,130.35942818797776,0.00025705257180979414,-0.00012582385769150422,-7.113065004348755,130.35942818797776,-0.0016145629342645407,0.0,9.8100004196167,0.0,0.0,0.0,90.12166183397443,0.0,0.0,0.0,0.0,False,False
2026-09-24T14:54:59.935,7830,130.47629256374785,0.00022048612996022156,-0.00015779442636216262,1.9986474514007568,130.4177687225456,0.00022471686375374146,-0.00011187241633109951,8.921000242233276,130.4177687225456,-0.0016132357995957136,0.0006249985890462995,9.8100004196167,0.0,0.0,0.0,90.12166183397443,0.0,0.0,0.0,0.0,False,False
2026-09-24T14:55:00.165,7834,130.64908809788176,0.00022048612996022156,-0.00015779442636216262,1.9986474514007568,130.64908809788176,0.0002540835627356445,-0.0001602446364663061,3.494179129600525,130.64908809788176,-0.002239574445411563,1.3271547913973336e-06,9.810078620910645,0.0,0.0,0.0,90.12166183397443,0.0,0.0,0.0,0.0,False,False
2026-09-24T14:55:00.227,7835,130.76830906249234,0.00022048612996022156,-0.00015779442636216262,1.9986474514007568,130.70603896133252,0.00021942731294038266,-0.00017742201688037456,3.005293846130371,130.70603896133252,-0.001614569453522563,0.0,9.810039520263672,0.0,0.0,0.0,90.12166183397443,0.0,0.0,0.0,0.0,False,False
2026-09-24T14:55:00.457,7839,130.94068224556395,0.00022048612996022156,-0.00015779442636216262,1.9986474514007568,130.94068224556395,0.0002579601711246086,-0.00012615710382619144,4.300737380981445,130.94068224556395,-0.002239561639726162,1.3271549050841713e-06,9.8100004196167,0.0,0.0,0.0,90.12166183397443,0.0,0.0,0.0,0.0,False,False
2026-09-24T14:55:00.515,7840,131.05611789799877,0.00022048612996022156,-0.00015779442636216262,1.9986474514007568,131.05611789799877,0.00023056935574877014,-8.833481714049557e-05,4.36113977432251,131.05611789799877,-0.002863239496946335,0.0006276529165916145,9.810039520263672,0.0,0.0,0.0,90.12166183397443,0.0,0.0,0.0,0.0,False,False
2026-09-24T14:55:00.744,7844,131.28457880220958,0.00022048612996022156,-0.00015779442636216262,1.9986474514007568,131.28457880220958,0.00019425704308977755,-0.0001360321426395254,-11.566397905349731,131.28457880220958,-0.0009895579423755407,-1.3271549050841713e-06,9.809961318969727,0.0,0.0,0.0,90.12166183397443,0.0,0.0,0.0,0.0,False,False
2026-09-24T14:55:00.801,7845,131.3425547463412,0.00022048612996022156,-0.00015779442636216262,1.9986474514007568,131.28457880220958,0.00019425704308977755,-0.0001360321426395254,-11.566397905349731,131.28457880220958,-0.0009895579423755407,-1.3271549050841713e-06,9.809961318969727,0.0,0.0,0.0,90.12166183397443,0.0,0.0,0.0,0.0,False,False
2026-09-24T14:55:01.032,7849,131.51671842313954,0.00022048612996022156,-0.00015779442636216262,1.9986474514007568,131.51671842313954,0.00015918606336944675,-3.77048114236837e-05,-2.6978189945220947,131.51671842313954,-0.002239561639726162,1.3271549050841713e-06,9.8100004196167,0.0,0.0,0.0,90.12166183397443,0.0,0.0,0.0,0.0,False,False
2026-09-24T14:55:01.090,7850,131.63113782383152,0.00022048612996022156,-0.00015779442636216262,1.9986474514007568,131.63113782383152,0.00027192189341312213,-0.00015705857830056774,-2.6070244312286377,131.63113782383152,-0.0009882372105494142,0.0006236714543774724,9.8100004196167,0.0,0.0,0.0,90.12166183397443,0.0,0.0,0.0,0.0,False,False
2026-09-24T14:55:01.319,7854,131.8035150525684,0.00022048612996022156,-0.00015779442636216262,1.9986474514007568,131.8035150525684,0.00018452654299343875,-0.00018158393375728482,-9.846924066543579,131.8035150525684,-0.0016145629342645407,0.0,9.8100004196167,0.0,0.0,0.0,90.12166183397443,0.0,0.0,0.0,0.0,False,False
2026-09-24T14:55:01.377,7855,131.85991052738973,0.00022048612996022156,-0.00015779442636216262,1.9986474514007568,131.91803053967305,0.0003287034702721884,-0.00016427945918934855,5.638607501983643,131.85991052738973,-0.0009908979991450906,-0.0006263257819227874,9.810039520263672,0.0,0.0,0.0,90.12166183397443,0.0,0.0,0.0,0.0,False,False
2026-09-24T14:55:01.608,7859,132.08920891411253,0.00022048612996022156,-0.00015779442636216262,1.9986474514007568,132.08920891411253,0.0002368735728437913,-0.00017084394365469196,-2.921096086502075,132.08920891411253,-0.0009908914798870683,-0.0006263257237151265,9.8100004196167,0.0,0.0,0.0,90.12166183397443,0.0,0.0,0.0,0.0,False,False
2026-09-24T14:55:01.666,7860,132.20698518506833,0.00022048612996022156,-0.00015779442636216262,1.9986474514007568,132.14902501754113,0.0002081495119042246,-0.00020858908336180465,-10.196594476699829,132.14902501754113,-0.0016132357995957136,0.0006249985890462995,9.8100004196167,0.0,0.0,0.0,90.12166183397443,0.0,0.0,0.0,0.0,False,False
2026-09-24T14:55:01.894,7864,132.43413076378056,0.00022048612996022156,-0.00015779442636216262,1.9986474514007568,132.43413076378056,0.00022960350966477007,-0.00012350737468608857,0.957571268081665,132.43413076378056,-0.0016158772632479668,-0.0006249985890462995,9.809922218322754,0.0,0.0,0.0,90.12166183397443,0.0,0.0,0.0,0.0,False,False
2026-09-24T14:55:01.952,7865,132.43413076378056,0.00022048612996022156,-0.00015779442636216262,1.9986474514007568,132.43413076378056,0.00022960350966477007,-0.00012350737468608857,0.957571268081665,132.43413076378056,-0.0016158772632479668,-0.0006249985890462995,9.809922218322754,0.0,0.0,0.0,90.12166183397443,0.0,0.0,0.0,0.0,False,False
2026-09-24T14:55:02.184,7869,132.66652441970655,0.00022048612996022156,-0.00015779442636216262,1.9986474514007568,132.66652441970655,0.0001756635425905132,-0.00016307165340862556,-3.217758893966675,132.66652441970655,-0.002239561639726162,1.3271549050841713e-06,9.8100004196167,0.0,0.0,0.0,90.12166183397443,0.0,0.0,0.0,0.0,False,False
2026-09-24T14:55:02.243,7870,132.78464091397473,0.00022048612996022156,-0.00015779442636216262,1.9986474514007568,132.78464091397473,0.00020287239718035733,-0.00017832066676732355,-3.940955877304077,132.72500569201657,-0.0009895708644762635,-1.327155018771009e-06,9.810039520263672,0.0,0.0,0.0,90.12166183397443,0.0,0.0,0.0,0.0,False,False
2026-09-24T14:55:02.478,7874,132.96336448020884,0.00022048612996022156,-0.00015779442636216262,1.9986474514007568,132.96336448020884,0.00019362677781336414,-0.00017748355147290712,3.394174337387085,132.96336448020884,-0.0009922058088704944,-0.001251324312761426,9.809922218322754,0.0,0.0,0.0,90.12166183397443,0.0,0.0,0.0,0.0,False,False
2026-09-24T14:55:02.537,7875,133.01955230362364,0.00022048612996022156,-0.00015779442636216262,1.9986474514007568,133.01955230362364,0.00022305797338466972,-0.00016614176964452925,8.117518186569214,133.01955230362364,-0.0009895643452182412,-1.3271549050841713e-06,9.8100004196167,0.0,0.0,0.0,90.12166183397443,0.0,0.0,0.0,0.0,False,False
2026-09-24T14:55:02.767,7879,133.3081812990422,0.00022048612996022156,-0.00015779442636216262,1.9986474514007568,133.3081812990422,0.00016513520645693814,-8.134038815427774e-05,2.7458168864250183,133.3081812990422,-0.0016132357995957136,0.0006249985890462995,9.8100004196167,0.0,0.0,0.0,90.12166183397443,0.0,0.0,0.0,0.0,False,False
2026-09-24T14:55:02.825,7880,133.3658159954066,0.00022048612996022156,-0.00015779442636216262,1.9986474514007568,133.3081812990422,0.00016513520645693814,-8.134038815427774e-05,2.7458168864250183,133.3081812990422,-0.0016132357995957136,0.0006249985890462995,9.8100004196167,0.0,0.0,0.0,90.12166183397443,0.0,0.0,0.0,0.0,False,False
2026-09-24T14:55:03.059,7884,133.54269793085405,0.00022048612996022156,-0.00015779442636216262,1.9986474514007568,133.54269793085405,0.00019982861854677493,-0.00017515885391134505,1.928856335580349,133.54269793085405,-0.0013020571786910295,-6.635773388552479e-07,9.809961318969727,0.0,0.0,0.0,90.12166183397443,0.0,0.0,0.0,0.0,False,False
2026-09-24T14:55:03.117,7885,133.60011088303872,0.00022048612996022156,-0.00015779442636216262,1.9986474514007568,133.60011088303872,0.0002481339703577704,-0.00017505092599407506,-6.733462572097778,133.60011088303872,-0.002240888774394989,-0.0006236714543774724,9.8100004196167,0.0,0.0,0.0,90.12166183397443,0.0,0.0,0.0,0.0,False,False
2026-09-24T14:55:03.349,7889,133.83317566118785,0.00022048612996022156,-0.00015779442636216262,1.9986474514007568,133.83317566118785,0.0002359953283799713,-0.00016586198542740166,10.58762812614441,133.83317566118785,-0.0009895708644762635,-1.327155018771009e-06,9.810039520263672,0.0,0.0,0.0,90.12166183397443,0.0,0.0,0.0,0.0,False,False
2026-09-24T14:55:03.407,7890,133.89007793567725,0.00022048612996022156,-0.00015779442636216262,1.9986474514007568,133.89007793567725,0.00021876856228990972,-0.00018504179987161623,16.70010733604431,133.89007793567725,-0.00036722002550959587,-0.001252651447430253,9.8100004196167,0.0,0.0,0.0,90.12166183397443,0.0,0.0,0.0,0.0,False,False
2026-09-24T14:55:03.638,7894,134.17885973505327,0.00022048612996022156,-0.00015779442636216262,1.9986474514007568,134.12129054419347,0.00020026242569164777,-0.00019189592656715975,16.435248136520386,134.12129054419347,-0.0016119215870276093,0.001249997178092599,9.810078620910645,0.0,0.0,0.0,90.12166183397443,0.0,0.0,0.0,0.0,False,False
2026-09-24T14:55:03.700,7895,134.2409370598907,0.00022048612996022156,-0.00015779442636216262,1.9986474514007568,134.17885973505327,0.00017235609962389743,-0.00023076047235321456,-2.3366124629974365,134.17885973505327,-0.0022369264625012875,0.001251324312761426,9.810117721557617,0.0,0.0,0.0,90.12166183397443,0.0,0.0,0.0,0.0,False,False
2026-09-24T14:55:03.927,7899,134.41220473326393,0.00022048612996022156,-0.00015779442636216262,1.9986474514007568,134.41220473326393,0.00014772664840583628,-0.00021636038453238287,5.620826721191406,134.41220473326393,-0.0022382279857993126,0.0006263257237151265,9.809961318969727,0.0,0.0,0.0,90.12166183397443,0.0,0.0,0.0,0.0,False,False
2026-09-24T14:55:03.986,7900,134.52719798139879,0.00022048612996022156,-0.00015779442636216262,1.9986474514007568,134.52719798139879,0.00021782319245593852,-0.00013550847559912798,-6.054739236831665,134.46868625484058,-0.002238247310742736,0.0006263257237151265,9.810078620910645,0.0,0.0,0.0,90.12166183397443,0.0,0.0,0.0,0.0,False,False
2026-09-24T14:55:04.214,7904,134.69834025777527,0.00022048612996022156,-0.00015779442636216262,1.9986474514007568,134.69834025777527,0.00023640989243594403,-0.00013340464154993386,-3.428178548812866,134.69834025777527,-0.0009908850770443678,-0.0006263257237151265,9.809961318969727,0.0,0.0,0.0,90.12166183397443,0.0,0.0,0.0,0.0,False,False
2026-09-24T14:55:04.272,7905,134.7550128941948,0.00022048612996022156,-0.00015779442636216262,1.9986474514007568,134.7550128941948,0.00023564872085862033,-0.00019833765926108898,-4.945976495742798,134.7550128941948,-0.0009922058088704944,-0.001251324312761426,9.809922218322754,0.0,0.0,0.0,90.12166183397443,0.0,0.0,0.0,0.0,False,False
2026-09-24T14:55:04.507,7909,135.04814239419647,0.00022048612996022156,-0.00015779442636216262,1.9986474514007568,134.99086707658716,0.00017415876177855706,-0.00018783235880932042,-1.6882102489471436,134.99086707658716,-0.0016158900689333677,-0.0006249985890462995,9.8100004196167,0.0,0.0,0.0,90.12166183397443,0.0,0.0,0.0,0.0,False,False
2026-09-24T14:55:04.566,7910,135.04814239419647,0.00022048612996022156,-0.00015779442636216262,1.9986474514007568,135.04814239419647,0.0002571667934304004,-0.00019115881021520325,14.439623594284058,135.04814239419647,-0.002236907370388508,0.001251324312761426,9.8100004196167,0.0,0.0,0.0,90.12166183397443,0.0,0.0,0.0,0.0,False,False
2026-09-24T14:55:04.798,7914,135.2809214090521,0.00022048612996022156,-0.00015779442636216262,1.9986474514007568,135.2809214090521,0.00020684421875066063,-0.0001266394452463297,-3.6579277515411377,135.2809214090521,-0.002236920176073909,0.001251324312761426,9.810078620910645,0.0,0.0,0.0,90.12166183397443,0.0,0.0,0.0,0.0,False,False
2026-09-24T14:55:04.857,7915,135.33889794177958,0.00022048612996022156,-0.00015779442636216262,1.9986474514007568,135.33889794177958,0.00020953532262373654,-0.00017664745299356726,-10.472094774246216,135.33889794177958,-0.002235592808574438,0.0018763229018077254,9.810078620910645,0.0,0.0,0.0,90.12166183397443,0.0,0.0,0.0,0.0,False,False
2026-09-24T14:55:05.089,7919,135.63029499180266,0.00022048612996022156,-0.00015779442636216262,1.9986474514007568,135.57179259709665,0.00016876163831929615,-0.00021950824028266796,-1.5259664058685303,135.57179259709665,-0.0003672007005661726,-0.001252651447430253,9.809883117675781,0.0,0.0,0.0,90.12166183397443,0.0,0.0,0.0,0.0,False,False
2026-09-24T14:55:05.148,7920,135.63029499180266,0.00022048612996022156,-0.00015779442636216262,1.9986474514007568,135.63029499180266,0.00030204504551383605,-0.0001777522544065883,-0.5963938236236572,135.63029499180266,-0.0016158900689333677,-0.0006249985890462995,9.8100004196167,0.0,0.0,0.0,90.12166183397443,0.0,0.0,0.0,0.0,False,False
2026-09-24T14:55:05.387,7924,135.8623922263796,0.00022048612996022156,-0.00015779442636216262,1.9986474514007568,135.8623922263796,0.00018417308788647814,-0.00011350444636577011,-14.788585901260376,135.8623922263796,-0.0009908850770443678,-0.0006263257237151265,9.809961318969727,0.0,0.0,0.0,90.12166183397443,0.0,0.0,0.0,0.0,False,False
2026-09-24T14:55:05.450,7925,135.92817286602804,0.00022048612996022156,-0.00015779442636216262,1.9986474514007568,135.99076029114076,0.00020199209907750072,-0.00013970452399320637,20.561103582382202,135.92817286602804,-0.002239561639726162,1.3271549050841713e-06,9.8100004196167,0.0,0.0,0.0,90.12166183397443,0.0,0.0,0.0,0.0,False,False
2026-09-24T14:55:05.678,7929,136.16247482053586,0.00022048612996022156,-0.00015779442636216262,1.9986474514007568,136.16247482053586,0.00025714640983514426,-0.00017575773434458969,3.2255932092666626,136.16247482053586,-0.0016119151841849089,0.001249997178092599,9.810039520263672,0.0,0.0,0.0,90.12166183397443,0.0,0.0,0.0,0.0,False,False
2026-09-24T14:55:05.737,7930,136.2779593487794,0.00022048612996022156,-0.00015779442636216262,1.9986474514007568,136.21943262047716,0.00018844440970005406,-0.00011598984072719903,-3.488140344619751,136.21943262047716,-0.0016132487216964364,0.0006249985890462995,9.810078620910645,0.0,0.0,0.0,90.12166183397443,0.0,0.0,0.0,0.0,False,False
2026-09-24T14:55:05.970,7934,136.51069900966831,0.00022048612996022156,-0.00015779442636216262,1.9986474514007568,136.51069900966831,0.0001868956057065533,-0.00015143955768821032,11.177616834640503,136.4533896354551,-0.00036588008515536785,-0.0006276529165916145,9.809922218322754,0.0,0.0,0.0,90.12166183397443,0.0,0.0,0.0,0.0,False,False
2026-09-24T14:55:06.028,7935,136.56892654500552,0.00022048612996022156,-0.00015779442636216262,1.9986474514007568,136.51069900966831,0.0001868956057065533,-0.00015143955768821032,11.177616834640503,136.51069900966831,-0.0003672007005661726,-0.001252651447430253,9.809883117675781,0.0,0.0,0.0,90.12166183397443,0.0,0.0,0.0,0.0,False,False
2026-09-24T14:55:06.258,7939,136.74214806608506,0.00022048612996022156,-0.00015779442636216262,1.9986474514007568,136.74214806608506,0.0002283362861404329,-0.0001953592969434263,-10.467286348342896,136.74214806608506,-0.0009908914798870683,-0.0006263257237151265,9.8100004196167,0.0,0.0,0.0,90.12166183397443,0.0,0.0,0.0,0.0,False,False
2026-09-24T14:55:06.317,7940,136.79929365045973,0.00022048612996022156,-0.00015779442636216262,1.9986474514007568,136.79929365045973,0.00019017005766235696,-0.00018250762749034182,-8.030965089797974,136.79929365045973,-0.001613242318853736,0.0006249985890462995,9.810039520263672,0.0,0.0,0.0,90.12166183397443,0.0,0.0,0.0,0.0,False,False
2026-09-24T14:55:06.552,7944,137.09292839668342,0.00022048612996022156,-0.00015779442636216262,1.9986474514007568,137.09292839668342,0.0002275175831115065,-0.0001582540877981879,5.027664661407471,137.036663325649,-0.0009895579423755407,-1.3271549050841713e-06,9.809961318969727,0.0,0.0,0.0,90.12166183397443,0.0,0.0,0.0,0.0,False,False
2026-09-24T14:55:06.609,7945,137.15045587546774,0.00022048612996022156,-0.00015779442636216262,1.9986474514007568,137.09292839668342,0.0002275175831115065,-0.0001582540877981879,5.027664661407471,137.15045587546774,-0.0003685279516503215,-0.0018776500364765525,9.809883117675781,0.0,0.0,0.0,90.12166183397443,0.0,0.0,0.0,0.0,False,False
2026-09-24T14:55:06.841,7949,137.3818398398871,0.00022048612996022156,-0.00015779442636216262,1.9986474514007568,137.3818398398871,7.258286464511355e-05,-0.00010791509210634248,-4.675981283187866,137.3818398398871,-0.002240888774394989,-0.0006236714543774724,9.8100004196167,0.0,0.0,0.0,90.12166183397443,0.0,0.0,0.0,0.0,False,False
2026-09-24T14:55:06.899,7950,137.44029841400334,0.00022048612996022156,-0.00015779442636216262,1.9986474514007568,137.44029841400334,0.00023237518658297075,-0.00023332146391425484,6.845270395278931,137.44029841400334,-0.0016158900689333677,-0.0006249985890462995,9.8100004196167,0.0,0.0,0.0,90.12166183397443,0.0,0.0,0.0,0.0,False,False
2026-09-24T14:55:07.130,7954,137.61535382844158,0.00022048612996022156,-0.00015779442636216262,1.9986474514007568,137.61535382844158,0.000245948936621602,-0.00021511484972819888,-15.217893838882446,137.61535382844158,-0.002239574445411563,1.3271547913973336e-06,9.810078620910645,0.0,0.0,0.0,90.12166183397443,0.0,0.0,0.0,0.0,False,False
2026-09-24T14:55:07.190,7955,137.67152028359124,0.00022048612996022156,-0.00015779442636216262,1.9986474514007568,137.67152028359124,0.00019111636507167885,-0.00020922842903332056,6.02414870262146,137.67152028359124,-0.0003672072198241949,-0.001252651447430253,9.809922218322754,0.0,0.0,0.0,90.12166183397443,0.0,0.0,0.0,0.0,False,False
2026-09-24T14:55:07.421,7959,137.9054846224899,0.00022048612996022156,-0.00015779442636216262,1.9986474514007568,137.9054846224899,0.00022861639595666373,-9.900149833214672e-05,-0.8152239322662354,137.9054846224899,-0.0009882308077067137,0.0006236714543774724,9.809961318969727,0.0,0.0,0.0,90.12166183397443,0.0,0.0,0.0,0.0,False,False
2026-09-24T14:55:07.481,7960,138.0218466205115,0.00022048612996022156,-0.00015779442636216262,1.9986474514007568,137.9620702622051,0.00022948917071934728,-0.00021722729305423999,-7.09377121925354,137.9620702622051,-0.002238247310742736,0.0006263257237151265,9.810078620910645,0.0,0.0,0.0,90.12166183397443,0.0,0.0,0.0,0.0,False,False
2026-09-24T14:55:07.710,7964,138.1934400742466,0.00022048612996022156,-0.00015779442636216262,1.9986474514007568,138.1934400742466,0.00024014857231540544,-0.00015438773478621587,0.44984209537506104,138.1934400742466,-0.0009895643452182412,-1.3271549050841713e-06,9.8100004196167,0.0,0.0,0.0,90.12166183397443,0.0,0.0,0.0,0.0,False,False
2026-09-24T14:55:07.768,7965,138.30964796445915,0.00022048612996022156,-0.00015779442636216262,1.9986474514007568,138.25093928925344,0.00017266711770807331,-0.00011188476363117078,6.8764894008636475,138.25093928925344,-0.0009908850770443678,-0.0006263257237151265,9.809961318969727,0.0,0.0,0.0,90.12166183397443,0.0,0.0,0.0,0.0,False,False
2026-09-24T14:55:08.003,7969,138.48790879003354,0.00022048612996022156,-0.00015779442636216262,1.9986474514007568,138.48790879003354,0.00026043764196819564,-0.00020118120536011846,8.39571213722229,138.48790879003354,-0.0016145565314218402,0.0,9.809961318969727,0.0,0.0,0.0,90.12166183397443,0.0,0.0,0.0,0.0,False,False
2026-09-24T14:55:08.062,7970,138.5444565398211,0.00022048612996022156,-0.00015779442636216262,1.9986474514007568,138.5444565398211,0.0003307868679754337,-0.00015596571127702335,-3.253063440322876,138.5444565398211,-0.002238234505057335,0.0006263257237151265,9.8100004196167,0.0,0.0,0.0,90.12166183397443,0.0,0.0,0.0,0.0,False,False
2026-09-24T14:55:08.292,7974,138.7761629653687,0.00022048612996022156,-0.00015779442636216262,1.9986474514007568,138.7761629653687,0.00018670186150720282,-0.00015915651404924718,-3.1894562244415283,138.7761629653687,-0.0016132357995957136,0.0006249985890462995,9.8100004196167,0.0,0.0,0.0,90.12166183397443,0.0,0.0,0.0,0.0,False,False
2026-09-24T14:55:08.350,7975,138.89131146870204,0.00022048612996022156,-0.00015779442636216262,1.9986474514007568,138.89131146870204,0.0003090017413838667,-7.78085364649465e-05,-5.886195421218872,138.8332781290228,-0.0016158836660906672,-0.0006249985890462995,9.809961318969727,0.0,0.0,0.0,90.12166183397443,0.0,0.0,0.0,0.0,False,False
2026-09-24T14:55:08.586,7979,139.12674534521648,0.00022048612996022156,-0.00015779442636216262,1.9986474514007568,139.12674534521648,0.0002391691556609602,-0.00012304117133993858,-0.15717864036560059,139.0635738914425,-0.0009895708644762635,-1.327155018771009e-06,9.810039520263672,0.0,0.0,0.0,90.12166183397443,0.0,0.0,0.0,0.0,False,False
2026-09-24T14:55:08.643,7980,139.12674534521648,0.00022048612996022156,-0.00015779442636216262,1.9986474514007568,139.12674534521648,0.0002391691556609602,-0.00012304117133993858,-0.15717864036560059,139.12674534521648,-0.0019270621705800295,6.635774525420857e-07,9.8100004196167,0.0,0.0,0.0,90.12166183397443,0.0,0.0,0.0,0.0,False,False
2026-09-24T14:55:08.871,7984,139.3555524145777,0.00022048612996022156,-0.00015779442636216262,1.9986474514007568,139.41224313728162,0.00013404010647226995,-0.00020536503378338383,-1.855111837387085,139.41224313728162,-0.002239574445411563,1.3271547913973336e-06,9.810078620910645,0.0,0.0,0.0,90.12166183397443,0.0,0.0,0.0,0.0,False,False
2026-09-24T14:55:08.929,7985,139.41224313728162,0.00022048612996022156,-0.00015779442636216262,1.9986474514007568,139.41224313728162,0.00013404010647226995,-0.00020536503378338383,-1.855111837387085,139.41224313728162,-0.002239574445411563,1.3271547913973336e-06,9.810078620910645,0.0,0.0,0.0,90.12166183397443,0.0,0.0,0.0,0.0,False,False
2026-09-24T14:55:09.159,7989,139.64396217666217,0.00022048612996022156,-0.00015779442636216262,1.9986474514007568,139.64396217666217,0.00013796627140854424,-0.00019361701796100677,13.445397138595581,139.64396217666217,-0.0022395681589841843,1.3271549050841713e-06,9.810039520263672,0.0,0.0,0.0,90.12166183397443,0.0,0.0,0.0,0.0,False,False
2026-09-24T14:55:09.217,7990,139.70063716373988,0.00022048612996022156,-0.00015779442636216262,1.9986474514007568,139.70063716373988,0.0002833493487329123,-0.00012308363019059615,-8.557045221328735,139.70063716373988,-0.001613242318853736,0.0006249985890462995,9.810039520263672,0.0,0.0,0.0,90.12166183397443,0.0,0.0,0.0,0.0,False,False
2026-09-24T14:55:09.453,7994,139.99386313385912,0.00022048612996022156,-0.00015779442636216262,1.9986474514007568,139.9368414824421,0.00023962451783026507,-0.0001792067328855788,-2.172157049179077,139.9368414824421,-0.0016132357995957136,0.0006249985890462995,9.8100004196167,0.0,0.0,0.0,90.12166183397443,0.0,0.0,0.0,0.0,False,False
2026-09-24T14:55:09.511,7995,139.99386313385912,0.00022048612996022156,-0.00015779442636216262,1.9986474514007568,139.99386313385912,0.00015849115120963132,-0.00016575754906029177,5.16621994972229,139.99386313385912,-0.002239561639726162,1.3271549050841713e-06,9.8100004196167,0.0,0.0,0.0,90.12166183397443,0.0,0.0,0.0,0.0,False,False
2026-09-24T14:55:09.740,7999,140.22410585932084,0.00022048612996022156,-0.00015779442636216262,1.9986474514007568,140.22410585932084,0.00018506465462868972,-0.00019475977622591161,-7.8782103061676025,140.22410585932084,-0.00036588008515536785,-0.0006276529165916145,9.809922218322754,0.0,0.0,0.0,90.12166183397443,0.0,0.0,0.0,0.0,False,False
2026-09-24T14:55:09.798,8000,140.33955767579027,0.00022048612996022156,-0.00015779442636216262,1.9986474514007568,140.33955767579027,0.00017246948087139925,-0.000227942632212436,-4.36514687538147,140.28116442463943,-0.0016172108007594943,-0.001249997178092599,9.809961318969727,0.0,0.0,0.0,90.12166183397443,0.0,0.0,0.0,0.0,False,False
2026-09-24T14:55:10.031,8004,140.57251677490422,0.00022048612996022156,-0.00015779442636216262,1.9986474514007568,140.51643657885143,0.00024908085802471204,-0.00018859622885742427,7.644182443618774,140.51643657885143,-0.0013020636979490519,-6.635773388552479e-07,9.8100004196167,0.0,0.0,0.0,90.12166183397443,0.0,0.0,0.0,0.0,False,False
2026-09-24T14:55:10.089,8005,140.57251677490422,0.00022048612996022156,-0.00015779442636216262,1.9986474514007568,140.57251677490422,0.00019461912020651097,-7.802941271024027e-05,2.386922985315323,140.57251677490422,-0.0028619058430194855,0.001252651447430253,9.8100004196167,0.0,0.0,0.0,90.12166183397443,0.0,0.0,0.0,0.0,False,False
2026-09-24T14:55:10.319,8009,140.80325534768053,0.00022048612996022156,-0.00015779442636216262,1.9986474514007568,140.80325534768053,0.00021259532664279858,-0.0002018017826989686,12.50680422782898,140.80325534768053,-0.0016158900689333677,-0.0006249985890462995,9.8100004196167,0.0,0.0,0.0,90.12166183397443,0.0,0.0,0.0,0.0,False,False
2026-09-24T14:55:10.378,8010,140.86072159386822,0.00022048612996022156,-0.00015779442636216262,1.9986474514007568,140.86072159386822,0.00014087917921150973,-0.0001441584696144142,-1.8919036388397217,140.86072159386822,-0.0009908850770443678,-0.0006263257237151265,9.809961318969727,0.0,0.0,0.0,90.12166183397443,0.0,0.0,0.0,0.0,False,False
2026-09-24T14:55:10.610,8014,141.15076717935153,0.00022048612996022156,-0.00015779442636216262,1.9986474514007568,141.09288780964562,0.0002150363549431803,-0.00021784251165030727,10.61319613456726,141.09288780964562,-0.0016132487216964364,0.0006249985890462995,9.810078620910645,0.0,0.0,0.0,90.12166183397443,0.0,0.0,0.0,0.0,False,False
2026-09-24T14:55:10.672,8015,141.15076717935153,0.00022048612996022156,-0.00015779442636216262,1.9986474514007568,141.21308735958883,0.00026080207285721725,-0.00010753802651692384,16.014361143112183,141.21308735958883,-0.0016145565314218402,0.0,9.809961318969727,0.0,0.0,0.0,90.12166183397443,0.0,0.0,0.0,0.0,False,False
2026-09-24T14:55:10.902,8019,141.3859134336526,0.00022048612996022156,-0.00015779442636216262,1.9986474514007568,141.3859134336526,0.00022507125882347635,-0.00019865252632684277,-1.589885950088501,141.3859134336526,-0.002864566631615162,2.6543098101683427e-06,9.810039520263672,0.0,0.0,0.0,90.12166183397443,0.0,0.0,0.0,0.0,False,False
2026-09-24T14:55:10.960,8020,141.44312613658258,0.00022048612996022156,-0.00015779442636216262,1.9986474514007568,141.44312613658258,0.00022352300416477545,-0.00017724564584881735,2.938068449497223,141.44312613658258,-0.0009895579423755407,-1.3271549050841713e-06,9.809961318969727,0.0,0.0,0.0,90.12166183397443,0.0,0.0,0.0,0.0,False,False
2026-09-24T14:55:11.190,8024,141.6737675612385,0.00022048612996022156,-0.00015779442636216262,1.9986474514007568,141.6737675612385,0.00033847436102823293,-0.00010954319312390142,19.870145559310913,141.6737675612385,-0.0016145629342645407,0.0,9.8100004196167,0.0,0.0,0.0,90.12166183397443,0.0,0.0,0.0,0.0,False,False
2026-09-24T14:55:11.248,8025,141.73156805537292,0.00022048612996022156,-0.00015779442636216262,1.9986474514007568,141.73156805537292,0.0002573139751389989,-0.0001260493578078618,-2.2446038722991943,141.73156805537292,-0.0009882372105494142,0.0006236714543774724,9.8100004196167,0.0,0.0,0.0,90.12166183397443,0.0,0.0,0.0,0.0,False,False
2026-09-24T14:55:11.481,8029,141.96527623213478,0.00022048612996022156,-0.00015779442636216262,1.9986474514007568,141.96527623213478,0.00027462152470852187,-0.00017935504782457573,-2.227764368057251,141.96527623213478,-0.0016158900689333677,-0.0006249985890462995,9.8100004196167,0.0,0.0,0.0,90.12166183397443,0.0,0.0,0.0,0.0,False,False
2026-09-24T14:55:11.540,8030,142.0809533765132,0.00022048612996022156,-0.00015779442636216262,1.9986474514007568,142.0809533765132,0.00020008242213825168,-7.405984668679738e-05,-8.596394777297974,142.02255338258692,-0.0028605915140360594,0.0018776500364765525,9.810078620910645,0.0,0.0,0.0,90.12166183397443,0.0,0.0,0.0,0.0,False,False
2026-09-24T14:55:11.769,8034,142.2541478072817,0.00022048612996022156,-0.00015779442636216262,1.9986474514007568,142.2541478072817,0.00022805107314943042,-0.00020477368396626988,-0.580791711807251,142.2541478072817,-0.002236920176073909,0.001251324312761426,9.810078620910645,0.0,0.0,0.0,90.12166183397443,0.0,0.0,0.0,0.0,False,False
2026-09-24T14:55:11.827,8035,142.36836365438648,0.00022048612996022156,-0.00015779442636216262,1.9986474514007568,142.31054287604638,0.00025320705358771546,-0.0001507067432461932,4.218407392501831,142.31054287604638,-0.0009882437298074365,0.0006236713961698115,9.810039520263672,0.0,0.0,0.0,90.12166183397443,0.0,0.0,0.0,0.0,False,False
2026-09-24T14:55:12.060,8039,142.54138627104112,0.00022048612996022156,-0.00015779442636216262,1.9986474514007568,142.54138627104112,0.0002567365624186949,-0.00019755752744771743,17.752732038497925,142.54138627104112,-0.0016132487216964364,0.0006249985890462995,9.810078620910645,0.0,0.0,0.0,90.12166183397443,0.0,0.0,0.0,0.0,False,False
2026-09-24T14:55:12.118,8040,142.659559866559,0.00022048612996022156,-0.00015779442636216262,1.9986474514007568,142.659559866559,0.000279234805616028,-0.0001997638269890027,0.9682333469390869,142.659559866559,-0.0016145565314218402,0.0,9.809961318969727,0.0,0.0,0.0,90.12166183397443,0.0,0.0,0.0,0.0,False,False
2026-09-24T14:55:12.350,8044,142.83430591053911,0.00022048612996022156,-0.00015779442636216262,1.9986474514007568,142.83430591053911,0.00022060933798533723,-0.00012889164698521343,-2.295182943344116,142.83430591053911,-0.0022382535971701145,0.0006263257237151265,9.810117721557617,0.0,0.0,0.0,90.12166183397443,0.0,0.0,0.0,0.0,False,False
2026-09-24T14:55:12.407,8045,142.89118222720572,0.00022048612996022156,-0.00015779442636216262,1.9986474514007568,142.89118222720572,0.0002206325138572255,-0.0001022196834887305,10.149841070175171,142.89118222720572,-0.0009908979991450906,-0.0006263257819227874,9.810039520263672,0.0,0.0,0.0,90.12166183397443,0.0,0.0,0.0,0.0,False,False
2026-09-24T14:55:12.637,8049,143.1781404746289,0.00022048612996022156,-0.00015779442636216262,1.9986474514007568,143.12136177546927,0.0002917125381414679,-0.00010773183256191404,-7.384833574295044,143.12136177546927,-0.0009908850770443678,-0.0006263257237151265,9.809961318969727,0.0,0.0,0.0,90.12166183397443,0.0,0.0,0.0,0.0,False,False
2026-09-24T14:55:12.696,8050,143.1781404746289,0.00022048612996022156,-0.00015779442636216262,1.9986474514007568,143.1781404746289,0.0001587864241215301,-0.00013377499688744282,-8.63899540901184,143.1781404746289,-0.002863252302631736,0.0006276528583839536,9.810117721557617,0.0,0.0,0.0,90.12166183397443,0.0,0.0,0.0,0.0,False,False
2026-09-24T14:55:12.931,8054,143.41447480968782,0.00022048612996022156,-0.00015779442636216262,1.9986474514007568,143.41447480968782,0.00013067360091972103,-0.00010980908935693295,3.509451985359192,143.41447480968782,-0.0016158900689333677,-0.0006249985890462995,9.8100004196167,0.0,0.0,0.0,90.12166183397443,0.0,0.0,0.0,0.0,False,False
2026-09-24T14:55:12.989,8055,143.47212150148698,0.00022048612996022156,-0.00015779442636216262,1.9986474514007568,143.47212150148698,0.0002785401699426019,-0.00016289747471404697,-9.41133713722229,143.47212150148698,-0.0009882372105494142,0.0006236714543774724,9.8100004196167,0.0,0.0,0.0,90.12166183397443,0.0,0.0,0.0,0.0,False,False
2026-09-24T14:55:13.220,8059,143.76147944680997,0.00022048612996022156,-0.00015779442636216262,1.9986474514007568,143.76147944680997,0.0001701599209396535,-0.00016549755726686416,7.802858114242554,143.70395100317546,-0.001613242318853736,0.0006249985890462995,9.810039520263672,0.0,0.0,0.0,90.12166183397443,0.0,0.0,0.0,0.0,False,False
2026-09-24T14:55:13.278,8060,143.81968870587298,0.00022048612996022156,-0.00015779442636216262,1.9986474514007568,143.76147944680997,0.0001701599209396535,-0.00016549755726686416,7.802858114242554,143.76147944680997,-0.001613242318853736,0.0006249985890462995,9.810039520263672,0.0,0.0,0.0,90.12166183397443,0.0,0.0,0.0,0.0,False,False
2026-09-24T14:55:13.511,8064,143.99542499161907,0.00022048612996022156,-0.00015779442636216262,1.9986474514007568,143.99542499161907,0.000271939886856302,-0.0002555281158342419,1.3565136194229126,143.99542499161907,-0.0016158772632479668,-0.0006249985890462995,9.809922218322754,0.0,0.0,0.0,90.12166183397443,0.0,0.0,0.0,0.0,False,False
2026-09-24T14:55:13.569,8065,144.05198288164684,0.00022048612996022156,-0.00015779442636216262,1.9986474514007568,144.05198288164684,0.0002613855100704258,-0.00024600062041230705,1.7937927842140198,144.05198288164684,-0.0003685408737510443,-0.0018776500364765525,9.809961318969727,0.0,0.0,0.0,90.12166183397443,0.0,0.0,0.0,0.0,False,False
2026-09-24T14:55:13.800,8069,144.2840157096798,0.00022048612996022156,-0.00015779442636216262,1.9986474514007568,144.2840157096798,0.00024210028428078102,-0.00017156949305303132,5.790719032287598,144.2840157096798,-0.0009895515395328403,-1.3271549050841713e-06,9.809922218322754,0.0,0.0,0.0,90.12166183397443,0.0,0.0,0.0,0.0,False,False
2026-09-24T14:55:13.859,8070,144.40047902069637,0.00022048612996022156,-0.00015779442636216262,1.9986474514007568,144.40047902069637,0.00023521832977584735,-0.00017242734118866937,5.460033178329468,144.40047902069637,-0.0034855965059250593,0.0018789771711453795,9.810117721557617,0.0,0.0,0.0,90.12166183397443,0.0,0.0,0.0,0.0,False,False
2026-09-24T14:55:14.092,8074,144.57595760948607,0.00022048612996022156,-0.00015779442636216262,1.9986474514007568,144.57595760948607,0.0002781604049729084,-0.0002582856237344837,11.314183950424194,144.57595760948607,-0.0016158900689333677,-0.0006249985890462995,9.8100004196167,0.0,0.0,0.0,90.12166183397443,0.0,0.0,0.0,0.0,False,False
2026-09-24T14:55:14.155,8075,144.69606150515028,0.00022048612996022156,-0.00015779442636216262,1.9986474514007568,144.69606150515028,0.00013599127819779268,-0.00017036409334054186,10.88312315940857,144.69606150515028,-0.0009908914798870683,-0.0006263257237151265,9.8100004196167,0.0,0.0,0.0,90.12166183397443,0.0,0.0,0.0,0.0,False,False
2026-09-24T14:55:14.384,8079,144.86878101355978,0.00022048612996022156,-0.00015779442636216262,1.9986474514007568,144.86878101355978,0.00012163431497774025,-8.280119671639257e-05,-5.030904054641724,144.86878101355978,-0.002238234505057335,0.0006263257237151265,9.8100004196167,0.0,0.0,0.0,90.12166183397443,0.0,0.0,0.0,0.0,False,False
2026-09-24T14:55:14.441,8080,144.98256608299562,0.00022048612996022156,-0.00015779442636216262,1.9986474514007568,144.9254136478121,0.0002547569198710279,-0.00017980612081686703,2.6304402947425842,144.9254136478121,-0.0016145565314218402,0.0,9.809961318969727,0.0,0.0,0.0,90.12166183397443,0.0,0.0,0.0,0.0,False,False
2026-09-24T14:55:14.669,8084,145.20970949731418,0.00022048612996022156,-0.00015779442636216262,1.9986474514007568,145.20970949731418,0.00029440632320492467,-0.00018455354127894824,2.5360276103019714,145.15328840367147,-0.00161589658819139,-0.0006249985890462995,9.810039520263672,0.0,0.0,0.0,90.12166183397443,0.0,0.0,0.0,0.0,False,False
2026-09-24T14:55:14.726,8085,145.20970949731418,0.00022048612996022156,-0.00015779442636216262,1.9986474514007568,145.20970949731418,0.00029440632320492467,-0.00018455354127894824,2.5360276103019714,145.20970949731418,-0.002238247310742736,0.0006263257237151265,9.810078620910645,0.0,0.0,0.0,90.12166183397443,0.0,0.0,0.0,0.0,False,False
2026-09-24T14:55:14.960,8089,145.50094825975248,0.00022048612996022156,-0.00015779442636216262,1.9986474514007568,145.50094825975248,0.00022412334797499524,-0.0002098821483591033,12.270905256271362,145.50094825975248,-0.0003672072198241949,-0.001252651447430253,9.809922218322754,0.0,0.0,0.0,90.12166183397443,0.0,0.0,0.0,0.0,False,False
2026-09-24T14:55:15.018,8090,145.50094825975248,0.00022048612996022156,-0.00015779442636216262,1.9986474514007568,145.50094825975248,0.00022412334797499524,-0.0002098821483591033,12.270905256271362,145.50094825975248,-0.0003672072198241949,-0.001252651447430253,9.809922218322754,0.0,0.0,0.0,90.12166183397443,0.0,0.0,0.0,0.0,False,False
2026-09-24T14:55:15.246,8094,145.7306300086493,0.00022048612996022156,-0.00015779442636216262,1.9986474514007568,145.7306300086493,0.0003166988459766743,-0.000187853384507836,5.047619581222534,145.7306300086493,-0.002238234505057335,0.0006263257237151265,9.8100004196167,0.0,0.0,0.0,90.12166183397443,0.0,0.0,0.0,0.0,False,False
2026-09-24T14:55:15.304,8095,145.84485003180453,0.00022048612996022156,-0.00015779442636216262,1.9986474514007568,145.78695503078052,0.0003074106495247123,-9.998809999473595e-05,13.053871870040894,145.78695503078052,-0.0009908850770443678,-0.0006263257237151265,9.809961318969727,0.0,0.0,0.0,90.12166183397443,0.0,0.0,0.0,0.0,False,False
2026-09-24T14:55:15.537,8099,146.01674122936674,0.00022048612996022156,-0.00015779442636216262,1.9986474514007568,146.01674122936674,0.00019761087028618375,-0.0002120620507261643,4.9278929233551025,146.01674122936674,-0.0009922058088704944,-0.001251324312761426,9.809922218322754,0.0,0.0,0.0,90.12166183397443,0.0,0.0,0.0,0.0,False,False
2026-09-24T14:55:15.595,8100,146.13670962132164,0.00022048612996022156,-0.00015779442636216262,1.9986474514007568,146.07819804377505,0.0002522278843158291,-0.0001503386771068486,16.355067014694214,146.07819804377505,-0.0013033843133598566,-0.000625662156380713,9.809961318969727,0.0,0.0,0.0,90.12166183397443,0.0,0.0,0.0,0.0,False,False
2026-09-24T14:55:15.826,8104,146.36727802656242,0.00022048612996022156,-0.00015779442636216262,1.9986474514007568,146.30954043767997,0.0001753494867940334,-0.00014965508088011264,-0.5451295375823975,146.30954043767997,-0.001613242318853736,0.0006249985890462995,9.810039520263672,0.0,0.0,0.0,90.12166183397443,0.0,0.0,0.0,0.0,False,False
2026-09-24T14:55:15.883,8105,146.42450713194557,0.00022048612996022156,-0.00015779442636216262,1.9986474514007568,146.42450713194557,0.0002507080040728341,-0.00027142179040624034,0.3587285280227661,146.36727802656242,-0.0003672136226668954,-0.001252651447430253,9.809961318969727,0.0,0.0,0.0,90.12166183397443,0.0,0.0,0.0,0.0,False,False
2026-09-24T14:55:16.114,8109,146.6551186052675,0.00022048612996022156,-0.00015779442636216262,1.9986474514007568,146.59737165473052,0.00020031895260635236,-0.00019308158751613663,-3.6680076122283936,146.59737165473052,-0.0009922122117131948,-0.001251324312761426,9.809961318969727,0.0,0.0,0.0,90.12166183397443,0.0,0.0,0.0,0.0,False,False
2026-09-24T14:55:16.171,8110,146.6551186052675,0.00022048612996022156,-0.00015779442636216262,1.9986474514007568,146.6551186052675,0.00017121813257708153,-0.00014592014993781193,3.851373791694641,146.6551186052675,-0.001614569453522563,0.0,9.810039520263672,0.0,0.0,0.0,90.12166183397443,0.0,0.0,0.0,0.0,False,False
2026-09-24T14:55:16.407,8114,146.89150702409097,0.00022048612996022156,-0.00015779442636216262,1.9986474514007568,146.89150702409097,0.0002373121766637213,-0.00018824347588037343,2.939752697944641,146.89150702409097,-0.0016158900689333677,-0.0006249985890462995,9.8100004196167,0.0,0.0,0.0,90.12166183397443,0.0,0.0,0.0,0.0,False,False
2026-09-24T14:55:16.465,8115,147.00626030020067,0.00022048612996022156,-0.00015779442636216262,1.9986474514007568,147.00626030020067,0.00016273379847424975,-0.00013816914596049317,7.666657209396362,146.94799266956397,-0.00161589658819139,-0.0006249985890462995,9.810039520263672,0.0,0.0,0.0,90.12166183397443,0.0,0.0,0.0,0.0,False,False
2026-09-24T14:55:16.693,8119,147.17768887631246,0.00022048612996022156,-0.00015779442636216262,1.9986474514007568,147.17768887631246,0.0001490363789840502,-0.00012183291126661205,15.109474897384644,147.17768887631246,-0.0016145565314218402,0.0,9.809961318969727,0.0,0.0,0.0,90.12166183397443,0.0,0.0,0.0,0.0,False,False
2026-09-24T14:55:16.756,8120,147.29734413899132,0.00022048612996022156,-0.00015779442636216262,1.9986474514007568,147.29734413899132,0.00023622103040415267,-0.00012637126800058612,5.7594451904296875,147.29734413899132,-0.0009895579423755407,-1.3271549050841713e-06,9.809961318969727,0.0,0.0,0.0,90.12166183397443,0.0,0.0,0.0,0.0,False,False
2026-09-24T14:55:16.990,8124,147.47468571565696,0.00022048612996022156,-0.00015779442636216262,1.9986474514007568,147.47468571565696,0.00023644273065164624,-0.0001876769716395225,7.154075860977173,147.47468571565696,-0.0009882372105494142,0.0006236714543774724,9.8100004196167,0.0,0.0,0.0,90.12166183397443,0.0,0.0,0.0,0.0,False,False
2026-09-24T14:55:17.048,8125,147.53130395538756,0.00022048612996022156,-0.00015779442636216262,1.9986474514007568,147.53130395538756,0.00019891578236146769,-0.00014234015050846354,-2.3093883991241455,147.53130395538756,-0.0016158836660906672,-0.0006249985890462995,9.809961318969727,0.0,0.0,0.0,90.12166183397443,0.0,0.0,0.0,0.0,False,False
2026-09-24T14:55:17.281,8129,147.76362358234474,0.00022048612996022156,-0.00015779442636216262,1.9986474514007568,147.76362358234474,0.00016840702269709608,-0.0001875083913395807,-13.777475595474243,147.76362358234474,-0.0016119086649268866,0.001249997178092599,9.8100004196167,0.0,0.0,0.0,90.12166183397443,0.0,0.0,0.0,0.0,False,False
2026-09-24T14:55:17.342,8130,147.88308291710564,0.00022048612996022156,-0.00015779442636216262,1.9986474514007568,147.88308291710564,0.00026374816630286103,-0.00019461262362114356,-1.9789535999298096,147.88308291710564,-0.0019270686898380518,6.635774525420857e-07,9.810039520263672,0.0,0.0,0.0,90.12166183397443,0.0,0.0,0.0,0.0,False,False
2026-09-24T14:55:17.572,8134,148.11325025759288,0.00022048612996022156,-0.00015779442636216262,1.9986474514007568,148.05629791147658,0.00013751510382880395,-0.00022996824426030943,-9.588555574417114,148.05629791147658,-0.0022395681589841843,1.3271549050841713e-06,9.810039520263672,0.0,0.0,0.0,90.12166183397443,0.0,0.0,0.0,0.0,False,False
2026-09-24T14:55:17.632,8135,148.11325025759288,0.00022048612996022156,-0.00015779442636216262,1.9986474514007568,148.11325025759288,0.00029178134687262526,-0.00015483264436028693,6.272048711776733,148.11325025759288,-0.0028619123622775078,0.001252651447430253,9.810039520263672,0.0,0.0,0.0,90.12166183397443,0.0,0.0,0.0,0.0,False,False
2026-09-24T14:55:17.866,8139,148.40752079538652,0.00022048612996022156,-0.00015779442636216262,1.9986474514007568,148.3466931936855,0.00020848887075280244,-0.00016792831464357877,-1.9497525691986084,148.3466931936855,-0.002239561639726162,1.3271549050841713e-06,9.8100004196167,0.0,0.0,0.0,90.12166183397443,0.0,0.0,0.0,0.0,False,False
2026-09-24T14:55:17.924,8140,148.4654469063098,0.00022048612996022156,-0.00015779442636216262,1.9986474514007568,148.40752079538652,0.00020037282015854897,-0.00015157719470466107,2.078196205198765,148.40752079538652,-0.0013047114480286837,-0.0012506607454270124,9.809961318969727,0.0,0.0,0.0,90.12166183397443,0.0,0.0,0.0,0.0,False,False
2026-09-24T14:55:18.155,8144,148.63985199682065,0.00022048612996022156,-0.00015779442636216262,1.9986474514007568,148.63985199682065,0.00025398094262945404,-0.00020832643948182666,6.659921407699585,148.63985199682065,-0.0016145565314218402,0.0,9.809961318969727,0.0,0.0,0.0,90.12166183397443,0.0,0.0,0.0,0.0,False,False
2026-09-24T14:55:18.214,8145,148.6965970864112,0.00022048612996022156,-0.00015779442636216262,1.9986474514007568,148.6965970864112,0.00025923366743390387,-0.00013319810076012944,2.616235077381134,148.6965970864112,-0.0016172108007594943,-0.001249997178092599,9.809961318969727,0.0,0.0,0.0,90.12166183397443,0.0,0.0,0.0,0.0,False,False
2026-09-24T14:55:18.450,8149,148.99142498351284,0.00022048612996022156,-0.00015779442636216262,1.9986474514007568,148.93390236995765,0.00012203989868302768,-0.00010549949236832761,-15.433645486831665,148.93390236995765,-0.0016158900689333677,-0.0006249985890462995,9.8100004196167,0.0,0.0,0.0,90.12166183397443,0.0,0.0,0.0,0.0,False,False
2026-09-24T14:55:18.508,8150,148.99142498351284,0.00022048612996022156,-0.00015779442636216262,1.9986474514007568,148.99142498351284,0.00016422054946323795,-0.00022600657992683553,0.13165700435638428,148.99142498351284,-0.0016158900689333677,-0.0006249985890462995,9.8100004196167,0.0,0.0,0.0,90.12166183397443,0.0,0.0,0.0,0.0,False,False
2026-09-24T14:55:18.737,8154,149.22230441324064,0.00022048612996022156,-0.00015779442636216262,1.9986474514007568,149.22230441324064,0.00020506650767364943,-0.00017077741775523608,-0.49361705780029297,149.22230441324064,-0.00036588648799806833,-0.0006276529165916145,9.809961318969727,0.0,0.0,0.0,90.12166183397443,0.0,0.0,0.0,0.0,False,False
2026-09-24T14:55:18.796,8155,149.33729149229475,0.00022048612996022156,-0.00015779442636216262,1.9986474514007568,149.33729149229475,0.00021495652131724808,-0.00018811812386360687,-2.4853813648223877,149.33729149229475,-0.002239574445411563,1.3271547913973336e-06,9.810078620910645,0.0,0.0,0.0,90.12166183397443,0.0,0.0,0.0,0.0,False,False
2026-09-24T14:55:19.031,8159,149.51111159301945,0.00022048612996022156,-0.00015779442636216262,1.9986474514007568,149.51111159301945,0.00021564226486097494,-0.00021659048305395262,-0.008612632751464844,149.51111159301945,-0.0016158836660906672,-0.0006249985890462995,9.809961318969727,0.0,0.0,0.0,90.12166183397443,0.0,0.0,0.0,0.0,False,False
2026-09-24T14:55:19.089,8160,149.57217696882435,0.00022048612996022156,-0.00015779442636216262,1.9986474514007568,149.57217696882435,0.00017637966052879518,-0.0001858286091950882,19.08433699607849,149.57217696882435,-0.002549413125962019,0.0012519878800958395,9.810039520263672,0.0,0.0,0.0,90.12166183397443,0.0,0.0,0.0,0.0,False,False
2026-09-24T14:55:19.320,8164,149.8037555498595,0.00022048612996022156,-0.00015779442636216262,1.9986474514007568,149.8037555498595,0.00020577941964310765,-0.00012738875610324757,3.282449245452881,149.8037555498595,-0.0016145629342645407,0.0,9.8100004196167,0.0,0.0,0.0,90.12166183397443,0.0,0.0,0.0,0.0,False,False
2026-09-24T14:55:19.378,8165,149.860868280899,0.00022048612996022156,-0.00015779442636216262,1.9986474514007568,149.860868280899,0.0002380546226546302,-0.0002110440714963639,2.8233044147491455,149.860868280899,-0.0009895643452182412,-1.3271549050841713e-06,9.8100004196167,0.0,0.0,0.0,90.12166183397443,0.0,0.0,0.0,0.0,False,False
2026-09-24T14:55:19.609,8169,150.09353976525017,0.00022048612996022156,-0.00015779442636216262,1.9986474514007568,150.09353976525017,0.00014054174940119436,-7.94066496231986e-05,1.6417808532714844,150.09353976525017,-0.002238241024315357,0.0006263257237151265,9.810039520263672,0.0,0.0,0.0,90.12166183397443,0.0,0.0,0.0,0.0,False,False
2026-09-24T14:55:19.666,8170,150.15005310453125,0.00022048612996022156,-0.00015779442636216262,1.9986474514007568,150.15005310453125,0.00022911027249810457,-0.0001824493852686297,-8.720044374465942,150.15005310453125,-0.0016119215870276093,0.001249997178092599,9.810078620910645,0.0,0.0,0.0,90.12166183397443,0.0,0.0,0.0,0.0,False,False
2026-09-24T14:55:19.896,8174,150.38047465510317,0.00022048612996022156,-0.00015779442636216262,1.9986474514007568,150.38047465510317,0.0002435550647120125,-0.00013993181763311585,-15.685547113418579,150.38047465510317,-0.002860597800463438,0.0018776500364765525,9.810117721557617,0.0,0.0,0.0,90.12166183397443,0.0,0.0,0.0,0.0,False,False
2026-09-24T14:55:19.954,8175,150.4372050111706,0.00022048612996022156,-0.00015779442636216262,1.9986474514007568,150.4372050111706,0.00024181006634043468,-0.00012501329418541135,-4.647669553756714,150.4372050111706,-0.0016158836660906672,-0.0006249985890462995,9.809961318969727,0.0,0.0,0.0,90.12166183397443,0.0,0.0,0.0,0.0,False,False
2026-09-24T14:55:20.181,8179,150.7226200310106,0.00022048612996022156,-0.00015779442636216262,1.9986474514007568,150.66652092165896,0.00024017796172719853,-0.0001548122839571457,-3.051177740097046,150.66652092165896,-0.0028605915140360594,0.0018776500364765525,9.810078620910645,0.0,0.0,0.0,90.12166183397443,0.0,0.0,0.0,0.0,False,False
2026-09-24T14:55:20.241,8180,150.78181734136888,0.00022048612996022156,-0.00015779442636216262,1.9986474514007568,150.78181734136888,0.00024774991257308455,-8.84688257278336e-05,-0.8576726913452148,150.78181734136888,-0.0016145501285791397,0.0,9.809922218322754,0.0,0.0,0.0,90.12166183397443,0.0,0.0,0.0,0.0,False,False
2026-09-24T14:55:20.473,8184,150.9574465659971,0.00022048612996022156,-0.00015779442636216262,1.9986474514007568,150.9574465659971,0.0002261027217669779,-0.00016327706733449448,-27.130064249038696,150.9574465659971,-0.001303390832617879,-0.000625662156380713,9.8100004196167,0.0,0.0,0.0,90.12166183397443,0.0,0.0,0.0,0.0,False,False
2026-09-24T14:55:20.532,8185,151.01425566352555,0.00022048612996022156,-0.00015779442636216262,1.9986474514007568,151.01425566352555,0.000246098513939245,-0.00018621317993478586,-0.285552978515625,151.01425566352555,-0.0016132357995957136,0.0006249985890462995,9.8100004196167,0.0,0.0,0.0,90.12166183397443,0.0,0.0,0.0,0.0,False,False
2026-09-24T14:55:20.759,8189,151.24419412217685,0.00022048612996022156,-0.00015779442636216262,1.9986474514007568,151.24419412217685,0.00021645806069008712,-0.0001981674636985568,17.68416666984558,151.24419412217685,-0.00223691388964653,0.001251324312761426,9.810039520263672,0.0,0.0,0.0,90.12166183397443,0.0,0.0,0.0,0.0,False,False
2026-09-24T14:55:20.817,8190,151.30041927300044,0.00022048612996022156,-0.00015779442636216262,1.9986474514007568,151.30041927300044,0.0001806102988253714,-0.00014171219716758204,7.420147180557251,151.30041927300044,-0.0009895643452182412,-1.3271549050841713e-06,9.8100004196167,0.0,0.0,0.0,90.12166183397443,0.0,0.0,0.0,0.0,False,False
2026-09-24T14:55:21.046,8194,151.5873455052788,0.00022048612996022156,-0.00015779442636216262,1.9986474514007568,151.5873455052788,0.000256791081169098,-0.00013695787909768259,0.007207512855529785,151.5304388051445,-0.00036588008515536785,-0.0006276529165916145,9.809922218322754,0.0,0.0,0.0,90.12166183397443,0.0,0.0,0.0,0.0,False,False
2026-09-24T14:55:21.108,8195,151.5873455052788,0.00022048612996022156,-0.00015779442636216262,1.9986474514007568,151.5873455052788,0.000256791081169098,-0.00013695787909768259,0.007207512855529785,151.5873455052788,-0.0009908786742016673,-0.0006263257237151265,9.809922218322754,0.0,0.0,0.0,90.12166183397443,0.0,0.0,0.0,0.0,False,False
2026-09-24T14:55:21.338,8199,151.82317104391404,0.00022048612996022156,-0.00015779442636216262,1.9986474514007568,151.82317104391404,0.0002161908802505367,-0.00010566304498155804,14.474653005599976,151.82317104391404,-0.0028632329776883125,0.0006276529165916145,9.8100004196167,0.0,0.0,0.0,90.12166183397443,0.0,0.0,0.0,0.0,False,False
2026-09-24T14:55:21.398,8200,151.87970265574404,0.00022048612996022156,-0.00015779442636216262,1.9986474514007568,151.87970265574404,0.00018066173984570367,-0.00018968509410428086,-15.643984079360962,151.87970265574404,-0.002236907370388508,0.001251324312761426,9.8100004196167,0.0,0.0,0.0,90.12166183397443,0.0,0.0,0.0,0.0,False,False
2026-09-24T14:55:21.626,8204,152.1109892038221,0.00022048612996022156,-0.00015779442636216262,1.9986474514007568,152.16766413874575,0.00020940487652714536,-0.00017223957691698305,-10.261211633682251,152.1109892038221,-0.0016172108007594943,-0.001249997178092599,9.809961318969727,0.0,0.0,0.0,90.12166183397443,0.0,0.0,0.0,0.0,False,False
2026-09-24T14:55:21.684,8205,152.22542117736884,0.00022048612996022156,-0.00015779442636216262,1.9986474514007568,152.16766413874575,0.00020940487652714536,-0.00017223957691698305,-10.261211633682251,152.16766413874575,-0.002238234505057335,0.0006263257237151265,9.8100004196167,0.0,0.0,0.0,90.12166183397443,0.0,0.0,0.0,0.0,False,False
2026-09-24T14:55:21.916,8209,152.40076006404706,0.00022048612996022156,-0.00015779442636216262,1.9986474514007568,152.40076006404706,0.00019629560816119364,-0.0001893550130111558,-6.2751305103302,152.40076006404706,-0.0009895643452182412,-1.3271549050841713e-06,9.8100004196167,0.0,0.0,0.0,90.12166183397443,0.0,0.0,0.0,0.0,False,False
2026-09-24T14:55:21.974,8210,152.51529831640073,0.00022048612996022156,-0.00015779442636216262,1.9986474514007568,152.51529831640073,0.00024307696335617391,-0.00014272185361136652,7.777661085128784,152.51529831640073,-0.0016158772632479668,-0.0006249985890462995,9.809922218322754,0.0,0.0,0.0,90.12166183397443,0.0,0.0,0.0,0.0,False,False
2026-09-24T14:55:22.203,8214,152.74399936772534,0.00022048612996022156,-0.00015779442636216262,1.9986474514007568,152.68734985790798,0.00031107336658769226,-0.0001435000036357829,11.088517904281616,152.68734985790798,-0.0009895708644762635,-1.327155018771009e-06,9.810039520263672,0.0,0.0,0.0,90.12166183397443,0.0,0.0,0.0,0.0,False,False
2026-09-24T14:55:22.261,8215,152.74399936772534,0.00022048612996022156,-0.00015779442636216262,1.9986474514007568,152.74399936772534,0.00016098011442827,-0.00015015364404775172,11.911607503890991,152.74399936772534,-0.0016145565314218402,0.0,9.809961318969727,0.0,0.0,0.0,90.12166183397443,0.0,0.0,0.0,0.0,False,False
2026-09-24T14:55:22.497,8219,152.97772043026634,0.00022048612996022156,-0.00015779442636216262,1.9986474514007568,152.97772043026634,0.00021447795748335364,-0.00013924933826587365,6.028734445571899,152.97772043026634,-0.002864573150873184,2.6543095827946672e-06,9.810078620910645,0.0,0.0,0.0,90.12166183397443,0.0,0.0,0.0,0.0,False,False
2026-09-24T14:55:22.556,8220,153.0386271645839,0.00022048612996022156,-0.00015779442636216262,1.9986474514007568,153.0386271645839,0.00019306852996541591,-0.00016599182489102676,-5.455281019210815,153.0386271645839,-0.002550740260630846,0.00062698929104954,9.810039520263672,0.0,0.0,0.0,90.12166183397443,0.0,0.0,0.0,0.0,False,False
2026-09-24T14:55:22.784,8224,153.2690007967467,0.00022048612996022156,-0.00015779442636216262,1.9986474514007568,153.2690007967467,0.00026297150148329264,-0.00016497713348457326,1.7135061919689178,153.2690007967467,-0.0009895643452182412,-1.3271549050841713e-06,9.8100004196167,0.0,0.0,0.0,90.12166183397443,0.0,0.0,0.0,0.0,False,False
2026-09-24T14:55:22.842,8225,153.38322679154226,0.00022048612996022156,-0.00015779442636216262,1.9986474514007568,153.38322679154226,0.0002171595871501212,-0.00016171055502440284,1.6153907775878906,153.32496506921598,-0.001613242318853736,0.0006249985890462995,9.810039520263672,0.0,0.0,0.0,90.12166183397443,0.0,0.0,0.0,0.0,False,False
2026-09-24T14:55:23.072,8229,153.5563296584005,0.00022048612996022156,-0.00015779442636216262,1.9986474514007568,153.5563296584005,0.00026202529593737735,-0.0001514678684392871,15.72107195854187,153.5563296584005,-0.002238241024315357,0.0006263257237151265,9.810039520263672,0.0,0.0,0.0,90.12166183397443,0.0,0.0,0.0,0.0,False,False
2026-09-24T14:55:23.131,8230,153.67225834555575,0.00022048612996022156,-0.00015779442636216262,1.9986474514007568,153.6130029653723,0.00023700901297578992,-0.0001526664687693861,5.265552043914795,153.6130029653723,-0.0009882437298074365,0.0006236713961698115,9.810039520263672,0.0,0.0,0.0,90.12166183397443,0.0,0.0,0.0,0.0,False,False
2026-09-24T14:55:23.365,8234,153.84981031171628,0.00022048612996022156,-0.00015779442636216262,1.9986474514007568,153.84981031171628,0.0001850225777658069,-0.00016221266976885234,3.6073200702667236,153.84981031171628,-0.0034855902194976807,0.0018789771711453795,9.810078620910645,0.0,0.0,0.0,90.12166183397443,0.0,0.0,0.0,0.0,False,False
2026-09-24T14:55:23.423,8235,153.96439956329414,0.00022048612996022156,-0.00015779442636216262,1.9986474514007568,153.96439956329414,0.000261650016595553,-0.00020202568210465105,10.389419317245483,153.90636788509437,-0.0016158772632479668,-0.0006249985890462995,9.809922218322754,0.0,0.0,0.0,90.12166183397443,0.0,0.0,0.0,0.0,False,False
2026-09-24T14:55:23.652,8239,154.13560760967084,0.00022048612996022156,-0.00015779442636216262,1.9986474514007568,154.13560760967084,0.0002650799175667943,-0.00012263589322487095,-14.304729700088501,154.13560760967084,-0.000992199289612472,-0.001251324312761426,9.809883117675781,0.0,0.0,0.0,90.12166183397443,0.0,0.0,0.0,0.0,False,False
2026-09-24T14:55:23.711,8240,154.25189116797992,0.00022048612996022156,-0.00015779442636216262,1.9986474514007568,154.25189116797992,0.00032038234317460036,-0.00018818034967211278,6.032519102096558,154.19285631008097,-0.002863239496946335,0.0006276529165916145,9.810039520263672,0.0,0.0,0.0,90.12166183397443,0.0,0.0,0.0,0.0,False,False
2026-09-24T14:55:23.941,8244,154.48252520538517,0.00022048612996022156,-0.00015779442636216262,1.9986474514007568,154.48252520538517,0.00019095201937906848,-0.00017593357423124106,10.607650518417358,154.48252520538517,-0.0016119151841849089,0.001249997178092599,9.810039520263672,0.0,0.0,0.0,90.12166183397443,0.0,0.0,0.0,0.0,False,False
2026-09-24T14:55:23.999,8245,154.54031454600045,0.00022048612996022156,-0.00015779442636216262,1.9986474514007568,154.48252520538517,0.00019095201937906848,-0.00017593357423124106,10.607650518417358,154.48252520538517,-0.0016119151841849089,0.001249997178092599,9.810039520263672,0.0,0.0,0.0,90.12166183397443,0.0,0.0,0.0,0.0,False,False
2026-09-24T14:55:24.230,8249,154.7135972363467,0.00022048612996022156,-0.00015779442636216262,1.9986474514007568,154.7135972363467,0.00022141753518516806,-0.00019273224696320684,11.43308711051941,154.7135972363467,-0.0016145629342645407,0.0,9.8100004196167,0.0,0.0,0.0,90.12166183397443,0.0,0.0,0.0,0.0,False,False
2026-09-24T14:55:24.289,8250,154.77120283446857,0.00022048612996022156,-0.00015779442636216262,1.9986474514007568,154.77120283446857,0.0001905637924706697,-8.548325293617525e-05,-9.985903978347778,154.77120283446857,-0.002239561639726162,1.3271549050841713e-06,9.8100004196167,0.0,0.0,0.0,90.12166183397443,0.0,0.0,0.0,0.0,False,False
2026-09-24T14:55:24.520,8254,155.00418427042314,0.00022048612996022156,-0.00015779442636216262,1.9986474514007568,155.00418427042314,0.00019378007496433737,-0.00011814690750128792,-2.513554334640503,155.00418427042314,-0.001613242318853736,0.0006249985890462995,9.810039520263672,0.0,0.0,0.0,90.12166183397443,0.0,0.0,0.0,0.0,False,False
2026-09-24T14:55:24.582,8255,155.06154214791604,0.00022048612996022156,-0.00015779442636216262,1.9986474514007568,155.06154214791604,0.00020991139413544614,-0.00012955320797431485,6.7389867305755615,155.06154214791604,-0.001613242318853736,0.0006249985890462995,9.810039520263672,0.0,0.0,0.0,90.12166183397443,0.0,0.0,0.0,0.0,False,False
2026-09-24T14:55:24.812,8259,155.2963074875588,0.00022048612996022156,-0.00015779442636216262,1.9986474514007568,155.2963074875588,0.00020193630521552576,-0.00012633913009580427,-0.2339308261871338,155.2963074875588,-0.0016119215870276093,0.001249997178092599,9.810078620910645,0.0,0.0,0.0,90.12166183397443,0.0,0.0,0.0,0.0,False,False
2026-09-24T14:55:24.871,8260,155.3535314334149,0.00022048612996022156,-0.00015779442636216262,1.9986474514007568,155.3535314334149,0.00019326870065432912,-0.0002017495704271292,-12.972354173660278,155.3535314334149,-0.0009895643452182412,-1.3271549050841713e-06,9.8100004196167,0.0,0.0,0.0,90.12166183397443,0.0,0.0,0.0,0.0,False,False
2026-09-24T14:55:25.102,8264,155.58588155187317,0.00022048612996022156,-0.00015779442636216262,1.9986474514007568,155.58588155187317,0.000198593482905011,-0.00020849442315324412,3.8080556392669678,155.58588155187317,-0.0016145629342645407,0.0,9.8100004196167,0.0,0.0,0.0,90.12166183397443,0.0,0.0,0.0,0.0,False,False
2026-09-24T14:55:25.160,8265,155.7015308124537,0.00022048612996022156,-0.00015779442636216262,1.9986474514007568,155.7015308124537,0.00014968481232662624,-0.00014887671985292544,-8.600585222244263,155.64309952608892,-0.0016158900689333677,-0.0006249985890462995,9.8100004196167,0.0,0.0,0.0,90.12166183397443,0.0,0.0,0.0,0.0,False,False
2026-09-24T14:55:25.393,8269,155.8776575086231,0.00022048612996022156,-0.00015779442636216262,1.9986474514007568,155.8776575086231,0.0002539086450766207,-0.00014246133885848538,5.949169158935547,155.8776575086231,-0.002239561639726162,1.3271549050841713e-06,9.8100004196167,0.0,0.0,0.0,90.12166183397443,0.0,0.0,0.0,0.0,False,False
2026-09-24T14:55:25.451,8270,155.99184694341966,0.00022048612996022156,-0.00015779442636216262,1.9986474514007568,155.93432219527313,0.0001699783203135611,-0.00017807987258806096,-5.347575902938843,155.93432219527313,-0.002238241024315357,0.0006263257237151265,9.810039520263672,0.0,0.0,0.0,90.12166183397443,0.0,0.0,0.0,0.0,False,False
2026-09-24T14:55:25.678,8274,156.16299022189924,0.00022048612996022156,-0.00015779442636216262,1.9986474514007568,156.16299022189924,0.0002772058357137156,-0.00014198815241201517,0.551668643951416,156.16299022189924,-0.0009895708644762635,-1.327155018771009e-06,9.810039520263672,0.0,0.0,0.0,90.12166183397443,0.0,0.0,0.0,0.0,False,False
2026-09-24T14:55:25.737,8275,156.21927688471624,0.00022048612996022156,-0.00015779442636216262,1.9986474514007568,156.21927688471624,0.00017163923953793882,-0.00019186734296767243,-0.6778171062469482,156.21927688471624,-0.002238234505057335,0.0006263257237151265,9.8100004196167,0.0,0.0,0.0,90.12166183397443,0.0,0.0,0.0,0.0,False,False
2026-09-24T14:55:25.973,8279,156.4525386338646,0.00022048612996022156,-0.00015779442636216262,1.9986474514007568,156.4525386338646,9.647379161341986e-05,-0.00010608527243988791,7.669053316116333,156.4525386338646,-0.0009922058088704944,-0.001251324312761426,9.809922218322754,0.0,0.0,0.0,90.12166183397443,0.0,0.0,0.0,0.0,False,False
2026-09-24T14:55:26.031,8280,156.5144556669111,0.00022048612996022156,-0.00015779442636216262,1.9986474514007568,156.5144556669111,0.00026255526577605804,-0.00010777682344582134,-8.892825365066528,156.5144556669111,-0.00223691388964653,0.001251324312761426,9.810039520263672,0.0,0.0,0.0,90.12166183397443,0.0,0.0,0.0,0.0,False,False
2026-09-24T14:55:26.260,8284,156.7444809434528,0.00022048612996022156,-0.00015779442636216262,1.9986474514007568,156.7444809434528,0.0001846312658513797,-8.039324037185141e-05,17.58311152458191,156.7444809434528,-0.0009935330599546432,-0.0018763229018077254,9.809922218322754,0.0,0.0,0.0,90.12166183397443,0.0,0.0,0.0,0.0,False,False
2026-09-24T14:55:26.319,8285,156.86040384150692,0.00022048612996022156,-0.00015779442636216262,1.9986474514007568,156.80126109175035,0.0001523554234650818,-0.0001740031662697598,17.172645330429077,156.80126109175035,-0.0022355993278324604,0.0018763229018077254,9.810117721557617,0.0,0.0,0.0,90.12166183397443,0.0,0.0,0.0,0.0,False,False
2026-09-24T14:55:26.548,8289,157.03289678521105,0.00022048612996022156,-0.00015779442636216262,1.9986474514007568,157.03289678521105,0.00033593010416970527,-9.442093740603158e-05,1.6365570724010468,157.03289678521105,-0.0009908850770443678,-0.0006263257237151265,9.809961318969727,0.0,0.0,0.0,90.12166183397443,0.0,0.0,0.0,0.0,False,False
2026-09-24T14:55:26.607,8290,157.14797008610913,0.00022048612996022156,-0.00015779442636216262,1.9986474514007568,157.14797008610913,0.0001962010516350291,-0.0001558659533506594,0.7600241899490356,157.14797008610913,-0.0009922058088704944,-0.001251324312761426,9.809922218322754,0.0,0.0,0.0,90.12166183397443,0.0,0.0,0.0,0.0,False,False
2026-09-24T14:55:26.841,8294,157.32550572432228,0.00022048612996022156,-0.00015779442636216262,1.9986474514007568,157.32550572432228,0.00021171531321178362,-0.0001796297916220661,-6.5104639530181885,157.32550572432228,-0.0009895579423755407,-1.3271549050841713e-06,9.809961318969727,0.0,0.0,0.0,90.12166183397443,0.0,0.0,0.0,0.0,False,False
2026-09-24T14:55:26.901,8295,157.38247961379238,0.00022048612996022156,-0.00015779442636216262,1.9986474514007568,157.38247961379238,0.00027349046618346063,-0.0001798491471922185,2.462849259376526,157.38247961379238,-0.0022408952936530113,-0.0006236714543774724,9.810039520263672,0.0,0.0,0.0,90.12166183397443,0.0,0.0,0.0,0.0,False,False
2026-09-24T14:55:27.131,8299,157.61599433622905,0.00022048612996022156,-0.00015779442636216262,1.9986474514007568,157.61599433622905,0.0002699501489174453,-0.00013052607808589672,4.360244989395142,157.61599433622905,-0.0009908850770443678,-0.0006263257237151265,9.809961318969727,0.0,0.0,0.0,90.12166183397443,0.0,0.0,0.0,0.0,False,False
2026-09-24T14:55:27.190,8300,157.73176907203742,0.00022048612996022156,-0.00015779442636216262,1.9986474514007568,157.73176907203742,0.00018177060306206284,-0.00020616623313202725,3.7544580698013306,157.6725844053144,-0.0016158772632479668,-0.0006249985890462995,9.809922218322754,0.0,0.0,0.0,90.12166183397443,0.0,0.0,0.0,0.0,False,False
2026-09-24T14:55:27.424,8304,157.96541022337624,0.00022048612996022156,-0.00015779442636216262,1.9986474514007568,157.96541022337624,0.0002343156953926099,-0.0001826233934329517,12.130493879318237,157.96541022337624,-0.0016119215870276093,0.001249997178092599,9.810078620910645,0.0,0.0,0.0,90.12166183397443,0.0,0.0,0.0,0.0,False,False
2026-09-24T14:55:27.483,8305,157.96541022337624,0.00022048612996022156,-0.00015779442636216262,1.9986474514007568,157.96541022337624,0.0002343156953926099,-0.0001826233934329517,12.130493879318237,157.96541022337624,-0.0016119215870276093,0.001249997178092599,9.810078620910645,0.0,0.0,0.0,90.12166183397443,0.0,0.0,0.0,0.0,False,False
2026-09-24T14:55:27.714,8309,158.19878071002313,0.00022048612996022156,-0.00015779442636216262,1.9986474514007568,158.19878071002313,0.00027867475696857026,-0.0001560527176329211,-2.2952816486358643,158.19878071002313,-0.002239561639726162,1.3271549050841713e-06,9.8100004196167,0.0,0.0,0.0,90.12166183397443,0.0,0.0,0.0,0.0,False,False
2026-09-24T14:55:27.773,8310,158.25589690930792,0.00022048612996022156,-0.00015779442636216262,1.9986474514007568,158.25589690930792,0.00021162818543834318,-0.0001539209116194266,0.20259606838226318,158.25589690930792,-0.0009882372105494142,0.0006236714543774724,9.8100004196167,0.0,0.0,0.0,90.12166183397443,0.0,0.0,0.0,0.0,False,False
2026-09-24T14:55:28.003,8314,158.48765281416127,0.00022048612996022156,-0.00015779442636216262,1.9986474514007568,158.48765281416127,0.00024539211668033557,-0.00014088138103347008,3.1504597663879395,158.48765281416127,-0.001613242318853736,0.0006249985890462995,9.810039520263672,0.0,0.0,0.0,90.12166183397443,0.0,0.0,0.0,0.0,False,False
2026-09-24T14:55:28.066,8315,158.6070787665958,0.00022048612996022156,-0.00015779442636216262,1.9986474514007568,158.54411212183186,0.00010623318635643398,-0.0001766547034853298,-4.584765672683716,158.54411212183186,-0.002238241024315357,0.0006263257237151265,9.810039520263672,0.0,0.0,0.0,90.12166183397443,0.0,0.0,0.0,0.0,False,False
2026-09-24T14:55:28.297,8319,158.78171226210543,0.00022048612996022156,-0.00015779442636216262,1.9986474514007568,158.78171226210543,0.0002882728364553203,-0.00020703267599259706,21.178916692733765,158.78171226210543,-0.0009895579423755407,-1.3271549050841713e-06,9.809961318969727,0.0,0.0,0.0,90.12166183397443,0.0,0.0,0.0,0.0,False,False
2026-09-24T14:55:28.355,8320,158.89688318051049,0.00022048612996022156,-0.00015779442636216262,1.9986474514007568,158.89688318051049,0.00024463435843662763,-0.00022639080869652533,-0.87396240234375,158.83862588755437,-0.002239561639726162,1.3271549050841713e-06,9.8100004196167,0.0,0.0,0.0,90.12166183397443,0.0,0.0,0.0,0.0,False,False
2026-09-24T14:55:28.587,8324,159.06990492917248,0.00022048612996022156,-0.00015779442636216262,1.9986474514007568,159.06990492917248,0.0002575226132235856,-0.00011212698389812575,3.9932637214660645,159.06990492917248,-0.002238234505057335,0.0006263257237151265,9.8100004196167,0.0,0.0,0.0,90.12166183397443,0.0,0.0,0.0,0.0,False,False
2026-09-24T14:55:28.645,8325,159.12780148736783,0.00022048612996022156,-0.00015779442636216262,1.9986474514007568,159.12780148736783,0.00024055901454138974,-0.00017390214505525508,8.56773829460144,159.12780148736783,-0.0016145565314218402,0.0,9.809961318969727,0.0,0.0,0.0,90.12166183397443,0.0,0.0,0.0,0.0,False,False
2026-09-24T14:55:28.880,8329,159.3646695186908,0.00022048612996022156,-0.00015779442636216262,1.9986474514007568,159.3646695186908,0.00016071692485147094,-0.00016499451756630295,-1.365889310836792,159.3646695186908,-0.002240888774394989,-0.0006236714543774724,9.8100004196167,0.0,0.0,0.0,90.12166183397443,0.0,0.0,0.0,0.0,False,False
2026-09-24T14:55:28.939,8330,159.42134294487187,0.00022048612996022156,-0.00015779442636216262,1.9986474514007568,159.42134294487187,0.00021980011618288143,-0.00024001636355336958,2.2758967876434326,159.42134294487187,-0.0009882437298074365,0.0006236713961698115,9.810039520263672,0.0,0.0,0.0,90.12166183397443,0.0,0.0,0.0,0.0,False,False
2026-09-24T14:55:29.169,8334,159.65383988447138,0.00022048612996022156,-0.00015779442636216262,1.9986474514007568,159.65383988447138,0.0002494278793661523,-0.00017097146663531165,19.918620824813843,159.65383988447138,-0.002236907370388508,0.001251324312761426,9.8100004196167,0.0,0.0,0.0,90.12166183397443,0.0,0.0,0.0,0.0,False,False
2026-09-24T14:55:29.228,8335,159.71082227877923,0.00022048612996022156,-0.00015779442636216262,1.9986474514007568,159.71082227877923,0.0002033679262736713,-0.00013040134088754856,-13.607545137405396,159.71082227877923,-0.00223691388964653,0.001251324312761426,9.810039520263672,0.0,0.0,0.0,90.12166183397443,0.0,0.0,0.0,0.0,False,False
2026-09-24T14:55:29.462,8339,160.0030960982258,0.00022048612996022156,-0.00015779442636216262,1.9986474514007568,160.0030960982258,0.00015477880483976504,-0.0002412391318861788,2.328631639480591,159.9414239061589,-0.0016132357995957136,0.0006249985890462995,9.8100004196167,0.0,0.0,0.0,90.12166183397443,0.0,0.0,0.0,0.0,False,False
2026-09-24T14:55:29.521,8340,160.0030960982258,0.00022048612996022156,-0.00015779442636216262,1.9986474514007568,160.0030960982258,0.00015477880483976504,-0.0002412391318861788,2.328631639480591,160.0030960982258,-0.0012994222342967987,0.0012493336107581854,9.810078620910645,0.0,0.0,0.0,90.12166183397443,0.0,0.0,0.0,0.0,False,False
2026-09-24T14:55:29.780,8344,160.25908020712086,0.00022048612996022156,-0.00015779442636216262,1.9986474514007568,160.25908020712086,0.00020074708086630734,-0.00012814802047018164,1.0248797535896301,160.25908020712086,-0.0019270621705800295,6.635774525420857e-07,9.8100004196167,0.0,0.0,0.0,90.12166183397443,0.0,0.0,0.0,0.0,False,False
2026-09-24T14:55:29.843,8345,160.3211887163634,0.00022048612996022156,-0.00015779442636216262,1.9986474514007568,160.3211887163634,0.00029682120626111453,-9.355951495621556e-05,-15.136907815933228,160.3211887163634,-0.0016145565314218402,0.0,9.809961318969727,0.0,0.0,0.0,90.12166183397443,0.0,0.0,0.0,0.0,False,False
2026-09-24T14:55:30.075,8349,160.55841749362298,0.00022048612996022156,-0.00015779442636216262,1.9986474514007568,160.55841749362298,0.0001794410378848569,-0.00014465177408368762,9.362184762954712,160.55841749362298,-0.0016158836660906672,-0.0006249985890462995,9.809961318969727,0.0,0.0,0.0,90.12166183397443,0.0,0.0,0.0,0.0,False,False
2026-09-24T14:55:30.134,8350,160.61611697651097,0.00022048612996022156,-0.00015779442636216262,1.9986474514007568,160.61611697651097,0.0002893698544126836,-0.000178005304936452,18.953338384628296,160.61611697651097,-0.0022395681589841843,1.3271549050841713e-06,9.810039520263672,0.0,0.0,0.0,90.12166183397443,0.0,0.0,0.0,0.0,False,False
2026-09-24T14:55:30.368,8354,160.85239228061982,0.00022048612996022156,-0.00015779442636216262,1.9986474514007568,160.85239228061982,0.00020815321627614493,-0.00013661241663016116,12.727377653121948,160.85239228061982,-0.00036588648799806833,-0.0006276529165916145,9.809961318969727,0.0,0.0,0.0,90.12166183397443,0.0,0.0,0.0,0.0,False,False
2026-09-24T14:55:30.426,8355,160.90991938314983,0.00022048612996022156,-0.00015779442636216262,1.9986474514007568,160.90991938314983,0.0002689124663944257,-0.00017225225982059927,-1.3682465553283691,160.90991938314983,-0.001613242318853736,0.0006249985890462995,9.810039520263672,0.0,0.0,0.0,90.12166183397443,0.0,0.0,0.0,0.0,False,False
2026-09-24T14:55:30.658,8359,161.14194258875796,0.00022048612996022156,-0.00015779442636216262,1.9986474514007568,161.14194258875796,0.00022627323519790833,-0.00017011465441413892,5.2247889041900635,161.14194258875796,-0.0009922058088704944,-0.001251324312761426,9.809922218322754,0.0,0.0,0.0,90.12166183397443,0.0,0.0,0.0,0.0,False,False
2026-09-24T14:55:30.717,8360,161.1990485136921,0.00022048612996022156,-0.00015779442636216262,1.9986474514007568,161.1990485136921,0.0001889009360225772,-0.00020193559847342984,-3.334226369857788,161.1990485136921,-0.001613242318853736,0.0006249985890462995,9.810039520263672,0.0,0.0,0.0,90.12166183397443,0.0,0.0,0.0,0.0,False,False
2026-09-24T14:55:30.951,8364,161.49299829281517,0.00022048612996022156,-0.00015779442636216262,1.9986474514007568,161.4352058006043,0.0002803721214646374,-0.0002049867421951072,5.297688961029053,161.4352058006043,-0.002550740260630846,0.00062698929104954,9.810039520263672,0.0,0.0,0.0,90.12166183397443,0.0,0.0,0.0,0.0,False,False
2026-09-24T14:55:31.010,8365,161.55079530380317,0.00022048612996022156,-0.00015779442636216262,1.9986474514007568,161.49299829281517,0.00024909307981451446,-0.00010808153327474573,11.348552465438843,161.55079530380317,-0.002238247310742736,0.0006263257237151265,9.810078620910645,0.0,0.0,0.0,90.12166183397443,0.0,0.0,0.0,0.0,False,False
2026-09-24T14:55:31.239,8369,161.780077817064,0.00022048612996022156,-0.00015779442636216262,1.9986474514007568,161.780077817064,0.00020615189774125055,-0.00016229178307498076,5.9057183265686035,161.780077817064,-0.0016119086649268866,0.001249997178092599,9.8100004196167,0.0,0.0,0.0,90.12166183397443,0.0,0.0,0.0,0.0,False,False
2026-09-24T14:55:31.297,8370,161.780077817064,0.00022048612996022156,-0.00015779442636216262,1.9986474514007568,161.780077817064,0.00020615189774125055,-0.00016229178307498076,5.9057183265686035,161.780077817064,-0.0016119086649268866,0.001249997178092599,9.8100004196167,0.0,0.0,0.0,90.12166183397443,0.0,0.0,0.0,0.0,False,False
2026-09-24T14:55:31.528,8374,162.0695664381201,0.00022048612996022156,-0.00015779442636216262,1.9986474514007568,162.0695664381201,0.0003592818462990125,-0.00019777559881135092,-2.35355544090271,162.0695664381201,-0.0003672007005661726,-0.001252651447430253,9.809883117675781,0.0,0.0,0.0,90.12166183397443,0.0,0.0,0.0,0.0,False,False
2026-09-24T14:55:31.589,8375,162.1302875225956,0.00022048612996022156,-0.00015779442636216262,1.9986474514007568,162.0695664381201,0.0003592818462990125,-0.00019777559881135092,-2.35355544090271,162.0695664381201,-0.0003672007005661726,-0.001252651447430253,9.809883117675781,0.0,0.0,0.0,90.12166183397443,0.0,0.0,0.0,0.0,False,False
2026-09-24T14:55:31.821,8379,162.30438700519153,0.00022048612996022156,-0.00015779442636216262,1.9986474514007568,162.30438700519153,0.0002637487774833006,-0.0002116339188282305,-4.597984075546265,162.30438700519153,-0.0022408822551369667,-0.0006236714543774724,9.809961318969727,0.0,0.0,0.0,90.12166183397443,0.0,0.0,0.0,0.0,False,False
2026-09-24T14:55:31.880,8380,162.362603379559,0.00022048612996022156,-0.00015779442636216262,1.9986474514007568,162.362603379559,0.00024284697033598958,-0.00014303772203078696,-2.3280465602874756,162.362603379559,-0.0016145629342645407,0.0,9.8100004196167,0.0,0.0,0.0,90.12166183397443,0.0,0.0,0.0,0.0,False,False
2026-09-24T14:55:32.109,8384,162.59421329028555,0.00022048612996022156,-0.00015779442636216262,1.9986474514007568,162.59421329028555,0.00021941648381434232,-0.00015309253793333627,1.3052716255187988,162.59421329028555,-0.0016158772632479668,-0.0006249985890462995,9.809922218322754,0.0,0.0,0.0,90.12166183397443,0.0,0.0,0.0,0.0,False,False
2026-09-24T14:55:32.168,8385,162.6507303697581,0.00022048612996022156,-0.00015779442636216262,1.9986474514007568,162.6507303697581,0.00024126321264211027,-0.000247875882072041,-2.0701911449432373,162.6507303697581,-0.0016158772632479668,-0.0006249985890462995,9.809922218322754,0.0,0.0,0.0,90.12166183397443,0.0,0.0,0.0,0.0,False,False
2026-09-24T14:55:32.404,8389,162.88682231880375,0.00022048612996022156,-0.00015779442636216262,1.9986474514007568,162.88682231880375,0.0002021844099132012,-0.00020699459363044442,18.36749243736267,162.88682231880375,-0.002863239496946335,0.0006276529165916145,9.810039520263672,0.0,0.0,0.0,90.12166183397443,0.0,0.0,0.0,0.0,False,False
2026-09-24T14:55:32.463,8390,163.00425425372669,0.00022048612996022156,-0.00015779442636216262,1.9986474514007568,163.00425425372669,0.00017045014069898924,-0.00015481540397872012,-7.778238534927368,163.00425425372669,-0.0016158836660906672,-0.0006249985890462995,9.809961318969727,0.0,0.0,0.0,90.12166183397443,0.0,0.0,0.0,0.0,False,False
2026-09-24T14:55:32.691,8394,163.17628429285833,0.00022048612996022156,-0.00015779442636216262,1.9986474514007568,163.17628429285833,0.0002123759883530455,-0.00016616417231802333,2.760627031326294,163.17628429285833,-0.0022395551204681396,1.3271549050841713e-06,9.809961318969727,0.0,0.0,0.0,90.12166183397443,0.0,0.0,0.0,0.0,False,False
2026-09-24T14:55:32.749,8395,163.23277683384367,0.00022048612996022156,-0.00015779442636216262,1.9986474514007568,163.23277683384367,0.00022049760535063724,-0.00019152826515295745,13.710911512374878,163.23277683384367,0.00025514347362332046,-0.002503975760191679,9.809883117675781,0.0,0.0,0.0,90.12166183397443,0.0,0.0,0.0,0.0,False,False
2026-09-24T14:55:32.982,8399,163.4619368968124,0.00022048612996022156,-0.00015779442636216262,1.9986474514007568,163.4619368968124,0.0002695641120722884,-0.00011181148018608072,12.065879583358765,163.4619368968124,-0.002857943531125784,0.0031276470981538296,9.810117721557617,0.0,0.0,0.0,90.12166183397443,0.0,0.0,0.0,0.0,False,False
2026-09-24T14:55:33.040,8400,163.52336255661794,0.00022048612996022156,-0.00015779442636216262,1.9986474514007568,163.58100027419277,0.00022035733638708178,-0.0001542683983947805,7.482659578323364,163.52336255661794,-0.002238241024315357,0.0006263257237151265,9.810039520263672,0.0,0.0,0.0,90.12166183397443,0.0,0.0,0.0,0.0,False,False
2026-09-24T14:55:33.281,8404,163.82214230499812,0.00022048612996022156,-0.00015779442636216262,1.9986474514007568,163.82214230499812,0.00014958237411937615,-0.0001690590111897487,1.6176015138626099,163.82214230499812,-0.000681040168274194,-0.001876986469142139,9.809961318969727,0.0,0.0,0.0,90.12166183397443,0.0,0.0,0.0,0.0,False,False
2026-09-24T14:55:33.339,8405,163.88022237844416,0.00022048612996022156,-0.00015779442636216262,1.9986474514007568,163.82214230499812,0.00014958237411937615,-0.0001690590111897487,1.6176015138626099,163.82214230499812,-0.000681040168274194,-0.001876986469142139,9.809961318969727,0.0,0.0,0.0,90.12166183397443,0.0,0.0,0.0,0.0,False,False
2026-09-24T14:55:33.568,8409,164.05278068236657,0.00022048612996022156,-0.00015779442636216262,1.9986474514007568,164.05278068236657,0.0002253124913791852,-0.00022947546547897362,-15.053825616836548,164.05278068236657,-0.002236920176073909,0.001251324312761426,9.810078620910645,0.0,0.0,0.0,90.12166183397443,0.0,0.0,0.0,0.0,False,False
2026-09-24T14:55:33.626,8410,164.10962571404525,0.00022048612996022156,-0.00015779442636216262,1.9986474514007568,164.10962571404525,0.00015704149669053903,-0.00018114187021950928,-7.421592950820923,164.10962571404525,-0.0016158772632479668,-0.0006249985890462995,9.809922218322754,0.0,0.0,0.0,90.12166183397443,0.0,0.0,0.0,0.0,False,False
2026-09-24T14:55:33.862,8414,164.34664301775047,0.00022048612996022156,-0.00015779442636216262,1.9986474514007568,164.34664301775047,0.00021110080584057313,-0.00010843172147673757,-0.18297719955444336,164.34664301775047,-0.002239561639726162,1.3271549050841713e-06,9.8100004196167,0.0,0.0,0.0,90.12166183397443,0.0,0.0,0.0,0.0,False,False
2026-09-24T14:55:33.920,8415,164.40303206644603,0.00022048612996022156,-0.00015779442636216262,1.9986474514007568,164.40303206644603,0.00025636640535103096,-0.00018767017953308967,1.1014817357063293,164.40303206644603,-0.002863246016204357,0.0006276528583839536,9.810078620910645,0.0,0.0,0.0,90.12166183397443,0.0,0.0,0.0,0.0,False,False
2026-09-24T14:55:34.151,8419,164.63607963375398,0.00022048612996022156,-0.00015779442636216262,1.9986474514007568,164.63607963375398,0.00031412739158858484,-0.00023105288581377098,-4.7005064487457275,164.63607963375398,-0.001614569453522563,0.0,9.810039520263672,0.0,0.0,0.0,90.12166183397443,0.0,0.0,0.0,0.0,False,False
2026-09-24T14:55:34.210,8420,164.69267900488921,0.00022048612996022156,-0.00015779442636216262,1.9986474514007568,164.69267900488921,0.00017933083259285366,-0.00010647001780256831,18.063052892684937,164.69267900488921,-0.0009895643452182412,-1.3271549050841713e-06,9.8100004196167,0.0,0.0,0.0,90.12166183397443,0.0,0.0,0.0,0.0,False,False
2026-09-24T14:55:34.446,8424,164.98789422787377,0.00022048612996022156,-0.00015779442636216262,1.9986474514007568,164.98789422787377,0.00016657587516837692,-0.00023719345934609154,-9.792804956436157,164.9297062625701,-0.0006797129171900451,-0.0012519878800958395,9.809961318969727,0.0,0.0,0.0,90.12166183397443,0.0,0.0,0.0,0.0,False,False
2026-09-24T14:55:34.504,8425,165.0458048117871,0.00022048612996022156,-0.00015779442636216262,1.9986474514007568,164.98789422787377,0.00016657587516837692,-0.00023719345934609154,-9.792804956436157,164.98789422787377,-0.001613242318853736,0.0006249985890462995,9.810039520263672,0.0,0.0,0.0,90.12166183397443,0.0,0.0,0.0,0.0,False,False
2026-09-24T14:55:34.735,8429,165.27681399337598,0.00022048612996022156,-0.00015779442636216262,1.9986474514007568,165.27681399337598,0.00022530451965812416,-0.00022368321386551687,-5.012918710708618,165.2196993289108,-0.002863239496946335,0.0006276529165916145,9.810039520263672,0.0,0.0,0.0,90.12166183397443,0.0,0.0,0.0,0.0,False,False
2026-09-24T14:55:34.794,8430,165.27681399337598,0.00022048612996022156,-0.00015779442636216262,1.9986474514007568,165.27681399337598,0.00022530451965812416,-0.00022368321386551687,-5.012918710708618,165.27681399337598,-0.0016145629342645407,0.0,9.8100004196167,0.0,0.0,0.0,90.12166183397443,0.0,0.0,0.0,0.0,False,False
2026-09-24T14:55:35.026,8434,165.51147895507165,0.00022048612996022156,-0.00015779442636216262,1.9986474514007568,165.51147895507165,0.00021694121087838892,-0.00016871706391924962,2.0083488319069147,165.51147895507165,-0.0009908786742016673,-0.0006263257237151265,9.809922218322754,0.0,0.0,0.0,90.12166183397443,0.0,0.0,0.0,0.0,False,False
2026-09-24T14:55:35.089,8435,165.63037405736395,0.00022048612996022156,-0.00015779442636216262,1.9986474514007568,165.5676482898707,0.00022728759236505892,-0.0002445567939352637,-3.1262009143829346,165.5676482898707,-0.00036587356589734554,-0.0006276528583839536,9.809883117675781,0.0,0.0,0.0,90.12166183397443,0.0,0.0,0.0,0.0,False,False
2026-09-24T14:55:35.318,8439,165.85934141479083,0.00022048612996022156,-0.00015779442636216262,1.9986474514007568,165.80225309557864,0.00025760474787111333,-0.00018596725256742646,-14.671304941177368,165.80225309557864,-0.0022382279857993126,0.0006263257237151265,9.809961318969727,0.0,0.0,0.0,90.12166183397443,0.0,0.0,0.0,0.0,False,False
2026-09-24T14:55:35.376,8440,165.85934141479083,0.00022048612996022156,-0.00015779442636216262,1.9986474514007568,165.85934141479083,0.0001836223269989149,-0.0001071281245307924,-11.104248285293579,165.85934141479083,-0.0009882372105494142,0.0006236714543774724,9.8100004196167,0.0,0.0,0.0,90.12166183397443,0.0,0.0,0.0,0.0,False,False
2026-09-24T14:55:35.604,8444,166.08841423518606,0.00022048612996022156,-0.00015779442636216262,1.9986474514007568,166.08841423518606,0.0002546983775160642,-9.635971817573735e-05,-6.911522150039673,166.08841423518606,-0.0009922122117131948,-0.001251324312761426,9.809961318969727,0.0,0.0,0.0,90.12166183397443,0.0,0.0,0.0,0.0,False,False
2026-09-24T14:55:35.662,8445,166.14551232956,0.00022048612996022156,-0.00015779442636216262,1.9986474514007568,166.14551232956,0.00017453189107490642,-0.00011544395836921611,1.1489962935447693,166.14551232956,-0.0016119086649268866,0.001249997178092599,9.8100004196167,0.0,0.0,0.0,90.12166183397443,0.0,0.0,0.0,0.0,False,False
2026-09-24T14:55:35.899,8449,166.44028074867674,0.00022048612996022156,-0.00015779442636216262,1.9986474514007568,166.44028074867674,0.00025250578224094523,-0.00020535382153270037,1.7025955021381378,166.38320659301826,-0.0016145629342645407,0.0,9.8100004196167,0.0,0.0,0.0,90.12166183397443,0.0,0.0,0.0,0.0,False,False
2026-09-24T14:55:35.957,8450,166.49821849368163,0.00022048612996022156,-0.00015779442636216262,1.9986474514007568,166.44028074867674,0.00025250578224094523,-0.00020535382153270037,1.7025955021381378,166.44028074867674,-0.002238241024315357,0.0006263257237151265,9.810039520263672,0.0,0.0,0.0,90.12166183397443,0.0,0.0,0.0,0.0,False,False
2026-09-24T14:55:36.190,8454,166.67443625084707,0.00022048612996022156,-0.00015779442636216262,1.9986474514007568,166.67443625084707,0.00019467355346441208,-0.00013271454789304843,-15.563278436660767,166.67443625084707,-0.002863239496946335,0.0006276529165916145,9.810039520263672,0.0,0.0,0.0,90.12166183397443,0.0,0.0,0.0,0.0,False,False
2026-09-24T14:55:36.248,8455,166.73083054102608,0.00022048612996022156,-0.00015779442636216262,1.9986474514007568,166.73083054102608,9.296740577573827e-05,-6.164546228632533e-05,-1.1387200355529785,166.73083054102608,-0.0022395681589841843,1.3271549050841713e-06,9.810039520263672,0.0,0.0,0.0,90.12166183397443,0.0,0.0,0.0,0.0,False,False
2026-09-24T14:55:36.485,8459,166.96406652979203,0.00022048612996022156,-0.00015779442636216262,1.9986474514007568,166.96406652979203,0.00024096285201684976,-0.00020133146116080896,8.316048860549927,166.96406652979203,-0.0022355865221470594,0.0018763229018077254,9.810039520263672,0.0,0.0,0.0,90.12166183397443,0.0,0.0,0.0,0.0,False,False
2026-09-24T14:55:36.544,8460,167.08513273499557,0.00022048612996022156,-0.00015779442636216262,1.9986474514007568,167.08513273499557,0.0001922260941269941,-0.00012061625473819875,-0.3847694396972656,167.08513273499557,-0.0009922058088704944,-0.001251324312761426,9.809922218322754,0.0,0.0,0.0,90.12166183397443,0.0,0.0,0.0,0.0,False,False
2026-09-24T14:55:36.775,8464,167.25913332230994,0.00022048612996022156,-0.00015779442636216262,1.9986474514007568,167.25913332230994,0.00013752465716115138,-0.00010431256540272587,1.5532127022743225,167.25913332230994,-0.0009895643452182412,-1.3271549050841713e-06,9.8100004196167,0.0,0.0,0.0,90.12166183397443,0.0,0.0,0.0,0.0,False,False
2026-09-24T14:55:36.833,8465,167.31617902047583,0.00022048612996022156,-0.00015779442636216262,1.9986474514007568,167.31617902047583,0.00018543936644582016,-0.00011690840854811685,28.7475106716156,167.31617902047583,-0.002864573150873184,2.6543095827946672e-06,9.810078620910645,0.0,0.0,0.0,90.12166183397443,0.0,0.0,0.0,0.0,False,False
2026-09-24T14:55:37.066,8469,167.54983851886936,0.00022048612996022156,-0.00015779442636216262,1.9986474514007568,167.54983851886936,0.00025455232358089587,-9.061391627568954e-05,2.202054262161255,167.54983851886936,-0.0016158900689333677,-0.0006249985890462995,9.8100004196167,0.0,0.0,0.0,90.12166183397443,0.0,0.0,0.0,0.0,False,False
2026-09-24T14:55:37.124,8470,167.60807904801914,0.00022048612996022156,-0.00015779442636216262,1.9986474514007568,167.60807904801914,0.0002723605900015117,-0.00013611921948126254,2.68342924118042,167.60807904801914,-0.0009908850770443678,-0.0006263257237151265,9.809961318969727,0.0,0.0,0.0,90.12166183397443,0.0,0.0,0.0,0.0,False,False
2026-09-24T14:55:37.366,8474,167.84966019741842,0.00022048612996022156,-0.00015779442636216262,1.9986474514007568,167.84966019741842,0.0002557148906404053,-0.0001425142841830544,11.321149587631226,167.84966019741842,-0.0013020571786910295,-6.635773388552479e-07,9.809961318969727,0.0,0.0,0.0,90.12166183397443,0.0,0.0,0.0,0.0,False,False
2026-09-24T14:55:37.424,8475,167.9071850796754,0.00022048612996022156,-0.00015779442636216262,1.9986474514007568,167.9071850796754,0.00018534787491680062,-0.00012606991238812187,8.646110773086548,167.9071850796754,-0.002240888774394989,-0.0006236714543774724,9.8100004196167,0.0,0.0,0.0,90.12166183397443,0.0,0.0,0.0,0.0,False,False
2026-09-24T14:55:37.657,8479,168.14025242082425,0.00022048612996022156,-0.00015779442636216262,1.9986474514007568,168.14025242082425,0.00022600467369065326,-0.00015649431528203566,6.25403904914856,168.14025242082425,-0.0016158900689333677,-0.0006249985890462995,9.8100004196167,0.0,0.0,0.0,90.12166183397443,0.0,0.0,0.0,0.0,False,False
2026-09-24T14:55:37.718,8480,168.19853146575042,0.00022048612996022156,-0.00015779442636216262,1.9986474514007568,168.19853146575042,0.00031635320888617015,-0.00020885615466199086,-7.444551706314087,168.19853146575042,-0.0022395681589841843,1.3271549050841713e-06,9.810039520263672,0.0,0.0,0.0,90.12166183397443,0.0,0.0,0.0,0.0,False,False
2026-09-24T14:55:37.954,8484,168.49543510578224,0.00022048612996022156,-0.00015779442636216262,1.9986474514007568,168.49543510578224,0.00023341869623854462,-0.00020724601434580253,-2.0945918560028076,168.43868164546438,-0.0013020636979490519,-6.635773388552479e-07,9.8100004196167,0.0,0.0,0.0,90.12166183397443,0.0,0.0,0.0,0.0,False,False
2026-09-24T14:55:38.013,8485,168.49543510578224,0.00022048612996022156,-0.00015779442636216262,1.9986474514007568,168.49543510578224,0.00023341869623854462,-0.00020724601434580253,-2.0945918560028076,168.49543510578224,-0.002864566631615162,2.6543098101683427e-06,9.810039520263672,0.0,0.0,0.0,90.12166183397443,0.0,0.0,0.0,0.0,False,False
2026-09-24T14:55:38.244,8489,168.72800086266943,0.00022048612996022156,-0.00015779442636216262,1.9986474514007568,168.78531161524006,0.00016747786835784962,-0.00010043381788222322,-13.817458391189575,168.78531161524006,-0.002238241024315357,0.0006263257237151265,9.810039520263672,0.0,0.0,0.0,90.12166183397443,0.0,0.0,0.0,0.0,False,False
2026-09-24T14:55:38.305,8490,168.84710020400234,0.00022048612996022156,-0.00015779442636216262,1.9986474514007568,168.84710020400234,0.0002260212101233209,-0.00011105478423218445,-0.7307736873626709,168.78531161524006,-0.002238241024315357,0.0006263257237151265,9.810039520263672,0.0,0.0,0.0,90.12166183397443,0.0,0.0,0.0,0.0,False,False
2026-09-24T14:55:38.549,8494,169.0901812670345,0.00022048612996022156,-0.00015779442636216262,1.9986474514007568,169.0901812670345,0.000243446156359454,-0.00025573660112371873,13.337300062179565,169.0901812670345,-0.000992199289612472,-0.001251324312761426,9.809883117675781,0.0,0.0,0.0,90.12166183397443,0.0,0.0,0.0,0.0,False,False
2026-09-24T14:55:38.611,8495,169.15280676461407,0.00022048612996022156,-0.00015779442636216262,1.9986474514007568,169.0901812670345,0.000243446156359454,-0.00025573660112371873,13.337300062179565,169.0901812670345,-0.000992199289612472,-0.001251324312761426,9.809883117675781,0.0,0.0,0.0,90.12166183397443,0.0,0.0,0.0,0.0,False,False
2026-09-24T14:55:38.843,8499,169.38457854292938,0.00022048612996022156,-0.00015779442636216262,1.9986474514007568,169.38457854292938,0.00026965741167677505,-0.0001657643375287458,-1.1117925643920898,169.32738510720083,-0.000368521548807621,-0.0018776500364765525,9.809844017028809,0.0,0.0,0.0,90.12166183397443,0.0,0.0,0.0,0.0,False,False
2026-09-24T14:55:38.902,8500,169.38457854292938,0.00022048612996022156,-0.00015779442636216262,1.9986474514007568,169.38457854292938,0.00026965741167677505,-0.0001657643375287458,-1.1117925643920898,169.38457854292938,-0.0009908786742016673,-0.0006263257237151265,9.809922218322754,0.0,0.0,0.0,90.12166183397443,0.0,0.0,0.0,0.0,False,False
2026-09-24T14:55:39.136,8504,169.6180102584476,0.00022048612996022156,-0.00015779442636216262,1.9986474514007568,169.6180102584476,0.00021655076412079678,-0.00014772587436113243,-1.9271190166473389,169.6180102584476,-0.002238247310742736,0.0006263257237151265,9.810078620910645,0.0,0.0,0.0,90.12166183397443,0.0,0.0,0.0,0.0,False,False
2026-09-24T14:55:39.198,8505,169.67763524703332,0.00022048612996022156,-0.00015779442636216262,1.9986474514007568,169.67763524703332,0.000232010277299736,-0.00017118184367376815,4.195897340774536,169.67763524703332,-0.0016145629342645407,0.0,9.8100004196167,0.0,0.0,0.0,90.12166183397443,0.0,0.0,0.0,0.0,False,False
2026-09-24T14:55:39.442,8509,169.9243167025561,0.00022048612996022156,-0.00015779442636216262,1.9986474514007568,169.9243167025561,0.00023909639608481838,-0.00014764710484400128,0.6389461755752563,169.9243167025561,-0.0006797065143473446,-0.0012519878800958395,9.809922218322754,0.0,0.0,0.0,90.12166183397443,0.0,0.0,0.0,0.0,False,False
2026-09-24T14:55:39.503,8510,170.04468041859218,0.00022048612996022156,-0.00015779442636216262,1.9986474514007568,170.04468041859218,0.00016752372871869182,-0.00013669411835821082,1.230164647102356,169.9838815947587,-0.0009908914798870683,-0.0006263257237151265,9.8100004196167,0.0,0.0,0.0,90.12166183397443,0.0,0.0,0.0,0.0,False,False
2026-09-24T14:55:39.747,8514,170.2288029549236,0.00022048612996022156,-0.00015779442636216262,1.9986474514007568,170.2288029549236,0.00022410503302543828,-0.00018163350667549965,-14.158085107803345,170.2288029549236,-0.0006797065143473446,-0.0012519878800958395,9.809922218322754,0.0,0.0,0.0,90.12166183397443,0.0,0.0,0.0,0.0,False,False
2026-09-24T14:55:39.808,8515,170.2883554903383,0.00022048612996022156,-0.00015779442636216262,1.9986474514007568,170.2883554903383,0.00022129381986096076,-0.00013039025596612335,18.521047353744507,170.2883554903383,-0.002239574445411563,1.3271547913973336e-06,9.810078620910645,0.0,0.0,0.0,90.12166183397443,0.0,0.0,0.0,0.0,False,False
2026-09-24T14:55:40.058,8519,170.59930211506435,0.00022048612996022156,-0.00015779442636216262,1.9986474514007568,170.53323977641412,0.00018810063525469912,-8.230517285796085e-05,2.9286919832229614,170.53323977641412,-0.001302050892263651,-6.635773388552479e-07,9.809922218322754,0.0,0.0,0.0,90.12166183397443,0.0,0.0,0.0,0.0,False,False
2026-09-24T14:55:40.119,8520,170.59930211506435,0.00022048612996022156,-0.00015779442636216262,1.9986474514007568,170.59930211506435,0.00010635526237328475,-0.00014468822481234527,1.6675027906894684,170.59930211506435,-0.0016145565314218402,0.0,9.809961318969727,0.0,0.0,0.0,90.12166183397443,0.0,0.0,0.0,0.0,False,False
2026-09-24T14:55:40.364,8524,170.84475924647995,0.00022048612996022156,-0.00015779442636216262,1.9986474514007568,170.84475924647995,0.00015418775697489208,-0.0001982621566489266,-13.603368043899536,170.84475924647995,-0.002238241024315357,0.0006263257237151265,9.810039520263672,0.0,0.0,0.0,90.12166183397443,0.0,0.0,0.0,0.0,False,False
2026-09-24T14:55:40.426,8525,170.90515034474083,0.00022048612996022156,-0.00015779442636216262,1.9986474514007568,170.90515034474083,0.00016108024251897758,-0.00016607460255130862,10.454696416854858,170.90515034474083,-0.0009922122117131948,-0.001251324312761426,9.809961318969727,0.0,0.0,0.0,90.12166183397443,0.0,0.0,0.0,0.0,False,False
2026-09-24T14:55:40.675,8529,171.1572187935526,0.00022048612996022156,-0.00015779442636216262,1.9986474514007568,171.1572187935526,0.0002758636470885848,-0.00018540814069951156,19.361284017562866,171.1572187935526,-0.0013020636979490519,-6.635773388552479e-07,9.8100004196167,0.0,0.0,0.0,90.12166183397443,0.0,0.0,0.0,0.0,False,False
2026-09-24T14:55:40.735,8530,171.21640908173868,0.00022048612996022156,-0.00015779442636216262,1.9986474514007568,171.21640908173868,0.00017867414831434315,-0.00014533041811177244,1.1691691875457764,171.21640908173868,-0.002238234505057335,0.0006263257237151265,9.8100004196167,0.0,0.0,0.0,90.12166183397443,0.0,0.0,0.0,0.0,False,False
2026-09-24T14:55:40.973,8534,171.45592582054087,0.00022048612996022156,-0.00015779442636216262,1.9986474514007568,171.45592582054087,0.000189067970181526,-0.00018578837314948176,4.0839924812316895,171.45592582054087,-0.0009882372105494142,0.0006236714543774724,9.8100004196167,0.0,0.0,0.0,90.12166183397443,0.0,0.0,0.0,0.0,False,False
2026-09-24T14:55:41.031,8535,171.5143081305141,0.00022048612996022156,-0.00015779442636216262,1.9986474514007568,171.5143081305141,0.0001982527443529706,-0.00025337449786406215,9.723521947860718,171.5143081305141,-0.0003645593533292413,-2.6543095827946672e-06,9.809961318969727,0.0,0.0,0.0,90.12166183397443,0.0,0.0,0.0,0.0,False,False
2026-09-24T14:55:41.264,8539,171.74766160003492,0.00022048612996022156,-0.00015779442636216262,1.9986474514007568,171.74766160003492,0.00017323968827858506,-0.00011980944198825599,13.706041097640991,171.74766160003492,-0.0009908850770443678,-0.0006263257237151265,9.809961318969727,0.0,0.0,0.0,90.12166183397443,0.0,0.0,0.0,0.0,False,False
2026-09-24T14:55:41.324,8540,171.80539572439739,0.00022048612996022156,-0.00015779442636216262,1.9986474514007568,171.80539572439739,0.00024329378507408718,-0.0001590468022718065,-1.9830636978149414,171.80539572439739,-0.0016119151841849089,0.001249997178092599,9.810039520263672,0.0,0.0,0.0,90.12166183397443,0.0,0.0,0.0,0.0,False,False
2026-09-24T14:55:41.561,8544,172.10221005431958,0.00022048612996022156,-0.00015779442636216262,1.9986474514007568,172.10221005431958,0.00021967180836517754,-0.00011918052640198001,5.167673587799072,172.04510730705806,-0.001925748074427247,0.000625662156380713,9.810078620910645,0.0,0.0,0.0,90.12166183397443,0.0,0.0,0.0,0.0,False,False
2026-09-24T14:55:41.619,8545,172.1607920920069,0.00022048612996022156,-0.00015779442636216262,1.9986474514007568,172.10221005431958,0.00021967180836517754,-0.00011918052640198001,5.167673587799072,172.1607920920069,-0.0016145629342645407,0.0,9.8100004196167,0.0,0.0,0.0,90.12166183397443,0.0,0.0,0.0,0.0,False,False
2026-09-24T14:55:41.849,8549,172.3336731774325,0.00022048612996022156,-0.00015779442636216262,1.9986474514007568,172.3336731774325,0.00024474896932096625,-0.00020107803228114934,2.74735426902771,172.3336731774325,-0.0009882372105494142,0.0006236714543774724,9.8100004196167,0.0,0.0,0.0,90.12166183397443,0.0,0.0,0.0,0.0,False,False
2026-09-24T14:55:41.907,8550,172.3902116959507,0.00022048612996022156,-0.00015779442636216262,1.9986474514007568,172.3902116959507,0.0002426625611902581,-0.0001938062728945093,12.148916006088257,172.3902116959507,-0.002239561639726162,1.3271549050841713e-06,9.8100004196167,0.0,0.0,0.0,90.12166183397443,0.0,0.0,0.0,0.0,False,False
2026-09-24T14:55:42.141,8554,172.68259046800085,0.00022048612996022156,-0.00015779442636216262,1.9986474514007568,172.68259046800085,0.00024205383092939327,-0.00010791083203315937,-2.850083589553833,172.68259046800085,-0.0009895708644762635,-1.327155018771009e-06,9.810039520263672,0.0,0.0,0.0,90.12166183397443,0.0,0.0,0.0,0.0,False,False
2026-09-24T14:55:42.203,8555,172.68259046800085,0.00022048612996022156,-0.00015779442636216262,1.9986474514007568,172.68259046800085,0.00024205383092939327,-0.00010791083203315937,-2.850083589553833,172.68259046800085,-0.0009895708644762635,-1.327155018771009e-06,9.810039520263672,0.0,0.0,0.0,90.12166183397443,0.0,0.0,0.0,0.0,False,False
2026-09-24T14:55:42.432,8559,172.97366292975494,0.00022048612996022156,-0.00015779442636216262,1.9986474514007568,172.9174629060144,0.00019461541128711714,-0.00014089614213247986,2.0965453311800957,172.9174629060144,-0.00286191888153553,0.001252651447430253,9.810078620910645,0.0,0.0,0.0,90.12166183397443,0.0,0.0,0.0,0.0,False,False
2026-09-24T14:55:42.490,8560,172.97366292975494,0.00022048612996022156,-0.00015779442636216262,1.9986474514007568,172.97366292975494,0.0002655214117608865,-0.00019633856080276163,11.112016439437866,172.97366292975494,-0.0009895643452182412,-1.3271549050841713e-06,9.8100004196167,0.0,0.0,0.0,90.12166183397443,0.0,0.0,0.0,0.0,False,False
2026-09-24T14:55:42.721,8564,173.2060084847326,0.00022048612996022156,-0.00015779442636216262,1.9986474514007568,173.2060084847326,0.0002813255556744424,-0.00014752236855514783,2.704724609851837,173.2060084847326,-0.00223691388964653,0.001251324312761426,9.810039520263672,0.0,0.0,0.0,90.12166183397443,0.0,0.0,0.0,0.0,False,False
2026-09-24T14:55:42.779,8565,173.26212771810242,0.00022048612996022156,-0.00015779442636216262,1.9986474514007568,173.26212771810242,0.00022638676105506773,-0.00014807675196010822,0.8999290466308594,173.26212771810242,-0.0016158900689333677,-0.0006249985890462995,9.8100004196167,0.0,0.0,0.0,90.12166183397443,0.0,0.0,0.0,0.0,False,False
2026-09-24T14:55:43.020,8569,173.50542008705088,0.00022048612996022156,-0.00015779442636216262,1.9986474514007568,173.50542008705088,0.00022399080867634792,-0.00014375021654217706,-2.312455415725708,173.50542008705088,-0.00036588008515536785,-0.0006276529165916145,9.809922218322754,0.0,0.0,0.0,90.12166183397443,0.0,0.0,0.0,0.0,False,False
2026-09-24T14:55:43.079,8570,173.62076436929055,0.00022048612996022156,-0.00015779442636216262,1.9986474514007568,173.5621314776654,0.0002563057456924015,-0.0001619853174665346,4.273437738418579,173.5621314776654,-0.0009908914798870683,-0.0006263257237151265,9.8100004196167,0.0,0.0,0.0,90.12166183397443,0.0,0.0,0.0,0.0,False,False
2026-09-24T14:55:43.308,8574,173.79355953834602,0.00022048612996022156,-0.00015779442636216262,1.9986474514007568,173.79355953834602,0.0003111766488060256,-0.00012497103542358817,10.414327383041382,173.79355953834602,-0.002236907370388508,0.001251324312761426,9.8100004196167,0.0,0.0,0.0,90.12166183397443,0.0,0.0,0.0,0.0,False,False
2026-09-24T14:55:43.366,8575,173.84927912257263,0.00022048612996022156,-0.00015779442636216262,1.9986474514007568,173.84927912257263,0.0002443370628085121,-0.00015610942371808195,9.365370035171509,173.84927912257263,-0.0016158836660906672,-0.0006249985890462995,9.809961318969727,0.0,0.0,0.0,90.12166183397443,0.0,0.0,0.0,0.0,False,False
