road_id,section_id,lane_id,s,lane_type,is_junction,x,y,z,yaw,width,left_x,left_y,right_x,right_y,left_marking,left_color,right_marking,right_color
939,0,-1,0.0,Driving,True,-27.018,66.214,0.0,-179.927,3.5,-27.02,67.964,-27.015,64.464,SolidSolid,Yellow,Solid,White
939,0,-1,1.0,Driving,True,-27.961,66.204,0.0,181.933,3.5,-28.02,67.953,-27.902,64.455,NONE,White,NONE,White
939,0,-1,2.0,Driving,True,-28.866,66.149,0.0,184.972,3.5,-29.018,67.893,-28.715,64.406,NONE,White,NONE,White
939,0,-1,3.0,Driving,True,-29.767,66.047,0.0,188.01,3.5,-30.011,67.78,-29.524,64.314,NONE,White,NONE,White
939,0,-1,4.0,Driving,True,-30.662,65.896,0.0,191.049,3.5,-30.997,67.614,-30.327,64.179,NONE,White,NONE,White
939,0,-1,5.0,Driving,True,-31.547,65.699,0.0,194.087,3.5,-31.973,67.396,-31.121,64.002,NONE,White,NONE,White
939,0,-1,6.0,Driving,True,-32.421,65.455,0.0,197.126,3.5,-32.936,67.127,-31.906,63.783,NONE,White,NONE,White
939,0,-1,7.0,Driving,True,-33.281,65.165,0.0,200.164,3.5,-33.884,66.808,-32.677,63.522,NONE,White,Solid,White
939,0,-1,8.0,Driving,True,-34.123,64.83,0.0,203.203,3.5,-34.813,66.438,-33.434,63.221,NONE,White,Solid,White
939,0,-1,9.0,Driving,True,-34.947,64.451,0.0,206.241,3.5,-35.721,66.02,-34.174,62.881,NONE,White,Solid,White
939,0,-1,10.0,Driving,True,-35.75,64.028,0.0,209.28,3.5,-36.606,65.554,-34.894,62.502,NONE,White,Solid,White
939,0,-1,11.0,Driving,True,-36.529,63.564,0.0,212.318,3.5,-37.465,65.042,-35.594,62.085,NONE,White,Solid,White
939,0,-1,12.0,Driving,True,-37.283,63.058,0.0,215.357,3.5,-38.295,64.486,-36.27,61.631,NONE,White,Solid,White
939,0,-1,13.0,Driving,True,-37.994,62.526,0.0,219.0,3.5,-39.096,63.886,-36.893,61.166,NONE,White,Solid,White
939,0,-1,14.0,Driving,True,-38.631,61.964,0.0,223.931,3.5,-39.845,63.224,-37.416,60.704,NONE,White,Solid,White
939,0,-1,15.0,Driving,True,-39.216,61.349,0.0,228.863,3.5,-40.534,62.501,-37.898,60.198,NONE,White,Solid,White
939,0,-1,16.0,Driving,True,-39.747,60.686,0.0,233.795,3.5,-41.159,61.72,-38.335,59.653,NONE,White,Solid,White
939,0,-1,17.0,Driving,True,-40.218,59.98,0.0,238.727,3.5,-41.714,60.889,-38.723,59.072,NONE,White,Solid,White
939,0,-1,18.0,Driving,True,-40.627,59.236,0.0,243.659,3.5,-42.196,60.013,-39.059,58.46,NONE,White,Solid,White
939,0,-1,19.0,Driving,True,-40.971,58.46,0.0,248.59,3.5,-42.6,59.099,-39.342,57.821,NONE,White,Solid,White
939,0,-1,20.0,Driving,True,-41.247,57.657,0.0,253.522,3.5,-42.925,58.153,-39.569,57.16,NONE,White,Solid,White
939,0,-1,21.0,Driving,True,-41.452,56.833,0.0,258.454,3.5,-43.167,57.183,-39.738,56.483,NONE,White,Solid,White
939,0,-1,22.0,Driving,True,-41.586,55.994,0.0,263.386,3.5,-43.325,56.196,-39.848,55.793,NONE,White,Solid,White
939,0,-1,23.0,Driving,True,-41.648,55.147,0.0,268.318,3.5,-43.397,55.199,-39.899,55.096,NONE,White,Solid,White
939,0,-1,24.0,Driving,True,-41.654,54.194,0.0,-90.161,3.5,-43.404,54.199,-39.904,54.189,Broken,White,Solid,White
939,0,-1,25.0,Driving,True,-41.657,53.194,0.0,-90.161,3.5,-43.407,53.199,-39.907,53.189,Broken,White,Solid,White
939,0,-1,26.0,Driving,True,-41.66,52.194,0.0,-90.161,3.5,-43.41,52.199,-39.91,52.189,Broken,White,Solid,White
933,0,1,0.0,Driving,True,-48.574,82.645,0.0,89.839,3.5,-46.824,82.64,-50.324,82.65,SolidSolid,Yellow,Broken,White
933,0,2,0.0,Driving,True,-52.074,82.655,0.0,89.839,3.5,-50.324,82.65,-53.824,82.66,Broken,White,Solid,White
933,0,1,1.0,Driving,True,-48.577,81.645,0.0,89.839,3.5,-46.827,81.64,-50.327,81.65,SolidSolid,Yellow,Broken,White
933,0,2,1.0,Driving,True,-52.077,81.655,0.0,89.839,3.5,-50.327,81.65,-53.827,81.66,Broken,White,Solid,White
933,0,1,2.0,Driving,True,-48.58,80.645,0.0,89.839,3.5,-46.83,80.64,-50.33,80.65,SolidSolid,Yellow,Broken,White
933,0,2,2.0,Driving,True,-52.08,80.655,0.0,89.839,3.5,-50.33,80.65,-53.83,80.66,Broken,White,Solid,White
933,0,1,3.0,Driving,True,-48.582,79.645,0.0,89.839,3.5,-46.832,79.64,-50.332,79.65,SolidSolid,Yellow,Broken,White
933,0,2,3.0,Driving,True,-52.082,79.655,0.0,89.839,3.5,-50.332,79.65,-53.832,79.66,Broken,White,Solid,White
933,0,1,4.0,Driving,True,-48.585,78.645,0.0,89.839,3.5,-46.835,78.64,-50.335,78.65,SolidSolid,Yellow,Broken,White
933,0,2,4.0,Driving,True,-52.085,78.655,0.0,89.839,3.5,-50.335,78.65,-53.835,78.66,Broken,White,Solid,White
933,0,1,5.0,Driving,True,-48.588,77.645,0.0,89.839,3.5,-46.838,77.64,-50.338,77.65,SolidSolid,Yellow,Broken,White
933,0,2,5.0,Driving,True,-52.088,77.655,0.0,89.839,3.5,-50.338,77.65,-53.838,77.66,Broken,White,Solid,White
933,0,1,6.0,Driving,True,-48.591,76.645,0.0,89.839,3.5,-46.841,76.64,-50.341,76.65,SolidSolid,Yellow,Broken,White
933,0,2,6.0,Driving,True,-52.091,76.655,0.0,89.839,3.5,-50.341,76.65,-53.841,76.66,Broken,White,Solid,White
933,0,1,7.0,Driving,True,-48.594,75.645,0.0,89.839,3.5,-46.844,75.64,-50.344,75.65,SolidSolid,Yellow,Broken,White
933,0,2,7.0,Driving,True,-52.094,75.655,0.0,89.839,3.5,-50.344,75.65,-53.844,75.66,Broken,White,Solid,White
933,0,1,8.0,Driving,True,-48.596,74.645,0.0,89.839,3.5,-46.846,74.64,-50.346,74.65,SolidSolid,Yellow,Broken,White
933,0,2,8.0,Driving,True,-52.096,74.655,0.0,89.839,3.5,-50.346,74.65,-53.846,74.66,Broken,White,Solid,White
933,0,1,9.0,Driving,True,-48.599,73.645,0.0,89.839,3.5,-46.849,73.64,-50.349,73.65,SolidSolid,Yellow,Broken,White
933,0,2,9.0,Driving,True,-52.099,73.655,0.0,89.839,3.5,-50.349,73.65,-53.849,73.66,Broken,White,Solid,White
933,0,1,10.0,Driving,True,-48.602,72.645,0.0,89.839,3.5,-46.852,72.64,-50.352,72.65,SolidSolid,Yellow,Broken,White
933,0,2,10.0,Driving,True,-52.102,72.655,0.0,89.839,3.5,-50.352,72.65,-53.852,72.66,Broken,White,Solid,White
933,0,1,11.0,Driving,True,-48.605,71.645,0.0,89.839,3.5,-46.855,71.64,-50.355,71.65,SolidSolid,Yellow,Broken,White
933,0,2,11.0,Driving,True,-52.105,71.655,0.0,89.839,3.5,-50.355,71.65,-53.855,71.66,Broken,White,Solid,White
933,0,1,12.0,Driving,True,-48.608,70.645,0.0,89.839,3.5,-46.858,70.64,-50.358,70.65,SolidSolid,Yellow,Broken,White
933,0,2,12.0,Driving,True,-52.108,70.655,0.0,89.839,3.5,-50.358,70.65,-53.858,70.66,Broken,White,Solid,White
933,0,1,13.0,Driving,True,-48.611,69.645,0.0,89.839,3.5,-46.861,69.64,-50.361,69.65,SolidSolid,Yellow,Broken,White
933,0,2,13.0,Driving,True,-52.111,69.655,0.0,89.839,3.5,-50.361,69.65,-53.86,69.66,Broken,White,Solid,White
933,0,1,14.0,Driving,True,-48.613,68.645,0.0,89.839,3.5,-46.863,68.64,-50.363,68.65,SolidSolid,Yellow,Broken,White
933,0,2,14.0,Driving,True,-52.113,68.655,0.0,89.839,3.5,-50.363,68.65,-53.863,68.66,Broken,White,Solid,White
933,0,1,15.0,Driving,True,-48.616,67.645,0.0,89.839,3.5,-46.866,67.64,-50.366,67.65,SolidSolid,Yellow,Broken,White
933,0,2,15.0,Driving,True,-52.116,67.655,0.0,89.839,3.5,-50.366,67.65,-53.866,67.66,Broken,White,Solid,White
933,0,1,16.0,Driving,True,-48.619,66.645,0.0,89.839,3.5,-46.869,66.64,-50.369,66.65,SolidSolid,Yellow,Broken,White
933,0,2,16.0,Driving,True,-52.119,66.655,0.0,89.839,3.5,-50.369,66.65,-53.869,66.66,Broken,White,Solid,White
933,0,1,17.0,Driving,True,-48.622,65.645,0.0,89.839,3.5,-46.872,65.64,-50.372,65.65,SolidSolid,Yellow,Broken,White
933,0,2,17.0,Driving,True,-52.122,65.655,0.0,89.839,3.5,-50.372,65.65,-53.872,65.66,Broken,White,Solid,White
933,0,1,18.0,Driving,True,-48.625,64.645,0.0,89.839,3.5,-46.875,64.64,-50.375,64.65,SolidSolid,Yellow,Broken,White
933,0,2,18.0,Driving,True,-52.125,64.655,0.0,89.839,3.5,-50.375,64.65,-53.875,64.66,Broken,White,Solid,White
933,0,1,19.0,Driving,True,-48.627,63.645,0.0,89.839,3.5,-46.877,63.64,-50.377,63.65,SolidSolid,Yellow,Broken,White
933,0,2,19.0,Driving,True,-52.127,63.655,0.0,89.839,3.5,-50.377,63.65,-53.877,63.66,Broken,White,Solid,White
933,0,1,20.0,Driving,True,-48.63,62.645,0.0,89.839,3.5,-46.88,62.64,-50.38,62.65,SolidSolid,Yellow,Broken,White
933,0,2,20.0,Driving,True,-52.13,62.655,0.0,89.839,3.5,-50.38,62.65,-53.88,62.66,Broken,White,Solid,White
933,0,1,21.0,Driving,True,-48.633,61.645,0.0,89.839,3.5,-46.883,61.64,-50.383,61.65,SolidSolid,Yellow,Broken,White
933,0,2,21.0,Driving,True,-52.133,61.655,0.0,89.839,3.5,-50.383,61.65,-53.883,61.66,Broken,White,Solid,White
933,0,1,22.0,Driving,True,-48.636,60.645,0.0,89.839,3.5,-46.886,60.64,-50.386,60.65,SolidSolid,Yellow,Broken,White
933,0,2,22.0,Driving,True,-52.136,60.655,0.0,89.839,3.5,-50.386,60.65,-53.886,60.66,Broken,White,Solid,White
933,0,1,23.0,Driving,True,-48.639,59.645,0.0,89.839,3.5,-46.889,59.64,-50.389,59.65,SolidSolid,Yellow,Broken,White
933,0,2,23.0,Driving,True,-52.139,59.655,0.0,89.839,3.5,-50.389,59.65,-53.889,59.66,Broken,White,Solid,White
933,0,1,24.0,Driving,True,-48.641,58.645,0.0,89.839,3.5,-46.891,58.64,-50.391,58.65,SolidSolid,Yellow,Broken,White
933,0,2,24.0,Driving,True,-52.141,58.655,0.0,89.839,3.5,-50.391,58.65,-53.891,58.66,Broken,White,Solid,White
933,0,1,25.0,Driving,True,-48.644,57.645,0.0,89.839,3.5,-46.894,57.64,-50.394,57.65,SolidSolid,Yellow,Broken,White
933,0,2,25.0,Driving,True,-52.144,57.655,0.0,89.839,3.5,-50.394,57.65,-53.894,57.66,Broken,White,Solid,White
933,0,1,26.0,Driving,True,-48.647,56.645,0.0,89.839,3.5,-46.897,56.64,-50.397,56.65,SolidSolid,Yellow,Broken,White
933,0,2,26.0,Driving,True,-52.147,56.655,0.0,89.839,3.5,-50.397,56.65,-53.897,56.66,Broken,White,Solid,White
933,0,1,27.0,Driving,True,-48.65,55.645,0.0,89.839,3.5,-46.9,55.64,-50.4,55.65,SolidSolid,Yellow,Broken,White
933,0,2,27.0,Driving,True,-52.15,55.655,0.0,89.839,3.5,-50.4,55.65,-53.9,55.66,Broken,White,Solid,White
933,0,1,28.0,Driving,True,-48.653,54.645,0.0,89.839,3.5,-46.903,54.64,-50.403,54.65,SolidSolid,Yellow,Broken,White
933,0,2,28.0,Driving,True,-52.153,54.655,0.0,89.839,3.5,-50.403,54.65,-53.903,54.66,Broken,White,Solid,White
933,0,1,29.0,Driving,True,-48.656,53.645,0.0,89.839,3.5,-46.906,53.64,-50.406,53.65,SolidSolid,Yellow,Broken,White
933,0,2,29.0,Driving,True,-52.156,53.655,0.0,89.839,3.5,-50.406,53.65,-53.906,53.66,Broken,White,Solid,White
933,0,1,30.0,Driving,True,-48.658,52.645,0.0,89.839,3.5,-46.908,52.64,-50.408,52.65,SolidSolid,Yellow,Broken,White
933,0,2,30.0,Driving,True,-52.158,52.655,0.0,89.839,3.5,-50.408,52.65,-53.908,52.66,Broken,White,Solid,White
876,0,4,0.0,Driving,True,26.436,16.757,0.0,-179.841,3.5,26.431,18.507,26.441,15.007,Solid,Yellow,Broken,White
876,0,5,0.0,Driving,True,26.445,13.257,0.0,-179.841,3.5,26.441,15.007,26.45,11.507,Broken,White,Solid,White
876,0,4,1.0,Driving,True,27.436,16.76,0.0,-179.841,3.5,27.431,18.51,27.441,15.01,Solid,Yellow,Broken,White
876,0,5,1.0,Driving,True,27.445,13.26,0.0,-179.841,3.5,27.441,15.01,27.45,11.51,Broken,White,Solid,White
876,0,4,2.0,Driving,True,28.436,16.763,0.0,-179.841,3.5,28.431,18.513,28.441,15.013,Solid,Yellow,Broken,White
876,0,5,2.0,Driving,True,28.445,13.263,0.0,-179.841,3.5,28.441,15.013,28.45,11.513,Broken,White,Solid,White
876,0,4,3.0,Driving,True,29.436,16.766,0.0,-179.841,3.5,29.431,18.516,29.441,15.016,Solid,Yellow,Broken,White
876,0,5,3.0,Driving,True,29.445,13.266,0.0,-179.841,3.5,29.441,15.016,29.45,11.516,Broken,White,Solid,White
876,0,4,4.0,Driving,True,30.436,16.769,0.0,-179.841,3.5,30.431,18.519,30.441,15.019,Solid,Yellow,Broken,White
876,0,5,4.0,Driving,True,30.445,13.269,0.0,-179.841,3.5,30.441,15.019,30.45,11.519,Broken,White,Solid,White
876,0,4,5.0,Driving,True,31.436,16.771,0.0,-179.841,3.5,31.431,18.521,31.441,15.021,Solid,Yellow,Broken,White
876,0,5,5.0,Driving,True,31.445,13.271,0.0,-179.841,3.5,31.441,15.021,31.45,11.521,Broken,White,Solid,White
876,0,4,6.0,Driving,True,32.436,16.774,0.0,-179.841,3.5,32.431,18.524,32.441,15.024,Solid,Yellow,Broken,White
876,0,5,6.0,Driving,True,32.445,13.274,0.0,-179.841,3.5,32.441,15.024,32.45,11.524,Broken,White,Solid,White
876,0,4,7.0,Driving,True,33.436,16.777,0.0,-179.841,3.5,33.431,18.527,33.441,15.027,Solid,Yellow,Broken,White
876,0,5,7.0,Driving,True,33.445,13.277,0.0,-179.841,3.5,33.441,15.027,33.45,11.527,Broken,White,Solid,White
876,0,4,8.0,Driving,True,34.436,16.78,0.0,-179.841,3.5,34.431,18.53,34.441,15.03,Solid,Yellow,Broken,White
876,0,5,8.0,Driving,True,34.445,13.28,0.0,-179.841,3.5,34.441,15.03,34.45,11.53,Broken,White,Solid,White
876,0,4,9.0,Driving,True,35.436,16.782,0.0,-179.841,3.5,35.431,18.532,35.441,15.032,Solid,Yellow,Broken,White
876,0,5,9.0,Driving,True,35.445,13.282,0.0,-179.841,3.5,35.441,15.032,35.45,11.532,Broken,White,Solid,White
876,0,4,10.0,Driving,True,36.436,16.785,0.0,-179.841,3.5,36.431,18.535,36.441,15.035,Solid,Yellow,Broken,White
876,0,5,10.0,Driving,True,36.445,13.285,0.0,-179.841,3.5,36.441,15.035,36.45,11.535,Broken,White,Solid,White
876,0,4,11.0,Driving,True,37.436,16.788,0.0,-179.841,3.5,37.431,18.538,37.441,15.038,Solid,Yellow,Broken,White
876,0,5,11.0,Driving,True,37.445,13.288,0.0,-179.841,3.5,37.441,15.038,37.45,11.538,Broken,White,Solid,White
876,0,4,12.0,Driving,True,38.436,16.791,0.0,-179.841,3.5,38.431,18.541,38.441,15.041,Solid,Yellow,Broken,White
876,0,5,12.0,Driving,True,38.445,13.291,0.0,-179.841,3.5,38.441,15.041,38.45,11.541,Broken,White,Solid,White
876,0,4,13.0,Driving,True,39.436,16.794,0.0,-179.841,3.5,39.431,18.544,39.441,15.044,Solid,Yellow,Broken,White
876,0,5,13.0,Driving,True,39.445,13.294,0.0,-179.841,3.5,39.441,15.044,39.45,11.544,Broken,White,Solid,White
876,0,4,14.0,Driving,True,40.436,16.796,0.0,-179.841,3.5,40.431,18.546,40.441,15.046,Solid,Yellow,Broken,White
876,0,5,14.0,Driving,True,40.445,13.296,0.0,-179.841,3.5,40.441,15.046,40.45,11.546,Broken,White,Solid,White
876,0,4,15.0,Driving,True,41.436,16.799,0.0,-179.841,3.5,41.431,18.549,41.441,15.049,Solid,Yellow,Broken,White
876,0,5,15.0,Driving,True,41.445,13.299,0.0,-179.841,3.5,41.441,15.049,41.45,11.549,Broken,White,Solid,White
876,0,4,16.0,Driving,True,42.436,16.802,0.0,-179.841,3.5,42.431,18.552,42.441,15.052,Solid,Yellow,Broken,White
876,0,5,16.0,Driving,True,42.445,13.302,0.0,-179.841,3.5,42.441,15.052,42.45,11.552,Broken,White,Solid,White
876,0,4,17.0,Driving,True,43.436,16.805,0.0,-179.841,3.5,43.431,18.555,43.441,15.055,Solid,Yellow,Broken,White
876,0,5,17.0,Driving,True,43.445,13.305,0.0,-179.841,3.5,43.441,15.055,43.45,11.555,Broken,White,Solid,White
876,0,4,18.0,Driving,True,44.436,16.807,0.0,-179.841,3.5,44.431,18.557,44.441,15.057,Solid,Yellow,Broken,White
876,0,5,18.0,Driving,True,44.445,13.307,0.0,-179.841,3.5,44.441,15.057,44.45,11.557,Broken,White,Solid,White
876,0,4,19.0,Driving,True,45.436,16.81,0.0,-179.841,3.5,45.431,18.56,45.441,15.06,Solid,Yellow,Broken,White
876,0,5,19.0,Driving,True,45.445,13.31,0.0,-179.841,3.5,45.441,15.06,45.45,11.56,Broken,White,Solid,White
876,0,4,20.0,Driving,True,46.436,16.813,0.0,-179.841,3.5,46.431,18.563,46.441,15.063,Solid,Yellow,Broken,White
876,0,5,20.0,Driving,True,46.445,13.313,0.0,-179.841,3.5,46.441,15.063,46.45,11.563,Broken,White,Solid,White
876,0,4,21.0,Driving,True,47.436,16.816,0.0,-179.841,3.5,47.431,18.566,47.441,15.066,Solid,Yellow,Broken,White
876,0,5,21.0,Driving,True,47.445,13.316,0.0,-179.841,3.5,47.441,15.066,47.45,11.566,Broken,White,Solid,White
876,0,4,22.0,Driving,True,48.436,16.819,0.0,-179.841,3.5,48.431,18.569,48.44,15.069,Solid,Yellow,Broken,White
876,0,5,22.0,Driving,True,48.445,13.319,0.0,-179.841,3.5,48.44,15.069,48.45,11.569,Broken,White,Solid,White
876,0,4,23.0,Driving,True,49.436,16.821,0.0,-179.841,3.5,49.431,18.571,49.44,15.071,Solid,Yellow,Broken,White
876,0,5,23.0,Driving,True,49.445,13.321,0.0,-179.841,3.5,49.44,15.071,49.45,11.571,Broken,White,Solid,White
876,0,4,24.0,Driving,True,50.436,16.824,0.0,-179.841,3.5,50.431,18.574,50.44,15.074,Solid,Yellow,Broken,White
876,0,5,24.0,Driving,True,50.445,13.324,0.0,-179.841,3.5,50.44,15.074,50.45,11.574,Broken,White,Solid,White
876,0,4,25.0,Driving,True,51.436,16.827,0.0,-179.841,3.5,51.431,18.577,51.44,15.077,Solid,Yellow,Broken,White
876,0,5,25.0,Driving,True,51.445,13.327,0.0,-179.841,3.5,51.44,15.077,51.45,11.577,Broken,White,Solid,White
876,0,4,26.0,Driving,True,52.436,16.83,0.0,-179.841,3.5,52.431,18.58,52.44,15.08,Solid,Yellow,Broken,White
876,0,5,26.0,Driving,True,52.445,13.33,0.0,-179.841,3.5,52.44,15.08,52.45,11.58,Broken,White,Solid,White
876,0,4,27.0,Driving,True,53.436,16.832,0.0,-179.841,3.5,53.431,18.582,53.44,15.082,Solid,Yellow,Broken,White
876,0,5,27.0,Driving,True,53.445,13.332,0.0,-179.841,3.5,53.44,15.082,53.45,11.582,Broken,White,Solid,White
876,0,4,28.0,Driving,True,54.436,16.835,0.0,-179.841,3.5,54.431,18.585,54.44,15.085,Solid,Yellow,Broken,White
876,0,5,28.0,Driving,True,54.445,13.335,0.0,-179.841,3.5,54.44,15.085,54.45,11.585,Broken,White,Solid,White
876,0,4,29.0,Driving,True,55.436,16.838,0.0,-179.841,3.5,55.431,18.588,55.44,15.088,Solid,Yellow,Broken,White
876,0,5,29.0,Driving,True,55.445,13.338,0.0,-179.841,3.5,55.44,15.088,55.45,11.588,Broken,White,Solid,White
876,0,4,30.0,Driving,True,56.436,16.841,0.0,-179.841,3.5,56.431,18.591,56.44,15.091,Solid,Yellow,Broken,White
876,0,5,30.0,Driving,True,56.445,13.341,0.0,-179.841,3.5,56.44,15.091,56.45,11.591,Broken,White,Solid,White
875,0,-2,0.0,Driving,True,26.404,28.257,0.0,-359.841,3.5,26.409,26.507,26.399,30.007,Broken,White,Solid,White
875,0,-1,0.0,Driving,True,26.413,24.757,0.0,-359.841,3.5,26.418,23.007,26.409,26.507,Solid,Yellow,Broken,White
875,0,-2,1.0,Driving,True,27.404,28.26,0.0,-359.841,3.5,27.409,26.51,27.399,30.01,Broken,White,Solid,White
875,0,-1,1.0,Driving,True,27.413,24.76,0.0,-359.841,3.5,27.418,23.01,27.409,26.51,Solid,Yellow,Broken,White
875,0,-2,2.0,Driving,True,28.404,28.263,0.0,-359.841,3.5,28.409,26.513,28.399,30.013,Broken,White,NONE,White
875,0,-1,2.0,Driving,True,28.413,24.763,0.0,-359.841,3.5,28.418,23.013,28.409,26.513,Solid,Yellow,Broken,White
875,0,-2,3.0,Driving,True,29.404,28.266,0.0,-359.841,3.5,29.409,26.516,29.399,30.016,Broken,White,NONE,White
875,0,-1,3.0,Driving,True,29.413,24.766,0.0,-359.841,3.5,29.418,23.016,29.409,26.516,Solid,Yellow,Broken,White
875,0,-2,4.0,Driving,True,30.404,28.269,0.0,-359.841,3.5,30.409,26.519,30.399,30.019,Broken,White,NONE,White
875,0,-1,4.0,Driving,True,30.413,24.769,0.0,-359.841,3.5,30.418,23.019,30.409,26.519,Solid,Yellow,Broken,White
875,0,-2,5.0,Driving,True,31.404,28.271,0.0,-359.841,3.5,31.409,26.521,31.399,30.021,Broken,White,NONE,White
875,0,-1,5.0,Driving,True,31.413,24.771,0.0,-359.841,3.5,31.418,23.021,31.409,26.521,Solid,Yellow,Broken,White
875,0,-2,6.0,Driving,True,32.404,28.274,0.0,-359.841,3.5,32.409,26.524,32.399,30.024,Broken,White,NONE,White
875,0,-1,6.0,Driving,True,32.413,24.774,0.0,-359.841,3.5,32.418,23.024,32.409,26.524,Solid,Yellow,Broken,White
875,0,-2,7.0,Driving,True,33.404,28.277,0.0,-359.841,3.5,33.409,26.527,33.399,30.027,Broken,White,NONE,White
875,0,-1,7.0,Driving,True,33.413,24.777,0.0,-359.841,3.5,33.418,23.027,33.409,26.527,Solid,Yellow,Broken,White
875,0,-2,8.0,Driving,True,34.404,28.28,0.0,-359.841,3.5,34.409,26.53,34.399,30.03,Broken,White,NONE,White
875,0,-1,8.0,Driving,True,34.413,24.78,0.0,-359.841,3.5,34.418,23.03,34.409,26.53,Solid,Yellow,Broken,White
875,0,-2,9.0,Driving,True,35.404,28.282,0.0,-359.841,3.5,35.409,26.532,35.399,30.032,Broken,White,NONE,White
875,0,-1,9.0,Driving,True,35.413,24.782,0.0,-359.841,3.5,35.418,23.032,35.409,26.532,Solid,Yellow,Broken,White
875,0,-2,10.0,Driving,True,36.404,28.285,0.0,-359.841,3.5,36.409,26.535,36.399,30.035,Broken,White,NONE,White
875,0,-1,10.0,Driving,True,36.413,24.785,0.0,-359.841,3.5,36.418,23.035,36.409,26.535,Solid,Yellow,Broken,White
875,0,-2,11.0,Driving,True,37.404,28.288,0.0,-359.841,3.5,37.409,26.538,37.399,30.038,Broken,White,NONE,White
875,0,-1,11.0,Driving,True,37.413,24.788,0.0,-359.841,3.5,37.418,23.038,37.409,26.538,Solid,Yellow,Broken,White
875,0,-2,12.0,Driving,True,38.404,28.291,0.0,-359.841,3.5,38.409,26.541,38.399,30.041,NONE,White,NONE,White
875,0,-1,12.0,Driving,True,38.413,24.791,0.0,-359.841,3.5,38.418,23.041,38.409,26.541,Solid,Yellow,NONE,White
875,0,-2,13.0,Driving,True,39.404,28.294,0.0,-359.841,3.5,39.409,26.544,39.399,30.044,NONE,White,NONE,White
875,0,-1,13.0,Driving,True,39.413,24.794,0.0,-359.841,3.5,39.418,23.044,39.409,26.544,Solid,Yellow,NONE,White
875,0,-2,14.0,Driving,True,40.404,28.296,0.0,-359.841,3.5,40.409,26.546,40.399,30.046,NONE,White,NONE,White
875,0,-1,14.0,Driving,True,40.413,24.796,0.0,-359.841,3.5,40.418,23.046,40.409,26.546,Solid,Yellow,NONE,White
875,0,-2,15.0,Driving,True,41.404,28.299,0.0,-359.841,3.5,41.409,26.549,41.399,30.049,NONE,White,NONE,White
875,0,-1,15.0,Driving,True,41.413,24.799,0.0,-359.841,3.5,41.418,23.049,41.409,26.549,Solid,Yellow,NONE,White
875,0,-2,16.0,Driving,True,42.404,28.302,0.0,-359.841,3.5,42.409,26.552,42.399,30.052,NONE,White,NONE,White
875,0,-1,16.0,Driving,True,42.413,24.802,0.0,-359.841,3.5,42.418,23.052,42.409,26.552,Solid,Yellow,NONE,White
875,0,-2,17.0,Driving,True,43.404,28.305,0.0,-359.841,3.5,43.409,26.555,43.399,30.055,NONE,White,NONE,White
875,0,-1,17.0,Driving,True,43.413,24.805,0.0,-359.841,3.5,43.418,23.055,43.409,26.555,Solid,Yellow,NONE,White
875,0,-2,18.0,Driving,True,44.404,28.307,0.0,-359.841,3.5,44.409,26.557,44.399,30.057,NONE,White,NONE,White
875,0,-1,18.0,Driving,True,44.413,24.807,0.0,-359.841,3.5,44.418,23.057,44.409,26.557,Solid,Yellow,NONE,White
875,0,-2,19.0,Driving,True,45.404,28.31,0.0,-359.841,3.5,45.409,26.56,45.399,30.06,Broken,White,NONE,White
875,0,-1,19.0,Driving,True,45.413,24.81,0.0,-359.841,3.5,45.418,23.06,45.409,26.56,Solid,Yellow,Broken,White
875,0,-2,20.0,Driving,True,46.404,28.313,0.0,-359.841,3.5,46.409,26.563,46.399,30.063,Broken,White,NONE,White
875,0,-1,20.0,Driving,True,46.413,24.813,0.0,-359.841,3.5,46.418,23.063,46.409,26.563,Solid,Yellow,Broken,White
875,0,-2,21.0,Driving,True,47.404,28.316,0.0,-359.841,3.5,47.409,26.566,47.399,30.066,Broken,White,NONE,White
875,0,-1,21.0,Driving,True,47.413,24.816,0.0,-359.841,3.5,47.418,23.066,47.409,26.566,Solid,Yellow,Broken,White
875,0,-2,22.0,Driving,True,48.404,28.319,0.0,-359.841,3.5,48.409,26.569,48.399,30.069,Broken,White,NONE,White
875,0,-1,22.0,Driving,True,48.413,24.819,0.0,-359.841,3.5,48.418,23.069,48.409,26.569,Solid,Yellow,Broken,White
875,0,-2,23.0,Driving,True,49.404,28.321,0.0,-359.841,3.5,49.409,26.571,49.399,30.071,Broken,White,NONE,White
875,0,-1,23.0,Driving,True,49.413,24.821,0.0,-359.841,3.5,49.418,23.071,49.409,26.571,Solid,Yellow,Broken,White
875,0,-2,24.0,Driving,True,50.404,28.324,0.0,-359.841,3.5,50.409,26.574,50.399,30.074,Broken,White,NONE,White
875,0,-1,24.0,Driving,True,50.413,24.824,0.0,-359.841,3.5,50.418,23.074,50.409,26.574,Solid,Yellow,Broken,White
875,0,-2,25.0,Driving,True,51.404,28.327,0.0,-359.841,3.5,51.409,26.577,51.399,30.077,Broken,White,NONE,White
875,0,-1,25.0,Driving,True,51.413,24.827,0.0,-359.841,3.5,51.418,23.077,51.409,26.577,Solid,Yellow,Broken,White
875,0,-2,26.0,Driving,True,52.404,28.33,0.0,-359.841,3.5,52.409,26.58,52.399,30.08,Broken,White,NONE,White
875,0,-1,26.0,Driving,True,52.413,24.83,0.0,-359.841,3.5,52.418,23.08,52.409,26.58,Solid,Yellow,Broken,White
875,0,-2,27.0,Driving,True,53.404,28.332,0.0,-359.841,3.5,53.409,26.582,53.399,30.082,Broken,White,NONE,White
875,0,-1,27.0,Driving,True,53.413,24.832,0.0,-359.841,3.5,53.418,23.082,53.409,26.582,Solid,Yellow,Broken,White
875,0,-2,28.0,Driving,True,54.404,28.335,0.0,-359.841,3.5,54.409,26.585,54.399,30.085,Broken,White,NONE,White
875,0,-1,28.0,Driving,True,54.413,24.835,0.0,-359.841,3.5,54.418,23.085,54.409,26.585,Solid,Yellow,Broken,White
875,0,-2,29.0,Driving,True,55.404,28.338,0.0,-359.841,3.5,55.409,26.588,55.399,30.088,Broken,White,Solid,White
875,0,-1,29.0,Driving,True,55.413,24.838,0.0,-359.841,3.5,55.418,23.088,55.409,26.588,Solid,Yellow,Broken,White
875,0,-2,30.0,Driving,True,56.404,28.341,0.0,-359.841,3.5,56.409,26.591,56.399,30.091,Broken,White,Solid,White
875,0,-1,30.0,Driving,True,56.413,24.841,0.0,-359.841,3.5,56.418,23.091,56.409,26.591,Solid,Yellow,Broken,White
843,0,-1,0.0,Driving,True,43.889,41.9,0.0,-90.751,3.5,42.139,41.923,45.639,41.877,SolidSolid,Yellow,Solid,White
843,0,-1,1.0,Driving,True,43.876,40.9,0.0,-90.751,3.5,42.126,40.923,45.626,40.877,SolidSolid,Yellow,Solid,White
843,0,-1,2.0,Driving,True,43.863,39.9,0.0,-90.751,3.5,42.113,39.923,45.613,39.877,SolidSolid,Yellow,Solid,White
843,0,-1,3.0,Driving,True,43.85,38.9,0.0,-90.751,3.5,42.1,38.923,45.6,38.877,SolidSolid,Yellow,Solid,White
843,0,-1,4.0,Driving,True,43.863,38.025,0.0,273.322,3.5,42.116,37.923,45.61,38.126,NONE,White,NONE,White
843,0,-1,5.0,Driving,True,43.949,37.181,0.0,278.29,3.5,42.217,36.929,45.681,37.433,NONE,White,NONE,White
843,0,-1,6.0,Driving,True,44.108,36.348,0.0,283.258,3.5,42.404,35.947,45.811,36.749,NONE,White,NONE,White
843,0,-1,7.0,Driving,True,44.338,35.532,0.0,288.226,3.5,42.675,34.984,46.0,36.079,NONE,White,NONE,White
843,0,-1,8.0,Driving,True,44.638,34.739,0.0,293.193,3.5,43.029,34.049,46.246,35.428,NONE,White,NONE,White
843,0,-1,9.0,Driving,True,45.005,33.974,0.0,298.161,3.5,43.462,33.148,46.548,34.8,NONE,White,NONE,White
843,0,-1,10.0,Driving,True,45.437,33.245,0.0,303.129,3.5,43.972,32.288,46.903,34.201,NONE,White,NONE,White
843,0,-1,11.0,Driving,True,45.931,32.555,0.0,308.097,3.5,44.554,31.476,47.308,33.635,NONE,White,Solid,White
843,0,-1,12.0,Driving,True,46.483,31.911,0.0,313.064,3.5,45.204,30.716,47.761,33.106,NONE,White,Solid,White
843,0,-1,13.0,Driving,True,47.1,31.304,0.0,-42.549,3.5,45.916,30.015,48.283,32.593,NONE,White,Solid,White
843,0,-1,14.0,Driving,True,47.759,30.744,0.0,-38.149,3.5,46.678,29.368,48.84,32.12,NONE,White,Solid,White
843,0,-1,15.0,Driving,True,48.46,30.236,0.0,-33.749,3.5,47.488,28.781,49.432,31.691,NONE,White,Solid,White
843,0,-1,16.0,Driving,True,49.197,29.783,0.0,-29.349,3.5,48.34,28.258,50.055,31.308,NONE,White,Solid,White
843,0,-1,17.0,Driving,True,49.967,29.388,0.0,-24.949,3.5,49.229,27.801,50.706,30.975,NONE,White,Solid,White
843,0,-1,18.0,Driving,True,50.766,29.053,0.0,-20.549,3.5,50.151,27.415,51.38,30.692,NONE,White,Solid,White
843,0,-1,19.0,Driving,True,51.587,28.781,0.0,-16.15,3.5,51.1,27.1,52.074,30.462,NONE,White,Solid,White
843,0,-1,20.0,Driving,True,52.427,28.572,0.0,-11.75,3.5,52.07,26.859,52.783,30.286,NONE,White,Solid,White
843,0,-1,21.0,Driving,True,53.28,28.429,0.0,-7.35,3.5,53.056,26.693,53.504,30.164,NONE,White,Solid,White
843,0,-1,22.0,Driving,True,54.142,28.351,0.0,-2.95,3.5,54.052,26.603,54.232,30.099,NONE,White,Solid,White
843,0,-1,23.0,Driving,True,55.047,28.337,0.0,0.159,3.5,55.052,26.587,55.042,30.087,NONE,White,Solid,White
843,0,-1,24.0,Driving,True,56.047,28.34,0.0,0.159,3.5,56.052,26.59,56.043,30.09,Broken,White,Solid,White
843,0,-1,25.0,Driving,True,57.047,28.343,0.0,0.159,3.5,57.052,26.593,57.043,30.093,Broken,White,Solid,White
832,0,1,0.0,Driving,True,-106.716,-2.248,0.0,-89.358,3.5,-108.466,-2.267,-104.966,-2.228,SolidSolid,Yellow,Broken,White
832,0,1,1.0,Driving,True,-106.727,-1.248,0.0,-89.358,3.5,-108.477,-1.267,-104.977,-1.228,SolidSolid,Yellow,Broken,White
832,0,1,2.0,Driving,True,-106.738,-0.248,0.0,-89.358,3.5,-108.488,-0.267,-104.988,-0.228,NONE,White,NONE,White
832,0,1,3.0,Driving,True,-106.75,0.752,0.0,-89.358,3.5,-108.499,0.733,-105.0,0.772,NONE,White,NONE,White
832,0,1,4.0,Driving,True,-106.761,1.752,0.0,-89.358,3.5,-108.511,1.733,-105.011,1.772,NONE,White,NONE,White
832,0,1,5.0,Driving,True,-106.745,2.624,0.0,-93.525,3.5,-108.492,2.732,-104.999,2.517,NONE,White,NONE,White
832,0,1,6.0,Driving,True,-106.656,3.465,0.0,-98.581,3.5,-108.386,3.726,-104.926,3.204,NONE,White,NONE,White
832,0,1,7.0,Driving,True,-106.493,4.295,0.0,-103.638,3.5,-108.194,4.707,-104.793,3.882,NONE,White,NONE,White
832,0,1,8.0,Driving,True,-106.258,5.106,0.0,-108.694,3.5,-107.916,5.667,-104.6,4.545,NONE,White,NONE,White
832,0,1,9.0,Driving,True,-105.952,5.894,0.0,-113.751,3.5,-107.554,6.599,-104.35,5.19,NONE,White,NONE,White
832,0,1,10.0,Driving,True,-105.578,6.652,0.0,-118.807,3.5,-107.111,7.496,-104.044,5.809,NONE,White,NONE,White
832,0,1,11.0,Driving,True,-105.138,7.374,0.0,-123.863,3.5,-106.591,8.349,-103.685,6.399,NONE,White,NONE,White
832,0,1,12.0,Driving,True,-104.637,8.055,0.0,-128.92,3.5,-105.998,9.154,-103.275,6.955,NONE,White,NONE,White
832,0,1,13.0,Driving,True,-104.077,8.688,0.0,-133.976,3.5,-105.336,9.903,-102.818,7.473,NONE,White,NONE,White
832,0,1,14.0,Driving,True,-103.464,9.27,0.0,-139.033,3.5,-104.611,10.591,-102.316,7.949,NONE,White,NONE,White
832,0,1,15.0,Driving,True,-102.802,9.796,0.0,-144.089,3.5,-103.828,11.213,-101.775,8.378,NONE,White,NONE,White
832,0,1,16.0,Driving,True,-102.056,10.305,0.0,-147.252,3.5,-103.002,11.777,-101.109,8.833,NONE,White,NONE,White
832,0,1,17.0,Driving,True,-101.282,10.773,0.0,-150.394,3.5,-102.147,12.294,-100.418,9.251,NONE,White,NONE,White
832,0,1,18.0,Driving,True,-100.484,11.198,0.0,-153.536,3.5,-101.264,12.764,-99.705,9.631,NONE,White,NONE,White
832,0,1,19.0,Driving,True,-99.665,11.578,0.0,-156.678,3.5,-100.357,13.185,-98.972,9.971,NONE,White,NONE,White
832,0,1,20.0,Driving,True,-98.825,11.913,0.0,-159.82,3.5,-99.429,13.556,-98.221,10.271,NONE,White,NONE,White
832,0,1,21.0,Driving,True,-97.968,12.202,0.0,-162.962,3.5,-98.481,13.875,-97.456,10.528,NONE,White,NONE,White
832,0,1,22.0,Driving,True,-97.097,12.443,0.0,-166.104,3.5,-97.517,14.141,-96.677,10.744,NONE,White,NONE,White
832,0,1,23.0,Driving,True,-96.214,12.636,0.0,-169.246,3.5,-96.541,14.355,-95.887,10.916,NONE,White,NONE,White
832,0,1,24.0,Driving,True,-95.322,12.78,0.0,-172.388,3.5,-95.554,14.514,-95.09,11.045,NONE,White,NONE,White
832,0,1,25.0,Driving,True,-94.423,12.875,0.0,-175.53,3.5,-94.559,14.62,-94.286,11.13,NONE,White,NONE,White
832,0,1,26.0,Driving,True,-93.52,12.921,0.0,-178.672,3.5,-93.561,14.67,-93.479,11.171,NONE,White,NONE,White
832,0,1,27.0,Driving,True,-92.556,12.927,0.0,-179.841,3.5,-92.561,14.677,-92.551,11.177,NONE,White,NONE,White
832,0,1,28.0,Driving,True,-91.556,12.93,0.0,-179.841,3.5,-91.561,14.68,-91.551,11.18,NONE,White,NONE,White
832,0,1,29.0,Driving,True,-90.556,12.932,0.0,-179.841,3.5,-90.561,14.682,-90.551,11.182,NONE,White,NONE,White
832,0,1,30.0,Driving,True,-89.556,12.935,0.0,-179.841,3.5,-89.561,14.685,-89.551,11.185,NONE,White,NONE,White
801,0,1,0.0,Driving,True,-88.676,24.438,0.0,0.159,3.5,-88.671,22.688,-88.681,26.188,Solid,Yellow,Broken,White
801,0,1,1.0,Driving,True,-89.676,24.435,0.0,0.159,3.5,-89.671,22.685,-89.681,26.185,Solid,Yellow,Broken,White
801,0,1,2.0,Driving,True,-90.676,24.432,0.0,0.159,3.5,-90.671,22.682,-90.681,26.182,NONE,White,NONE,White
801,0,1,3.0,Driving,True,-91.676,24.429,0.0,0.159,3.5,-91.671,22.679,-91.681,26.179,NONE,White,NONE,White
801,0,1,4.0,Driving,True,-92.676,24.427,0.0,0.159,3.5,-92.671,22.677,-92.681,26.177,NONE,White,NONE,White
801,0,1,5.0,Driving,True,-93.676,24.424,0.0,0.159,3.5,-93.671,22.674,-93.681,26.174,NONE,White,NONE,White
801,0,1,6.0,Driving,True,-94.676,24.421,0.0,0.159,3.5,-94.671,22.671,-94.681,26.171,NONE,White,NONE,White
801,0,1,7.0,Driving,True,-95.798,24.381,0.0,4.17,3.5,-95.67,22.636,-95.925,26.127,NONE,White,NONE,White
801,0,1,8.0,Driving,True,-96.923,24.256,0.0,8.505,3.5,-96.664,22.525,-97.182,25.987,NONE,White,NONE,White
801,0,1,9.0,Driving,True,-98.035,24.047,0.0,12.839,3.5,-97.647,22.34,-98.424,25.753,NONE,White,NONE,White
801,0,1,10.0,Driving,True,-99.129,23.753,0.0,17.174,3.5,-98.612,22.081,-99.646,25.425,NONE,White,NONE,White
801,0,1,11.0,Driving,True,-100.197,23.378,0.0,21.508,3.5,-99.556,21.75,-100.839,25.007,NONE,White,NONE,White
801,0,1,12.0,Driving,True,-101.234,22.924,0.0,25.843,3.5,-100.471,21.349,-101.997,24.499,NONE,White,NONE,White
801,0,1,13.0,Driving,True,-102.234,22.392,0.0,30.177,3.5,-101.354,20.879,-103.113,23.905,NONE,White,NONE,White
801,0,1,14.0,Driving,True,-103.19,21.786,0.0,34.512,3.5,-102.199,20.344,-104.182,23.229,NONE,White,NONE,White
801,0,1,15.0,Driving,True,-104.098,21.11,0.0,38.846,3.5,-103.0,19.747,-105.196,22.473,NONE,White,NONE,White
801,0,1,16.0,Driving,True,-104.952,20.367,0.0,43.181,3.5,-103.755,19.091,-106.15,21.643,NONE,White,NONE,White
801,0,1,17.0,Driving,True,-105.748,19.562,0.0,47.515,3.5,-104.457,18.38,-107.038,20.744,NONE,White,NONE,White
801,0,1,18.0,Driving,True,-106.474,18.711,0.0,51.393,3.5,-105.106,17.619,-107.841,19.803,NONE,White,NONE,White
801,0,1,19.0,Driving,True,-107.139,17.822,0.0,55.001,3.5,-105.705,16.819,-108.572,18.826,NONE,White,NONE,White
801,0,1,20.0,Driving,True,-107.746,16.894,0.0,58.609,3.5,-106.252,15.982,-109.24,17.805,NONE,White,NONE,White
801,0,1,21.0,Driving,True,-108.294,15.928,0.0,62.218,3.5,-106.746,15.113,-109.843,16.744,NONE,White,NONE,White
801,0,1,22.0,Driving,True,-108.781,14.93,0.0,65.826,3.5,-107.184,14.214,-110.377,15.647,NONE,White,NONE,White
801,0,1,23.0,Driving,True,-109.203,13.904,0.0,69.434,3.5,-107.565,13.289,-110.842,14.519,NONE,White,NONE,White
801,0,1,24.0,Driving,True,-109.56,12.853,0.0,73.042,3.5,-107.886,12.342,-111.234,13.363,NONE,White,NONE,White
801,0,1,25.0,Driving,True,-109.85,11.781,0.0,76.65,3.5,-108.148,11.377,-111.553,12.186,NONE,White,NONE,White
801,0,1,26.0,Driving,True,-110.072,10.694,0.0,80.258,3.5,-108.348,10.398,-111.797,10.99,NONE,White,NONE,White
801,0,1,27.0,Driving,True,-110.226,9.595,0.0,83.867,3.5,-108.486,9.408,-111.966,9.781,NONE,White,NONE,White
801,0,1,28.0,Driving,True,-110.31,8.488,0.0,87.475,3.5,-108.561,8.411,-112.058,8.565,NONE,White,NONE,White
801,0,1,29.0,Driving,True,-110.324,7.391,0.0,90.642,3.5,-108.574,7.411,-112.074,7.372,NONE,White,NONE,White
801,0,1,30.0,Driving,True,-110.313,6.391,0.0,90.642,3.5,-108.563,6.411,-112.063,6.372,NONE,White,NONE,White
801,0,1,31.0,Driving,True,-110.302,5.391,0.0,90.642,3.5,-108.552,5.411,-112.052,5.372,NONE,White,NONE,White
801,0,1,32.0,Driving,True,-110.291,4.391,0.0,90.642,3.5,-108.541,4.411,-112.04,4.372,NONE,White,NONE,White
801,0,1,33.0,Driving,True,-110.279,3.391,0.0,90.642,3.5,-108.529,3.411,-112.029,3.372,NONE,White,NONE,White
801,0,1,34.0,Driving,True,-110.268,2.391,0.0,90.642,3.5,-108.518,2.411,-112.018,2.372,NONE,White,NONE,White
801,0,1,35.0,Driving,True,-110.257,1.392,0.0,90.642,3.5,-108.507,1.411,-112.007,1.372,NONE,White,NONE,White
801,0,1,36.0,Driving,True,-110.246,0.392,0.0,90.642,3.5,-108.496,0.411,-111.996,0.372,NONE,White,NONE,White
801,0,1,37.0,Driving,True,-110.235,-0.608,0.0,90.642,3.5,-108.485,-0.589,-111.984,-0.628,NONE,White,NONE,White
801,0,1,38.0,Driving,True,-110.223,-1.608,0.0,-269.358,3.5,-108.473,-1.588,-111.973,-1.628,SolidSolid,Yellow,Broken,White
736,0,-1,0.0,Driving,True,-107.233,43.899,0.0,-89.358,3.5,-108.983,43.88,-105.483,43.919,SolidSolid,Yellow,Broken,White
736,0,-1,1.0,Driving,True,-107.222,42.9,0.0,-89.358,3.5,-108.972,42.88,-105.472,42.919,SolidSolid,Yellow,Broken,White
736,0,-1,2.0,Driving,True,-107.211,41.9,0.0,-89.358,3.5,-108.961,41.88,-105.461,41.919,SolidSolid,Yellow,Broken,White
736,0,-1,3.0,Driving,True,-107.2,40.9,0.0,-89.358,3.5,-108.949,40.88,-105.45,40.919,SolidSolid,Yellow,Broken,White
736,0,-1,4.0,Driving,True,-107.188,39.9,0.0,-89.358,3.5,-108.938,39.88,-105.438,39.919,NONE,White,NONE,White
736,0,-1,5.0,Driving,True,-107.177,38.9,0.0,-89.358,3.5,-108.927,38.88,-105.427,38.919,NONE,White,NONE,White
736,0,-1,6.0,Driving,True,-107.166,37.9,0.0,-89.358,3.5,-108.916,37.88,-105.416,37.919,NONE,White,NONE,White
736,0,-1,7.0,Driving,True,-107.155,36.9,0.0,-89.358,3.5,-108.905,36.88,-105.405,36.92,NONE,White,NONE,White
736,0,-1,8.0,Driving,True,-107.144,35.9,0.0,-89.358,3.5,-108.893,35.88,-105.394,35.92,NONE,White,NONE,White
736,0,-1,9.0,Driving,True,-107.132,34.9,0.0,-89.358,3.5,-108.882,34.88,-105.382,34.92,NONE,White,NONE,White
736,0,-1,10.0,Driving,True,-107.121,33.9,0.0,-89.358,3.5,-108.871,33.88,-105.371,33.92,NONE,White,NONE,White
736,0,-1,11.0,Driving,True,-107.11,32.9,0.0,-89.358,3.5,-108.86,32.881,-105.36,32.92,NONE,White,NONE,White
736,0,-1,12.0,Driving,True,-107.099,31.9,0.0,-89.358,3.5,-108.849,31.881,-105.349,31.92,NONE,White,NONE,White
736,0,-1,13.0,Driving,True,-107.088,30.9,0.0,-89.358,3.5,-108.837,30.881,-105.338,30.92,NONE,White,NONE,White
736,0,-1,14.0,Driving,True,-107.076,29.9,0.0,-89.358,3.5,-108.826,29.881,-105.326,29.92,NONE,White,NONE,White
736,0,-1,15.0,Driving,True,-107.065,28.9,0.0,-89.358,3.5,-108.815,28.881,-105.315,28.92,NONE,White,NONE,White
736,0,-1,16.0,Driving,True,-107.054,27.9,0.0,-89.358,3.5,-108.804,27.881,-105.304,27.92,NONE,White,NONE,White
736,0,-1,17.0,Driving,True,-107.043,26.901,0.0,-89.358,3.5,-108.793,26.881,-105.293,26.92,NONE,White,NONE,White
736,0,-1,18.0,Driving,True,-107.031,25.901,0.0,-89.358,3.5,-108.781,25.881,-105.282,25.92,NONE,White,NONE,White
736,0,-1,19.0,Driving,True,-107.02,24.901,0.0,-89.358,3.5,-108.77,24.881,-105.27,24.92,NONE,White,NONE,White
736,0,-1,20.0,Driving,True,-107.009,23.901,0.0,-89.358,3.5,-108.759,23.881,-105.259,23.92,NONE,White,NONE,White
736,0,-1,21.0,Driving,True,-106.998,22.901,0.0,-89.358,3.5,-108.748,22.881,-105.248,22.92,NONE,White,NONE,White
736,0,-1,22.0,Driving,True,-106.987,21.901,0.0,-89.358,3.5,-108.737,21.881,-105.237,21.92,NONE,White,NONE,White
736,0,-1,23.0,Driving,True,-106.975,20.901,0.0,-89.358,3.5,-108.725,20.881,-105.226,20.921,NONE,White,NONE,White
736,0,-1,24.0,Driving,True,-106.964,19.901,0.0,-89.358,3.5,-108.714,19.881,-105.214,19.921,NONE,White,NONE,White
736,0,-1,25.0,Driving,True,-106.953,18.901,0.0,-89.358,3.5,-108.703,18.881,-105.203,18.921,NONE,White,NONE,White
736,0,-1,26.0,Driving,True,-106.942,17.901,0.0,-89.358,3.5,-108.692,17.881,-105.192,17.921,NONE,White,NONE,White
736,0,-1,27.0,Driving,True,-106.931,16.901,0.0,-89.358,3.5,-108.68,16.882,-105.181,16.921,NONE,White,NONE,White
736,0,-1,28.0,Driving,True,-106.919,15.901,0.0,-89.358,3.5,-108.669,15.882,-105.169,15.921,NONE,White,NONE,White
736,0,-1,29.0,Driving,True,-106.908,14.901,0.0,-89.358,3.5,-108.658,14.882,-105.158,14.921,NONE,White,NONE,White
736,0,-1,30.0,Driving,True,-106.897,13.901,0.0,-89.358,3.5,-108.647,13.882,-105.147,13.921,NONE,White,NONE,White
736,0,-1,31.0,Driving,True,-106.886,12.901,0.0,-89.358,3.5,-108.636,12.882,-105.136,12.921,NONE,White,NONE,White
736,0,-1,32.0,Driving,True,-106.875,11.901,0.0,-89.358,3.5,-108.624,11.882,-105.125,11.921,NONE,White,NONE,White
736,0,-1,33.0,Driving,True,-106.863,10.902,0.0,-89.358,3.5,-108.613,10.882,-105.113,10.921,NONE,White,NONE,White
736,0,-1,34.0,Driving,True,-106.852,9.902,0.0,-89.358,3.5,-108.602,9.882,-105.102,9.921,NONE,White,NONE,White
736,0,-1,35.0,Driving,True,-106.841,8.902,0.0,-89.358,3.5,-108.591,8.882,-105.091,8.921,NONE,White,NONE,White
736,0,-1,36.0,Driving,True,-106.83,7.902,0.0,-89.358,3.5,-108.58,7.882,-105.08,7.921,NONE,White,NONE,White
736,0,-1,37.0,Driving,True,-106.818,6.902,0.0,-89.358,3.5,-108.568,6.882,-105.069,6.921,NONE,White,NONE,White
736,0,-1,38.0,Driving,True,-106.807,5.902,0.0,-89.358,3.5,-108.557,5.882,-105.057,5.921,NONE,White,NONE,White
736,0,-1,39.0,Driving,True,-106.796,4.902,0.0,-89.358,3.5,-108.546,4.882,-105.046,4.922,NONE,White,NONE,White
736,0,-1,40.0,Driving,True,-106.785,3.902,0.0,-89.358,3.5,-108.535,3.882,-105.035,3.922,NONE,White,NONE,White
736,0,-1,41.0,Driving,True,-106.774,2.902,0.0,-89.358,3.5,-108.524,2.882,-105.024,2.922,NONE,White,NONE,White
736,0,-1,42.0,Driving,True,-106.762,1.902,0.0,-89.358,3.5,-108.512,1.883,-105.013,1.922,SolidSolid,Yellow,NONE,White
736,0,-1,43.0,Driving,True,-106.751,0.902,0.0,-89.358,3.5,-108.501,0.883,-105.001,0.922,SolidSolid,Yellow,NONE,White
736,0,-1,44.0,Driving,True,-106.74,-0.098,0.0,-89.358,3.5,-108.49,-0.117,-104.99,-0.078,SolidSolid,Yellow,Broken,White
736,0,-1,45.0,Driving,True,-106.729,-1.098,0.0,-89.358,3.5,-108.479,-1.117,-104.979,-1.078,SolidSolid,Yellow,Broken,White
736,0,-1,46.0,Driving,True,-106.718,-2.098,0.0,-89.358,3.5,-108.467,-2.117,-104.968,-2.078,SolidSolid,Yellow,Broken,White
703,0,1,0.0,Driving,True,85.982,66.358,0.0,-179.927,3.5,85.98,68.108,85.984,64.608,SolidSolid,Yellow,NONE,White
703,0,1,1.0,Driving,True,86.982,66.36,0.0,-179.927,3.5,86.98,68.11,86.984,64.61,SolidSolid,Yellow,NONE,White
703,0,1,2.0,Driving,True,87.983,66.361,0.0,-179.927,3.5,87.98,68.111,87.985,64.611,NONE,White,NONE,White
703,0,1,3.0,Driving,True,88.983,66.362,0.0,-179.927,3.5,88.98,68.112,88.985,64.612,NONE,White,NONE,White
703,0,1,4.0,Driving,True,89.872,66.345,0.0,-183.526,3.5,89.98,68.091,89.765,64.598,NONE,White,NONE,White
703,0,1,5.0,Driving,True,90.713,66.255,0.0,-188.571,3.5,90.974,67.986,90.452,64.525,NONE,White,NONE,White
703,0,1,6.0,Driving,True,91.543,66.093,0.0,-193.616,3.5,91.955,67.794,91.131,64.392,NONE,White,NONE,White
703,0,1,7.0,Driving,True,92.355,65.858,0.0,-198.66,3.5,92.915,67.516,91.796,64.2,NONE,White,NONE,White
703,0,1,8.0,Driving,True,93.144,65.552,0.0,-203.705,3.5,93.848,67.154,92.44,63.95,NONE,White,NONE,White
703,0,1,9.0,Driving,True,93.903,65.178,0.0,-208.75,3.5,94.744,66.713,93.061,63.644,NONE,White,NONE,White
703,0,1,10.0,Driving,True,94.625,64.739,0.0,-213.794,3.5,95.599,66.194,93.652,63.285,NONE,White,NONE,White
703,0,1,11.0,Driving,True,95.307,64.239,0.0,-218.839,3.5,96.404,65.602,94.209,62.875,NONE,White,NONE,White
703,0,1,12.0,Driving,True,95.941,63.68,0.0,-223.884,3.5,97.155,64.941,94.728,62.418,NONE,White,NONE,White
703,0,1,13.0,Driving,True,96.527,63.065,0.0,131.169,3.5,97.844,64.217,95.21,61.913,NONE,White,NONE,White
703,0,1,14.0,Driving,True,97.058,62.402,0.0,126.261,3.5,98.47,63.437,95.647,61.367,NONE,White,NONE,White
703,0,1,15.0,Driving,True,97.531,61.696,0.0,121.352,3.5,99.026,62.607,96.037,60.786,NONE,White,NONE,White
703,0,1,16.0,Driving,True,97.942,60.952,0.0,116.444,3.5,99.509,61.732,96.375,60.173,NONE,White,NONE,White
703,0,1,17.0,Driving,True,98.287,60.176,0.0,111.535,3.5,99.915,60.818,96.66,59.533,NONE,White,NONE,White
703,0,1,18.0,Driving,True,98.565,59.373,0.0,106.627,3.5,100.242,59.873,96.888,58.872,NONE,White,NONE,White
703,0,1,19.0,Driving,True,98.773,58.549,0.0,101.718,3.5,100.487,58.904,97.06,58.193,NONE,White,NONE,White
703,0,1,20.0,Driving,True,98.91,57.71,0.0,96.81,3.5,100.648,57.917,97.173,57.502,NONE,White,NONE,White
703,0,1,21.0,Driving,True,98.975,56.863,0.0,91.901,3.5,100.724,56.921,97.226,56.805,NONE,White,NONE,White
703,0,1,22.0,Driving,True,98.985,55.909,0.0,90.391,3.5,100.735,55.921,97.235,55.897,NONE,White,NONE,White
703,0,1,23.0,Driving,True,98.992,54.909,0.0,90.391,3.5,100.741,54.921,97.242,54.897,NONE,White,NONE,White
703,0,1,24.0,Driving,True,98.998,53.909,0.0,90.391,3.5,100.748,53.921,97.248,53.897,NONE,White,NONE,White
630,0,-1,0.0,Driving,True,83.043,24.915,0.0,-359.841,3.5,83.048,23.165,83.038,26.665,NONE,White,NONE,White
630,0,-1,1.0,Driving,True,84.043,24.918,0.0,-359.841,3.5,84.048,23.168,84.038,26.668,NONE,White,NONE,White
630,0,-1,2.0,Driving,True,85.043,24.92,0.0,-359.841,3.5,85.048,23.17,85.038,26.67,NONE,White,NONE,White
630,0,-1,3.0,Driving,True,86.043,24.923,0.0,-359.841,3.5,86.048,23.173,86.038,26.673,NONE,White,NONE,White
630,0,-1,4.0,Driving,True,87.043,24.926,0.0,-359.841,3.5,87.048,23.176,87.038,26.676,NONE,White,NONE,White
630,0,-1,5.0,Driving,True,88.043,24.929,0.0,-359.841,3.5,88.048,23.179,88.038,26.679,NONE,White,NONE,White
630,0,-1,6.0,Driving,True,89.043,24.931,0.0,-359.841,3.5,89.048,23.181,89.038,26.681,NONE,White,NONE,White
630,0,-1,7.0,Driving,True,90.043,24.934,0.0,-359.841,3.5,90.048,23.184,90.038,26.684,NONE,White,NONE,White
630,0,-1,8.0,Driving,True,91.043,24.937,0.0,-359.841,3.5,91.048,23.187,91.038,26.687,NONE,White,NONE,White
630,0,-1,9.0,Driving,True,92.153,24.905,0.0,-363.467,3.5,92.048,23.158,92.259,26.652,NONE,White,NONE,White
630,0,-1,10.0,Driving,True,93.26,24.803,0.0,-367.131,3.5,93.043,23.066,93.478,26.539,NONE,White,NONE,White
630,0,-1,11.0,Driving,True,94.358,24.629,0.0,-370.795,3.5,94.031,22.91,94.686,26.348,NONE,White,NONE,White
630,0,-1,12.0,Driving,True,95.443,24.386,0.0,-374.458,3.5,95.006,22.692,95.88,26.081,NONE,White,NONE,White
630,0,-1,13.0,Driving,True,96.51,24.075,0.0,-378.122,3.5,95.966,22.411,97.055,25.738,NONE,White,NONE,White
630,0,-1,14.0,Driving,True,97.555,23.695,0.0,-381.786,3.5,96.906,22.07,98.205,25.32,NONE,White,NONE,White
630,0,-1,15.0,Driving,True,98.574,23.25,0.0,-385.45,3.5,97.822,21.67,99.326,24.83,NONE,White,NONE,White
630,0,-1,16.0,Driving,True,99.562,22.74,0.0,-389.114,3.5,98.711,21.211,100.413,24.269,NONE,White,NONE,White
630,0,-1,17.0,Driving,True,100.515,22.168,0.0,-392.778,3.5,99.568,20.697,101.463,23.64,NONE,White,NONE,White
630,0,-1,18.0,Driving,True,101.43,21.537,0.0,-396.442,3.5,100.391,20.129,102.47,22.945,NONE,White,NONE,White
630,0,-1,19.0,Driving,True,102.303,20.848,0.0,-400.106,3.5,101.176,19.51,103.431,22.187,NONE,White,NONE,White
630,0,-1,20.0,Driving,True,103.13,20.105,0.0,-403.77,3.5,101.92,18.842,104.341,21.369,NONE,White,NONE,White
630,0,-1,21.0,Driving,True,103.908,19.311,0.0,-407.434,3.5,102.619,18.127,105.197,20.495,NONE,White,NONE,White
630,0,-1,22.0,Driving,True,104.633,18.469,0.0,-411.097,3.5,103.272,17.37,105.995,19.568,NONE,White,NONE,White
630,0,-1,23.0,Driving,True,105.293,17.61,0.0,-53.814,3.5,103.88,16.576,106.705,18.643,NONE,White,NONE,White
630,0,-1,24.0,Driving,True,105.91,16.724,0.0,-56.439,3.5,104.452,15.756,107.369,17.691,NONE,White,NONE,White
630,0,-1,25.0,Driving,True,106.487,15.81,0.0,-59.064,3.5,104.986,14.91,107.988,16.71,NONE,White,NONE,White
630,0,-1,26.0,Driving,True,107.021,14.871,0.0,-61.689,3.5,105.48,14.041,108.561,15.701,NONE,White,NONE,White
630,0,-1,27.0,Driving,True,107.511,13.909,0.0,-64.314,3.5,105.934,13.15,109.088,14.667,NONE,White,NONE,White
630,0,-1,28.0,Driving,True,107.957,12.925,0.0,-66.939,3.5,106.346,12.24,109.567,13.61,NONE,White,NONE,White
630,0,-1,29.0,Driving,True,108.357,11.922,0.0,-69.564,3.5,106.717,11.311,109.997,12.533,NONE,White,NONE,White
630,0,-1,30.0,Driving,True,108.711,10.901,0.0,-72.19,3.5,107.044,10.366,110.377,11.437,NONE,White,NONE,White
630,0,-1,31.0,Driving,True,109.017,9.866,0.0,-74.815,3.5,107.328,9.407,110.706,10.324,NONE,White,NONE,White
630,0,-1,32.0,Driving,True,109.276,8.817,0.0,-77.44,3.5,107.568,8.437,110.984,9.198,NONE,White,NONE,White
630,0,-1,33.0,Driving,True,109.487,7.758,0.0,-80.065,3.5,107.763,7.456,111.211,8.06,NONE,White,NONE,White
630,0,-1,34.0,Driving,True,109.649,6.69,0.0,-82.69,3.5,107.913,6.467,111.385,6.913,NONE,White,NONE,White
630,0,-1,35.0,Driving,True,109.762,5.616,0.0,-85.315,3.5,108.018,5.473,111.506,5.759,NONE,White,NONE,White
630,0,-1,36.0,Driving,True,109.825,4.538,0.0,-87.941,3.5,108.076,4.475,111.574,4.6,NONE,White,NONE,White
630,0,-1,37.0,Driving,True,109.842,3.487,0.0,-449.609,3.5,108.092,3.475,111.592,3.499,NONE,White,NONE,White
630,0,-1,38.0,Driving,True,109.849,2.487,0.0,-449.609,3.5,108.099,2.475,111.599,2.499,NONE,White,NONE,White
630,0,-1,39.0,Driving,True,109.856,1.487,0.0,-449.609,3.5,108.106,1.475,111.606,1.499,NONE,White,NONE,White
630,0,-1,40.0,Driving,True,109.863,0.487,0.0,-449.609,3.5,108.113,0.475,111.613,0.499,NONE,White,NONE,White
630,0,-1,41.0,Driving,True,109.87,-0.513,0.0,-449.609,3.5,108.12,-0.525,111.62,-0.501,Broken,White,Solid,White
630,0,-1,42.0,Driving,True,109.877,-1.513,0.0,-449.609,3.5,108.127,-1.525,111.626,-1.501,Broken,White,Solid,White
630,0,-1,43.0,Driving,True,109.883,-2.513,0.0,-449.609,3.5,108.133,-2.525,111.633,-2.501,Broken,White,Solid,White
630,0,-1,44.0,Driving,True,109.89,-3.513,0.0,-449.609,3.5,108.14,-3.525,111.64,-3.501,Broken,White,Solid,White
584,0,-1,0.0,Driving,True,106.078,42.19,0.0,-89.609,3.5,104.328,42.178,107.828,42.201,SolidSolid,Yellow,Broken,White
584,0,-1,1.0,Driving,True,106.085,41.19,0.0,-89.609,3.5,104.335,41.178,107.835,41.201,SolidSolid,Yellow,Broken,White
584,0,-1,2.0,Driving,True,106.092,40.189,0.0,-89.609,3.5,104.342,40.177,107.842,40.201,NONE,White,NONE,White
584,0,-1,3.0,Driving,True,106.099,39.189,0.0,-89.609,3.5,104.349,39.177,107.849,39.201,NONE,White,NONE,White
584,0,-1,4.0,Driving,True,106.106,38.189,0.0,-89.609,3.5,104.356,38.177,107.856,38.201,NONE,White,NONE,White
584,0,-1,5.0,Driving,True,106.113,37.189,0.0,-89.609,3.5,104.363,37.177,107.862,37.201,NONE,White,NONE,White
584,0,-1,6.0,Driving,True,106.119,36.189,0.0,-89.609,3.5,104.369,36.177,107.869,36.201,NONE,White,NONE,White
584,0,-1,7.0,Driving,True,106.126,35.189,0.0,-89.609,3.5,104.376,35.177,107.876,35.201,NONE,White,NONE,White
584,0,-1,8.0,Driving,True,106.133,34.189,0.0,-89.609,3.5,104.383,34.177,107.883,34.201,NONE,White,NONE,White
584,0,-1,9.0,Driving,True,106.14,33.189,0.0,-89.609,3.5,104.39,33.177,107.89,33.201,NONE,White,NONE,White
584,0,-1,10.0,Driving,True,106.147,32.189,0.0,-89.609,3.5,104.397,32.177,107.897,32.201,NONE,White,NONE,White
584,0,-1,11.0,Driving,True,106.153,31.189,0.0,-89.609,3.5,104.403,31.177,107.903,31.201,NONE,White,NONE,White
584,0,-1,12.0,Driving,True,106.16,30.189,0.0,-89.609,3.5,104.41,30.177,107.91,30.201,NONE,White,NONE,White
584,0,-1,13.0,Driving,True,106.167,29.189,0.0,-89.609,3.5,104.417,29.177,107.917,29.201,NONE,White,NONE,White
584,0,-1,14.0,Driving,True,106.136,28.065,0.0,-93.697,3.5,104.389,28.178,107.882,27.952,NONE,White,NONE,White
584,0,-1,15.0,Driving,True,106.022,26.943,0.0,-97.912,3.5,104.288,27.183,107.755,26.702,NONE,White,NONE,White
584,0,-1,16.0,Driving,True,105.825,25.831,0.0,-102.127,3.5,104.114,26.199,107.536,25.464,NONE,White,NONE,White
584,0,-1,17.0,Driving,True,105.548,24.737,0.0,-106.342,3.5,103.868,25.23,107.227,24.245,NONE,White,NONE,White
584,0,-1,18.0,Driving,True,105.191,23.667,0.0,-110.556,3.5,103.552,24.281,106.829,23.052,NONE,White,NONE,White
584,0,-1,19.0,Driving,True,104.756,22.626,0.0,-114.771,3.5,103.167,23.359,106.345,21.892,NONE,White,NONE,White
584,0,-1,20.0,Driving,True,104.246,21.619,0.0,-118.986,3.5,102.715,22.467,105.776,20.771,NONE,White,NONE,White
584,0,-1,21.0,Driving,True,103.663,20.653,0.0,-123.201,3.5,102.199,21.611,105.127,19.694,NONE,White,NONE,White
584,0,-1,22.0,Driving,True,103.011,19.732,0.0,-127.416,3.5,101.621,20.795,104.401,18.669,NONE,White,NONE,White
584,0,-1,23.0,Driving,True,102.292,18.861,0.0,-131.631,3.5,100.984,20.024,103.6,17.699,NONE,White,NONE,White
584,0,-1,24.0,Driving,True,101.512,18.046,0.0,-135.846,3.5,100.293,19.302,102.731,16.79,NONE,White,NONE,White
584,0,-1,25.0,Driving,True,100.682,17.294,0.0,-139.795,3.5,99.552,18.63,101.812,15.957,NONE,White,NONE,White
584,0,-1,26.0,Driving,True,99.802,16.601,0.0,-143.723,3.5,98.767,18.012,100.838,15.19,NONE,White,NONE,White
584,0,-1,27.0,Driving,True,98.877,15.97,0.0,-147.652,3.5,97.941,17.448,99.814,14.491,NONE,White,NONE,White
584,0,-1,28.0,Driving,True,97.912,15.403,0.0,-151.58,3.5,97.079,16.942,98.744,13.864,NONE,White,NONE,White
584,0,-1,29.0,Driving,True,96.909,14.904,0.0,-155.508,3.5,96.184,16.497,97.634,13.312,NONE,White,NONE,White
584,0,-1,30.0,Driving,True,95.875,14.475,0.0,-159.437,3.5,95.26,16.114,96.489,12.837,NONE,White,NONE,White
584,0,-1,31.0,Driving,True,94.813,14.118,0.0,-163.365,3.5,94.312,15.795,95.314,12.441,NONE,White,NONE,White
584,0,-1,32.0,Driving,True,93.73,13.835,0.0,-167.293,3.5,93.345,15.542,94.115,12.127,NONE,White,NONE,White
584,0,-1,33.0,Driving,True,92.63,13.626,0.0,-171.222,3.5,92.363,15.355,92.897,11.896,NONE,White,NONE,White
584,0,-1,34.0,Driving,True,91.518,13.493,0.0,-175.15,3.5,91.37,15.237,91.666,11.749,NONE,White,NONE,White
584,0,-1,35.0,Driving,True,90.4,13.437,0.0,-179.079,3.5,90.372,15.186,90.428,11.687,NONE,White,NONE,White
584,0,-1,36.0,Driving,True,89.377,13.432,0.0,-179.841,3.5,89.372,15.182,89.381,11.682,NONE,White,NONE,White
584,0,-1,37.0,Driving,True,88.377,13.43,0.0,-179.841,3.5,88.372,15.18,88.381,11.68,NONE,White,NONE,White
584,0,-1,38.0,Driving,True,87.377,13.427,0.0,-179.841,3.5,87.372,15.177,87.381,11.677,NONE,White,NONE,White
584,0,-1,39.0,Driving,True,86.377,13.424,0.0,-179.841,3.5,86.372,15.174,86.381,11.674,NONE,White,NONE,White
584,0,-1,40.0,Driving,True,85.377,13.421,0.0,-179.841,3.5,85.372,15.171,85.381,11.671,NONE,White,NONE,White
584,0,-1,41.0,Driving,True,84.376,13.418,0.0,-179.841,3.5,84.372,15.168,84.381,11.668,Broken,White,Solid,White
584,0,-1,42.0,Driving,True,83.376,13.416,0.0,-179.841,3.5,83.372,15.166,83.381,11.666,Broken,White,Solid,White
579,0,-1,0.0,Driving,True,83.034,28.415,0.0,-359.841,3.5,83.038,26.665,83.029,30.165,Broken,White,Solid,White
579,0,-1,1.0,Driving,True,84.034,28.418,0.0,-359.841,3.5,84.038,26.668,84.029,30.168,NONE,White,NONE,White
579,0,-1,2.0,Driving,True,85.034,28.42,0.0,-359.841,3.5,85.038,26.67,85.029,30.17,NONE,White,NONE,White
579,0,-1,3.0,Driving,True,86.034,28.423,0.0,-359.841,3.5,86.038,26.673,86.029,30.173,NONE,White,NONE,White
579,0,-1,4.0,Driving,True,87.034,28.426,0.0,-359.841,3.5,87.038,26.676,87.029,30.176,NONE,White,NONE,White
579,0,-1,5.0,Driving,True,88.013,28.429,0.0,-359.185,3.5,88.038,26.68,87.989,30.179,NONE,White,NONE,White
579,0,-1,6.0,Driving,True,88.891,28.472,0.0,-355.201,3.5,89.037,26.729,88.744,30.216,NONE,White,NONE,White
579,0,-1,7.0,Driving,True,89.763,28.576,0.0,-351.218,3.5,90.03,26.847,89.495,30.306,NONE,White,NONE,White
579,0,-1,8.0,Driving,True,90.625,28.74,0.0,-347.234,3.5,91.012,27.034,90.239,30.447,NONE,White,NONE,White
579,0,-1,9.0,Driving,True,91.474,28.964,0.0,-343.251,3.5,91.979,27.288,90.97,30.64,NONE,White,NONE,White
579,0,-1,10.0,Driving,True,92.306,29.246,0.0,-339.267,3.5,92.926,27.61,91.687,30.883,NONE,White,NONE,White
579,0,-1,11.0,Driving,True,93.116,29.585,0.0,-335.284,3.5,93.848,27.996,92.384,31.175,NONE,White,NONE,White
579,0,-1,12.0,Driving,True,93.9,29.98,0.0,-331.301,3.5,94.741,28.445,93.06,31.515,NONE,White,NONE,White
579,0,-1,13.0,Driving,True,94.656,30.428,0.0,-327.317,3.5,95.601,28.955,93.711,31.901,NONE,White,NONE,White
579,0,-1,14.0,Driving,True,95.378,30.928,0.0,-323.334,3.5,96.423,29.524,94.333,32.332,NONE,White,NONE,White
579,0,-1,15.0,Driving,True,96.051,31.468,0.0,-318.866,3.5,97.203,30.15,94.9,32.786,NONE,White,NONE,White
579,0,-1,16.0,Driving,True,96.654,32.047,0.0,-313.499,3.5,97.924,30.842,95.385,33.251,NONE,White,NONE,White
579,0,-1,17.0,Driving,True,97.201,32.679,0.0,-308.131,3.5,98.577,31.599,95.824,33.76,NONE,White,NONE,White
579,0,-1,18.0,Driving,True,97.685,33.36,0.0,-302.764,3.5,99.157,32.413,96.214,34.307,NONE,White,NONE,White
579,0,-1,19.0,Driving,True,98.104,34.083,0.0,-297.396,3.5,99.658,33.278,96.551,34.888,NONE,White,NONE,White
579,0,-1,20.0,Driving,True,98.454,34.842,0.0,-292.029,3.5,100.076,34.186,96.831,35.499,NONE,White,NONE,White
579,0,-1,21.0,Driving,True,98.731,35.631,0.0,-286.662,3.5,100.407,35.129,97.054,36.133,NONE,White,NONE,White
579,0,-1,22.0,Driving,True,98.932,36.442,0.0,-281.294,3.5,100.649,36.099,97.216,36.785,NONE,White,NONE,White
579,0,-1,23.0,Driving,True,99.058,37.268,0.0,-275.927,3.5,100.798,37.088,97.317,37.449,NONE,White,NONE,White
579,0,-1,24.0,Driving,True,99.105,38.103,0.0,-270.56,3.5,100.855,38.086,97.355,38.12,NONE,White,NONE,White
579,0,-1,25.0,Driving,True,99.099,39.074,0.0,-269.609,3.5,100.849,39.086,97.35,39.062,NONE,White,NONE,White
579,0,-1,26.0,Driving,True,99.093,40.074,0.0,-269.609,3.5,100.843,40.086,97.343,40.062,NONE,White,NONE,White
579,0,-1,27.0,Driving,True,99.086,41.074,0.0,-269.609,3.5,100.836,41.086,97.336,41.062,NONE,White,NONE,White
579,0,-1,28.0,Driving,True,99.079,42.074,0.0,-269.609,3.5,100.829,42.086,97.329,42.062,Broken,White,Solid,White
566,0,-2,0.0,Driving,True,109.578,42.213,0.0,-89.609,3.5,107.828,42.201,111.328,42.225,Broken,White,Solid,White
566,0,-1,0.0,Driving,True,106.078,42.19,0.0,-89.609,3.5,104.328,42.178,107.828,42.201,SolidSolid,Yellow,Broken,White
566,0,-2,1.0,Driving,True,109.585,41.213,0.0,-89.609,3.5,107.835,41.201,111.335,41.225,Broken,White,Solid,White
566,0,-1,1.0,Driving,True,106.085,41.19,0.0,-89.609,3.5,104.335,41.178,107.835,41.201,SolidSolid,Yellow,Broken,White
566,0,-2,2.0,Driving,True,109.592,40.213,0.0,-89.609,3.5,107.842,40.202,111.342,40.225,NONE,White,NONE,White
566,0,-1,2.0,Driving,True,106.092,40.19,0.0,-89.609,3.5,104.342,40.178,107.842,40.202,SolidSolid,Yellow,NONE,White
566,0,-2,3.0,Driving,True,109.599,39.213,0.0,-89.609,3.5,107.849,39.202,111.349,39.225,NONE,White,NONE,White
566,0,-1,3.0,Driving,True,106.099,39.19,0.0,-89.609,3.5,104.349,39.178,107.849,39.202,SolidSolid,Yellow,NONE,White
566,0,-2,4.0,Driving,True,109.606,38.214,0.0,-89.609,3.5,107.856,38.202,111.356,38.225,NONE,White,NONE,White
566,0,-1,4.0,Driving,True,106.106,38.19,0.0,-89.609,3.5,104.356,38.178,107.856,38.202,NONE,White,NONE,White
566,0,-2,5.0,Driving,True,109.612,37.214,0.0,-89.609,3.5,107.862,37.202,111.362,37.225,NONE,White,NONE,White
566,0,-1,5.0,Driving,True,106.113,37.19,0.0,-89.609,3.5,104.363,37.178,107.862,37.202,NONE,White,NONE,White
566,0,-2,6.0,Driving,True,109.619,36.214,0.0,-89.609,3.5,107.869,36.202,111.369,36.225,NONE,White,NONE,White
566,0,-1,6.0,Driving,True,106.119,36.19,0.0,-89.609,3.5,104.369,36.178,107.869,36.202,NONE,White,NONE,White
566,0,-2,7.0,Driving,True,109.626,35.214,0.0,-89.609,3.5,107.876,35.202,111.376,35.226,NONE,White,NONE,White
566,0,-1,7.0,Driving,True,106.126,35.19,0.0,-89.609,3.5,104.376,35.178,107.876,35.202,NONE,White,NONE,White
566,0,-2,8.0,Driving,True,109.633,34.214,0.0,-89.609,3.5,107.883,34.202,111.383,34.226,NONE,White,NONE,White
566,0,-1,8.0,Driving,True,106.133,34.19,0.0,-89.609,3.5,104.383,34.178,107.883,34.202,NONE,White,NONE,White
566,0,-2,9.0,Driving,True,109.64,33.214,0.0,-89.609,3.5,107.89,33.202,111.39,33.226,NONE,White,NONE,White
566,0,-1,9.0,Driving,True,106.14,33.19,0.0,-89.609,3.5,104.39,33.178,107.89,33.202,NONE,White,NONE,White
566,0,-2,10.0,Driving,True,109.647,32.214,0.0,-89.609,3.5,107.897,32.202,111.396,32.226,NONE,White,NONE,White
566,0,-1,10.0,Driving,True,106.147,32.19,0.0,-89.609,3.5,104.397,32.178,107.897,32.202,NONE,White,NONE,White
566,0,-2,11.0,Driving,True,109.653,31.214,0.0,-89.609,3.5,107.903,31.202,111.403,31.226,NONE,White,NONE,White
566,0,-1,11.0,Driving,True,106.153,31.19,0.0,-89.609,3.5,104.403,31.178,107.903,31.202,NONE,White,NONE,White
566,0,-2,12.0,Driving,True,109.66,30.214,0.0,-89.609,3.5,107.91,30.202,111.41,30.226,NONE,White,NONE,White
566,0,-1,12.0,Driving,True,106.16,30.19,0.0,-89.609,3.5,104.41,30.178,107.91,30.202,NONE,White,NONE,White
566,0,-2,13.0,Driving,True,109.667,29.214,0.0,-89.609,3.5,107.917,29.202,111.417,29.226,NONE,White,NONE,White
566,0,-1,13.0,Driving,True,106.167,29.19,0.0,-89.609,3.5,104.417,29.178,107.917,29.202,NONE,White,NONE,White
566,0,-2,14.0,Driving,True,109.674,28.214,0.0,-89.609,3.5,107.924,28.202,111.424,28.226,NONE,White,NONE,White
566,0,-1,14.0,Driving,True,106.174,28.19,0.0,-89.609,3.5,104.424,28.178,107.924,28.202,NONE,White,NONE,White
566,0,-2,15.0,Driving,True,109.681,27.214,0.0,-89.609,3.5,107.931,27.202,111.431,27.226,NONE,White,NONE,White
566,0,-1,15.0,Driving,True,106.181,27.19,0.0,-89.609,3.5,104.431,27.178,107.931,27.202,NONE,White,NONE,White
566,0,-2,16.0,Driving,True,109.687,26.214,0.0,-89.609,3.5,107.937,26.202,111.437,26.226,NONE,White,NONE,White
566,0,-1,16.0,Driving,True,106.188,26.19,0.0,-89.609,3.5,104.438,26.178,107.937,26.202,NONE,White,NONE,White
566,0,-2,17.0,Driving,True,109.694,25.214,0.0,-89.609,3.5,107.944,25.202,111.444,25.226,NONE,White,NONE,White
566,0,-1,17.0,Driving,True,106.194,25.19,0.0,-89.609,3.5,104.444,25.178,107.944,25.202,NONE,White,NONE,White
566,0,-2,18.0,Driving,True,109.701,24.214,0.0,-89.609,3.5,107.951,24.202,111.451,24.226,NONE,White,NONE,White
566,0,-1,18.0,Driving,True,106.201,24.19,0.0,-89.609,3.5,104.451,24.178,107.951,24.202,NONE,White,NONE,White
566,0,-2,19.0,Driving,True,109.708,23.214,0.0,-89.609,3.5,107.958,23.202,111.458,23.226,NONE,White,NONE,White
566,0,-1,19.0,Driving,True,106.208,23.19,0.0,-89.609,3.5,104.458,23.178,107.958,23.202,NONE,White,NONE,White
566,0,-2,20.0,Driving,True,109.715,22.214,0.0,-89.609,3.5,107.965,22.202,111.465,22.226,NONE,White,NONE,White
566,0,-1,20.0,Driving,True,106.215,22.19,0.0,-89.609,3.5,104.465,22.178,107.965,22.202,NONE,White,NONE,White
566,0,-2,21.0,Driving,True,109.722,21.214,0.0,-89.609,3.5,107.972,21.202,111.472,21.226,NONE,White,NONE,White
566,0,-1,21.0,Driving,True,106.222,21.19,0.0,-89.609,3.5,104.472,21.178,107.972,21.202,NONE,White,NONE,White
566,0,-2,22.0,Driving,True,109.728,20.214,0.0,-89.609,3.5,107.978,20.202,111.478,20.226,NONE,White,NONE,White
566,0,-1,22.0,Driving,True,106.228,20.19,0.0,-89.609,3.5,104.478,20.178,107.978,20.202,NONE,White,NONE,White
566,0,-2,23.0,Driving,True,109.735,19.214,0.0,-89.609,3.5,107.985,19.202,111.485,19.226,NONE,White,NONE,White
566,0,-1,23.0,Driving,True,106.235,19.19,0.0,-89.609,3.5,104.485,19.178,107.985,19.202,NONE,White,NONE,White
566,0,-2,24.0,Driving,True,109.742,18.214,0.0,-89.609,3.5,107.992,18.202,111.492,18.226,NONE,White,NONE,White
566,0,-1,24.0,Driving,True,106.242,18.19,0.0,-89.609,3.5,104.492,18.178,107.992,18.202,NONE,White,NONE,White
566,0,-2,25.0,Driving,True,109.749,17.214,0.0,-89.609,3.5,107.999,17.202,111.499,17.226,NONE,White,NONE,White
566,0,-1,25.0,Driving,True,106.249,17.19,0.0,-89.609,3.5,104.499,17.178,107.999,17.202,NONE,White,NONE,White
566,0,-2,26.0,Driving,True,109.756,16.214,0.0,-89.609,3.5,108.006,16.202,111.506,16.226,NONE,White,NONE,White
566,0,-1,26.0,Driving,True,106.256,16.19,0.0,-89.609,3.5,104.506,16.178,108.006,16.202,NONE,White,NONE,White
566,0,-2,27.0,Driving,True,109.762,15.214,0.0,-89.609,3.5,108.012,15.202,111.512,15.226,NONE,White,NONE,White
566,0,-1,27.0,Driving,True,106.263,15.19,0.0,-89.609,3.5,104.513,15.178,108.013,15.202,NONE,White,NONE,White
566,0,-2,28.0,Driving,True,109.769,14.214,0.0,-89.609,3.5,108.019,14.202,111.519,14.226,NONE,White,NONE,White
566,0,-1,28.0,Driving,True,106.269,14.19,0.0,-89.609,3.5,104.519,14.178,108.019,14.202,NONE,White,NONE,White
566,0,-2,29.0,Driving,True,109.776,13.214,0.0,-89.609,3.5,108.026,13.202,111.526,13.226,NONE,White,NONE,White
566,0,-1,29.0,Driving,True,106.276,13.19,0.0,-89.609,3.5,104.526,13.178,108.026,13.202,NONE,White,NONE,White
566,0,-2,30.0,Driving,True,109.783,12.214,0.0,-89.609,3.5,108.033,12.202,111.533,12.226,NONE,White,NONE,White
566,0,-1,30.0,Driving,True,106.283,12.19,0.0,-89.609,3.5,104.533,12.178,108.033,12.202,NONE,White,NONE,White
566,0,-2,31.0,Driving,True,109.79,11.214,0.0,-89.609,3.5,108.04,11.202,111.54,11.226,NONE,White,NONE,White
566,0,-1,31.0,Driving,True,106.29,11.19,0.0,-89.609,3.5,104.54,11.178,108.04,11.202,NONE,White,NONE,White
566,0,-2,32.0,Driving,True,109.797,10.214,0.0,-89.609,3.5,108.047,10.202,111.547,10.226,NONE,White,NONE,White
566,0,-1,32.0,Driving,True,106.297,10.19,0.0,-89.609,3.5,104.547,10.178,108.047,10.202,NONE,White,NONE,White
566,0,-2,33.0,Driving,True,109.803,9.214,0.0,-89.609,3.5,108.053,9.202,111.553,9.226,NONE,White,NONE,White
566,0,-1,33.0,Driving,True,106.303,9.19,0.0,-89.609,3.5,104.553,9.178,108.053,9.202,NONE,White,NONE,White
566,0,-2,34.0,Driving,True,109.81,8.214,0.0,-89.609,3.5,108.06,8.202,111.56,8.226,NONE,White,NONE,White
566,0,-1,34.0,Driving,True,106.31,8.19,0.0,-89.609,3.5,104.56,8.178,108.06,8.202,NONE,White,NONE,White
566,0,-2,35.0,Driving,True,109.817,7.214,0.0,-89.609,3.5,108.067,7.202,111.567,7.226,NONE,White,NONE,White
566,0,-1,35.0,Driving,True,106.317,7.19,0.0,-89.609,3.5,104.567,7.178,108.067,7.202,NONE,White,NONE,White
566,0,-2,36.0,Driving,True,109.824,6.214,0.0,-89.609,3.5,108.074,6.202,111.574,6.226,NONE,White,NONE,White
566,0,-1,36.0,Driving,True,106.324,6.19,0.0,-89.609,3.5,104.574,6.178,108.074,6.202,NONE,White,NONE,White
566,0,-2,37.0,Driving,True,109.831,5.214,0.0,-89.609,3.5,108.081,5.202,111.581,5.226,NONE,White,NONE,White
566,0,-1,37.0,Driving,True,106.331,5.19,0.0,-89.609,3.5,104.581,5.178,108.081,5.202,NONE,White,NONE,White
566,0,-2,38.0,Driving,True,109.837,4.214,0.0,-89.609,3.5,108.088,4.202,111.587,4.226,NONE,White,NONE,White
566,0,-1,38.0,Driving,True,106.338,4.19,0.0,-89.609,3.5,104.588,4.178,108.088,4.202,NONE,White,NONE,White
566,0,-2,39.0,Driving,True,109.844,3.214,0.0,-89.609,3.5,108.094,3.202,111.594,3.226,NONE,White,NONE,White
566,0,-1,39.0,Driving,True,106.344,3.19,0.0,-89.609,3.5,104.594,3.179,108.094,3.202,NONE,White,NONE,White
566,0,-2,40.0,Driving,True,109.851,2.214,0.0,-89.609,3.5,108.101,2.202,111.601,2.226,NONE,White,NONE,White
566,0,-1,40.0,Driving,True,106.351,2.19,0.0,-89.609,3.5,104.601,2.179,108.101,2.202,NONE,White,NONE,White
566,0,-2,41.0,Driving,True,109.858,1.214,0.0,-89.609,3.5,108.108,1.202,111.608,1.226,NONE,White,NONE,White
566,0,-1,41.0,Driving,True,106.358,1.19,0.0,-89.609,3.5,104.608,1.179,108.108,1.202,NONE,White,NONE,White
566,0,-2,42.0,Driving,True,109.865,0.214,0.0,-89.609,3.5,108.115,0.202,111.615,0.226,Broken,White,Solid,White
566,0,-1,42.0,Driving,True,106.365,0.191,0.0,-89.609,3.5,104.615,0.179,108.115,0.202,SolidSolid,Yellow,Broken,White
566,0,-2,43.0,Driving,True,109.872,-0.786,0.0,-89.609,3.5,108.122,-0.798,111.622,-0.774,Broken,White,Solid,White
566,0,-1,43.0,Driving,True,106.372,-0.809,0.0,-89.609,3.5,104.622,-0.821,108.122,-0.798,SolidSolid,Yellow,Broken,White
566,0,-2,44.0,Driving,True,109.878,-1.786,0.0,-89.609,3.5,108.128,-1.798,111.628,-1.774,Broken,White,Solid,White
566,0,-1,44.0,Driving,True,106.378,-1.809,0.0,-89.609,3.5,104.629,-1.821,108.128,-1.798,SolidSolid,Yellow,Broken,White
566,0,-2,45.0,Driving,True,109.885,-2.786,0.0,-89.609,3.5,108.135,-2.797,111.635,-2.774,Broken,White,Solid,White
566,0,-1,45.0,Driving,True,106.385,-2.809,0.0,-89.609,3.5,104.635,-2.821,108.135,-2.797,SolidSolid,Yellow,Broken,White
566,0,-2,46.0,Driving,True,109.892,-3.786,0.0,-89.609,3.5,108.142,-3.797,111.642,-3.774,Broken,White,Solid,White
566,0,-1,46.0,Driving,True,106.392,-3.809,0.0,-89.609,3.5,104.642,-3.821,108.142,-3.797,SolidSolid,Yellow,Broken,White
565,0,1,0.0,Driving,True,102.578,42.166,0.0,90.391,3.5,104.328,42.178,100.829,42.154,SolidSolid,Yellow,Broken,White
565,0,2,0.0,Driving,True,99.079,42.142,0.0,90.391,3.5,100.829,42.154,97.329,42.13,Broken,White,Solid,White
565,0,1,1.0,Driving,True,102.585,41.166,0.0,90.391,3.5,104.335,41.178,100.835,41.154,SolidSolid,Yellow,Broken,White
565,0,2,1.0,Driving,True,99.085,41.142,0.0,90.391,3.5,100.835,41.154,97.335,41.13,Broken,White,Solid,White
565,0,1,2.0,Driving,True,102.592,40.166,0.0,90.391,3.5,104.342,40.178,100.842,40.154,SolidSolid,Yellow,Broken,White
565,0,2,2.0,Driving,True,99.092,40.142,0.0,90.391,3.5,100.842,40.154,97.342,40.13,Broken,White,Solid,White
565,0,1,3.0,Driving,True,102.599,39.166,0.0,90.391,3.5,104.349,39.178,100.849,39.154,SolidSolid,Yellow,Broken,White
565,0,2,3.0,Driving,True,99.099,39.142,0.0,90.391,3.5,100.849,39.154,97.349,39.13,Broken,White,Solid,White
565,0,1,4.0,Driving,True,102.606,38.166,0.0,90.391,3.5,104.356,38.178,100.856,38.154,NONE,White,NONE,White
565,0,2,4.0,Driving,True,99.106,38.142,0.0,90.391,3.5,100.856,38.154,97.356,38.13,NONE,White,NONE,White
565,0,1,5.0,Driving,True,102.613,37.166,0.0,90.391,3.5,104.363,37.178,100.863,37.154,NONE,White,NONE,White
565,0,2,5.0,Driving,True,99.113,37.142,0.0,90.391,3.5,100.863,37.154,97.363,37.13,NONE,White,NONE,White
565,0,1,6.0,Driving,True,102.619,36.166,0.0,90.391,3.5,104.369,36.178,100.869,36.154,NONE,White,NONE,White
565,0,2,6.0,Driving,True,99.119,36.142,0.0,90.391,3.5,100.869,36.154,97.37,36.13,NONE,White,NONE,White
565,0,1,7.0,Driving,True,102.626,35.166,0.0,90.391,3.5,104.376,35.178,100.876,35.154,NONE,White,NONE,White
565,0,2,7.0,Driving,True,99.126,35.142,0.0,90.391,3.5,100.876,35.154,97.376,35.13,NONE,White,NONE,White
565,0,1,8.0,Driving,True,102.633,34.166,0.0,90.391,3.5,104.383,34.178,100.883,34.154,NONE,White,NONE,White
565,0,2,8.0,Driving,True,99.133,34.142,0.0,90.391,3.5,100.883,34.154,97.383,34.13,NONE,White,NONE,White
565,0,1,9.0,Driving,True,102.64,33.166,0.0,90.391,3.5,104.39,33.178,100.89,33.154,NONE,White,NONE,White
565,0,2,9.0,Driving,True,99.14,33.142,0.0,90.391,3.5,100.89,33.154,97.39,33.13,NONE,White,NONE,White
565,0,1,10.0,Driving,True,102.647,32.166,0.0,90.391,3.5,104.397,32.178,100.897,32.154,NONE,White,NONE,White
565,0,2,10.0,Driving,True,99.147,32.142,0.0,90.391,3.5,100.897,32.154,97.397,32.13,NONE,White,NONE,White
565,0,1,11.0,Driving,True,102.654,31.166,0.0,90.391,3.5,104.403,31.178,100.904,31.154,NONE,White,NONE,White
565,0,2,11.0,Driving,True,99.154,31.142,0.0,90.391,3.5,100.904,31.154,97.404,31.13,NONE,White,NONE,White
565,0,1,12.0,Driving,True,102.66,30.166,0.0,90.391,3.5,104.41,30.178,100.91,30.154,NONE,White,NONE,White
565,0,2,12.0,Driving,True,99.16,30.142,0.0,90.391,3.5,100.91,30.154,97.41,30.13,NONE,White,NONE,White
565,0,1,13.0,Driving,True,102.667,29.166,0.0,90.391,3.5,104.417,29.178,100.917,29.154,NONE,White,NONE,White
565,0,2,13.0,Driving,True,99.167,29.142,0.0,90.391,3.5,100.917,29.154,97.417,29.13,NONE,White,NONE,White
565,0,1,14.0,Driving,True,102.674,28.166,0.0,90.391,3.5,104.424,28.178,100.924,28.154,NONE,White,NONE,White
565,0,2,14.0,Driving,True,99.174,28.142,0.0,90.391,3.5,100.924,28.154,97.424,28.13,NONE,White,NONE,White
565,0,1,15.0,Driving,True,102.681,27.166,0.0,90.391,3.5,104.431,27.178,100.931,27.154,NONE,White,NONE,White
565,0,2,15.0,Driving,True,99.181,27.142,0.0,90.391,3.5,100.931,27.154,97.431,27.13,NONE,White,NONE,White
565,0,1,16.0,Driving,True,102.688,26.166,0.0,90.391,3.5,104.438,26.178,100.938,26.154,NONE,White,NONE,White
565,0,2,16.0,Driving,True,99.188,26.142,0.0,90.391,3.5,100.938,26.154,97.438,26.13,NONE,White,NONE,White
565,0,1,17.0,Driving,True,102.694,25.166,0.0,90.391,3.5,104.444,25.178,100.944,25.154,NONE,White,NONE,White
565,0,2,17.0,Driving,True,99.195,25.142,0.0,90.391,3.5,100.944,25.154,97.445,25.13,NONE,White,NONE,White
565,0,1,18.0,Driving,True,102.701,24.166,0.0,90.391,3.5,104.451,24.178,100.951,24.154,NONE,White,NONE,White
565,0,2,18.0,Driving,True,99.201,24.142,0.0,90.391,3.5,100.951,24.154,97.451,24.13,NONE,White,NONE,White
565,0,1,19.0,Driving,True,102.708,23.166,0.0,90.391,3.5,104.458,23.178,100.958,23.154,NONE,White,NONE,White
565,0,2,19.0,Driving,True,99.208,23.142,0.0,90.391,3.5,100.958,23.154,97.458,23.13,NONE,White,NONE,White
565,0,1,20.0,Driving,True,102.715,22.166,0.0,90.391,3.5,104.465,22.178,100.965,22.154,NONE,White,NONE,White
565,0,2,20.0,Driving,True,99.215,22.142,0.0,90.391,3.5,100.965,22.154,97.465,22.13,NONE,White,NONE,White
565,0,1,21.0,Driving,True,102.722,21.166,0.0,90.391,3.5,104.472,21.178,100.972,21.154,NONE,White,NONE,White
565,0,2,21.0,Driving,True,99.222,21.142,0.0,90.391,3.5,100.972,21.154,97.472,21.13,NONE,White,NONE,White
565,0,1,22.0,Driving,True,102.729,20.166,0.0,90.391,3.5,104.478,20.178,100.979,20.154,NONE,White,NONE,White
565,0,2,22.0,Driving,True,99.229,20.142,0.0,90.391,3.5,100.979,20.154,97.479,20.13,NONE,White,NONE,White
565,0,1,23.0,Driving,True,102.735,19.166,0.0,90.391,3.5,104.485,19.178,100.985,19.154,NONE,White,NONE,White
565,0,2,23.0,Driving,True,99.235,19.142,0.0,90.391,3.5,100.985,19.154,97.485,19.13,NONE,White,NONE,White
565,0,1,24.0,Driving,True,102.742,18.166,0.0,90.391,3.5,104.492,18.178,100.992,18.154,NONE,White,NONE,White
565,0,2,24.0,Driving,True,99.242,18.142,0.0,90.391,3.5,100.992,18.154,97.492,18.13,NONE,White,NONE,White
565,0,1,25.0,Driving,True,102.749,17.166,0.0,90.391,3.5,104.499,17.178,100.999,17.154,NONE,White,NONE,White
565,0,2,25.0,Driving,True,99.249,17.142,0.0,90.391,3.5,100.999,17.154,97.499,17.13,NONE,White,NONE,White
565,0,1,26.0,Driving,True,102.756,16.166,0.0,90.391,3.5,104.506,16.178,101.006,16.154,NONE,White,NONE,White
565,0,2,26.0,Driving,True,99.256,16.142,0.0,90.391,3.5,101.006,16.154,97.506,16.13,NONE,White,NONE,White
565,0,1,27.0,Driving,True,102.763,15.166,0.0,90.391,3.5,104.513,15.178,101.013,15.154,NONE,White,NONE,White
565,0,2,27.0,Driving,True,99.263,15.142,0.0,90.391,3.5,101.013,15.154,97.513,15.13,NONE,White,NONE,White
565,0,1,28.0,Driving,True,102.769,14.166,0.0,90.391,3.5,104.519,14.178,101.019,14.154,NONE,White,NONE,White
565,0,2,28.0,Driving,True,99.27,14.142,0.0,90.391,3.5,101.019,14.154,97.52,14.131,NONE,White,NONE,White
565,0,1,29.0,Driving,True,102.776,13.166,0.0,90.391,3.5,104.526,13.178,101.026,13.154,NONE,White,NONE,White
565,0,2,29.0,Driving,True,99.276,13.142,0.0,90.391,3.5,101.026,13.154,97.526,13.131,NONE,White,NONE,White
565,0,1,30.0,Driving,True,102.783,12.166,0.0,90.391,3.5,104.533,12.178,101.033,12.154,NONE,White,NONE,White
565,0,2,30.0,Driving,True,99.283,12.142,0.0,90.391,3.5,101.033,12.154,97.533,12.131,NONE,White,NONE,White
565,0,1,31.0,Driving,True,102.79,11.166,0.0,90.391,3.5,104.54,11.178,101.04,11.154,NONE,White,NONE,White
565,0,2,31.0,Driving,True,99.29,11.143,0.0,90.391,3.5,101.04,11.154,97.54,11.131,NONE,White,NONE,White
565,0,1,32.0,Driving,True,102.797,10.166,0.0,90.391,3.5,104.547,10.178,101.047,10.154,NONE,White,NONE,White
565,0,2,32.0,Driving,True,99.297,10.143,0.0,90.391,3.5,101.047,10.154,97.547,10.131,NONE,White,NONE,White
565,0,1,33.0,Driving,True,102.804,9.166,0.0,90.391,3.5,104.553,9.178,101.054,9.155,NONE,White,NONE,White
565,0,2,33.0,Driving,True,99.304,9.143,0.0,90.391,3.5,101.054,9.155,97.554,9.131,NONE,White,NONE,White
565,0,1,34.0,Driving,True,102.81,8.166,0.0,90.391,3.5,104.56,8.178,101.06,8.155,NONE,White,NONE,White
565,0,2,34.0,Driving,True,99.31,8.143,0.0,90.391,3.5,101.06,8.155,97.56,8.131,NONE,White,NONE,White
565,0,1,35.0,Driving,True,102.817,7.166,0.0,90.391,3.5,104.567,7.178,101.067,7.155,NONE,White,NONE,White
565,0,2,35.0,Driving,True,99.317,7.143,0.0,90.391,3.5,101.067,7.155,97.567,7.131,NONE,White,NONE,White
565,0,1,36.0,Driving,True,102.824,6.167,0.0,90.391,3.5,104.574,6.178,101.074,6.155,NONE,White,NONE,White
565,0,2,36.0,Driving,True,99.324,6.143,0.0,90.391,3.5,101.074,6.155,97.574,6.131,NONE,White,NONE,White
565,0,1,37.0,Driving,True,102.831,5.167,0.0,90.391,3.5,104.581,5.178,101.081,5.155,NONE,White,NONE,White
565,0,2,37.0,Driving,True,99.331,5.143,0.0,90.391,3.5,101.081,5.155,97.581,5.131,NONE,White,NONE,White
565,0,1,38.0,Driving,True,102.838,4.167,0.0,90.391,3.5,104.588,4.178,101.088,4.155,NONE,White,NONE,White
565,0,2,38.0,Driving,True,99.338,4.143,0.0,90.391,3.5,101.088,4.155,97.588,4.131,NONE,White,NONE,White
565,0,1,39.0,Driving,True,102.844,3.167,0.0,90.391,3.5,104.594,3.179,101.094,3.155,NONE,White,NONE,White
565,0,2,39.0,Driving,True,99.345,3.143,0.0,90.391,3.5,101.094,3.155,97.595,3.131,NONE,White,NONE,White
565,0,1,40.0,Driving,True,102.851,2.167,0.0,90.391,3.5,104.601,2.179,101.101,2.155,NONE,White,NONE,White
565,0,2,40.0,Driving,True,99.351,2.143,0.0,90.391,3.5,101.101,2.155,97.601,2.131,NONE,White,NONE,White
565,0,1,41.0,Driving,True,102.858,1.167,0.0,90.391,3.5,104.608,1.179,101.108,1.155,NONE,White,NONE,White
565,0,2,41.0,Driving,True,99.358,1.143,0.0,90.391,3.5,101.108,1.155,97.608,1.131,NONE,White,NONE,White
565,0,1,42.0,Driving,True,102.865,0.167,0.0,90.391,3.5,104.615,0.179,101.115,0.155,SolidSolid,Yellow,NONE,White
565,0,2,42.0,Driving,True,99.365,0.143,0.0,90.391,3.5,101.115,0.155,97.615,0.131,NONE,White,NONE,White
565,0,1,43.0,Driving,True,102.872,-0.833,0.0,90.391,3.5,104.622,-0.821,101.122,-0.845,SolidSolid,Yellow,NONE,White
565,0,2,43.0,Driving,True,99.372,-0.857,0.0,90.391,3.5,101.122,-0.845,97.622,-0.869,NONE,White,NONE,White
565,0,1,44.0,Driving,True,102.879,-1.833,0.0,90.391,3.5,104.629,-1.821,101.129,-1.845,SolidSolid,Yellow,Broken,White
565,0,2,44.0,Driving,True,99.379,-1.857,0.0,90.391,3.5,101.129,-1.845,97.629,-1.869,Broken,White,Solid,White
565,0,1,45.0,Driving,True,102.885,-2.833,0.0,90.391,3.5,104.635,-2.821,101.135,-2.845,SolidSolid,Yellow,Broken,White
565,0,2,45.0,Driving,True,99.385,-2.857,0.0,90.391,3.5,101.135,-2.845,97.636,-2.869,Broken,White,Solid,White
565,0,1,46.0,Driving,True,102.892,-3.833,0.0,90.391,3.5,104.642,-3.821,101.142,-3.845,SolidSolid,Yellow,Broken,White
565,0,2,46.0,Driving,True,99.392,-3.857,0.0,90.391,3.5,101.142,-3.845,97.642,-3.869,Broken,White,Solid,White
476,0,-1,0.0,Driving,True,-28.517,130.036,0.0,-539.648,3.5,-28.528,131.786,-28.506,128.286,Broken,White,Solid,White
476,0,-1,1.0,Driving,True,-29.423,130.011,0.0,-176.588,3.5,-29.527,131.758,-29.319,128.265,Broken,White,Solid,White
476,0,-1,2.0,Driving,True,-30.301,129.929,0.0,-172.731,3.5,-30.523,131.665,-30.08,128.193,Broken,White,Solid,White
476,0,-1,3.0,Driving,True,-31.172,129.788,0.0,-168.874,3.5,-31.51,131.506,-30.834,128.071,Broken,White,Solid,White
476,0,-1,4.0,Driving,True,-32.031,129.589,0.0,-165.018,3.5,-32.484,131.28,-31.579,127.899,Broken,White,Solid,White
476,0,-1,5.0,Driving,True,-32.875,129.333,0.0,-161.161,3.5,-33.44,130.989,-32.31,127.676,Broken,White,Solid,White
476,0,-1,6.0,Driving,True,-33.7,129.02,0.0,-157.305,3.5,-34.375,130.634,-33.025,127.405,Broken,White,Solid,White
476,0,-1,7.0,Driving,True,-34.502,128.652,0.0,-153.448,3.5,-35.284,130.218,-33.72,127.087,Broken,White,Solid,White
476,0,-1,8.0,Driving,True,-35.277,128.232,0.0,-149.591,3.5,-36.163,129.741,-34.391,126.722,Broken,White,Solid,White
476,0,-1,9.0,Driving,True,-36.022,127.76,0.0,-145.735,3.5,-37.008,129.206,-35.037,126.314,Broken,White,Solid,White
476,0,-1,10.0,Driving,True,-36.734,127.239,0.0,-141.878,3.5,-37.815,128.616,-35.654,125.862,Broken,White,Solid,White
476,0,-1,11.0,Driving,True,-37.409,126.672,0.0,-138.021,3.5,-38.58,127.972,-36.239,125.371,Broken,White,Solid,White
476,0,-1,12.0,Driving,True,-38.042,126.062,0.0,-134.038,3.5,-39.3,127.279,-36.784,124.846,Broken,White,Solid,White
476,0,-1,13.0,Driving,True,-38.627,125.412,0.0,-129.935,3.5,-39.969,126.536,-37.285,124.289,Broken,White,Solid,White
476,0,-1,14.0,Driving,True,-39.164,124.722,0.0,-125.832,3.5,-40.583,125.746,-37.745,123.698,Broken,White,Solid,White
476,0,-1,15.0,Driving,True,-39.65,123.995,0.0,-121.729,3.5,-41.138,124.915,-38.162,123.075,Broken,White,Solid,White
476,0,-1,16.0,Driving,True,-40.083,123.235,0.0,-117.626,3.5,-41.634,124.047,-38.533,122.424,Broken,White,Solid,White
476,0,-1,17.0,Driving,True,-40.461,122.447,0.0,-113.523,3.5,-42.065,123.145,-38.856,121.748,Broken,White,Solid,White
476,0,-1,18.0,Driving,True,-40.781,121.633,0.0,-109.42,3.5,-42.431,122.215,-39.13,121.051,Broken,White,Solid,White
476,0,-1,19.0,Driving,True,-41.042,120.798,0.0,-105.317,3.5,-42.73,121.26,-39.354,120.336,Broken,White,Solid,White
476,0,-1,20.0,Driving,True,-41.242,119.947,0.0,-101.214,3.5,-42.959,120.287,-39.526,119.607,NONE,White,Solid,White
476,0,-1,21.0,Driving,True,-41.382,119.084,0.0,-97.111,3.5,-43.118,119.3,-39.645,118.867,NONE,White,Solid,White
476,0,-1,22.0,Driving,True,-41.459,118.213,0.0,-93.008,3.5,-43.206,118.304,-39.711,118.121,NONE,White,Solid,White
476,0,-1,23.0,Driving,True,-41.476,117.3,0.0,-450.161,3.5,-43.226,117.305,-39.726,117.295,NONE,White,Solid,White
476,0,-1,24.0,Driving,True,-41.479,116.3,0.0,-450.161,3.5,-43.229,116.305,-39.729,116.295,NONE,White,Solid,White
476,0,-1,25.0,Driving,True,-41.482,115.3,0.0,-450.161,3.5,-43.232,115.305,-39.732,115.295,NONE,White,Solid,White
472,0,1,0.0,Driving,True,-70.49,128.903,0.0,-167.128,3.5,-70.88,130.609,-70.1,127.197,NONE,White,Solid,White
472,0,1,1.0,Driving,True,-69.599,129.082,0.0,-170.135,3.5,-69.899,130.806,-69.3,127.358,NONE,White,Solid,White
472,0,1,2.0,Driving,True,-68.701,129.214,0.0,-173.141,3.5,-68.91,130.951,-68.492,127.476,NONE,White,Solid,White
472,0,1,3.0,Driving,True,-67.797,129.299,0.0,-176.148,3.5,-67.915,131.045,-67.679,127.553,NONE,White,Solid,White
472,0,1,4.0,Driving,True,-66.89,129.336,0.0,-179.155,3.5,-66.916,131.086,-66.864,127.586,NONE,White,Solid,White
472,0,1,5.0,Driving,True,-65.982,129.326,0.0,-182.162,3.5,-65.916,131.074,-66.048,127.577,NONE,White,Solid,White
472,0,1,6.0,Driving,True,-65.076,129.267,0.0,-185.169,3.5,-64.918,131.01,-65.233,127.525,NONE,White,Solid,White
472,0,1,7.0,Driving,True,-64.174,129.162,0.0,-188.176,3.5,-63.925,130.894,-64.422,127.43,NONE,White,Solid,White
472,0,1,8.0,Driving,True,-63.278,129.009,0.0,-191.182,3.5,-62.939,130.726,-63.618,127.292,NONE,White,Solid,White
472,0,1,9.0,Driving,True,-62.393,128.81,0.0,-194.189,3.5,-61.964,130.506,-62.822,127.113,NONE,White,Solid,White
472,0,1,10.0,Driving,True,-61.518,128.564,0.0,-197.196,3.5,-61.001,130.236,-62.036,126.892,NONE,White,Solid,White
472,0,1,11.0,Driving,True,-60.658,128.273,0.0,-200.203,3.5,-60.054,129.915,-61.263,126.631,NONE,White,Solid,White
472,0,1,12.0,Driving,True,-59.815,127.937,0.0,-203.21,3.5,-59.125,129.546,-60.504,126.329,NONE,White,Solid,White
472,0,1,13.0,Driving,True,-58.99,127.558,0.0,-206.216,3.5,-58.217,129.128,-59.763,125.988,NONE,White,Solid,White
472,0,1,14.0,Driving,True,-58.186,127.135,0.0,-209.223,3.5,-57.331,128.663,-59.04,125.608,NONE,White,Solid,White
472,0,1,15.0,Driving,True,-57.417,126.677,0.0,147.345,3.5,-56.473,128.151,-58.361,125.204,NONE,White,Solid,White
472,0,1,16.0,Driving,True,-56.702,126.181,0.0,143.121,3.5,-55.651,127.58,-57.752,124.781,NONE,White,Solid,White
472,0,1,17.0,Driving,True,-56.025,125.633,0.0,138.896,3.5,-54.874,126.951,-57.175,124.314,NONE,White,Solid,White
472,0,1,18.0,Driving,True,-55.39,125.036,0.0,134.672,3.5,-54.146,126.267,-56.635,123.806,NONE,White,Solid,White
472,0,1,19.0,Driving,True,-54.801,124.395,0.0,130.447,3.5,-53.469,125.53,-56.133,123.26,NONE,White,Solid,White
472,0,1,20.0,Driving,True,-54.261,123.712,0.0,126.222,3.5,-52.849,124.746,-55.673,122.678,NONE,White,Solid,White
472,0,1,21.0,Driving,True,-53.773,122.991,0.0,121.998,3.5,-52.289,123.918,-55.257,122.064,NONE,White,Solid,White
472,0,1,22.0,Driving,True,-53.339,122.236,0.0,117.773,3.5,-51.791,123.052,-54.887,121.421,NONE,White,Solid,White
472,0,1,23.0,Driving,True,-52.962,121.451,0.0,113.549,3.5,-51.358,122.15,-54.566,120.752,NONE,White,Solid,White
472,0,1,24.0,Driving,True,-52.644,120.641,0.0,109.324,3.5,-50.992,121.22,-54.295,120.062,NONE,White,Solid,White
472,0,1,25.0,Driving,True,-52.386,119.809,0.0,105.1,3.5,-50.696,120.265,-54.075,119.353,NONE,White,NONE,White
472,0,1,26.0,Driving,True,-52.19,118.96,0.0,100.875,3.5,-50.472,119.291,-53.909,118.63,NONE,White,NONE,White
472,0,1,27.0,Driving,True,-52.058,118.1,0.0,96.651,3.5,-50.319,118.302,-53.796,117.897,NONE,White,NONE,White
472,0,1,28.0,Driving,True,-51.989,117.232,0.0,92.426,3.5,-50.24,117.306,-53.737,117.158,NONE,White,NONE,White
472,0,1,29.0,Driving,True,-51.979,116.311,0.0,89.839,3.5,-50.229,116.306,-53.729,116.316,NONE,White,NONE,White
472,0,1,30.0,Driving,True,-51.982,115.311,0.0,-270.161,3.5,-50.232,115.306,-53.732,115.316,NONE,White,NONE,White
469,0,1,0.0,Driving,True,-71.27,132.315,0.0,-167.127,3.5,-71.66,134.021,-70.88,130.609,SolidSolid,Yellow,Broken,White
469,0,1,1.0,Driving,True,-70.333,132.517,0.0,-168.49,3.5,-70.682,134.232,-69.984,130.802,SolidSolid,Yellow,Broken,White
469,0,1,2.0,Driving,True,-69.392,132.697,0.0,-169.853,3.5,-69.7,134.42,-69.083,130.975,SolidSolid,Yellow,Broken,White
469,0,1,3.0,Driving,True,-68.446,132.855,0.0,-171.216,3.5,-68.714,134.584,-68.179,131.125,SolidSolid,Yellow,Broken,White
469,0,1,4.0,Driving,True,-67.498,132.99,0.0,-172.579,3.5,-67.724,134.725,-67.272,131.255,SolidSolid,Yellow,NONE,White
469,0,1,5.0,Driving,True,-66.546,133.102,0.0,-173.942,3.5,-66.731,134.843,-66.361,131.362,SolidSolid,Yellow,NONE,White
469,0,1,6.0,Driving,True,-65.595,133.192,0.0,-175.434,3.5,-65.735,134.936,-65.456,131.447,NONE,White,NONE,White
469,0,1,7.0,Driving,True,-64.704,133.236,0.0,-178.942,3.5,-64.736,134.985,-64.671,131.486,NONE,White,NONE,White
469,0,1,8.0,Driving,True,-63.811,133.225,0.0,-182.449,3.5,-63.736,134.973,-63.886,131.476,NONE,White,NONE,White
469,0,1,9.0,Driving,True,-62.921,133.159,0.0,-185.957,3.5,-62.739,134.9,-63.102,131.419,NONE,White,NONE,White
469,0,1,10.0,Driving,True,-62.036,133.04,0.0,-189.464,3.5,-61.748,134.766,-62.324,131.313,NONE,White,NONE,White
469,0,1,11.0,Driving,True,-61.16,132.866,0.0,-192.972,3.5,-60.768,134.571,-61.553,131.161,NONE,White,NONE,White
469,0,1,12.0,Driving,True,-60.297,132.639,0.0,-196.479,3.5,-59.801,134.317,-60.793,130.961,NONE,White,NONE,White
469,0,1,13.0,Driving,True,-59.449,132.36,0.0,-199.987,3.5,-58.851,134.004,-60.047,130.715,NONE,White,NONE,White
469,0,1,14.0,Driving,True,-58.62,132.029,0.0,-203.494,3.5,-57.922,133.634,-59.318,130.424,NONE,White,NONE,White
469,0,1,15.0,Driving,True,-57.812,131.648,0.0,-207.001,3.5,-57.018,133.208,-58.607,130.089,NONE,White,NONE,White
469,0,1,16.0,Driving,True,-57.03,131.219,0.0,-210.509,3.5,-56.141,132.727,-57.918,129.711,NONE,White,NONE,White
469,0,1,17.0,Driving,True,-56.275,130.742,0.0,-214.016,3.5,-55.296,132.193,-57.254,129.292,NONE,White,NONE,White
469,0,1,18.0,Driving,True,-55.551,130.22,0.0,-217.524,3.5,-54.485,131.608,-56.617,128.833,NONE,White,NONE,White
469,0,1,19.0,Driving,True,-54.86,129.655,0.0,-221.031,3.5,-53.711,130.975,-56.008,128.335,NONE,White,NONE,White
469,0,1,20.0,Driving,True,-54.106,128.999,0.0,138.96,3.5,-52.956,130.319,-55.255,127.679,NONE,White,NONE,White
469,0,1,21.0,Driving,True,-53.422,128.382,0.0,136.352,3.5,-52.214,129.649,-54.63,127.116,NONE,White,NONE,White
469,0,1,22.0,Driving,True,-52.788,127.742,0.0,133.117,3.5,-51.511,128.938,-54.066,126.546,NONE,White,NONE,White
469,0,1,23.0,Driving,True,-52.191,127.067,0.0,129.882,3.5,-50.848,128.189,-53.534,125.945,NONE,White,NONE,White
469,0,1,24.0,Driving,True,-51.633,126.36,0.0,126.647,3.5,-50.229,127.404,-53.037,125.315,NONE,White,NONE,White
469,0,1,25.0,Driving,True,-51.116,125.622,0.0,123.412,3.5,-49.655,126.586,-52.577,124.658,NONE,White,NONE,White
469,0,1,26.0,Driving,True,-50.641,124.856,0.0,120.178,3.5,-49.128,125.736,-52.154,123.976,NONE,White,NONE,White
469,0,1,27.0,Driving,True,-50.21,124.065,0.0,116.943,3.5,-48.65,124.858,-51.77,123.272,NONE,White,NONE,White
469,0,1,28.0,Driving,True,-49.825,123.25,0.0,113.708,3.5,-48.223,123.954,-51.427,122.547,NONE,White,NONE,White
469,0,1,29.0,Driving,True,-49.486,122.415,0.0,110.473,3.5,-47.847,123.027,-51.125,121.803,NONE,White,NONE,White
469,0,1,30.0,Driving,True,-49.195,121.563,0.0,107.238,3.5,-47.523,122.081,-50.866,121.044,NONE,White,NONE,White
469,0,1,31.0,Driving,True,-48.952,120.695,0.0,104.003,3.5,-47.254,121.118,-50.65,120.271,NONE,White,NONE,White
469,0,1,32.0,Driving,True,-48.759,119.815,0.0,100.769,3.5,-47.04,120.142,-50.478,119.488,NONE,White,NONE,White
469,0,1,33.0,Driving,True,-48.616,118.925,0.0,97.534,3.5,-46.881,119.154,-50.35,118.696,NONE,White,NONE,White
469,0,1,34.0,Driving,True,-48.523,118.029,0.0,94.299,3.5,-46.778,118.16,-50.268,117.898,NONE,White,NONE,White
469,0,1,35.0,Driving,True,-48.481,117.129,0.0,91.064,3.5,-46.731,117.161,-50.23,117.096,NONE,White,NONE,White
469,0,1,36.0,Driving,True,-48.48,116.166,0.0,89.839,3.5,-46.73,116.161,-50.23,116.171,NONE,White,NONE,White
469,0,1,37.0,Driving,True,-48.482,115.166,0.0,89.839,3.5,-46.732,115.161,-50.232,115.171,NONE,White,NONE,White
22,0,-2,0.0,Driving,False,-52.143,-43.38,0.0,90.432,3.5,-50.393,-43.367,-53.893,-43.394,Broken,White,Solid,White
22,0,-1,0.0,Driving,False,-48.643,-43.354,0.0,90.432,3.5,-46.893,-43.341,-50.393,-43.367,SolidSolid,Yellow,Broken,White
22,0,1,0.0,Driving,False,-45.143,-43.327,0.0,270.432,3.5,-46.893,-43.341,-43.393,-43.314,SolidSolid,Yellow,Broken,White
22,0,2,0.0,Driving,False,-41.643,-43.301,0.0,270.432,3.5,-43.393,-43.314,-39.893,-43.288,Broken,White,Solid,White
22,0,-2,1.0,Driving,False,-52.15,-42.38,0.0,90.432,3.5,-50.4,-42.367,-53.9,-42.394,Broken,White,Solid,White
22,0,-1,1.0,Driving,False,-48.65,-42.354,0.0,90.432,3.5,-46.9,-42.341,-50.4,-42.367,SolidSolid,Yellow,Broken,White
22,0,1,1.0,Driving,False,-45.15,-42.328,0.0,270.432,3.5,-46.9,-42.341,-43.4,-42.314,SolidSolid,Yellow,Broken,White
22,0,2,1.0,Driving,False,-41.65,-42.301,0.0,270.432,3.5,-43.4,-42.314,-39.9,-42.288,Broken,White,Solid,White
22,0,-2,2.0,Driving,False,-52.158,-41.38,0.0,90.432,3.5,-50.408,-41.367,-53.908,-41.394,Broken,White,Solid,White
22,0,-1,2.0,Driving,False,-48.658,-41.354,0.0,90.432,3.5,-46.908,-41.341,-50.408,-41.367,SolidSolid,Yellow,Broken,White
22,0,1,2.0,Driving,False,-45.158,-41.328,0.0,270.432,3.5,-46.908,-41.341,-43.408,-41.314,SolidSolid,Yellow,Broken,White
22,0,2,2.0,Driving,False,-41.658,-41.301,0.0,270.432,3.5,-43.408,-41.314,-39.908,-41.288,Broken,White,Solid,White
22,0,-2,3.0,Driving,False,-52.165,-40.38,0.0,90.432,3.5,-50.415,-40.367,-53.915,-40.394,Broken,White,Solid,White
22,0,-1,3.0,Driving,False,-48.665,-40.354,0.0,90.432,3.5,-46.915,-40.341,-50.415,-40.367,SolidSolid,Yellow,Broken,White
22,0,1,3.0,Driving,False,-45.165,-40.328,0.0,270.432,3.5,-46.915,-40.341,-43.415,-40.314,SolidSolid,Yellow,Broken,White
22,0,2,3.0,Driving,False,-41.666,-40.301,0.0,270.432,3.5,-43.415,-40.314,-39.916,-40.288,Broken,White,Solid,White
22,0,-2,4.0,Driving,False,-52.173,-39.38,0.0,90.432,3.5,-50.423,-39.367,-53.923,-39.394,Broken,White,Solid,White
22,0,-1,4.0,Driving,False,-48.673,-39.354,0.0,90.432,3.5,-46.923,-39.341,-50.423,-39.367,SolidSolid,Yellow,Broken,White
22,0,1,4.0,Driving,False,-45.173,-39.328,0.0,270.432,3.5,-46.923,-39.341,-43.423,-39.314,SolidSolid,Yellow,Broken,White
22,0,2,4.0,Driving,False,-41.673,-39.301,0.0,270.432,3.5,-43.423,-39.314,-39.923,-39.288,Broken,White,Solid,White
22,0,-2,5.0,Driving,False,-52.18,-38.38,0.0,90.432,3.5,-50.43,-38.367,-53.93,-38.394,Broken,White,Solid,White
22,0,-1,5.0,Driving,False,-48.68,-38.354,0.0,90.432,3.5,-46.93,-38.341,-50.43,-38.367,SolidSolid,Yellow,Broken,White
22,0,1,5.0,Driving,False,-45.181,-38.328,0.0,270.432,3.5,-46.93,-38.341,-43.431,-38.314,SolidSolid,Yellow,Broken,White
22,0,2,5.0,Driving,False,-41.681,-38.301,0.0,270.432,3.5,-43.431,-38.314,-39.931,-38.288,Broken,White,Solid,White
22,0,-2,6.0,Driving,False,-52.188,-37.38,0.0,90.432,3.5,-50.438,-37.367,-53.938,-37.394,Broken,White,Solid,White
22,0,-1,6.0,Driving,False,-48.688,-37.354,0.0,90.432,3.5,-46.938,-37.341,-50.438,-37.367,SolidSolid,Yellow,Broken,White
22,0,1,6.0,Driving,False,-45.188,-37.328,0.0,270.432,3.5,-46.938,-37.341,-43.438,-37.314,SolidSolid,Yellow,Broken,White
22,0,2,6.0,Driving,False,-41.688,-37.301,0.0,270.432,3.5,-43.438,-37.314,-39.938,-37.288,Broken,White,Solid,White
22,0,-2,7.0,Driving,False,-52.195,-36.38,0.0,90.432,3.5,-50.445,-36.367,-53.945,-36.394,Broken,White,Solid,White
22,0,-1,7.0,Driving,False,-48.696,-36.354,0.0,90.432,3.5,-46.946,-36.341,-50.445,-36.367,SolidSolid,Yellow,Broken,White
22,0,1,7.0,Driving,False,-45.196,-36.328,0.0,270.432,3.5,-46.946,-36.341,-43.446,-36.314,SolidSolid,Yellow,Broken,White
22,0,2,7.0,Driving,False,-41.696,-36.301,0.0,270.432,3.5,-43.446,-36.314,-39.946,-36.288,Broken,White,Solid,White
22,0,-2,8.0,Driving,False,-52.203,-35.381,0.0,90.432,3.5,-50.453,-35.367,-53.953,-35.394,Broken,White,Solid,White
22,0,-1,8.0,Driving,False,-48.703,-35.354,0.0,90.432,3.5,-46.953,-35.341,-50.453,-35.367,SolidSolid,Yellow,Broken,White
22,0,1,8.0,Driving,False,-45.203,-35.328,0.0,270.432,3.5,-46.953,-35.341,-43.453,-35.315,SolidSolid,Yellow,Broken,White
22,0,2,8.0,Driving,False,-41.703,-35.301,0.0,270.432,3.5,-43.453,-35.315,-39.953,-35.288,Broken,White,Solid,White
22,0,-2,9.0,Driving,False,-52.211,-34.381,0.0,90.432,3.5,-50.461,-34.367,-53.96,-34.394,Broken,White,Solid,White
22,0,-1,9.0,Driving,False,-48.711,-34.354,0.0,90.432,3.5,-46.961,-34.341,-50.461,-34.367,SolidSolid,Yellow,Broken,White
22,0,1,9.0,Driving,False,-45.211,-34.328,0.0,270.432,3.5,-46.961,-34.341,-43.461,-34.315,SolidSolid,Yellow,Broken,White
22,0,2,9.0,Driving,False,-41.711,-34.301,0.0,270.432,3.5,-43.461,-34.315,-39.961,-34.288,Broken,White,Solid,White
22,0,-2,10.0,Driving,False,-52.218,-33.381,0.0,90.432,3.5,-50.468,-33.367,-53.968,-33.394,Broken,White,Solid,White
22,0,-1,10.0,Driving,False,-48.718,-33.354,0.0,90.432,3.5,-46.968,-33.341,-50.468,-33.367,SolidSolid,Yellow,Broken,White
22,0,1,10.0,Driving,False,-45.218,-33.328,0.0,270.432,3.5,-46.968,-33.341,-43.468,-33.315,SolidSolid,Yellow,Broken,White
22,0,2,10.0,Driving,False,-41.718,-33.301,0.0,270.432,3.5,-43.468,-33.315,-39.968,-33.288,Broken,White,Solid,White
22,0,-2,11.0,Driving,False,-52.226,-32.381,0.0,90.432,3.5,-50.476,-32.367,-53.976,-32.394,Broken,White,Solid,White
22,0,-1,11.0,Driving,False,-48.726,-32.354,0.0,90.432,3.5,-46.976,-32.341,-50.476,-32.367,SolidSolid,Yellow,Broken,White
22,0,1,11.0,Driving,False,-45.226,-32.328,0.0,270.432,3.5,-46.976,-32.341,-43.476,-32.315,SolidSolid,Yellow,Broken,White
22,0,2,11.0,Driving,False,-41.726,-32.301,0.0,270.432,3.5,-43.476,-32.315,-39.976,-32.288,Broken,White,Solid,White
22,0,-2,12.0,Driving,False,-52.233,-31.381,0.0,90.432,3.5,-50.483,-31.367,-53.983,-31.394,Broken,White,Solid,White
22,0,-1,12.0,Driving,False,-48.733,-31.354,0.0,90.432,3.5,-46.983,-31.341,-50.483,-31.367,SolidSolid,Yellow,Broken,White
22,0,1,12.0,Driving,False,-45.233,-31.328,0.0,270.432,3.5,-46.983,-31.341,-43.483,-31.315,SolidSolid,Yellow,Broken,White
22,0,2,12.0,Driving,False,-41.733,-31.301,0.0,270.432,3.5,-43.483,-31.315,-39.983,-31.288,Broken,White,Solid,White
22,0,-2,13.0,Driving,False,-52.241,-30.381,0.0,90.432,3.5,-50.491,-30.367,-53.991,-30.394,Broken,White,Solid,White
22,0,-1,13.0,Driving,False,-48.741,-30.354,0.0,90.432,3.5,-46.991,-30.341,-50.491,-30.367,SolidSolid,Yellow,Broken,White
22,0,1,13.0,Driving,False,-45.241,-30.328,0.0,270.432,3.5,-46.991,-30.341,-43.491,-30.315,SolidSolid,Yellow,Broken,White
22,0,2,13.0,Driving,False,-41.741,-30.301,0.0,270.432,3.5,-43.491,-30.315,-39.991,-30.288,Broken,White,Solid,White
22,0,-2,14.0,Driving,False,-52.248,-29.381,0.0,90.432,3.5,-50.498,-29.367,-53.998,-29.394,Broken,White,Solid,White
22,0,-1,14.0,Driving,False,-48.748,-29.354,0.0,90.432,3.5,-46.998,-29.341,-50.498,-29.367,SolidSolid,Yellow,Broken,White
22,0,1,14.0,Driving,False,-45.248,-29.328,0.0,270.432,3.5,-46.998,-29.341,-43.498,-29.315,SolidSolid,Yellow,Broken,White
22,0,2,14.0,Driving,False,-41.749,-29.301,0.0,270.432,3.5,-43.498,-29.315,-39.999,-29.288,Broken,White,Solid,White
22,0,-2,15.0,Driving,False,-52.256,-28.381,0.0,90.432,3.5,-50.506,-28.368,-54.006,-28.394,Broken,White,Solid,White
22,0,-1,15.0,Driving,False,-48.756,-28.354,0.0,90.432,3.5,-47.006,-28.341,-50.506,-28.368,SolidSolid,Yellow,Broken,White
22,0,1,15.0,Driving,False,-45.256,-28.328,0.0,270.432,3.5,-47.006,-28.341,-43.506,-28.315,SolidSolid,Yellow,Broken,White
22,0,2,15.0,Driving,False,-41.756,-28.302,0.0,270.432,3.5,-43.506,-28.315,-40.006,-28.288,Broken,White,Solid,White
22,0,-2,16.0,Driving,False,-52.263,-27.381,0.0,90.432,3.5,-50.513,-27.368,-54.013,-27.394,Broken,White,Solid,White
22,0,-1,16.0,Driving,False,-48.763,-27.354,0.0,90.432,3.5,-47.013,-27.341,-50.513,-27.368,SolidSolid,Yellow,Broken,White
22,0,1,16.0,Driving,False,-45.264,-27.328,0.0,270.432,3.5,-47.013,-27.341,-43.514,-27.315,SolidSolid,Yellow,Broken,White
22,0,2,16.0,Driving,False,-41.764,-27.302,0.0,270.432,3.5,-43.514,-27.315,-40.014,-27.288,Broken,White,Solid,White
22,0,-2,17.0,Driving,False,-52.271,-26.381,0.0,90.432,3.5,-50.521,-26.368,-54.021,-26.394,Broken,White,Solid,White
22,0,-1,17.0,Driving,False,-48.771,-26.354,0.0,90.432,3.5,-47.021,-26.341,-50.521,-26.368,SolidSolid,Yellow,Broken,White
22,0,1,17.0,Driving,False,-45.271,-26.328,0.0,270.432,3.5,-47.021,-26.341,-43.521,-26.315,SolidSolid,Yellow,Broken,White
22,0,2,17.0,Driving,False,-41.771,-26.302,0.0,270.432,3.5,-43.521,-26.315,-40.021,-26.288,Broken,White,Solid,White
22,0,-2,18.0,Driving,False,-52.278,-25.381,0.0,90.432,3.5,-50.528,-25.368,-54.028,-25.394,Broken,White,Solid,White
22,0,-1,18.0,Driving,False,-48.779,-25.354,0.0,90.432,3.5,-47.029,-25.341,-50.528,-25.368,SolidSolid,Yellow,Broken,White
22,0,1,18.0,Driving,False,-45.279,-25.328,0.0,270.432,3.5,-47.029,-25.341,-43.529,-25.315,SolidSolid,Yellow,Broken,White
22,0,2,18.0,Driving,False,-41.779,-25.302,0.0,270.432,3.5,-43.529,-25.315,-40.029,-25.288,Broken,White,Solid,White
22,0,-2,19.0,Driving,False,-52.286,-24.381,0.0,90.432,3.5,-50.536,-24.368,-54.036,-24.394,Broken,White,Solid,White
22,0,-1,19.0,Driving,False,-48.786,-24.354,0.0,90.432,3.5,-47.036,-24.341,-50.536,-24.368,SolidSolid,Yellow,Broken,White
22,0,1,19.0,Driving,False,-45.286,-24.328,0.0,270.432,3.5,-47.036,-24.341,-43.536,-24.315,SolidSolid,Yellow,Broken,White
22,0,2,19.0,Driving,False,-41.786,-24.302,0.0,270.432,3.5,-43.536,-24.315,-40.036,-24.288,Broken,White,Solid,White
22,0,-2,20.0,Driving,False,-52.294,-23.381,0.0,90.432,3.5,-50.544,-23.368,-54.043,-23.394,Broken,White,Solid,White
22,0,-1,20.0,Driving,False,-48.794,-23.354,0.0,90.432,3.5,-47.044,-23.341,-50.544,-23.368,SolidSolid,Yellow,Broken,White
22,0,1,20.0,Driving,False,-45.294,-23.328,0.0,270.432,3.5,-47.044,-23.341,-43.544,-23.315,SolidSolid,Yellow,Broken,White
22,0,2,20.0,Driving,False,-41.794,-23.302,0.0,270.432,3.5,-43.544,-23.315,-40.044,-23.288,Broken,White,Solid,White
22,0,-2,21.0,Driving,False,-52.301,-22.381,0.0,90.432,3.5,-50.551,-22.368,-54.051,-22.394,Broken,White,Solid,White
22,0,-1,21.0,Driving,False,-48.801,-22.354,0.0,90.432,3.5,-47.051,-22.341,-50.551,-22.368,SolidSolid,Yellow,Broken,White
22,0,1,21.0,Driving,False,-45.301,-22.328,0.0,270.432,3.5,-47.051,-22.341,-43.551,-22.315,SolidSolid,Yellow,Broken,White
22,0,2,21.0,Driving,False,-41.801,-22.302,0.0,270.432,3.5,-43.551,-22.315,-40.051,-22.288,Broken,White,Solid,White
22,0,-2,22.0,Driving,False,-52.309,-21.381,0.0,90.432,3.5,-50.559,-21.368,-54.059,-21.394,Broken,White,Solid,White
22,0,-1,22.0,Driving,False,-48.809,-21.355,0.0,90.432,3.5,-47.059,-21.341,-50.559,-21.368,SolidSolid,Yellow,Broken,White
22,0,1,22.0,Driving,False,-45.309,-21.328,0.0,270.432,3.5,-47.059,-21.341,-43.559,-21.315,SolidSolid,Yellow,Broken,White
22,0,2,22.0,Driving,False,-41.809,-21.302,0.0,270.432,3.5,-43.559,-21.315,-40.059,-21.288,Broken,White,Solid,White
22,0,-2,23.0,Driving,False,-52.316,-20.381,0.0,90.432,3.5,-50.566,-20.368,-54.066,-20.394,Broken,White,Solid,White
22,0,-1,23.0,Driving,False,-48.816,-20.355,0.0,90.432,3.5,-47.066,-20.341,-50.566,-20.368,SolidSolid,Yellow,Broken,White
22,0,1,23.0,Driving,False,-45.316,-20.328,0.0,270.432,3.5,-47.066,-20.341,-43.566,-20.315,SolidSolid,Yellow,Broken,White
22,0,2,23.0,Driving,False,-41.816,-20.302,0.0,270.432,3.5,-43.566,-20.315,-40.066,-20.289,Broken,White,Solid,White
22,0,-2,24.0,Driving,False,-52.324,-19.381,0.0,90.432,3.5,-50.574,-19.368,-54.074,-19.394,Broken,White,Solid,White
22,0,-1,24.0,Driving,False,-48.824,-19.355,0.0,90.432,3.5,-47.074,-19.341,-50.574,-19.368,SolidSolid,Yellow,Broken,White
22,0,1,24.0,Driving,False,-45.324,-19.328,0.0,270.432,3.5,-47.074,-19.341,-43.574,-19.315,SolidSolid,Yellow,Broken,White
22,0,2,24.0,Driving,False,-41.824,-19.302,0.0,270.432,3.5,-43.574,-19.315,-40.074,-19.289,Broken,White,Solid,White
22,0,-2,25.0,Driving,False,-52.331,-18.381,0.0,90.432,3.5,-50.581,-18.368,-54.081,-18.394,Broken,White,Solid,White
22,0,-1,25.0,Driving,False,-48.831,-18.355,0.0,90.432,3.5,-47.081,-18.341,-50.581,-18.368,SolidSolid,Yellow,Broken,White
22,0,1,25.0,Driving,False,-45.331,-18.328,0.0,270.432,3.5,-47.081,-18.341,-43.581,-18.315,SolidSolid,Yellow,Broken,White
22,0,2,25.0,Driving,False,-41.832,-18.302,0.0,270.432,3.5,-43.581,-18.315,-40.082,-18.289,Broken,White,Solid,White
22,0,-2,26.0,Driving,False,-52.339,-17.381,0.0,90.432,3.5,-50.589,-17.368,-54.089,-17.394,Broken,White,Solid,White
22,0,-1,26.0,Driving,False,-48.839,-17.355,0.0,90.432,3.5,-47.089,-17.341,-50.589,-17.368,SolidSolid,Yellow,Broken,White
22,0,1,26.0,Driving,False,-45.339,-17.328,0.0,270.432,3.5,-47.089,-17.341,-43.589,-17.315,SolidSolid,Yellow,Broken,White
22,0,2,26.0,Driving,False,-41.839,-17.302,0.0,270.432,3.5,-43.589,-17.315,-40.089,-17.289,Broken,White,Solid,White
21,0,-2,0.0,Driving,False,57.404,28.344,0.0,0.159,3.5,57.409,26.594,57.399,30.094,Broken,White,Solid,White
21,0,-1,0.0,Driving,False,57.413,24.844,0.0,0.159,3.5,57.418,23.094,57.409,26.594,Solid,Yellow,Broken,White
21,0,4,0.0,Driving,False,57.436,16.844,0.0,180.159,3.5,57.431,18.594,57.44,15.094,Solid,Yellow,Broken,White
21,0,5,0.0,Driving,False,57.445,13.344,0.0,180.159,3.5,57.44,15.094,57.45,11.594,Broken,White,Solid,White
21,0,-2,1.0,Driving,False,58.404,28.346,0.0,0.159,3.5,58.409,26.596,58.399,30.096,Broken,White,Solid,White
21,0,-1,1.0,Driving,False,58.413,24.846,0.0,0.159,3.5,58.418,23.096,58.409,26.596,Solid,Yellow,Broken,White
21,0,4,1.0,Driving,False,58.436,16.846,0.0,180.159,3.5,58.431,18.596,58.44,15.096,Solid,Yellow,Broken,White
21,0,5,1.0,Driving,False,58.445,13.346,0.0,180.159,3.5,58.44,15.096,58.45,11.596,Broken,White,Solid,White
21,0,-2,2.0,Driving,False,59.404,28.349,0.0,0.159,3.5,59.409,26.599,59.399,30.099,Broken,White,Solid,White
21,0,-1,2.0,Driving,False,59.413,24.849,0.0,0.159,3.5,59.418,23.099,59.409,26.599,Solid,Yellow,Broken,White
21,0,4,2.0,Driving,False,59.436,16.849,0.0,180.159,3.5,59.431,18.599,59.44,15.099,Solid,Yellow,Broken,White
21,0,5,2.0,Driving,False,59.445,13.349,0.0,180.159,3.5,59.44,15.099,59.45,11.599,Broken,White,Solid,White
21,0,-2,3.0,Driving,False,60.404,28.352,0.0,0.159,3.5,60.408,26.602,60.399,30.102,Broken,White,Solid,White
21,0,-1,3.0,Driving,False,60.413,24.852,0.0,0.159,3.5,60.418,23.102,60.408,26.602,Solid,Yellow,Broken,White
21,0,4,3.0,Driving,False,60.436,16.852,0.0,180.159,3.5,60.431,18.602,60.44,15.102,Solid,Yellow,Broken,White
21,0,5,3.0,Driving,False,60.445,13.352,0.0,180.159,3.5,60.44,15.102,60.45,11.602,Broken,White,Solid,White
21,0,-2,4.0,Driving,False,61.404,28.355,0.0,0.159,3.5,61.408,26.605,61.399,30.105,Broken,White,Solid,White
21,0,-1,4.0,Driving,False,61.413,24.855,0.0,0.159,3.5,61.418,23.105,61.408,26.605,Solid,Yellow,Broken,White
21,0,4,4.0,Driving,False,61.436,16.855,0.0,180.159,3.5,61.431,18.605,61.44,15.105,Solid,Yellow,Broken,White
21,0,5,4.0,Driving,False,61.445,13.355,0.0,180.159,3.5,61.44,15.105,61.45,11.605,Broken,White,Solid,White
21,0,-2,5.0,Driving,False,62.404,28.357,0.0,0.159,3.5,62.408,26.607,62.399,30.107,Broken,White,Solid,White
21,0,-1,5.0,Driving,False,62.413,24.857,0.0,0.159,3.5,62.418,23.107,62.408,26.607,Solid,Yellow,Broken,White
21,0,4,5.0,Driving,False,62.436,16.857,0.0,180.159,3.5,62.431,18.607,62.44,15.107,Solid,Yellow,Broken,White
21,0,5,5.0,Driving,False,62.445,13.357,0.0,180.159,3.5,62.44,15.107,62.45,11.607,Broken,White,Solid,White
21,0,-2,6.0,Driving,False,63.404,28.36,0.0,0.159,3.5,63.408,26.61,63.399,30.11,Broken,White,Solid,White
21,0,-1,6.0,Driving,False,63.413,24.86,0.0,0.159,3.5,63.418,23.11,63.408,26.61,Solid,Yellow,Broken,White
21,0,4,6.0,Driving,False,63.436,16.86,0.0,180.159,3.5,63.431,18.61,63.44,15.11,Solid,Yellow,Broken,White
21,0,5,6.0,Driving,False,63.445,13.36,0.0,180.159,3.5,63.44,15.11,63.45,11.61,Broken,White,Solid,White
21,0,-2,7.0,Driving,False,64.404,28.363,0.0,0.159,3.5,64.408,26.613,64.399,30.113,Broken,White,Solid,White
21,0,-1,7.0,Driving,False,64.413,24.863,0.0,0.159,3.5,64.418,23.113,64.408,26.613,Solid,Yellow,Broken,White
21,0,4,7.0,Driving,False,64.436,16.863,0.0,180.159,3.5,64.431,18.613,64.44,15.113,Solid,Yellow,Broken,White
21,0,5,7.0,Driving,False,64.445,13.363,0.0,180.159,3.5,64.44,15.113,64.45,11.613,Broken,White,Solid,White
21,0,-2,8.0,Driving,False,65.404,28.366,0.0,0.159,3.5,65.408,26.616,65.399,30.116,Broken,White,Solid,White
21,0,-1,8.0,Driving,False,65.413,24.866,0.0,0.159,3.5,65.418,23.116,65.408,26.616,Solid,Yellow,Broken,White
21,0,4,8.0,Driving,False,65.436,16.866,0.0,180.159,3.5,65.431,18.616,65.44,15.116,Solid,Yellow,Broken,White
21,0,5,8.0,Driving,False,65.445,13.366,0.0,180.159,3.5,65.44,15.116,65.45,11.616,Broken,White,Solid,White
21,0,-2,9.0,Driving,False,66.404,28.369,0.0,0.159,3.5,66.408,26.619,66.399,30.119,Broken,White,Solid,White
21,0,-1,9.0,Driving,False,66.413,24.869,0.0,0.159,3.5,66.418,23.119,66.408,26.619,Solid,Yellow,Broken,White
21,0,4,9.0,Driving,False,66.436,16.869,0.0,180.159,3.5,66.431,18.619,66.44,15.119,Solid,Yellow,Broken,White
21,0,5,9.0,Driving,False,66.445,13.369,0.0,180.159,3.5,66.44,15.119,66.45,11.619,Broken,White,Solid,White
21,0,-2,10.0,Driving,False,67.404,28.371,0.0,0.159,3.5,67.408,26.621,67.399,30.121,Broken,White,Solid,White
21,0,-1,10.0,Driving,False,67.413,24.871,0.0,0.159,3.5,67.418,23.121,67.408,26.621,Solid,Yellow,Broken,White
21,0,4,10.0,Driving,False,67.436,16.871,0.0,180.159,3.5,67.431,18.621,67.44,15.121,Solid,Yellow,Broken,White
21,0,5,10.0,Driving,False,67.445,13.371,0.0,180.159,3.5,67.44,15.121,67.45,11.621,Broken,White,Solid,White
21,0,-2,11.0,Driving,False,68.404,28.374,0.0,0.159,3.5,68.408,26.624,68.399,30.124,Broken,White,Solid,White
21,0,-1,11.0,Driving,False,68.413,24.874,0.0,0.159,3.5,68.418,23.124,68.408,26.624,Solid,Yellow,Broken,White
21,0,4,11.0,Driving,False,68.436,16.874,0.0,180.159,3.5,68.431,18.624,68.44,15.124,Solid,Yellow,Broken,White
21,0,5,11.0,Driving,False,68.445,13.374,0.0,180.159,3.5,68.44,15.124,68.45,11.624,Broken,White,Solid,White
21,0,-2,12.0,Driving,False,69.404,28.377,0.0,0.159,3.5,69.408,26.627,69.399,30.127,Broken,White,Solid,White
21,0,-1,12.0,Driving,False,69.413,24.877,0.0,0.159,3.5,69.418,23.127,69.408,26.627,Solid,Yellow,Broken,White
21,0,4,12.0,Driving,False,69.436,16.877,0.0,180.159,3.5,69.431,18.627,69.44,15.127,Solid,Yellow,Broken,White
21,0,5,12.0,Driving,False,69.445,13.377,0.0,180.159,3.5,69.44,15.127,69.45,11.627,Broken,White,Solid,White
21,0,-2,13.0,Driving,False,70.404,28.38,0.0,0.159,3.5,70.408,26.63,70.399,30.13,Broken,White,Solid,White
21,0,-1,13.0,Driving,False,70.413,24.88,0.0,0.159,3.5,70.418,23.13,70.408,26.63,Solid,Yellow,Broken,White
21,0,4,13.0,Driving,False,70.436,16.88,0.0,180.159,3.5,70.431,18.63,70.44,15.13,Solid,Yellow,Broken,White
21,0,5,13.0,Driving,False,70.445,13.38,0.0,180.159,3.5,70.44,15.13,70.45,11.63,Broken,White,Solid,White
21,0,-2,14.0,Driving,False,71.404,28.382,0.0,0.159,3.5,71.408,26.632,71.399,30.132,Broken,White,Solid,White
21,0,-1,14.0,Driving,False,71.413,24.882,0.0,0.159,3.5,71.418,23.132,71.408,26.632,Solid,Yellow,Broken,White
21,0,4,14.0,Driving,False,71.436,16.882,0.0,180.159,3.5,71.431,18.632,71.44,15.132,Solid,Yellow,Broken,White
21,0,5,14.0,Driving,False,71.445,13.382,0.0,180.159,3.5,71.44,15.132,71.45,11.632,Broken,White,Solid,White
21,0,-2,15.0,Driving,False,72.404,28.385,0.0,0.159,3.5,72.408,26.635,72.399,30.135,Broken,White,Solid,White
21,0,-1,15.0,Driving,False,72.413,24.885,0.0,0.159,3.5,72.418,23.135,72.408,26.635,Solid,Yellow,Broken,White
21,0,4,15.0,Driving,False,72.436,16.885,0.0,180.159,3.5,72.431,18.635,72.44,15.135,Solid,Yellow,Broken,White
21,0,5,15.0,Driving,False,72.445,13.385,0.0,180.159,3.5,72.44,15.135,72.45,11.635,Broken,White,Solid,White
21,0,-2,16.0,Driving,False,73.404,28.388,0.0,0.159,3.5,73.408,26.638,73.399,30.138,Broken,White,Solid,White
21,0,-1,16.0,Driving,False,73.413,24.888,0.0,0.159,3.5,73.418,23.138,73.408,26.638,Solid,Yellow,Broken,White
21,0,4,16.0,Driving,False,73.436,16.888,0.0,180.159,3.5,73.431,18.638,73.44,15.138,Solid,Yellow,Broken,White
21,0,5,16.0,Driving,False,73.445,13.388,0.0,180.159,3.5,73.44,15.138,73.45,11.638,Broken,White,Solid,White
21,0,-2,17.0,Driving,False,74.404,28.391,0.0,0.159,3.5,74.408,26.641,74.399,30.141,Broken,White,Solid,White
21,0,-1,17.0,Driving,False,74.413,24.891,0.0,0.159,3.5,74.418,23.141,74.408,26.641,Solid,Yellow,Broken,White
21,0,4,17.0,Driving,False,74.436,16.891,0.0,180.159,3.5,74.431,18.641,74.44,15.141,Solid,Yellow,Broken,White
21,0,5,17.0,Driving,False,74.445,13.391,0.0,180.159,3.5,74.44,15.141,74.45,11.641,Broken,White,Solid,White
21,0,-2,18.0,Driving,False,75.404,28.394,0.0,0.159,3.5,75.408,26.644,75.399,30.144,Broken,White,Solid,White
21,0,-1,18.0,Driving,False,75.413,24.894,0.0,0.159,3.5,75.418,23.144,75.408,26.644,Solid,Yellow,Broken,White
21,0,4,18.0,Driving,False,75.436,16.894,0.0,180.159,3.5,75.431,18.644,75.44,15.144,Solid,Yellow,Broken,White
21,0,5,18.0,Driving,False,75.445,13.394,0.0,180.159,3.5,75.44,15.144,75.45,11.644,Broken,White,Solid,White
21,0,-2,19.0,Driving,False,76.404,28.396,0.0,0.159,3.5,76.408,26.646,76.399,30.146,Broken,White,Solid,White
21,0,-1,19.0,Driving,False,76.413,24.896,0.0,0.159,3.5,76.418,23.146,76.408,26.646,Solid,Yellow,Broken,White
21,0,4,19.0,Driving,False,76.436,16.896,0.0,180.159,3.5,76.431,18.646,76.44,15.146,Solid,Yellow,Broken,White
21,0,5,19.0,Driving,False,76.445,13.396,0.0,180.159,3.5,76.44,15.146,76.45,11.646,Broken,White,Solid,White
21,0,-2,20.0,Driving,False,77.404,28.399,0.0,0.159,3.5,77.408,26.649,77.399,30.149,Broken,White,Solid,White
21,0,-1,20.0,Driving,False,77.413,24.899,0.0,0.159,3.5,77.418,23.149,77.408,26.649,Solid,Yellow,Broken,White
21,0,4,20.0,Driving,False,77.436,16.899,0.0,180.159,3.5,77.431,18.649,77.44,15.149,Solid,Yellow,Broken,White
21,0,5,20.0,Driving,False,77.445,13.399,0.0,180.159,3.5,77.44,15.149,77.45,11.649,Broken,White,Solid,White
21,0,-2,21.0,Driving,False,78.404,28.402,0.0,0.159,3.5,78.408,26.652,78.399,30.152,Broken,White,Solid,White
21,0,-1,21.0,Driving,False,78.413,24.902,0.0,0.159,3.5,78.418,23.152,78.408,26.652,Solid,Yellow,Broken,White
21,0,4,21.0,Driving,False,78.436,16.902,0.0,180.159,3.5,78.431,18.652,78.44,15.152,Solid,Yellow,Broken,White
21,0,5,21.0,Driving,False,78.445,13.402,0.0,180.159,3.5,78.44,15.152,78.45,11.652,Broken,White,Solid,White
21,0,-2,22.0,Driving,False,79.404,28.405,0.0,0.159,3.5,79.408,26.655,79.399,30.155,Broken,White,Solid,White
21,0,-1,22.0,Driving,False,79.413,24.905,0.0,0.159,3.5,79.418,23.155,79.408,26.655,Solid,Yellow,Broken,White
21,0,4,22.0,Driving,False,79.436,16.905,0.0,180.159,3.5,79.431,18.655,79.44,15.155,Solid,Yellow,Broken,White
21,0,5,22.0,Driving,False,79.445,13.405,0.0,180.159,3.5,79.44,15.155,79.45,11.655,Broken,White,Solid,White
21,0,-2,23.0,Driving,False,80.404,28.407,0.0,0.159,3.5,80.408,26.657,80.399,30.157,Broken,White,Solid,White
21,0,-1,23.0,Driving,False,80.413,24.907,0.0,0.159,3.5,80.418,23.157,80.408,26.657,Solid,Yellow,Broken,White
21,0,4,23.0,Driving,False,80.436,16.907,0.0,180.159,3.5,80.431,18.657,80.44,15.157,Solid,Yellow,Broken,White
21,0,5,23.0,Driving,False,80.445,13.407,0.0,180.159,3.5,80.44,15.157,80.45,11.658,Broken,White,Solid,White
21,0,-2,24.0,Driving,False,81.404,28.41,0.0,0.159,3.5,81.408,26.66,81.399,30.16,Broken,White,Solid,White
21,0,-1,24.0,Driving,False,81.413,24.91,0.0,0.159,3.5,81.418,23.16,81.408,26.66,Solid,Yellow,Broken,White
21,0,4,24.0,Driving,False,81.436,16.91,0.0,180.159,3.5,81.431,18.66,81.44,15.16,Solid,Yellow,Broken,White
21,0,5,24.0,Driving,False,81.445,13.41,0.0,180.159,3.5,81.44,15.16,81.45,11.66,Broken,White,Solid,White
21,0,-2,25.0,Driving,False,82.404,28.413,0.0,0.159,3.5,82.408,26.663,82.399,30.163,Broken,White,Solid,White
21,0,-1,25.0,Driving,False,82.413,24.913,0.0,0.159,3.5,82.418,23.163,82.408,26.663,Solid,Yellow,Broken,White
21,0,4,25.0,Driving,False,82.436,16.913,0.0,180.159,3.5,82.431,18.663,82.44,15.163,Solid,Yellow,Broken,White
21,0,5,25.0,Driving,False,82.445,13.413,0.0,180.159,3.5,82.44,15.163,82.45,11.663,Broken,White,Solid,White
375,0,1,0.0,Driving,True,-28.716,24.604,0.0,0.159,3.5,-28.711,22.854,-28.721,26.354,Solid,Yellow,Broken,White
375,0,1,1.0,Driving,True,-29.716,24.601,0.0,0.159,3.5,-29.711,22.851,-29.721,26.351,Solid,Yellow,Broken,White
375,0,1,2.0,Driving,True,-30.717,24.599,0.0,0.159,3.5,-30.712,22.849,-30.721,26.349,NONE,White,NONE,White
375,0,1,3.0,Driving,True,-31.782,24.585,0.0,2.301,3.5,-31.712,22.836,-31.852,26.334,NONE,White,NONE,White
375,0,1,4.0,Driving,True,-32.908,24.498,0.0,6.541,3.5,-32.708,22.759,-33.107,26.237,NONE,White,NONE,White
375,0,1,5.0,Driving,True,-34.024,24.328,0.0,10.78,3.5,-33.697,22.609,-34.351,26.047,NONE,White,NONE,White
375,0,1,6.0,Driving,True,-35.125,24.076,0.0,15.02,3.5,-34.671,22.386,-35.578,25.766,NONE,White,NONE,White
375,0,1,7.0,Driving,True,-36.204,23.743,0.0,19.26,3.5,-35.627,22.091,-36.781,25.395,NONE,White,NONE,White
375,0,1,8.0,Driving,True,-37.255,23.331,0.0,23.5,3.5,-36.558,21.727,-37.953,24.936,NONE,White,NONE,White
375,0,1,9.0,Driving,True,-38.274,22.843,0.0,27.739,3.5,-37.459,21.294,-39.088,24.392,NONE,White,NONE,White
375,0,1,10.0,Driving,True,-39.253,22.281,0.0,31.979,3.5,-38.326,20.797,-40.18,23.765,NONE,White,NONE,White
375,0,1,11.0,Driving,True,-40.188,21.648,0.0,36.219,3.5,-39.154,20.236,-41.222,23.06,NONE,White,NONE,White
375,0,1,12.0,Driving,True,-41.074,20.947,0.0,40.459,3.5,-39.938,19.616,-42.209,22.279,NONE,White,NONE,White
375,0,1,13.0,Driving,True,-41.905,20.183,0.0,44.698,3.5,-40.674,18.939,-43.136,21.427,NONE,White,NONE,White
375,0,1,14.0,Driving,True,-42.678,19.36,0.0,48.938,3.5,-41.359,18.21,-43.998,20.509,NONE,White,NONE,White
375,0,1,15.0,Driving,True,-43.388,18.482,0.0,53.178,3.5,-41.987,17.433,-44.789,19.53,NONE,White,NONE,White
375,0,1,16.0,Driving,True,-44.031,17.553,0.0,57.418,3.5,-42.556,16.611,-45.505,18.496,NONE,White,NONE,White
375,0,1,17.0,Driving,True,-44.603,16.58,0.0,61.657,3.5,-43.063,15.749,-46.143,17.411,NONE,White,NONE,White
375,0,1,18.0,Driving,True,-45.102,15.567,0.0,65.897,3.5,-43.505,14.852,-46.7,16.281,NONE,White,NONE,White
375,0,1,19.0,Driving,True,-45.525,14.52,0.0,70.137,3.5,-43.879,13.925,-47.171,15.114,NONE,White,NONE,White
375,0,1,20.0,Driving,True,-45.859,13.515,0.0,72.059,3.5,-44.194,12.976,-47.524,14.054,NONE,White,NONE,White
375,0,1,21.0,Driving,True,-46.167,12.564,0.0,72.059,3.5,-44.502,12.025,-47.832,13.103,NONE,White,NONE,White
375,0,1,22.0,Driving,True,-46.475,11.612,0.0,72.059,3.5,-44.81,11.073,-48.14,12.152,NONE,White,NONE,White
375,0,1,23.0,Driving,True,-46.783,10.661,0.0,72.059,3.5,-45.118,10.122,-48.448,11.2,NONE,White,NONE,White
375,0,1,24.0,Driving,True,-47.095,9.681,0.0,72.989,3.5,-45.422,9.169,-48.769,10.193,NONE,White,NONE,White
375,0,1,25.0,Driving,True,-47.388,8.676,0.0,74.518,3.5,-45.701,8.209,-49.074,9.143,NONE,White,NONE,White
375,0,1,26.0,Driving,True,-47.654,7.664,0.0,76.046,3.5,-45.956,7.242,-49.352,8.086,NONE,White,NONE,White
375,0,1,27.0,Driving,True,-47.893,6.645,0.0,77.575,3.5,-46.184,6.268,-49.602,7.021,NONE,White,NONE,White
375,0,1,28.0,Driving,True,-48.104,5.62,0.0,79.104,3.5,-46.386,5.289,-49.823,5.951,NONE,White,NONE,White
375,0,1,29.0,Driving,True,-48.288,4.589,0.0,80.633,3.5,-46.562,4.305,-50.015,4.874,NONE,White,NONE,White
375,0,1,30.0,Driving,True,-48.445,3.555,0.0,82.162,3.5,-46.711,3.316,-50.179,3.793,NONE,White,NONE,White
375,0,1,31.0,Driving,True,-48.574,2.516,0.0,83.691,3.5,-46.834,2.324,-50.313,2.708,NONE,White,NONE,White
375,0,1,32.0,Driving,True,-48.675,1.474,0.0,85.22,3.5,-46.931,1.328,-50.419,1.62,NONE,White,NONE,White
375,0,1,33.0,Driving,True,-48.748,0.43,0.0,86.748,3.5,-47.001,0.331,-50.495,0.529,NONE,White,NONE,White
375,0,1,34.0,Driving,True,-48.794,-0.616,0.0,88.277,3.5,-47.044,-0.668,-50.543,-0.563,NONE,White,NONE,White
375,0,1,35.0,Driving,True,-48.811,-1.662,0.0,89.806,3.5,-47.061,-1.668,-50.561,-1.656,NONE,White,NONE,White
811,0,1,0.0,Driving,True,-88.686,27.938,0.0,0.159,3.5,-88.681,26.188,-88.691,29.688,Broken,White,Solid,White
811,0,1,1.0,Driving,True,-89.686,27.935,0.0,0.159,3.5,-89.681,26.185,-89.691,29.685,Broken,White,Solid,White
811,0,1,2.0,Driving,True,-90.686,27.932,0.0,0.159,3.5,-90.681,26.182,-90.691,29.682,NONE,White,NONE,White
811,0,1,3.0,Driving,True,-91.686,27.929,0.0,0.159,3.5,-91.681,26.179,-91.691,29.679,NONE,White,NONE,White
811,0,1,4.0,Driving,True,-92.686,27.927,0.0,0.159,3.5,-92.681,26.177,-92.691,29.676,NONE,White,NONE,White
811,0,1,5.0,Driving,True,-93.686,27.924,0.0,0.159,3.5,-93.681,26.174,-93.691,29.674,NONE,White,NONE,White
811,0,1,6.0,Driving,True,-94.686,27.921,0.0,0.159,3.5,-94.681,26.171,-94.691,29.671,NONE,White,NONE,White
811,0,1,7.0,Driving,True,-95.749,27.907,0.0,2.238,3.5,-95.681,26.159,-95.818,29.656,NONE,White,NONE,White
811,0,1,8.0,Driving,True,-96.867,27.825,0.0,6.193,3.5,-96.678,26.085,-97.056,29.565,NONE,White,NONE,White
811,0,1,9.0,Driving,True,-97.976,27.666,0.0,10.147,3.5,-97.668,25.943,-98.284,29.388,NONE,White,NONE,White
811,0,1,10.0,Driving,True,-99.072,27.43,0.0,14.101,3.5,-98.645,25.733,-99.498,29.128,NONE,White,NONE,White
811,0,1,11.0,Driving,True,-100.148,27.12,0.0,18.055,3.5,-99.606,25.456,-100.691,28.784,NONE,White,NONE,White
811,0,1,12.0,Driving,True,-101.201,26.736,0.0,22.01,3.5,-100.545,25.114,-101.857,28.359,NONE,White,NONE,White
811,0,1,13.0,Driving,True,-102.225,26.281,0.0,25.964,3.5,-101.459,24.707,-102.991,27.854,NONE,White,NONE,White
811,0,1,14.0,Driving,True,-103.215,25.756,0.0,29.918,3.5,-102.342,24.239,-104.088,27.272,NONE,White,NONE,White
811,0,1,15.0,Driving,True,-104.166,25.164,0.0,33.872,3.5,-103.191,23.711,-105.142,26.617,NONE,White,NONE,White
811,0,1,16.0,Driving,True,-105.074,24.507,0.0,37.826,3.5,-104.001,23.125,-106.148,25.89,NONE,White,NONE,White
811,0,1,17.0,Driving,True,-105.939,23.786,0.0,41.955,3.5,-104.769,22.485,-107.109,25.088,NONE,White,NONE,White
811,0,1,18.0,Driving,True,-106.76,22.982,0.0,46.855,3.5,-105.483,21.785,-108.037,24.179,NONE,White,NONE,White
811,0,1,19.0,Driving,True,-107.51,22.111,0.0,51.754,3.5,-106.135,21.027,-108.884,23.194,NONE,White,NONE,White
811,0,1,20.0,Driving,True,-108.182,21.178,0.0,56.654,3.5,-106.72,20.216,-109.644,22.14,NONE,White,NONE,White
811,0,1,21.0,Driving,True,-108.772,20.192,0.0,61.554,3.5,-107.233,19.359,-110.311,21.026,NONE,White,NONE,White
811,0,1,22.0,Driving,True,-109.276,19.159,0.0,66.454,3.5,-107.671,18.46,-110.88,19.858,NONE,White,NONE,White
811,0,1,23.0,Driving,True,-109.689,18.087,0.0,71.354,3.5,-108.031,17.527,-111.348,18.646,NONE,White,NONE,White
811,0,1,24.0,Driving,True,-110.01,16.983,0.0,76.253,3.5,-108.31,16.567,-111.71,17.399,NONE,White,NONE,White
811,0,1,25.0,Driving,True,-110.235,15.856,0.0,81.153,3.5,-108.506,15.587,-111.964,16.125,NONE,White,NONE,White
811,0,1,26.0,Driving,True,-110.363,14.714,0.0,86.053,3.5,-108.617,14.594,-112.109,14.834,NONE,White,NONE,White
811,0,1,27.0,Driving,True,-110.394,13.575,0.0,90.642,3.5,-108.644,13.594,-112.143,13.555,NONE,White,NONE,White
811,0,1,28.0,Driving,True,-110.382,12.575,0.0,90.642,3.5,-108.632,12.594,-112.132,12.555,NONE,White,NONE,White
811,0,1,29.0,Driving,True,-110.371,11.575,0.0,90.642,3.5,-108.621,11.594,-112.121,11.555,NONE,White,NONE,White
811,0,1,30.0,Driving,True,-110.36,10.575,0.0,90.642,3.5,-108.61,10.594,-112.11,10.555,NONE,White,NONE,White
811,0,1,31.0,Driving,True,-110.349,9.575,0.0,90.642,3.5,-108.599,9.594,-112.099,9.555,NONE,White,NONE,White
811,0,1,32.0,Driving,True,-110.337,8.575,0.0,90.642,3.5,-108.588,8.594,-112.087,8.555,NONE,White,NONE,White
811,0,1,33.0,Driving,True,-110.326,7.575,0.0,90.642,3.5,-108.576,7.595,-112.076,7.555,NONE,White,NONE,White
811,0,1,34.0,Driving,True,-110.315,6.575,0.0,90.642,3.5,-108.565,6.595,-112.065,6.555,NONE,White,NONE,White
811,0,1,35.0,Driving,True,-110.304,5.575,0.0,90.642,3.5,-108.554,5.595,-112.054,5.555,NONE,White,NONE,White
811,0,1,36.0,Driving,True,-110.293,4.575,0.0,90.642,3.5,-108.543,4.595,-112.043,4.556,NONE,White,NONE,White
811,0,1,37.0,Driving,True,-110.281,3.575,0.0,90.642,3.5,-108.532,3.595,-112.031,3.556,NONE,White,NONE,White
811,0,1,38.0,Driving,True,-110.27,2.575,0.0,90.642,3.5,-108.52,2.595,-112.02,2.556,NONE,White,NONE,White
811,0,1,39.0,Driving,True,-110.259,1.575,0.0,90.642,3.5,-108.509,1.595,-112.009,1.556,NONE,White,NONE,White
811,0,1,40.0,Driving,True,-110.248,0.575,0.0,90.642,3.5,-108.498,0.595,-111.998,0.556,NONE,White,NONE,White
811,0,1,41.0,Driving,True,-110.237,-0.425,0.0,90.642,3.5,-108.487,-0.405,-111.986,-0.444,NONE,White,NONE,White
811,0,1,42.0,Driving,True,-110.225,-1.424,0.0,-269.358,3.5,-108.475,-1.405,-111.975,-1.444,SolidSolid,Yellow,Broken,White
675,0,-2,0.0,Driving,True,109.3,82.962,0.0,-449.609,3.5,107.55,82.951,111.05,82.974,Broken,White,Solid,White
675,0,-1,0.0,Driving,True,105.801,82.939,0.0,-449.609,3.5,104.051,82.927,107.55,82.951,SolidSolid,Yellow,Broken,White
675,0,-2,1.0,Driving,True,109.307,81.962,0.0,-449.609,3.5,107.557,81.951,111.057,81.974,Broken,White,Solid,White
675,0,-1,1.0,Driving,True,105.807,81.939,0.0,-449.609,3.5,104.057,81.927,107.557,81.951,SolidSolid,Yellow,Broken,White
675,0,-2,2.0,Driving,True,109.314,80.963,0.0,-449.609,3.5,107.564,80.951,111.064,80.974,Broken,White,Solid,White
675,0,-1,2.0,Driving,True,105.814,80.939,0.0,-449.609,3.5,104.064,80.927,107.564,80.951,SolidSolid,Yellow,Broken,White
675,0,-2,3.0,Driving,True,109.321,79.963,0.0,-449.609,3.5,107.571,79.951,111.071,79.974,Broken,White,Solid,White
675,0,-1,3.0,Driving,True,105.821,79.939,0.0,-449.609,3.5,104.071,79.927,107.571,79.951,SolidSolid,Yellow,Broken,White
675,0,-2,4.0,Driving,True,109.328,78.963,0.0,-449.609,3.5,107.578,78.951,111.078,78.974,Broken,White,Solid,White
675,0,-1,4.0,Driving,True,105.828,78.939,0.0,-449.609,3.5,104.078,78.927,107.578,78.951,SolidSolid,Yellow,Broken,White
675,0,-2,5.0,Driving,True,109.335,77.963,0.0,-449.609,3.5,107.585,77.951,111.084,77.975,Broken,White,Solid,White
675,0,-1,5.0,Driving,True,105.835,77.939,0.0,-449.609,3.5,104.085,77.927,107.585,77.951,SolidSolid,Yellow,Broken,White
675,0,-2,6.0,Driving,True,109.341,76.963,0.0,-449.609,3.5,107.591,76.951,111.091,76.975,Broken,White,Solid,White
675,0,-1,6.0,Driving,True,105.841,76.939,0.0,-449.609,3.5,104.091,76.927,107.591,76.951,SolidSolid,Yellow,Broken,White
675,0,-2,7.0,Driving,True,109.348,75.963,0.0,-449.609,3.5,107.598,75.951,111.098,75.975,Broken,White,Solid,White
675,0,-1,7.0,Driving,True,105.848,75.939,0.0,-449.609,3.5,104.098,75.927,107.598,75.951,SolidSolid,Yellow,Broken,White
675,0,-2,8.0,Driving,True,109.355,74.963,0.0,-449.609,3.5,107.605,74.951,111.105,74.975,Broken,White,Solid,White
675,0,-1,8.0,Driving,True,105.855,74.939,0.0,-449.609,3.5,104.105,74.927,107.605,74.951,SolidSolid,Yellow,Broken,White
675,0,-2,9.0,Driving,True,109.362,73.963,0.0,-449.609,3.5,107.612,73.951,111.112,73.975,Broken,White,Solid,White
675,0,-1,9.0,Driving,True,105.862,73.939,0.0,-449.609,3.5,104.112,73.927,107.612,73.951,SolidSolid,Yellow,Broken,White
675,0,-2,10.0,Driving,True,109.369,72.963,0.0,-449.609,3.5,107.619,72.951,111.119,72.975,Broken,White,Solid,White
675,0,-1,10.0,Driving,True,105.869,72.939,0.0,-449.609,3.5,104.119,72.927,107.619,72.951,SolidSolid,Yellow,Broken,White
675,0,-2,11.0,Driving,True,109.375,71.963,0.0,-449.609,3.5,107.625,71.951,111.125,71.975,Broken,White,Solid,White
675,0,-1,11.0,Driving,True,105.876,71.939,0.0,-449.609,3.5,104.126,71.927,107.625,71.951,SolidSolid,Yellow,Broken,White
675,0,-2,12.0,Driving,True,109.382,70.963,0.0,-449.609,3.5,107.632,70.951,111.132,70.975,Broken,White,Solid,White
675,0,-1,12.0,Driving,True,105.882,70.939,0.0,-449.609,3.5,104.132,70.927,107.632,70.951,SolidSolid,Yellow,Broken,White
675,0,-2,13.0,Driving,True,109.389,69.963,0.0,-449.609,3.5,107.639,69.951,111.139,69.975,Broken,White,Solid,White
675,0,-1,13.0,Driving,True,105.889,69.939,0.0,-449.609,3.5,104.139,69.927,107.639,69.951,SolidSolid,Yellow,Broken,White
675,0,-2,14.0,Driving,True,109.396,68.963,0.0,-449.609,3.5,107.646,68.951,111.146,68.975,Broken,White,Solid,White
675,0,-1,14.0,Driving,True,105.896,68.939,0.0,-449.609,3.5,104.146,68.927,107.646,68.951,SolidSolid,Yellow,Broken,White
675,0,-2,15.0,Driving,True,109.403,67.963,0.0,-449.609,3.5,107.653,67.951,111.153,67.975,Broken,White,Solid,White
675,0,-1,15.0,Driving,True,105.903,67.939,0.0,-449.609,3.5,104.153,67.927,107.653,67.951,SolidSolid,Yellow,Broken,White
675,0,-2,16.0,Driving,True,109.41,66.963,0.0,-449.609,3.5,107.66,66.951,111.159,66.975,Broken,White,Solid,White
675,0,-1,16.0,Driving,True,105.91,66.939,0.0,-449.609,3.5,104.16,66.927,107.66,66.951,SolidSolid,Yellow,Broken,White
675,0,-2,17.0,Driving,True,109.416,65.963,0.0,-449.609,3.5,107.666,65.951,111.166,65.975,Broken,White,Solid,White
675,0,-1,17.0,Driving,True,105.916,65.939,0.0,-449.609,3.5,104.166,65.927,107.666,65.951,SolidSolid,Yellow,Broken,White
675,0,-2,18.0,Driving,True,109.423,64.963,0.0,-449.609,3.5,107.673,64.951,111.173,64.975,Broken,White,Solid,White
675,0,-1,18.0,Driving,True,105.923,64.939,0.0,-449.609,3.5,104.173,64.927,107.673,64.951,SolidSolid,Yellow,Broken,White
675,0,-2,19.0,Driving,True,109.43,63.963,0.0,-449.609,3.5,107.68,63.951,111.18,63.975,Broken,White,Solid,White
675,0,-1,19.0,Driving,True,105.93,63.939,0.0,-449.609,3.5,104.18,63.927,107.68,63.951,SolidSolid,Yellow,Broken,White
675,0,-2,20.0,Driving,True,109.437,62.963,0.0,-449.609,3.5,107.687,62.951,111.187,62.975,Broken,White,Solid,White
675,0,-1,20.0,Driving,True,105.937,62.939,0.0,-449.609,3.5,104.187,62.927,107.687,62.951,SolidSolid,Yellow,Broken,White
675,0,-2,21.0,Driving,True,109.444,61.963,0.0,-449.609,3.5,107.694,61.951,111.194,61.975,Broken,White,Solid,White
675,0,-1,21.0,Driving,True,105.944,61.939,0.0,-449.609,3.5,104.194,61.927,107.694,61.951,SolidSolid,Yellow,Broken,White
675,0,-2,22.0,Driving,True,109.45,60.963,0.0,-449.609,3.5,107.7,60.951,111.2,60.975,Broken,White,Solid,White
675,0,-1,22.0,Driving,True,105.951,60.939,0.0,-449.609,3.5,104.201,60.927,107.7,60.951,SolidSolid,Yellow,Broken,White
675,0,-2,23.0,Driving,True,109.457,59.963,0.0,-449.609,3.5,107.707,59.951,111.207,59.975,Broken,White,Solid,White
675,0,-1,23.0,Driving,True,105.957,59.939,0.0,-449.609,3.5,104.207,59.927,107.707,59.951,SolidSolid,Yellow,Broken,White
675,0,-2,24.0,Driving,True,109.464,58.963,0.0,-449.609,3.5,107.714,58.951,111.214,58.975,Broken,White,Solid,White
675,0,-1,24.0,Driving,True,105.964,58.939,0.0,-449.609,3.5,104.214,58.927,107.714,58.951,SolidSolid,Yellow,Broken,White
675,0,-2,25.0,Driving,True,109.471,57.963,0.0,-449.609,3.5,107.721,57.951,111.221,57.975,Broken,White,Solid,White
675,0,-1,25.0,Driving,True,105.971,57.939,0.0,-449.609,3.5,104.221,57.927,107.721,57.951,SolidSolid,Yellow,Broken,White
675,0,-2,26.0,Driving,True,109.478,56.963,0.0,-449.609,3.5,107.728,56.951,111.228,56.975,Broken,White,Solid,White
675,0,-1,26.0,Driving,True,105.978,56.939,0.0,-449.609,3.5,104.228,56.927,107.728,56.951,SolidSolid,Yellow,Broken,White
675,0,-2,27.0,Driving,True,109.485,55.963,0.0,-449.609,3.5,107.735,55.951,111.235,55.975,Broken,White,Solid,White
675,0,-1,27.0,Driving,True,105.985,55.939,0.0,-449.609,3.5,104.235,55.927,107.735,55.951,SolidSolid,Yellow,Broken,White
675,0,-2,28.0,Driving,True,109.491,54.963,0.0,-449.609,3.5,107.741,54.951,111.241,54.975,Broken,White,Solid,White
675,0,-1,28.0,Driving,True,105.991,54.939,0.0,-449.609,3.5,104.241,54.927,107.741,54.951,SolidSolid,Yellow,Broken,White
675,0,-2,29.0,Driving,True,109.498,53.963,0.0,-449.609,3.5,107.748,53.951,111.248,53.975,Broken,White,Solid,White
675,0,-1,29.0,Driving,True,105.998,53.939,0.0,-449.609,3.5,104.248,53.927,107.748,53.951,SolidSolid,Yellow,Broken,White
655,0,1,0.0,Driving,True,83.075,13.415,0.0,-179.841,3.5,83.07,15.165,83.08,11.665,Broken,White,Solid,White
655,0,1,1.0,Driving,True,84.075,13.418,0.0,-179.841,3.5,84.07,15.168,84.08,11.668,Broken,White,Solid,White
655,0,1,2.0,Driving,True,85.03,13.415,0.0,-181.318,3.5,85.07,15.164,84.99,11.665,NONE,White,NONE,White
655,0,1,3.0,Driving,True,85.933,13.369,0.0,-184.444,3.5,86.069,15.114,85.798,11.625,NONE,White,NONE,White
655,0,1,4.0,Driving,True,86.833,13.275,0.0,-187.57,3.5,87.063,15.009,86.602,11.54,NONE,White,NONE,White
655,0,1,5.0,Driving,True,87.726,13.131,0.0,-190.696,3.5,88.051,14.851,87.401,11.411,NONE,White,NONE,White
655,0,1,6.0,Driving,True,88.61,12.939,0.0,-193.821,3.5,89.028,14.638,88.192,11.24,NONE,White,NONE,White
655,0,1,7.0,Driving,True,89.482,12.699,0.0,-196.947,3.5,89.992,14.373,88.972,11.025,NONE,White,NONE,White
655,0,1,8.0,Driving,True,90.339,12.412,0.0,-200.073,3.5,90.94,14.056,89.739,10.768,NONE,White,NONE,White
655,0,1,9.0,Driving,True,91.18,12.079,0.0,-203.199,3.5,91.869,13.687,90.491,10.47,NONE,White,NONE,White
655,0,1,10.0,Driving,True,92.001,11.7,0.0,-206.324,3.5,92.777,13.268,91.225,10.131,NONE,White,NONE,White
655,0,1,11.0,Driving,True,92.801,11.277,0.0,-209.45,3.5,93.661,12.801,91.94,9.753,NONE,White,NONE,White
655,0,1,12.0,Driving,True,93.576,10.811,0.0,-212.576,3.5,94.518,12.285,92.634,9.336,NONE,White,NONE,White
655,0,1,13.0,Driving,True,94.324,10.303,0.0,-215.702,3.5,95.346,11.724,93.303,8.882,NONE,White,NONE,White
655,0,1,14.0,Driving,True,95.04,9.758,0.0,141.023,3.5,96.141,11.119,93.94,8.398,NONE,White,NONE,White
655,0,1,15.0,Driving,True,95.695,9.187,0.0,136.746,3.5,96.894,10.461,94.496,7.912,NONE,White,NONE,White
655,0,1,16.0,Driving,True,96.306,8.568,0.0,132.469,3.5,97.597,9.749,95.015,7.386,NONE,White,NONE,White
655,0,1,17.0,Driving,True,96.868,7.905,0.0,128.192,3.5,98.244,8.987,95.493,6.823,NONE,White,NONE,White
655,0,1,18.0,Driving,True,97.38,7.203,0.0,123.914,3.5,98.832,8.179,95.927,6.226,NONE,White,NONE,White
655,0,1,19.0,Driving,True,97.837,6.464,0.0,119.637,3.5,99.358,7.329,96.316,5.598,NONE,White,NONE,White
655,0,1,20.0,Driving,True,98.239,5.693,0.0,115.36,3.5,99.82,6.442,96.657,4.943,NONE,White,NONE,White
655,0,1,21.0,Driving,True,98.581,4.894,0.0,111.082,3.5,100.214,5.524,96.949,4.265,NONE,White,NONE,White
655,0,1,22.0,Driving,True,98.864,4.072,0.0,106.805,3.5,100.539,4.578,97.188,3.566,NONE,White,NONE,White
655,0,1,23.0,Driving,True,99.084,3.231,0.0,102.528,3.5,100.792,3.611,97.375,2.852,NONE,White,NONE,White
655,0,1,24.0,Driving,True,99.24,2.376,0.0,98.251,3.5,100.972,2.627,97.508,2.125,NONE,White,NONE,White
655,0,1,25.0,Driving,True,99.333,1.512,0.0,93.973,3.5,101.079,1.633,97.587,1.391,NONE,White,NONE,White
655,0,1,26.0,Driving,True,99.362,0.622,0.0,90.391,3.5,101.112,0.634,97.612,0.61,NONE,White,NONE,White
655,0,1,27.0,Driving,True,99.369,-0.378,0.0,90.391,3.5,101.119,-0.366,97.619,-0.39,NONE,White,NONE,White
655,0,1,28.0,Driving,True,99.375,-1.378,0.0,90.391,3.5,101.125,-1.366,97.625,-1.39,NONE,White,NONE,White
655,0,1,29.0,Driving,True,99.382,-2.378,0.0,90.391,3.5,101.132,-2.366,97.632,-2.39,NONE,White,NONE,White
655,0,1,30.0,Driving,True,99.389,-3.378,0.0,90.391,3.5,101.139,-3.366,97.639,-3.39,NONE,White,NONE,White
655,0,1,31.0,Driving,True,99.396,-4.377,0.0,-269.609,3.5,101.146,-4.365,97.646,-4.389,Broken,White,Solid,White
20,0,-2,0.0,Driving,False,-28.726,28.104,0.0,0.159,3.5,-28.721,26.354,-28.731,29.854,Broken,White,Solid,White
20,0,-1,0.0,Driving,False,-28.716,24.604,0.0,0.159,3.5,-28.711,22.854,-28.721,26.354,Solid,Yellow,Broken,White
20,0,4,0.0,Driving,False,-28.694,16.604,0.0,180.159,3.5,-28.699,18.354,-28.689,14.854,Solid,Yellow,Broken,White
20,0,5,0.0,Driving,False,-28.684,13.104,0.0,180.159,3.5,-28.689,14.854,-28.679,11.354,Broken,White,Solid,White
20,0,-2,1.0,Driving,False,-27.726,28.107,0.0,0.159,3.5,-27.721,26.357,-27.731,29.857,Broken,White,Solid,White
20,0,-1,1.0,Driving,False,-27.716,24.607,0.0,0.159,3.5,-27.711,22.857,-27.721,26.357,Solid,Yellow,Broken,White
20,0,4,1.0,Driving,False,-27.694,16.607,0.0,180.159,3.5,-27.699,18.357,-27.689,14.857,Solid,Yellow,Broken,White
20,0,5,1.0,Driving,False,-27.684,13.107,0.0,180.159,3.5,-27.689,14.857,-27.679,11.357,Broken,White,Solid,White
20,0,-2,2.0,Driving,False,-26.726,28.11,0.0,0.159,3.5,-26.721,26.36,-26.731,29.86,Broken,White,Solid,White
20,0,-1,2.0,Driving,False,-26.716,24.61,0.0,0.159,3.5,-26.711,22.86,-26.721,26.36,Solid,Yellow,Broken,White
20,0,4,2.0,Driving,False,-26.694,16.61,0.0,180.159,3.5,-26.699,18.36,-26.689,14.86,Solid,Yellow,Broken,White
20,0,5,2.0,Driving,False,-26.684,13.11,0.0,180.159,3.5,-26.689,14.86,-26.679,11.36,Broken,White,Solid,White
20,0,-2,3.0,Driving,False,-25.726,28.113,0.0,0.159,3.5,-25.721,26.363,-25.731,29.863,Broken,White,Solid,White
20,0,-1,3.0,Driving,False,-25.716,24.613,0.0,0.159,3.5,-25.711,22.863,-25.721,26.363,Solid,Yellow,Broken,White
20,0,4,3.0,Driving,False,-25.694,16.613,0.0,180.159,3.5,-25.699,18.363,-25.689,14.863,Solid,Yellow,Broken,White
20,0,5,3.0,Driving,False,-25.684,13.113,0.0,180.159,3.5,-25.689,14.863,-25.679,11.363,Broken,White,Solid,White
20,0,-2,4.0,Driving,False,-24.726,28.115,0.0,0.159,3.5,-24.721,26.365,-24.731,29.865,Broken,White,Solid,White
20,0,-1,4.0,Driving,False,-24.716,24.615,0.0,0.159,3.5,-24.711,22.865,-24.721,26.365,Solid,Yellow,Broken,White
20,0,4,4.0,Driving,False,-24.694,16.615,0.0,180.159,3.5,-24.699,18.365,-24.689,14.865,Solid,Yellow,Broken,White
20,0,5,4.0,Driving,False,-24.684,13.115,0.0,180.159,3.5,-24.689,14.865,-24.679,11.365,Broken,White,Solid,White
20,0,-2,5.0,Driving,False,-23.726,28.118,0.0,0.159,3.5,-23.721,26.368,-23.731,29.868,Broken,White,Solid,White
20,0,-1,5.0,Driving,False,-23.716,24.618,0.0,0.159,3.5,-23.711,22.868,-23.721,26.368,Solid,Yellow,Broken,White
20,0,4,5.0,Driving,False,-23.694,16.618,0.0,180.159,3.5,-23.699,18.368,-23.689,14.868,Solid,Yellow,Broken,White
20,0,5,5.0,Driving,False,-23.684,13.118,0.0,180.159,3.5,-23.689,14.868,-23.68,11.368,Broken,White,Solid,White
20,0,-2,6.0,Driving,False,-22.726,28.121,0.0,0.159,3.5,-22.721,26.371,-22.731,29.871,Broken,White,Solid,White
20,0,-1,6.0,Driving,False,-22.716,24.621,0.0,0.159,3.5,-22.711,22.871,-22.721,26.371,Solid,Yellow,Broken,White
20,0,4,6.0,Driving,False,-22.694,16.621,0.0,180.159,3.5,-22.699,18.371,-22.689,14.871,Solid,Yellow,Broken,White
20,0,5,6.0,Driving,False,-22.684,13.121,0.0,180.159,3.5,-22.689,14.871,-22.68,11.371,Broken,White,Solid,White
20,0,-2,7.0,Driving,False,-21.726,28.124,0.0,0.159,3.5,-21.721,26.374,-21.731,29.874,Broken,White,Solid,White
20,0,-1,7.0,Driving,False,-21.716,24.624,0.0,0.159,3.5,-21.711,22.874,-21.721,26.374,Solid,Yellow,Broken,White
20,0,4,7.0,Driving,False,-21.694,16.624,0.0,180.159,3.5,-21.699,18.374,-21.689,14.874,Solid,Yellow,Broken,White
20,0,5,7.0,Driving,False,-21.684,13.124,0.0,180.159,3.5,-21.689,14.874,-21.68,11.374,Broken,White,Solid,White
20,0,-2,8.0,Driving,False,-20.726,28.126,0.0,0.159,3.5,-20.721,26.376,-20.731,29.876,Broken,White,Solid,White
20,0,-1,8.0,Driving,False,-20.716,24.626,0.0,0.159,3.5,-20.711,22.876,-20.721,26.376,Solid,Yellow,Broken,White
20,0,4,8.0,Driving,False,-20.694,16.626,0.0,180.159,3.5,-20.699,18.376,-20.689,14.877,Solid,Yellow,Broken,White
20,0,5,8.0,Driving,False,-20.684,13.127,0.0,180.159,3.5,-20.689,14.877,-20.68,11.377,Broken,White,Solid,White
20,0,-2,9.0,Driving,False,-19.726,28.129,0.0,0.159,3.5,-19.721,26.379,-19.731,29.879,Broken,White,Solid,White
20,0,-1,9.0,Driving,False,-19.716,24.629,0.0,0.159,3.5,-19.711,22.879,-19.721,26.379,Solid,Yellow,Broken,White
20,0,4,9.0,Driving,False,-19.694,16.629,0.0,180.159,3.5,-19.699,18.379,-19.689,14.879,Solid,Yellow,Broken,White
20,0,5,9.0,Driving,False,-19.684,13.129,0.0,180.159,3.5,-19.689,14.879,-19.68,11.379,Broken,White,Solid,White
20,0,-2,10.0,Driving,False,-18.726,28.132,0.0,0.159,3.5,-18.721,26.382,-18.731,29.882,Broken,White,Solid,White
20,0,-1,10.0,Driving,False,-18.716,24.632,0.0,0.159,3.5,-18.711,22.882,-18.721,26.382,Solid,Yellow,Broken,White
20,0,4,10.0,Driving,False,-18.694,16.632,0.0,180.159,3.5,-18.699,18.382,-18.689,14.882,Solid,Yellow,Broken,White
20,0,5,10.0,Driving,False,-18.684,13.132,0.0,180.159,3.5,-18.689,14.882,-18.68,11.382,Broken,White,Solid,White
20,0,-2,11.0,Driving,False,-17.726,28.135,0.0,0.159,3.5,-17.721,26.385,-17.731,29.885,Broken,White,Solid,White
20,0,-1,11.0,Driving,False,-17.716,24.635,0.0,0.159,3.5,-17.711,22.885,-17.721,26.385,Solid,Yellow,Broken,White
20,0,4,11.0,Driving,False,-17.694,16.635,0.0,180.159,3.5,-17.699,18.385,-17.689,14.885,Solid,Yellow,Broken,White
20,0,5,11.0,Driving,False,-17.684,13.135,0.0,180.159,3.5,-17.689,14.885,-17.68,11.385,Broken,White,Solid,White
20,0,-2,12.0,Driving,False,-16.726,28.138,0.0,0.159,3.5,-16.721,26.388,-16.731,29.888,Broken,White,Solid,White
20,0,-1,12.0,Driving,False,-16.716,24.638,0.0,0.159,3.5,-16.711,22.888,-16.721,26.388,Solid,Yellow,Broken,White
20,0,4,12.0,Driving,False,-16.694,16.638,0.0,180.159,3.5,-16.699,18.388,-16.689,14.888,Solid,Yellow,Broken,White
20,0,5,12.0,Driving,False,-16.684,13.138,0.0,180.159,3.5,-16.689,14.888,-16.68,11.388,Broken,White,Solid,White
20,0,-2,13.0,Driving,False,-15.726,28.14,0.0,0.159,3.5,-15.721,26.39,-15.731,29.89,Broken,White,Solid,White
20,0,-1,13.0,Driving,False,-15.716,24.64,0.0,0.159,3.5,-15.711,22.89,-15.721,26.39,Solid,Yellow,Broken,White
20,0,4,13.0,Driving,False,-15.694,16.64,0.0,180.159,3.5,-15.699,18.39,-15.689,14.89,Solid,Yellow,Broken,White
20,0,5,13.0,Driving,False,-15.684,13.14,0.0,180.159,3.5,-15.689,14.89,-15.68,11.39,Broken,White,Solid,White
20,0,-2,14.0,Driving,False,-14.726,28.143,0.0,0.159,3.5,-14.721,26.393,-14.731,29.893,Broken,White,Solid,White
20,0,-1,14.0,Driving,False,-14.716,24.643,0.0,0.159,3.5,-14.711,22.893,-14.721,26.393,Solid,Yellow,Broken,White
20,0,4,14.0,Driving,False,-14.694,16.643,0.0,180.159,3.5,-14.699,18.393,-14.689,14.893,Solid,Yellow,Broken,White
20,0,5,14.0,Driving,False,-14.684,13.143,0.0,180.159,3.5,-14.689,14.893,-14.68,11.393,Broken,White,Solid,White
20,0,-2,15.0,Driving,False,-13.726,28.146,0.0,0.159,3.5,-13.721,26.396,-13.731,29.896,Broken,White,Solid,White
20,0,-1,15.0,Driving,False,-13.716,24.646,0.0,0.159,3.5,-13.711,22.896,-13.721,26.396,Solid,Yellow,Broken,White
20,0,4,15.0,Driving,False,-13.694,16.646,0.0,180.159,3.5,-13.699,18.396,-13.689,14.896,Solid,Yellow,Broken,White
20,0,5,15.0,Driving,False,-13.684,13.146,0.0,180.159,3.5,-13.689,14.896,-13.68,11.396,Broken,White,Solid,White
20,0,-2,16.0,Driving,False,-12.726,28.149,0.0,0.159,3.5,-12.721,26.399,-12.731,29.899,Broken,White,Solid,White
20,0,-1,16.0,Driving,False,-12.716,24.649,0.0,0.159,3.5,-12.711,22.899,-12.721,26.399,Solid,Yellow,Broken,White
20,0,4,16.0,Driving,False,-12.694,16.649,0.0,180.159,3.5,-12.699,18.399,-12.689,14.899,Solid,Yellow,Broken,White
20,0,5,16.0,Driving,False,-12.684,13.149,0.0,180.159,3.5,-12.689,14.899,-12.68,11.399,Broken,White,Solid,White
20,0,-2,17.0,Driving,False,-11.726,28.151,0.0,0.159,3.5,-11.721,26.401,-11.731,29.901,Broken,White,Solid,White
20,0,-1,17.0,Driving,False,-11.716,24.651,0.0,0.159,3.5,-11.711,22.901,-11.721,26.401,Solid,Yellow,Broken,White
20,0,4,17.0,Driving,False,-11.694,16.652,0.0,180.159,3.5,-11.699,18.401,-11.689,14.902,Solid,Yellow,Broken,White
20,0,5,17.0,Driving,False,-11.684,13.152,0.0,180.159,3.5,-11.689,14.902,-11.68,11.402,Broken,White,Solid,White
20,0,-2,18.0,Driving,False,-10.726,28.154,0.0,0.159,3.5,-10.721,26.404,-10.731,29.904,Broken,White,Solid,White
20,0,-1,18.0,Driving,False,-10.716,24.654,0.0,0.159,3.5,-10.712,22.904,-10.721,26.404,Solid,Yellow,Broken,White
20,0,4,18.0,Driving,False,-10.694,16.654,0.0,180.159,3.5,-10.699,18.404,-10.689,14.904,Solid,Yellow,Broken,White
20,0,5,18.0,Driving,False,-10.684,13.154,0.0,180.159,3.5,-10.689,14.904,-10.68,11.404,Broken,White,Solid,White
20,0,-2,19.0,Driving,False,-9.726,28.157,0.0,0.159,3.5,-9.721,26.407,-9.731,29.907,Broken,White,Solid,White
20,0,-1,19.0,Driving,False,-9.716,24.657,0.0,0.159,3.5,-9.712,22.907,-9.721,26.407,Solid,Yellow,Broken,White
20,0,4,19.0,Driving,False,-9.694,16.657,0.0,180.159,3.5,-9.699,18.407,-9.689,14.907,Solid,Yellow,Broken,White
20,0,5,19.0,Driving,False,-9.684,13.157,0.0,180.159,3.5,-9.689,14.907,-9.68,11.407,Broken,White,Solid,White
20,0,-2,20.0,Driving,False,-8.726,28.16,0.0,0.159,3.5,-8.721,26.41,-8.731,29.91,Broken,White,Solid,White
20,0,-1,20.0,Driving,False,-8.716,24.66,0.0,0.159,3.5,-8.712,22.91,-8.721,26.41,Solid,Yellow,Broken,White
20,0,4,20.0,Driving,False,-8.694,16.66,0.0,180.159,3.5,-8.699,18.41,-8.689,14.91,Solid,Yellow,Broken,White
20,0,5,20.0,Driving,False,-8.684,13.16,0.0,180.159,3.5,-8.689,14.91,-8.68,11.41,Broken,White,Solid,White
20,0,-2,21.0,Driving,False,-7.726,28.163,0.0,0.159,3.5,-7.721,26.413,-7.731,29.913,Broken,White,Solid,White
20,0,-1,21.0,Driving,False,-7.716,24.663,0.0,0.159,3.5,-7.712,22.913,-7.721,26.413,Solid,Yellow,Broken,White
20,0,4,21.0,Driving,False,-7.694,16.663,0.0,180.159,3.5,-7.699,18.413,-7.689,14.913,Solid,Yellow,Broken,White
20,0,5,21.0,Driving,False,-7.684,13.163,0.0,180.159,3.5,-7.689,14.913,-7.68,11.413,Broken,White,Solid,White
20,0,-2,22.0,Driving,False,-6.726,28.165,0.0,0.159,3.5,-6.721,26.415,-6.731,29.915,Broken,White,Solid,White
20,0,-1,22.0,Driving,False,-6.716,24.665,0.0,0.159,3.5,-6.712,22.915,-6.721,26.415,Solid,Yellow,Broken,White
20,0,4,22.0,Driving,False,-6.694,16.665,0.0,180.159,3.5,-6.699,18.415,-6.689,14.915,Solid,Yellow,Broken,White
20,0,5,22.0,Driving,False,-6.684,13.165,0.0,180.159,3.5,-6.689,14.915,-6.68,11.415,Broken,White,Solid,White
20,0,-2,23.0,Driving,False,-5.726,28.168,0.0,0.159,3.5,-5.721,26.418,-5.731,29.918,Broken,White,Solid,White
20,0,-1,23.0,Driving,False,-5.716,24.668,0.0,0.159,3.5,-5.712,22.918,-5.721,26.418,Solid,Yellow,Broken,White
20,0,4,23.0,Driving,False,-5.694,16.668,0.0,180.159,3.5,-5.699,18.418,-5.689,14.918,Solid,Yellow,Broken,White
20,0,5,23.0,Driving,False,-5.684,13.168,0.0,180.159,3.5,-5.689,14.918,-5.68,11.418,Broken,White,Solid,White
20,0,-2,24.0,Driving,False,-4.726,28.171,0.0,0.159,3.5,-4.721,26.421,-4.731,29.921,Broken,White,Solid,White
20,0,-1,24.0,Driving,False,-4.716,24.671,0.0,0.159,3.5,-4.712,22.921,-4.721,26.421,Solid,Yellow,Broken,White
20,0,4,24.0,Driving,False,-4.694,16.671,0.0,180.159,3.5,-4.699,18.421,-4.689,14.921,Solid,Yellow,Broken,White
20,0,5,24.0,Driving,False,-4.684,13.171,0.0,180.159,3.5,-4.689,14.921,-4.68,11.421,Broken,White,Solid,White
20,0,-2,25.0,Driving,False,-3.726,28.174,0.0,0.159,3.5,-3.721,26.424,-3.731,29.924,Broken,White,Solid,White
20,0,-1,25.0,Driving,False,-3.716,24.674,0.0,0.159,3.5,-3.712,22.924,-3.721,26.424,Solid,Yellow,Broken,White
20,0,4,25.0,Driving,False,-3.694,16.674,0.0,180.159,3.5,-3.699,18.424,-3.689,14.924,Solid,Yellow,Broken,White
20,0,5,25.0,Driving,False,-3.684,13.174,0.0,180.159,3.5,-3.689,14.924,-3.68,11.424,Broken,White,Solid,White
20,0,-2,26.0,Driving,False,-2.726,28.176,0.0,0.159,3.5,-2.721,26.426,-2.731,29.926,Broken,White,Solid,White
20,0,-1,26.0,Driving,False,-2.716,24.676,0.0,0.159,3.5,-2.712,22.926,-2.721,26.426,Solid,Yellow,Broken,White
20,0,4,26.0,Driving,False,-2.694,16.677,0.0,180.159,3.5,-2.699,18.426,-2.689,14.927,Solid,Yellow,Broken,White
20,0,5,26.0,Driving,False,-2.684,13.177,0.0,180.159,3.5,-2.689,14.927,-2.68,11.427,Broken,White,Solid,White
20,0,-2,27.0,Driving,False,-1.726,28.179,0.0,0.159,3.5,-1.721,26.429,-1.731,29.929,Broken,White,Solid,White
20,0,-1,27.0,Driving,False,-1.716,24.679,0.0,0.159,3.5,-1.712,22.929,-1.721,26.429,Solid,Yellow,Broken,White
20,0,4,27.0,Driving,False,-1.694,16.679,0.0,180.159,3.5,-1.699,18.429,-1.689,14.929,Solid,Yellow,Broken,White
20,0,5,27.0,Driving,False,-1.684,13.179,0.0,180.159,3.5,-1.689,14.929,-1.68,11.429,Broken,White,Solid,White
20,0,-2,28.0,Driving,False,-0.726,28.182,0.0,0.159,3.5,-0.721,26.432,-0.731,29.932,Broken,White,Solid,White
20,0,-1,28.0,Driving,False,-0.716,24.682,0.0,0.159,3.5,-0.712,22.932,-0.721,26.432,Solid,Yellow,Broken,White
20,0,4,28.0,Driving,False,-0.694,16.682,0.0,180.159,3.5,-0.699,18.432,-0.689,14.932,Solid,Yellow,Broken,White
20,0,5,28.0,Driving,False,-0.684,13.182,0.0,180.159,3.5,-0.689,14.932,-0.68,11.432,Broken,White,Solid,White
20,0,-2,29.0,Driving,False,0.274,28.185,0.0,0.159,3.5,0.279,26.435,0.269,29.935,Broken,White,Solid,White
20,0,-1,29.0,Driving,False,0.284,24.685,0.0,0.159,3.5,0.288,22.935,0.279,26.435,Solid,Yellow,Broken,White
20,0,4,29.0,Driving,False,0.306,16.685,0.0,180.159,3.5,0.301,18.435,0.311,14.935,Solid,Yellow,Broken,White
20,0,5,29.0,Driving,False,0.316,13.185,0.0,180.159,3.5,0.311,14.935,0.32,11.435,Broken,White,Solid,White
20,0,-2,30.0,Driving,False,1.274,28.188,0.0,0.159,3.5,1.279,26.438,1.269,29.938,Broken,White,Solid,White
20,0,-1,30.0,Driving,False,1.284,24.688,0.0,0.159,3.5,1.288,22.938,1.279,26.438,Solid,Yellow,Broken,White
20,0,4,30.0,Driving,False,1.306,16.688,0.0,180.159,3.5,1.301,18.438,1.311,14.938,Solid,Yellow,Broken,White
20,0,5,30.0,Driving,False,1.316,13.188,0.0,180.159,3.5,1.311,14.938,1.32,11.438,Broken,White,Solid,White
20,0,-2,31.0,Driving,False,2.274,28.19,0.0,0.159,3.5,2.279,26.44,2.269,29.94,Broken,White,Solid,White
20,0,-1,31.0,Driving,False,2.284,24.69,0.0,0.159,3.5,2.288,22.94,2.279,26.44,Solid,Yellow,Broken,White
20,0,4,31.0,Driving,False,2.306,16.69,0.0,180.159,3.5,2.301,18.44,2.311,14.94,Solid,Yellow,Broken,White
20,0,5,31.0,Driving,False,2.316,13.19,0.0,180.159,3.5,2.311,14.94,2.32,11.44,Broken,White,Solid,White
20,0,-2,32.0,Driving,False,3.274,28.193,0.0,0.159,3.5,3.279,26.443,3.269,29.943,Broken,White,Solid,White
20,0,-1,32.0,Driving,False,3.284,24.693,0.0,0.159,3.5,3.288,22.943,3.279,26.443,Solid,Yellow,Broken,White
20,0,4,32.0,Driving,False,3.306,16.693,0.0,180.159,3.5,3.301,18.443,3.311,14.943,Solid,Yellow,Broken,White
20,0,5,32.0,Driving,False,3.316,13.193,0.0,180.159,3.5,3.311,14.943,3.32,11.443,Broken,White,Solid,White
20,0,-2,33.0,Driving,False,4.274,28.196,0.0,0.159,3.5,4.279,26.446,4.269,29.946,Broken,White,Solid,White
20,0,-1,33.0,Driving,False,4.284,24.696,0.0,0.159,3.5,4.288,22.946,4.279,26.446,Solid,Yellow,Broken,White
20,0,4,33.0,Driving,False,4.306,16.696,0.0,180.159,3.5,4.301,18.446,4.311,14.946,Solid,Yellow,Broken,White
20,0,5,33.0,Driving,False,4.316,13.196,0.0,180.159,3.5,4.311,14.946,4.32,11.446,Broken,White,Solid,White
20,0,-2,34.0,Driving,False,5.274,28.199,0.0,0.159,3.5,5.279,26.449,5.269,29.949,Broken,White,Solid,White
20,0,-1,34.0,Driving,False,5.284,24.699,0.0,0.159,3.5,5.288,22.949,5.279,26.449,Solid,Yellow,Broken,White
20,0,4,34.0,Driving,False,5.306,16.699,0.0,180.159,3.5,5.301,18.449,5.311,14.949,Solid,Yellow,Broken,White
20,0,5,34.0,Driving,False,5.316,13.199,0.0,180.159,3.5,5.311,14.949,5.32,11.449,Broken,White,Solid,White
20,0,-2,35.0,Driving,False,6.274,28.201,0.0,0.159,3.5,6.279,26.451,6.269,29.951,Broken,White,Solid,White
20,0,-1,35.0,Driving,False,6.284,24.701,0.0,0.159,3.5,6.288,22.951,6.279,26.451,Solid,Yellow,Broken,White
20,0,4,35.0,Driving,False,6.306,16.702,0.0,180.159,3.5,6.301,18.452,6.311,14.952,Solid,Yellow,Broken,White
20,0,5,35.0,Driving,False,6.316,13.202,0.0,180.159,3.5,6.311,14.952,6.32,11.452,Broken,White,Solid,White
20,0,-2,36.0,Driving,False,7.274,28.204,0.0,0.159,3.5,7.279,26.454,7.269,29.954,Broken,White,Solid,White
20,0,-1,36.0,Driving,False,7.284,24.704,0.0,0.159,3.5,7.288,22.954,7.279,26.454,Solid,Yellow,Broken,White
20,0,4,36.0,Driving,False,7.306,16.704,0.0,180.159,3.5,7.301,18.454,7.311,14.954,Solid,Yellow,Broken,White
20,0,5,36.0,Driving,False,7.316,13.204,0.0,180.159,3.5,7.311,14.954,7.32,11.454,Broken,White,Solid,White
20,0,-2,37.0,Driving,False,8.274,28.207,0.0,0.159,3.5,8.279,26.457,8.269,29.957,Broken,White,Solid,White
20,0,-1,37.0,Driving,False,8.284,24.707,0.0,0.159,3.5,8.288,22.957,8.279,26.457,Solid,Yellow,Broken,White
20,0,4,37.0,Driving,False,8.306,16.707,0.0,180.159,3.5,8.301,18.457,8.311,14.957,Solid,Yellow,Broken,White
20,0,5,37.0,Driving,False,8.316,13.207,0.0,180.159,3.5,8.311,14.957,8.32,11.457,Broken,White,Solid,White
20,0,-2,38.0,Driving,False,9.274,28.21,0.0,0.159,3.5,9.279,26.46,9.269,29.96,Broken,White,Solid,White
20,0,-1,38.0,Driving,False,9.284,24.71,0.0,0.159,3.5,9.288,22.96,9.279,26.46,Solid,Yellow,Broken,White
20,0,4,38.0,Driving,False,9.306,16.71,0.0,180.159,3.5,9.301,18.46,9.311,14.96,Solid,Yellow,Broken,White
20,0,5,38.0,Driving,False,9.316,13.21,0.0,180.159,3.5,9.311,14.96,9.32,11.46,Broken,White,Solid,White
20,0,-2,39.0,Driving,False,10.274,28.213,0.0,0.159,3.5,10.279,26.463,10.269,29.963,Broken,White,Solid,White
20,0,-1,39.0,Driving,False,10.284,24.713,0.0,0.159,3.5,10.288,22.963,10.279,26.463,Solid,Yellow,Broken,White
20,0,4,39.0,Driving,False,10.306,16.713,0.0,180.159,3.5,10.301,18.463,10.311,14.963,Solid,Yellow,Broken,White
20,0,5,39.0,Driving,False,10.316,13.213,0.0,180.159,3.5,10.311,14.963,10.32,11.463,Broken,White,Solid,White
20,0,-2,40.0,Driving,False,11.274,28.215,0.0,0.159,3.5,11.279,26.465,11.269,29.965,Broken,White,Solid,White
20,0,-1,40.0,Driving,False,11.284,24.715,0.0,0.159,3.5,11.288,22.965,11.279,26.465,Solid,Yellow,Broken,White
20,0,4,40.0,Driving,False,11.306,16.715,0.0,180.159,3.5,11.301,18.465,11.311,14.965,Solid,Yellow,Broken,White
20,0,5,40.0,Driving,False,11.316,13.215,0.0,180.159,3.5,11.311,14.965,11.32,11.465,Broken,White,Solid,White
20,0,-2,41.0,Driving,False,12.274,28.218,0.0,0.159,3.5,12.279,26.468,12.269,29.968,Broken,White,Solid,White
20,0,-1,41.0,Driving,False,12.284,24.718,0.0,0.159,3.5,12.288,22.968,12.279,26.468,Solid,Yellow,Broken,White
20,0,4,41.0,Driving,False,12.306,16.718,0.0,180.159,3.5,12.301,18.468,12.311,14.968,Solid,Yellow,Broken,White
20,0,5,41.0,Driving,False,12.316,13.218,0.0,180.159,3.5,12.311,14.968,12.32,11.468,Broken,White,Solid,White
20,0,-2,42.0,Driving,False,13.274,28.221,0.0,0.159,3.5,13.279,26.471,13.269,29.971,Broken,White,Solid,White
20,0,-1,42.0,Driving,False,13.284,24.721,0.0,0.159,3.5,13.288,22.971,13.279,26.471,Solid,Yellow,Broken,White
20,0,4,42.0,Driving,False,13.306,16.721,0.0,180.159,3.5,13.301,18.471,13.311,14.971,Solid,Yellow,Broken,White
20,0,5,42.0,Driving,False,13.315,13.221,0.0,180.159,3.5,13.311,14.971,13.32,11.471,Broken,White,Solid,White
20,0,-2,43.0,Driving,False,14.274,28.224,0.0,0.159,3.5,14.279,26.474,14.269,29.974,Broken,White,Solid,White
20,0,-1,43.0,Driving,False,14.284,24.724,0.0,0.159,3.5,14.288,22.974,14.279,26.474,Solid,Yellow,Broken,White
20,0,4,43.0,Driving,False,14.306,16.724,0.0,180.159,3.5,14.301,18.474,14.311,14.974,Solid,Yellow,Broken,White
20,0,5,43.0,Driving,False,14.315,13.224,0.0,180.159,3.5,14.311,14.974,14.32,11.474,Broken,White,Solid,White
20,0,-2,44.0,Driving,False,15.274,28.226,0.0,0.159,3.5,15.279,26.476,15.269,29.976,Broken,White,Solid,White
20,0,-1,44.0,Driving,False,15.284,24.726,0.0,0.159,3.5,15.288,22.976,15.279,26.476,Solid,Yellow,Broken,White
20,0,4,44.0,Driving,False,15.306,16.727,0.0,180.159,3.5,15.301,18.477,15.311,14.977,Solid,Yellow,Broken,White
20,0,5,44.0,Driving,False,15.315,13.227,0.0,180.159,3.5,15.311,14.977,15.32,11.477,Broken,White,Solid,White
20,0,-2,45.0,Driving,False,16.274,28.229,0.0,0.159,3.5,16.279,26.479,16.269,29.979,Broken,White,Solid,White
20,0,-1,45.0,Driving,False,16.284,24.729,0.0,0.159,3.5,16.288,22.979,16.279,26.479,Solid,Yellow,Broken,White
20,0,4,45.0,Driving,False,16.306,16.729,0.0,180.159,3.5,16.301,18.479,16.311,14.979,Solid,Yellow,Broken,White
20,0,5,45.0,Driving,False,16.315,13.229,0.0,180.159,3.5,16.311,14.979,16.32,11.479,Broken,White,Solid,White
20,0,-2,46.0,Driving,False,17.274,28.232,0.0,0.159,3.5,17.279,26.482,17.269,29.982,Broken,White,Solid,White
20,0,-1,46.0,Driving,False,17.284,24.732,0.0,0.159,3.5,17.288,22.982,17.279,26.482,Solid,Yellow,Broken,White
20,0,4,46.0,Driving,False,17.306,16.732,0.0,180.159,3.5,17.301,18.482,17.311,14.982,Solid,Yellow,Broken,White
20,0,5,46.0,Driving,False,17.315,13.232,0.0,180.159,3.5,17.311,14.982,17.32,11.482,Broken,White,Solid,White
20,0,-2,47.0,Driving,False,18.274,28.235,0.0,0.159,3.5,18.279,26.485,18.269,29.985,Broken,White,Solid,White
20,0,-1,47.0,Driving,False,18.284,24.735,0.0,0.159,3.5,18.288,22.985,18.279,26.485,Solid,Yellow,Broken,White
20,0,4,47.0,Driving,False,18.306,16.735,0.0,180.159,3.5,18.301,18.485,18.311,14.985,Solid,Yellow,Broken,White
20,0,5,47.0,Driving,False,18.315,13.235,0.0,180.159,3.5,18.311,14.985,18.32,11.485,Broken,White,Solid,White
20,0,-2,48.0,Driving,False,19.274,28.238,0.0,0.159,3.5,19.279,26.488,19.269,29.988,Broken,White,Solid,White
20,0,-1,48.0,Driving,False,19.284,24.738,0.0,0.159,3.5,19.288,22.988,19.279,26.488,Solid,Yellow,Broken,White
20,0,4,48.0,Driving,False,19.306,16.738,0.0,180.159,3.5,19.301,18.488,19.311,14.988,Solid,Yellow,Broken,White
20,0,5,48.0,Driving,False,19.315,13.238,0.0,180.159,3.5,19.311,14.988,19.32,11.488,Broken,White,Solid,White
20,0,-2,49.0,Driving,False,20.274,28.24,0.0,0.159,3.5,20.279,26.49,20.269,29.99,Broken,White,Solid,White
20,0,-1,49.0,Driving,False,20.284,24.74,0.0,0.159,3.5,20.288,22.99,20.279,26.49,Solid,Yellow,Broken,White
20,0,4,49.0,Driving,False,20.306,16.74,0.0,180.159,3.5,20.301,18.49,20.311,14.99,Solid,Yellow,Broken,White
20,0,5,49.0,Driving,False,20.315,13.24,0.0,180.159,3.5,20.311,14.99,20.32,11.49,Broken,White,Solid,White
20,0,-2,50.0,Driving,False,21.274,28.243,0.0,0.159,3.5,21.279,26.493,21.269,29.993,Broken,White,Solid,White
20,0,-1,50.0,Driving,False,21.284,24.743,0.0,0.159,3.5,21.288,22.993,21.279,26.493,Solid,Yellow,Broken,White
20,0,4,50.0,Driving,False,21.306,16.743,0.0,180.159,3.5,21.301,18.493,21.311,14.993,Solid,Yellow,Broken,White
20,0,5,50.0,Driving,False,21.315,13.243,0.0,180.159,3.5,21.311,14.993,21.32,11.493,Broken,White,Solid,White
20,0,-2,51.0,Driving,False,22.274,28.246,0.0,0.159,3.5,22.279,26.496,22.269,29.996,Broken,White,Solid,White
20,0,-1,51.0,Driving,False,22.284,24.746,0.0,0.159,3.5,22.288,22.996,22.279,26.496,Solid,Yellow,Broken,White
20,0,4,51.0,Driving,False,22.306,16.746,0.0,180.159,3.5,22.301,18.496,22.311,14.996,Solid,Yellow,Broken,White
20,0,5,51.0,Driving,False,22.315,13.246,0.0,180.159,3.5,22.311,14.996,22.32,11.496,Broken,White,Solid,White
20,0,-2,52.0,Driving,False,23.274,28.249,0.0,0.159,3.5,23.279,26.499,23.269,29.999,Broken,White,Solid,White
20,0,-1,52.0,Driving,False,23.284,24.749,0.0,0.159,3.5,23.288,22.999,23.279,26.499,Solid,Yellow,Broken,White
20,0,4,52.0,Driving,False,23.306,16.749,0.0,180.159,3.5,23.301,18.499,23.311,14.999,Solid,Yellow,Broken,White
20,0,5,52.0,Driving,False,23.315,13.249,0.0,180.159,3.5,23.311,14.999,23.32,11.499,Broken,White,Solid,White
20,0,-2,53.0,Driving,False,24.274,28.251,0.0,0.159,3.5,24.279,26.501,24.269,30.001,Broken,White,Solid,White
20,0,-1,53.0,Driving,False,24.283,24.751,0.0,0.159,3.5,24.288,23.002,24.279,26.501,Solid,Yellow,Broken,White
20,0,4,53.0,Driving,False,24.306,16.752,0.0,180.159,3.5,24.301,18.502,24.311,15.002,Solid,Yellow,Broken,White
20,0,5,53.0,Driving,False,24.315,13.252,0.0,180.159,3.5,24.311,15.002,24.32,11.502,Broken,White,Solid,White
20,0,-2,54.0,Driving,False,25.274,28.254,0.0,0.159,3.5,25.279,26.504,25.269,30.004,Broken,White,Solid,White
20,0,-1,54.0,Driving,False,25.283,24.754,0.0,0.159,3.5,25.288,23.004,25.279,26.504,Solid,Yellow,Broken,White
20,0,4,54.0,Driving,False,25.306,16.754,0.0,180.159,3.5,25.301,18.504,25.311,15.004,Solid,Yellow,Broken,White
20,0,5,54.0,Driving,False,25.315,13.254,0.0,180.159,3.5,25.311,15.004,25.32,11.504,Broken,White,Solid,White
20,0,-2,55.0,Driving,False,26.274,28.257,0.0,0.159,3.5,26.279,26.507,26.269,30.007,Broken,White,Solid,White
20,0,-1,55.0,Driving,False,26.283,24.757,0.0,0.159,3.5,26.288,23.007,26.279,26.507,Solid,Yellow,Broken,White
20,0,4,55.0,Driving,False,26.306,16.757,0.0,180.159,3.5,26.301,18.507,26.311,15.007,Solid,Yellow,Broken,White
20,0,5,55.0,Driving,False,26.315,13.257,0.0,180.159,3.5,26.311,15.007,26.32,11.507,Broken,White,Solid,White
823,0,1,0.0,Driving,True,-103.216,-2.208,0.0,-89.358,3.5,-104.966,-2.228,-101.466,-2.189,Broken,White,Solid,White
823,0,1,1.0,Driving,True,-103.227,-1.208,0.0,-89.358,3.5,-104.977,-1.228,-101.477,-1.189,Broken,White,Solid,White
823,0,1,2.0,Driving,True,-103.239,-0.209,0.0,-89.358,3.5,-104.988,-0.228,-101.489,-0.189,NONE,White,NONE,White
823,0,1,3.0,Driving,True,-103.249,0.777,0.0,-89.81,3.5,-104.999,0.772,-101.499,0.783,NONE,White,NONE,White
823,0,1,4.0,Driving,True,-103.219,1.644,0.0,-94.162,3.5,-104.965,1.771,-101.474,1.517,NONE,White,NONE,White
823,0,1,5.0,Driving,True,-103.124,2.505,0.0,-98.514,3.5,-104.854,2.765,-101.393,2.246,NONE,White,NONE,White
823,0,1,6.0,Driving,True,-102.963,3.357,0.0,-102.866,3.5,-104.669,3.747,-101.257,2.968,NONE,White,NONE,White
823,0,1,7.0,Driving,True,-102.738,4.194,0.0,-107.217,3.5,-104.409,4.712,-101.066,3.676,NONE,White,NONE,White
823,0,1,8.0,Driving,True,-102.45,5.012,0.0,-111.569,3.5,-104.077,5.655,-100.822,4.369,NONE,White,NONE,White
823,0,1,9.0,Driving,True,-102.101,5.806,0.0,-115.921,3.5,-103.675,6.571,-100.527,5.041,NONE,White,NONE,White
823,0,1,10.0,Driving,True,-101.693,6.57,0.0,-120.273,3.5,-103.204,7.453,-100.181,5.688,NONE,White,NONE,White
823,0,1,11.0,Driving,True,-101.227,7.302,0.0,-124.625,3.5,-102.668,8.296,-99.787,6.307,NONE,White,NONE,White
823,0,1,12.0,Driving,True,-100.708,7.996,0.0,-128.976,3.5,-102.069,9.097,-99.348,6.895,NONE,White,NONE,White
823,0,1,13.0,Driving,True,-100.138,8.649,0.0,-133.328,3.5,-101.411,9.85,-98.865,7.448,NONE,White,NONE,White
823,0,1,14.0,Driving,True,-99.519,9.256,0.0,-137.68,3.5,-100.698,10.55,-98.341,7.962,NONE,White,NONE,White
823,0,1,15.0,Driving,True,-98.845,9.83,0.0,-141.415,3.5,-99.936,11.198,-97.753,8.462,NONE,White,NONE,White
823,0,1,16.0,Driving,True,-98.132,10.363,0.0,-145.003,3.5,-99.135,11.797,-97.128,8.93,NONE,White,NONE,White
823,0,1,17.0,Driving,True,-97.387,10.851,0.0,-148.592,3.5,-98.299,12.344,-96.475,9.357,NONE,White,NONE,White
823,0,1,18.0,Driving,True,-96.613,11.291,0.0,-152.18,3.5,-97.43,12.839,-95.796,9.743,NONE,White,NONE,White
823,0,1,19.0,Driving,True,-95.813,11.681,0.0,-155.769,3.5,-96.531,13.277,-95.095,10.086,NONE,White,NONE,White
823,0,1,20.0,Driving,True,-94.99,12.021,0.0,-159.357,3.5,-95.607,13.659,-94.373,10.384,NONE,White,NONE,White
823,0,1,21.0,Driving,True,-94.148,12.309,0.0,-162.946,3.5,-94.661,13.982,-93.634,10.636,NONE,White,NONE,White
823,0,1,22.0,Driving,True,-93.289,12.543,0.0,-166.534,3.5,-93.696,14.245,-92.881,10.841,NONE,White,NONE,White
823,0,1,23.0,Driving,True,-92.417,12.723,0.0,-170.123,3.5,-92.717,14.447,-92.117,10.999,NONE,White,NONE,White
823,0,1,24.0,Driving,True,-91.535,12.848,0.0,-173.711,3.5,-91.727,14.588,-91.344,11.109,NONE,White,NONE,White
823,0,1,25.0,Driving,True,-90.648,12.918,0.0,-177.3,3.5,-90.73,14.666,-90.565,11.17,NONE,White,NONE,White
823,0,1,26.0,Driving,True,-89.726,12.935,0.0,-179.841,3.5,-89.731,14.685,-89.721,11.185,NONE,White,NONE,White
823,0,1,27.0,Driving,True,-88.726,12.937,0.0,180.159,3.5,-88.731,14.687,-88.721,11.187,Broken,White,Solid,White
315,0,-1,0.0,Driving,True,-66.826,24.498,0.0,0.159,3.5,-66.821,22.748,-66.831,26.248,Solid,Yellow,Broken,White
315,0,-1,1.0,Driving,True,-65.826,24.501,0.0,0.159,3.5,-65.821,22.751,-65.831,26.251,Solid,Yellow,NONE,White
315,0,-1,2.0,Driving,True,-64.826,24.504,0.0,0.159,3.5,-64.821,22.754,-64.831,26.254,Solid,Yellow,NONE,White
315,0,-1,3.0,Driving,True,-63.826,24.507,0.0,0.159,3.5,-63.821,22.757,-63.831,26.257,NONE,White,NONE,White
315,0,-1,4.0,Driving,True,-62.809,24.509,0.0,-0.404,3.5,-62.821,22.759,-62.797,26.258,NONE,White,NONE,White
315,0,-1,5.0,Driving,True,-61.715,24.471,0.0,-3.51,3.5,-61.822,22.724,-61.608,26.218,NONE,White,NONE,White
315,0,-1,6.0,Driving,True,-60.624,24.375,0.0,-6.616,3.5,-60.826,22.636,-60.423,26.113,NONE,White,NONE,White
315,0,-1,7.0,Driving,True,-59.541,24.219,0.0,-9.722,3.5,-59.836,22.494,-59.245,25.944,NONE,White,NONE,White
315,0,-1,8.0,Driving,True,-58.467,24.005,0.0,-12.827,3.5,-58.856,22.299,-58.079,25.711,NONE,White,NONE,White
315,0,-1,9.0,Driving,True,-57.407,23.733,0.0,-15.933,3.5,-57.887,22.05,-56.926,25.416,NONE,White,NONE,White
315,0,-1,10.0,Driving,True,-56.363,23.404,0.0,-19.039,3.5,-56.933,21.75,-55.792,25.058,NONE,White,NONE,White
315,0,-1,11.0,Driving,True,-55.338,23.019,0.0,-22.144,3.5,-55.997,21.398,-54.678,24.64,NONE,White,NONE,White
315,0,-1,12.0,Driving,True,-54.335,22.579,0.0,-25.25,3.5,-55.082,20.996,-53.589,24.162,NONE,White,NONE,White
315,0,-1,13.0,Driving,True,-53.358,22.086,0.0,-28.356,3.5,-54.189,20.545,-52.527,23.626,NONE,White,NONE,White
315,0,-1,14.0,Driving,True,-52.409,21.54,0.0,-31.461,3.5,-53.323,20.047,-51.496,23.032,NONE,White,NONE,White
315,0,-1,15.0,Driving,True,-51.491,20.943,0.0,-34.567,3.5,-52.484,19.502,-50.499,22.384,NONE,White,NONE,White
315,0,-1,16.0,Driving,True,-50.607,20.298,0.0,-37.673,3.5,-51.677,18.913,-49.538,21.683,NONE,White,NONE,White
315,0,-1,17.0,Driving,True,-49.759,19.606,0.0,-40.779,3.5,-50.902,18.28,-48.616,20.931,NONE,White,NONE,White
315,0,-1,18.0,Driving,True,-48.95,18.868,0.0,-43.884,3.5,-50.163,17.607,-47.737,20.13,NONE,White,NONE,White
315,0,-1,19.0,Driving,True,-48.182,18.088,0.0,-46.99,3.5,-49.461,16.895,-46.902,19.282,NONE,White,NONE,White
315,0,-1,20.0,Driving,True,-47.461,17.274,0.0,-49.879,3.5,-48.799,16.146,-46.122,18.401,NONE,White,NONE,White
315,0,-1,21.0,Driving,True,-46.784,16.434,0.0,-52.449,3.5,-48.172,15.367,-45.397,17.5,NONE,White,NONE,White
315,0,-1,22.0,Driving,True,-46.146,15.564,0.0,-55.018,3.5,-47.58,14.561,-44.713,16.567,NONE,White,NONE,White
315,0,-1,23.0,Driving,True,-45.548,14.667,0.0,-57.588,3.5,-47.025,13.729,-44.071,15.605,NONE,White,NONE,White
315,0,-1,24.0,Driving,True,-44.991,13.744,0.0,-60.157,3.5,-46.509,12.873,-43.473,14.615,NONE,White,NONE,White
315,0,-1,25.0,Driving,True,-44.475,12.797,0.0,-62.727,3.5,-46.031,11.995,-42.92,13.598,NONE,White,NONE,White
315,0,-1,26.0,Driving,True,-44.003,11.827,0.0,-65.296,3.5,-45.592,11.096,-42.413,12.559,NONE,White,NONE,White
315,0,-1,27.0,Driving,True,-43.574,10.838,0.0,-67.865,3.5,-45.195,10.178,-41.953,11.497,NONE,White,NONE,White
315,0,-1,28.0,Driving,True,-43.19,9.83,0.0,-70.435,3.5,-44.839,9.244,-41.541,10.416,NONE,White,NONE,White
315,0,-1,29.0,Driving,True,-42.852,8.806,0.0,-73.004,3.5,-44.525,8.294,-41.178,9.317,NONE,White,NONE,White
315,0,-1,30.0,Driving,True,-42.56,7.768,0.0,-75.574,3.5,-44.255,7.332,-40.865,8.204,NONE,White,NONE,White
315,0,-1,31.0,Driving,True,-42.315,6.718,0.0,-78.143,3.5,-44.027,6.358,-40.602,7.077,NONE,White,NONE,White
315,0,-1,32.0,Driving,True,-42.117,5.658,0.0,-80.713,3.5,-43.844,5.375,-40.39,5.94,NONE,White,NONE,White
315,0,-1,33.0,Driving,True,-41.967,4.59,0.0,-83.282,3.5,-43.705,4.385,-40.229,4.794,NONE,White,NONE,White
315,0,-1,34.0,Driving,True,-41.865,3.516,0.0,-85.852,3.5,-43.61,3.39,-40.119,3.643,NONE,White,NONE,White
315,0,-1,35.0,Driving,True,-41.811,2.439,0.0,-88.421,3.5,-43.56,2.391,-40.061,2.487,NONE,White,NONE,White
315,0,-1,36.0,Driving,True,-41.803,1.386,0.0,-90.161,3.5,-43.553,1.391,-40.053,1.381,NONE,White,NONE,White
315,0,-1,37.0,Driving,True,-41.805,0.386,0.0,-90.161,3.5,-43.555,0.391,-40.055,0.381,NONE,White,NONE,White
315,0,-1,38.0,Driving,True,-41.808,-0.614,0.0,-90.161,3.5,-43.558,-0.609,-40.058,-0.619,Broken,White,Solid,White
315,0,-1,39.0,Driving,True,-41.811,-1.614,0.0,-90.161,3.5,-43.561,-1.609,-40.061,-1.619,Broken,White,Solid,White
19,0,-2,0.0,Driving,False,-78.076,27.967,0.0,0.159,3.5,-78.071,26.217,-78.081,29.717,Broken,White,Solid,White
19,0,-1,0.0,Driving,False,-78.066,24.467,0.0,0.159,3.5,-78.061,22.717,-78.071,26.217,Solid,Yellow,Broken,White
19,0,4,0.0,Driving,False,-78.044,16.467,0.0,180.159,3.5,-78.049,18.217,-78.039,14.717,Solid,Yellow,Broken,White
19,0,5,0.0,Driving,False,-78.034,12.967,0.0,180.159,3.5,-78.039,14.717,-78.029,11.217,Broken,White,Solid,White
19,0,-2,1.0,Driving,False,-77.076,27.97,0.0,0.159,3.5,-77.071,26.22,-77.081,29.72,Broken,White,Solid,White
19,0,-1,1.0,Driving,False,-77.066,24.47,0.0,0.159,3.5,-77.061,22.72,-77.071,26.22,Solid,Yellow,Broken,White
19,0,4,1.0,Driving,False,-77.044,16.47,0.0,180.159,3.5,-77.049,18.22,-77.039,14.72,Solid,Yellow,Broken,White
19,0,5,1.0,Driving,False,-77.034,12.97,0.0,180.159,3.5,-77.039,14.72,-77.029,11.22,Broken,White,Solid,White
19,0,-2,2.0,Driving,False,-76.076,27.973,0.0,0.159,3.5,-76.071,26.223,-76.081,29.723,Broken,White,Solid,White
19,0,-1,2.0,Driving,False,-76.066,24.473,0.0,0.159,3.5,-76.061,22.723,-76.071,26.223,Solid,Yellow,Broken,White
19,0,4,2.0,Driving,False,-76.044,16.473,0.0,180.159,3.5,-76.049,18.223,-76.039,14.723,Solid,Yellow,Broken,White
19,0,5,2.0,Driving,False,-76.034,12.973,0.0,180.159,3.5,-76.039,14.723,-76.029,11.223,Broken,White,Solid,White
19,0,-2,3.0,Driving,False,-75.076,27.975,0.0,0.159,3.5,-75.071,26.225,-75.081,29.725,Broken,White,Solid,White
19,0,-1,3.0,Driving,False,-75.066,24.475,0.0,0.159,3.5,-75.061,22.725,-75.071,26.225,Solid,Yellow,Broken,White
19,0,4,3.0,Driving,False,-75.044,16.475,0.0,180.159,3.5,-75.049,18.225,-75.039,14.725,Solid,Yellow,Broken,White
19,0,5,3.0,Driving,False,-75.034,12.975,0.0,180.159,3.5,-75.039,14.725,-75.029,11.226,Broken,White,Solid,White
19,0,-2,4.0,Driving,False,-74.076,27.978,0.0,0.159,3.5,-74.071,26.228,-74.081,29.728,Broken,White,Solid,White
19,0,-1,4.0,Driving,False,-74.066,24.478,0.0,0.159,3.5,-74.061,22.728,-74.071,26.228,Solid,Yellow,Broken,White
19,0,4,4.0,Driving,False,-74.044,16.478,0.0,180.159,3.5,-74.049,18.228,-74.039,14.728,Solid,Yellow,Broken,White
19,0,5,4.0,Driving,False,-74.034,12.978,0.0,180.159,3.5,-74.039,14.728,-74.029,11.228,Broken,White,Solid,White
19,0,-2,5.0,Driving,False,-73.076,27.981,0.0,0.159,3.5,-73.071,26.231,-73.081,29.731,Broken,White,Solid,White
19,0,-1,5.0,Driving,False,-73.066,24.481,0.0,0.159,3.5,-73.061,22.731,-73.071,26.231,Solid,Yellow,Broken,White
19,0,4,5.0,Driving,False,-73.044,16.481,0.0,180.159,3.5,-73.049,18.231,-73.039,14.731,Solid,Yellow,Broken,White
19,0,5,5.0,Driving,False,-73.034,12.981,0.0,180.159,3.5,-73.039,14.731,-73.029,11.231,Broken,White,Solid,White
19,0,-2,6.0,Driving,False,-72.076,27.984,0.0,0.159,3.5,-72.071,26.234,-72.081,29.734,Broken,White,Solid,White
19,0,-1,6.0,Driving,False,-72.066,24.484,0.0,0.159,3.5,-72.061,22.734,-72.071,26.234,Solid,Yellow,Broken,White
19,0,4,6.0,Driving,False,-72.044,16.484,0.0,180.159,3.5,-72.049,18.234,-72.039,14.734,Solid,Yellow,Broken,White
19,0,5,6.0,Driving,False,-72.034,12.984,0.0,180.159,3.5,-72.039,14.734,-72.029,11.234,Broken,White,Solid,White
19,0,-2,7.0,Driving,False,-71.076,27.987,0.0,0.159,3.5,-71.071,26.237,-71.081,29.737,Broken,White,Solid,White
19,0,-1,7.0,Driving,False,-71.066,24.487,0.0,0.159,3.5,-71.061,22.737,-71.071,26.237,Solid,Yellow,Broken,White
19,0,4,7.0,Driving,False,-71.044,16.487,0.0,180.159,3.5,-71.049,18.237,-71.039,14.737,Solid,Yellow,Broken,White
19,0,5,7.0,Driving,False,-71.034,12.987,0.0,180.159,3.5,-71.039,14.737,-71.029,11.237,Broken,White,Solid,White
19,0,-2,8.0,Driving,False,-70.076,27.989,0.0,0.159,3.5,-70.071,26.239,-70.081,29.739,Broken,White,Solid,White
19,0,-1,8.0,Driving,False,-70.066,24.489,0.0,0.159,3.5,-70.061,22.739,-70.071,26.239,Solid,Yellow,Broken,White
19,0,4,8.0,Driving,False,-70.044,16.489,0.0,180.159,3.5,-70.049,18.239,-70.039,14.739,Solid,Yellow,Broken,White
19,0,5,8.0,Driving,False,-70.034,12.989,0.0,180.159,3.5,-70.039,14.739,-70.029,11.239,Broken,White,Solid,White
19,0,-2,9.0,Driving,False,-69.076,27.992,0.0,0.159,3.5,-69.071,26.242,-69.081,29.742,Broken,White,Solid,White
19,0,-1,9.0,Driving,False,-69.066,24.492,0.0,0.159,3.5,-69.061,22.742,-69.071,26.242,Solid,Yellow,Broken,White
19,0,4,9.0,Driving,False,-69.044,16.492,0.0,180.159,3.5,-69.049,18.242,-69.039,14.742,Solid,Yellow,Broken,White
19,0,5,9.0,Driving,False,-69.034,12.992,0.0,180.159,3.5,-69.039,14.742,-69.029,11.242,Broken,White,Solid,White
19,0,-2,10.0,Driving,False,-68.076,27.995,0.0,0.159,3.5,-68.071,26.245,-68.081,29.745,Broken,White,Solid,White
19,0,-1,10.0,Driving,False,-68.066,24.495,0.0,0.159,3.5,-68.061,22.745,-68.071,26.245,Solid,Yellow,Broken,White
19,0,4,10.0,Driving,False,-68.044,16.495,0.0,180.159,3.5,-68.049,18.245,-68.039,14.745,Solid,Yellow,Broken,White
19,0,5,10.0,Driving,False,-68.034,12.995,0.0,180.159,3.5,-68.039,14.745,-68.029,11.245,Broken,White,Solid,White
19,0,-2,11.0,Driving,False,-67.076,27.998,0.0,0.159,3.5,-67.071,26.248,-67.081,29.748,Broken,White,Solid,White
19,0,-1,11.0,Driving,False,-67.066,24.498,0.0,0.159,3.5,-67.061,22.748,-67.071,26.248,Solid,Yellow,Broken,White
19,0,4,11.0,Driving,False,-67.044,16.498,0.0,180.159,3.5,-67.049,18.248,-67.039,14.748,Solid,Yellow,Broken,White
19,0,5,11.0,Driving,False,-67.034,12.998,0.0,180.159,3.5,-67.039,14.748,-67.029,11.248,Broken,White,Solid,White
780,0,1,0.0,Driving,True,-114.233,43.821,0.0,90.642,3.5,-112.483,43.841,-115.983,43.801,Broken,White,Solid,White
780,0,1,1.0,Driving,True,-114.222,42.821,0.0,90.642,3.5,-112.472,42.841,-115.971,42.801,Broken,White,Solid,White
780,0,1,2.0,Driving,True,-114.21,41.821,0.0,90.642,3.5,-112.46,41.841,-115.96,41.802,Broken,White,Solid,White
780,0,1,3.0,Driving,True,-114.199,40.821,0.0,90.642,3.5,-112.449,40.84,-115.949,40.801,NONE,White,NONE,White
780,0,1,4.0,Driving,True,-114.188,39.821,0.0,90.642,3.5,-112.438,39.84,-115.938,39.801,NONE,White,NONE,White
780,0,1,5.0,Driving,True,-114.177,38.821,0.0,90.642,3.5,-112.427,38.841,-115.927,38.801,NONE,White,NONE,White
780,0,1,6.0,Driving,True,-114.166,37.821,0.0,90.642,3.5,-112.416,37.841,-115.915,37.801,NONE,White,NONE,White
780,0,1,7.0,Driving,True,-114.154,36.821,0.0,90.642,3.5,-112.404,36.841,-115.904,36.801,NONE,White,NONE,White
780,0,1,8.0,Driving,True,-114.143,35.821,0.0,90.642,3.5,-112.393,35.841,-115.893,35.801,NONE,White,NONE,White
780,0,1,9.0,Driving,True,-114.132,34.821,0.0,90.642,3.5,-112.382,34.841,-115.882,34.802,NONE,White,NONE,White
780,0,1,10.0,Driving,True,-114.112,33.77,0.0,92.334,3.5,-112.364,33.841,-115.861,33.698,NONE,White,NONE,White
780,0,1,11.0,Driving,True,-114.034,32.667,0.0,95.799,3.5,-112.293,32.844,-115.775,32.49,NONE,White,NONE,White
780,0,1,12.0,Driving,True,-113.889,31.571,0.0,99.265,3.5,-112.162,31.852,-115.616,31.289,NONE,White,NONE,White
780,0,1,13.0,Driving,True,-113.678,30.485,0.0,102.731,3.5,-111.971,30.871,-115.385,30.1,NONE,White,NONE,White
780,0,1,14.0,Driving,True,-113.402,29.415,0.0,106.197,3.5,-111.721,29.903,-115.082,28.927,NONE,White,NONE,White
780,0,1,15.0,Driving,True,-113.061,28.363,0.0,109.663,3.5,-111.413,28.952,-114.709,27.774,NONE,White,NONE,White
780,0,1,16.0,Driving,True,-112.658,27.333,0.0,113.129,3.5,-111.049,28.021,-114.267,26.646,NONE,White,NONE,White
780,0,1,17.0,Driving,True,-112.193,26.33,0.0,116.595,3.5,-110.628,27.113,-113.758,25.547,NONE,White,NONE,White
780,0,1,18.0,Driving,True,-111.668,25.357,0.0,120.06,3.5,-110.154,26.233,-113.183,24.48,NONE,White,NONE,White
780,0,1,19.0,Driving,True,-111.086,24.417,0.0,123.526,3.5,-109.627,25.383,-112.545,23.45,NONE,White,NONE,White
780,0,1,20.0,Driving,True,-110.448,23.514,0.0,126.992,3.5,-109.05,24.567,-111.845,22.461,NONE,White,NONE,White
780,0,1,21.0,Driving,True,-109.756,22.651,0.0,130.458,3.5,-108.424,23.787,-111.087,21.516,NONE,White,NONE,White
780,0,1,22.0,Driving,True,-109.013,21.832,0.0,133.924,3.5,-107.753,23.046,-110.274,20.618,NONE,White,NONE,White
780,0,1,23.0,Driving,True,-108.22,21.058,0.0,137.497,3.5,-107.037,22.348,-109.402,19.768,NONE,White,NONE,White
780,0,1,24.0,Driving,True,-107.378,20.334,0.0,141.097,3.5,-106.279,21.696,-108.477,18.972,NONE,White,NONE,White
780,0,1,25.0,Driving,True,-106.493,19.664,0.0,144.698,3.5,-105.482,21.093,-107.504,18.236,NONE,White,NONE,White
780,0,1,26.0,Driving,True,-105.568,19.052,0.0,148.298,3.5,-104.648,20.541,-106.487,17.563,NONE,White,NONE,White
780,0,1,27.0,Driving,True,-104.606,18.499,0.0,151.899,3.5,-103.781,20.042,-105.43,16.955,NONE,White,NONE,White
780,0,1,28.0,Driving,True,-103.611,18.007,0.0,155.499,3.5,-102.885,19.599,-104.337,16.415,NONE,White,NONE,White
780,0,1,29.0,Driving,True,-102.587,17.579,0.0,159.1,3.5,-101.963,19.214,-103.211,15.944,NONE,White,NONE,White
780,0,1,30.0,Driving,True,-101.538,17.216,0.0,162.701,3.5,-101.018,18.886,-102.059,15.545,NONE,White,NONE,White
780,0,1,31.0,Driving,True,-100.469,16.919,0.0,166.301,3.5,-100.054,18.619,-100.883,15.219,NONE,White,NONE,White
780,0,1,32.0,Driving,True,-99.383,16.69,0.0,169.902,3.5,-99.076,18.413,-99.69,14.967,NONE,White,NONE,White
780,0,1,33.0,Driving,True,-98.285,16.53,0.0,173.502,3.5,-98.087,18.269,-98.483,14.791,NONE,White,NONE,White
780,0,1,34.0,Driving,True,-97.179,16.439,0.0,177.103,3.5,-97.09,18.187,-97.267,14.691,NONE,White,NONE,White
780,0,1,35.0,Driving,True,-96.086,16.417,0.0,-179.841,3.5,-96.091,18.167,-96.081,14.667,NONE,White,NONE,White
780,0,1,36.0,Driving,True,-95.086,16.42,0.0,-179.841,3.5,-95.091,18.17,-95.081,14.67,NONE,White,NONE,White
780,0,1,37.0,Driving,True,-94.086,16.423,0.0,-179.841,3.5,-94.091,18.173,-94.081,14.673,NONE,White,NONE,White
780,0,1,38.0,Driving,True,-93.086,16.425,0.0,-179.841,3.5,-93.091,18.175,-93.081,14.675,NONE,White,NONE,White
780,0,1,39.0,Driving,True,-92.086,16.428,0.0,-179.841,3.5,-92.091,18.178,-92.081,14.678,NONE,White,NONE,White
780,0,1,40.0,Driving,True,-91.086,16.431,0.0,-179.841,3.5,-91.091,18.181,-91.081,14.681,NONE,White,NONE,White
780,0,1,41.0,Driving,True,-90.086,16.434,0.0,-179.841,3.5,-90.091,18.184,-90.081,14.684,NONE,White,NONE,White
780,0,1,42.0,Driving,True,-89.086,16.436,0.0,-179.841,3.5,-89.091,18.186,-89.081,14.686,NONE,White,NONE,White
18,0,-2,0.0,Driving,False,-88.686,27.938,0.0,0.159,3.5,-88.681,26.188,-88.691,29.688,Broken,White,Solid,White
18,0,-1,0.0,Driving,False,-88.676,24.438,0.0,0.159,3.5,-88.671,22.688,-88.681,26.188,Solid,Yellow,Broken,White
18,0,4,0.0,Driving,False,-88.654,16.438,0.0,180.159,3.5,-88.659,18.188,-88.649,14.688,Solid,Yellow,Broken,White
18,0,5,0.0,Driving,False,-88.644,12.938,0.0,180.159,3.5,-88.649,14.688,-88.639,11.188,Broken,White,Solid,White
18,0,-2,1.0,Driving,False,-87.686,27.94,0.0,0.159,3.5,-87.681,26.19,-87.691,29.69,Broken,White,Solid,White
18,0,-1,1.0,Driving,False,-87.676,24.44,0.0,0.159,3.5,-87.671,22.69,-87.681,26.19,Solid,Yellow,Broken,White
18,0,4,1.0,Driving,False,-87.654,16.44,0.0,180.159,3.5,-87.659,18.19,-87.649,14.69,Solid,Yellow,Broken,White
18,0,5,1.0,Driving,False,-87.644,12.94,0.0,180.159,3.5,-87.649,14.69,-87.639,11.19,Broken,White,Solid,White
18,0,-2,2.0,Driving,False,-86.686,27.943,0.0,0.159,3.5,-86.681,26.193,-86.691,29.693,Broken,White,Solid,White
18,0,-1,2.0,Driving,False,-86.676,24.443,0.0,0.159,3.5,-86.671,22.693,-86.681,26.193,Solid,Yellow,Broken,White
18,0,4,2.0,Driving,False,-86.654,16.443,0.0,180.159,3.5,-86.659,18.193,-86.649,14.693,Solid,Yellow,Broken,White
18,0,5,2.0,Driving,False,-86.644,12.943,0.0,180.159,3.5,-86.649,14.693,-86.639,11.193,Broken,White,Solid,White
18,0,-2,3.0,Driving,False,-85.686,27.946,0.0,0.159,3.5,-85.681,26.196,-85.691,29.696,Broken,White,Solid,White
18,0,-1,3.0,Driving,False,-85.676,24.446,0.0,0.159,3.5,-85.671,22.696,-85.681,26.196,Solid,Yellow,Broken,White
18,0,4,3.0,Driving,False,-85.654,16.446,0.0,180.159,3.5,-85.659,18.196,-85.649,14.696,Solid,Yellow,Broken,White
18,0,5,3.0,Driving,False,-85.644,12.946,0.0,180.159,3.5,-85.649,14.696,-85.639,11.196,Broken,White,Solid,White
18,0,-2,4.0,Driving,False,-84.686,27.949,0.0,0.159,3.5,-84.681,26.199,-84.691,29.699,Broken,White,Solid,White
18,0,-1,4.0,Driving,False,-84.676,24.449,0.0,0.159,3.5,-84.671,22.699,-84.681,26.199,Solid,Yellow,Broken,White
18,0,4,4.0,Driving,False,-84.654,16.449,0.0,180.159,3.5,-84.659,18.199,-84.649,14.699,Solid,Yellow,Broken,White
18,0,5,4.0,Driving,False,-84.644,12.949,0.0,180.159,3.5,-84.649,14.699,-84.639,11.199,Broken,White,Solid,White
18,0,-2,5.0,Driving,False,-83.686,27.952,0.0,0.159,3.5,-83.681,26.202,-83.691,29.702,Broken,White,Solid,White
18,0,-1,5.0,Driving,False,-83.676,24.452,0.0,0.159,3.5,-83.671,22.702,-83.681,26.202,Solid,Yellow,Broken,White
18,0,4,5.0,Driving,False,-83.654,16.452,0.0,180.159,3.5,-83.659,18.202,-83.649,14.702,Solid,Yellow,Broken,White
18,0,5,5.0,Driving,False,-83.644,12.952,0.0,180.159,3.5,-83.649,14.702,-83.639,11.202,Broken,White,Solid,White
18,0,-2,6.0,Driving,False,-82.686,27.954,0.0,0.159,3.5,-82.681,26.204,-82.691,29.704,Broken,White,Solid,White
18,0,-1,6.0,Driving,False,-82.676,24.454,0.0,0.159,3.5,-82.671,22.704,-82.681,26.204,Solid,Yellow,Broken,White
18,0,4,6.0,Driving,False,-82.654,16.454,0.0,180.159,3.5,-82.659,18.204,-82.649,14.704,Solid,Yellow,Broken,White
18,0,5,6.0,Driving,False,-82.644,12.954,0.0,180.159,3.5,-82.649,14.704,-82.639,11.204,Broken,White,Solid,White
18,0,-2,7.0,Driving,False,-81.686,27.957,0.0,0.159,3.5,-81.681,26.207,-81.691,29.707,Broken,White,Solid,White
18,0,-1,7.0,Driving,False,-81.676,24.457,0.0,0.159,3.5,-81.671,22.707,-81.681,26.207,Solid,Yellow,Broken,White
18,0,4,7.0,Driving,False,-81.654,16.457,0.0,180.159,3.5,-81.659,18.207,-81.649,14.707,Solid,Yellow,Broken,White
18,0,5,7.0,Driving,False,-81.644,12.957,0.0,180.159,3.5,-81.649,14.707,-81.639,11.207,Broken,White,Solid,White
18,0,-2,8.0,Driving,False,-80.686,27.96,0.0,0.159,3.5,-80.681,26.21,-80.691,29.71,Broken,White,Solid,White
18,0,-1,8.0,Driving,False,-80.676,24.46,0.0,0.159,3.5,-80.671,22.71,-80.681,26.21,Solid,Yellow,Broken,White
18,0,4,8.0,Driving,False,-80.654,16.46,0.0,180.159,3.5,-80.659,18.21,-80.649,14.71,Solid,Yellow,Broken,White
18,0,5,8.0,Driving,False,-80.644,12.96,0.0,180.159,3.5,-80.649,14.71,-80.639,11.21,Broken,White,Solid,White
18,0,-2,9.0,Driving,False,-79.686,27.963,0.0,0.159,3.5,-79.681,26.213,-79.691,29.713,Broken,White,Solid,White
18,0,-1,9.0,Driving,False,-79.676,24.463,0.0,0.159,3.5,-79.671,22.713,-79.681,26.213,Solid,Yellow,Broken,White
18,0,4,9.0,Driving,False,-79.654,16.463,0.0,180.159,3.5,-79.659,18.213,-79.649,14.713,Solid,Yellow,Broken,White
18,0,5,9.0,Driving,False,-79.644,12.963,0.0,180.159,3.5,-79.649,14.713,-79.639,11.213,Broken,White,Solid,White
18,0,-2,10.0,Driving,False,-78.686,27.965,0.0,0.159,3.5,-78.681,26.215,-78.691,29.715,Broken,White,Solid,White
18,0,-1,10.0,Driving,False,-78.676,24.465,0.0,0.159,3.5,-78.671,22.715,-78.681,26.215,Solid,Yellow,Broken,White
18,0,4,10.0,Driving,False,-78.654,16.465,0.0,180.159,3.5,-78.659,18.215,-78.649,14.715,Solid,Yellow,Broken,White
18,0,5,10.0,Driving,False,-78.644,12.965,0.0,180.159,3.5,-78.649,14.715,-78.639,11.215,Broken,White,Solid,White
17,0,-2,0.0,Driving,False,7.408,-67.9,0.0,179.977,3.5,7.409,-66.15,7.407,-69.65,Broken,White,Solid,White
17,0,-1,0.0,Driving,False,7.409,-64.4,0.0,179.977,3.5,7.41,-62.65,7.409,-66.15,SolidSolid,Yellow,Broken,White
17,0,1,0.0,Driving,False,7.411,-60.9,0.0,359.977,3.5,7.41,-62.65,7.411,-59.15,SolidSolid,Yellow,Broken,White
17,0,2,0.0,Driving,False,7.412,-57.4,0.0,359.977,3.5,7.411,-59.15,7.413,-55.65,Broken,White,Solid,White
17,0,-2,1.0,Driving,False,6.426,-67.901,0.0,180.17,3.5,6.42,-66.151,6.431,-69.651,Broken,White,Solid,White
17,0,-1,1.0,Driving,False,6.415,-64.401,0.0,180.17,3.5,6.41,-62.651,6.42,-66.151,SolidSolid,Yellow,Broken,White
17,0,1,1.0,Driving,False,6.405,-60.901,0.0,360.17,3.5,6.41,-62.651,6.4,-59.151,SolidSolid,Yellow,Broken,White
17,0,2,1.0,Driving,False,6.394,-57.401,0.0,360.17,3.5,6.4,-59.151,6.389,-55.651,Broken,White,Solid,White
17,0,-2,2.0,Driving,False,5.443,-67.906,0.0,180.363,3.5,5.432,-66.156,5.454,-69.656,Broken,White,Solid,White
17,0,-1,2.0,Driving,False,5.421,-64.406,0.0,180.363,3.5,5.41,-62.656,5.432,-66.156,SolidSolid,Yellow,Broken,White
17,0,1,2.0,Driving,False,5.399,-60.906,0.0,360.363,3.5,5.41,-62.656,5.388,-59.156,SolidSolid,Yellow,Broken,White
17,0,2,2.0,Driving,False,5.377,-57.406,0.0,360.363,3.5,5.388,-59.156,5.366,-55.656,Broken,White,Solid,White
17,0,-2,3.0,Driving,False,4.461,-67.914,0.0,180.557,3.5,4.444,-66.164,4.478,-69.664,Broken,White,Solid,White
17,0,-1,3.0,Driving,False,4.427,-64.414,0.0,180.557,3.5,4.41,-62.664,4.444,-66.164,SolidSolid,Yellow,Broken,White
17,0,1,3.0,Driving,False,4.393,-60.914,0.0,360.557,3.5,4.41,-62.664,4.376,-59.164,SolidSolid,Yellow,Broken,White
17,0,2,3.0,Driving,False,4.359,-57.414,0.0,360.557,3.5,4.376,-59.164,4.342,-55.664,Broken,White,Solid,White
17,0,-2,4.0,Driving,False,3.479,-67.925,0.0,180.75,3.5,3.456,-66.175,3.502,-69.675,Broken,White,Solid,White
17,0,-1,4.0,Driving,False,3.433,-64.425,0.0,180.75,3.5,3.41,-62.675,3.456,-66.175,SolidSolid,Yellow,Broken,White
17,0,1,4.0,Driving,False,3.387,-60.926,0.0,360.75,3.5,3.41,-62.675,3.364,-59.176,SolidSolid,Yellow,Broken,White
17,0,2,4.0,Driving,False,3.341,-57.426,0.0,360.75,3.5,3.364,-59.176,3.318,-55.676,Broken,White,Solid,White
17,0,-2,5.0,Driving,False,2.494,-67.939,0.0,-179.085,3.5,2.466,-66.19,2.522,-69.689,Broken,White,Solid,White
17,0,-1,5.0,Driving,False,2.438,-64.44,0.0,-179.085,3.5,2.41,-62.69,2.466,-66.19,SolidSolid,Yellow,Broken,White
17,0,1,5.0,Driving,False,2.382,-60.94,0.0,0.915,3.5,2.41,-62.69,2.354,-59.191,SolidSolid,Yellow,Broken,White
17,0,2,5.0,Driving,False,2.326,-57.441,0.0,0.915,3.5,2.354,-59.191,2.298,-55.691,Broken,White,Solid,White
17,0,-2,6.0,Driving,False,1.494,-67.955,0.0,-179.085,3.5,1.466,-66.206,1.522,-69.705,Broken,White,Solid,White
17,0,-1,6.0,Driving,False,1.438,-64.456,0.0,-179.085,3.5,1.41,-62.706,1.466,-66.206,SolidSolid,Yellow,Broken,White
17,0,1,6.0,Driving,False,1.382,-60.956,0.0,0.915,3.5,1.41,-62.706,1.354,-59.207,SolidSolid,Yellow,Broken,White
17,0,2,6.0,Driving,False,1.327,-57.457,0.0,0.915,3.5,1.354,-59.207,1.299,-55.707,Broken,White,Solid,White
17,0,-2,7.0,Driving,False,0.494,-67.971,0.0,-179.085,3.5,0.466,-66.222,0.522,-69.721,Broken,White,Solid,White
17,0,-1,7.0,Driving,False,0.438,-64.472,0.0,-179.085,3.5,0.41,-62.722,0.466,-66.222,SolidSolid,Yellow,Broken,White
17,0,1,7.0,Driving,False,0.383,-60.972,0.0,0.915,3.5,0.41,-62.722,0.355,-59.222,SolidSolid,Yellow,Broken,White
17,0,2,7.0,Driving,False,0.327,-57.473,0.0,0.915,3.5,0.355,-59.222,0.299,-55.723,Broken,White,Solid,White
17,0,-2,8.0,Driving,False,-0.506,-67.987,0.0,-179.085,3.5,-0.534,-66.238,-0.478,-69.737,Broken,White,Solid,White
17,0,-1,8.0,Driving,False,-0.561,-64.488,0.0,-179.085,3.5,-0.589,-62.738,-0.534,-66.238,SolidSolid,Yellow,Broken,White
17,0,1,8.0,Driving,False,-0.617,-60.988,0.0,0.915,3.5,-0.589,-62.738,-0.645,-59.238,SolidSolid,Yellow,Broken,White
17,0,2,8.0,Driving,False,-0.673,-57.489,0.0,0.915,3.5,-0.645,-59.238,-0.701,-55.739,Broken,White,Solid,White
17,0,-2,9.0,Driving,False,-1.506,-68.003,0.0,-179.096,3.5,-1.534,-66.254,-1.479,-69.753,Broken,White,Solid,White
17,0,-1,9.0,Driving,False,-1.562,-64.504,0.0,-179.096,3.5,-1.589,-62.754,-1.534,-66.254,SolidSolid,Yellow,Broken,White
17,0,1,9.0,Driving,False,-1.617,-61.004,0.0,0.904,3.5,-1.589,-62.754,-1.644,-59.254,SolidSolid,Yellow,Broken,White
17,0,2,9.0,Driving,False,-1.672,-57.505,0.0,0.904,3.5,-1.644,-59.254,-1.7,-55.755,Broken,White,Solid,White
17,0,-2,10.0,Driving,False,-2.517,-68.018,0.0,-179.211,3.5,-2.541,-66.268,-2.493,-69.768,Broken,White,Solid,White
17,0,-1,10.0,Driving,False,-2.565,-64.519,0.0,-179.211,3.5,-2.589,-62.769,-2.541,-66.268,SolidSolid,Yellow,Broken,White
17,0,1,10.0,Driving,False,-2.613,-61.019,0.0,0.789,3.5,-2.589,-62.769,-2.637,-59.269,SolidSolid,Yellow,Broken,White
17,0,2,10.0,Driving,False,-2.661,-57.519,0.0,0.789,3.5,-2.637,-59.269,-2.686,-55.769,Broken,White,Solid,White
17,0,-2,11.0,Driving,False,-3.527,-68.031,0.0,-179.326,3.5,-3.548,-66.281,-3.507,-69.781,Broken,White,Solid,White
17,0,-1,11.0,Driving,False,-3.568,-64.531,0.0,-179.326,3.5,-3.589,-62.781,-3.548,-66.281,SolidSolid,Yellow,Broken,White
17,0,1,11.0,Driving,False,-3.61,-61.032,0.0,0.674,3.5,-3.589,-62.781,-3.63,-59.282,SolidSolid,Yellow,Broken,White
17,0,2,11.0,Driving,False,-3.651,-57.532,0.0,0.674,3.5,-3.63,-59.282,-3.671,-55.782,Broken,White,Solid,White
17,0,-2,12.0,Driving,False,-4.534,-68.042,0.0,-179.403,3.5,-4.553,-66.292,-4.516,-69.792,Broken,White,Solid,White
17,0,-1,12.0,Driving,False,-4.571,-64.542,0.0,-179.403,3.5,-4.589,-62.792,-4.553,-66.292,SolidSolid,Yellow,Broken,White
17,0,1,12.0,Driving,False,-4.607,-61.042,0.0,0.597,3.5,-4.589,-62.792,-4.625,-59.293,SolidSolid,Yellow,Broken,White
17,0,2,12.0,Driving,False,-4.644,-57.543,0.0,0.597,3.5,-4.625,-59.293,-4.662,-55.793,Broken,White,Solid,White
16,0,-2,0.0,Driving,False,-41.82,-4.815,0.0,-90.161,3.5,-43.57,-4.81,-40.07,-4.82,Broken,White,Solid,White
16,0,-1,0.0,Driving,False,-45.32,-4.805,0.0,-90.161,3.5,-47.07,-4.8,-43.57,-4.81,SolidSolid,Yellow,Broken,White
16,0,1,0.0,Driving,False,-48.82,-4.795,0.0,89.839,3.5,-47.07,-4.8,-50.57,-4.79,SolidSolid,Yellow,Broken,White
16,0,2,0.0,Driving,False,-52.32,-4.785,0.0,89.839,3.5,-50.57,-4.79,-54.07,-4.78,Broken,White,Solid,White
16,0,-2,1.0,Driving,False,-41.823,-5.815,0.0,-90.161,3.5,-43.573,-5.81,-40.073,-5.82,Broken,White,Solid,White
16,0,-1,1.0,Driving,False,-45.323,-5.805,0.0,-90.161,3.5,-47.073,-5.8,-43.573,-5.81,SolidSolid,Yellow,Broken,White
16,0,1,1.0,Driving,False,-48.823,-5.795,0.0,89.839,3.5,-47.073,-5.8,-50.573,-5.79,SolidSolid,Yellow,Broken,White
16,0,2,1.0,Driving,False,-52.323,-5.785,0.0,89.839,3.5,-50.573,-5.79,-54.073,-5.78,Broken,White,Solid,White
16,0,-2,2.0,Driving,False,-41.826,-6.815,0.0,-90.161,3.5,-43.576,-6.81,-40.076,-6.82,Broken,White,Solid,White
16,0,-1,2.0,Driving,False,-45.326,-6.805,0.0,-90.161,3.5,-47.076,-6.8,-43.576,-6.81,SolidSolid,Yellow,Broken,White
16,0,1,2.0,Driving,False,-48.826,-6.795,0.0,89.839,3.5,-47.076,-6.8,-50.576,-6.79,SolidSolid,Yellow,Broken,White
16,0,2,2.0,Driving,False,-52.326,-6.785,0.0,89.839,3.5,-50.576,-6.79,-54.076,-6.78,Broken,White,Solid,White
16,0,-2,3.0,Driving,False,-41.829,-7.821,0.0,-90.23,3.5,-43.579,-7.814,-40.079,-7.828,Broken,White,Solid,White
16,0,-1,3.0,Driving,False,-45.329,-7.807,0.0,-90.23,3.5,-47.079,-7.8,-43.579,-7.814,SolidSolid,Yellow,Broken,White
16,0,1,3.0,Driving,False,-48.829,-7.793,0.0,89.77,3.5,-47.079,-7.8,-50.579,-7.786,SolidSolid,Yellow,Broken,White
16,0,2,3.0,Driving,False,-52.329,-7.779,0.0,89.77,3.5,-50.579,-7.786,-54.079,-7.772,Broken,White,Solid,White
16,0,-2,4.0,Driving,False,-41.834,-8.829,0.0,-90.321,3.5,-43.584,-8.82,-40.084,-8.839,Broken,White,Solid,White
16,0,-1,4.0,Driving,False,-45.334,-8.81,0.0,-90.321,3.5,-47.084,-8.8,-43.584,-8.82,SolidSolid,Yellow,Broken,White
16,0,1,4.0,Driving,False,-48.834,-8.79,0.0,89.679,3.5,-47.084,-8.8,-50.584,-8.78,SolidSolid,Yellow,Broken,White
16,0,2,4.0,Driving,False,-52.334,-8.771,0.0,89.679,3.5,-50.584,-8.78,-54.084,-8.761,Broken,White,Solid,White
16,0,-2,5.0,Driving,False,-41.839,-9.829,0.0,-90.321,3.5,-43.589,-9.82,-40.089,-9.839,Broken,White,Solid,White
16,0,-1,5.0,Driving,False,-45.339,-9.81,0.0,-90.321,3.5,-47.089,-9.8,-43.589,-9.82,SolidSolid,Yellow,Broken,White
16,0,1,5.0,Driving,False,-48.839,-9.79,0.0,89.679,3.5,-47.089,-9.8,-50.589,-9.78,SolidSolid,Yellow,Broken,White
16,0,2,5.0,Driving,False,-52.339,-9.771,0.0,89.679,3.5,-50.589,-9.78,-54.089,-9.761,Broken,White,Solid,White
16,0,-2,6.0,Driving,False,-41.845,-10.829,0.0,-90.321,3.5,-43.595,-10.82,-40.095,-10.839,Broken,White,Solid,White
16,0,-1,6.0,Driving,False,-45.345,-10.81,0.0,-90.321,3.5,-47.095,-10.8,-43.595,-10.82,SolidSolid,Yellow,Broken,White
16,0,1,6.0,Driving,False,-48.845,-10.79,0.0,89.679,3.5,-47.095,-10.8,-50.595,-10.78,SolidSolid,Yellow,Broken,White
16,0,2,6.0,Driving,False,-52.345,-10.771,0.0,89.679,3.5,-50.595,-10.78,-54.095,-10.761,Broken,White,Solid,White
16,0,-2,7.0,Driving,False,-41.85,-11.82,0.0,269.777,3.5,-43.6,-11.814,-40.1,-11.827,Broken,White,Solid,White
16,0,-1,7.0,Driving,False,-45.35,-11.807,0.0,269.777,3.5,-47.1,-11.8,-43.6,-11.814,SolidSolid,Yellow,Broken,White
16,0,1,7.0,Driving,False,-48.85,-11.793,0.0,449.777,3.5,-47.1,-11.8,-50.6,-11.786,SolidSolid,Yellow,Broken,White
16,0,2,7.0,Driving,False,-52.35,-11.779,0.0,449.777,3.5,-50.6,-11.786,-54.1,-11.773,Broken,White,Solid,White
16,0,-2,8.0,Driving,False,-41.853,-12.809,0.0,269.898,3.5,-43.603,-12.806,-40.103,-12.812,Broken,White,Solid,White
16,0,-1,8.0,Driving,False,-45.353,-12.803,0.0,269.898,3.5,-47.103,-12.8,-43.603,-12.806,SolidSolid,Yellow,Broken,White
16,0,1,8.0,Driving,False,-48.853,-12.797,0.0,449.898,3.5,-47.103,-12.8,-50.603,-12.794,SolidSolid,Yellow,Broken,White
16,0,2,8.0,Driving,False,-52.353,-12.791,0.0,449.898,3.5,-50.603,-12.794,-54.103,-12.787,Broken,White,Solid,White
16,0,-2,9.0,Driving,False,-41.853,-13.798,0.0,270.02,3.5,-43.603,-13.799,-40.103,-13.798,Broken,White,Solid,White
16,0,-1,9.0,Driving,False,-45.353,-13.799,0.0,270.02,3.5,-47.103,-13.8,-43.603,-13.799,SolidSolid,Yellow,Broken,White
16,0,1,9.0,Driving,False,-48.853,-13.801,0.0,450.02,3.5,-47.103,-13.8,-50.603,-13.801,SolidSolid,Yellow,Broken,White
16,0,2,9.0,Driving,False,-52.353,-13.802,0.0,450.02,3.5,-50.603,-13.801,-54.103,-13.802,Broken,White,Solid,White
16,0,-2,10.0,Driving,False,-41.852,-14.787,0.0,270.141,3.5,-43.602,-14.791,-40.102,-14.783,Broken,White,Solid,White
16,0,-1,10.0,Driving,False,-45.352,-14.796,0.0,270.141,3.5,-47.102,-14.8,-43.602,-14.791,SolidSolid,Yellow,Broken,White
16,0,1,10.0,Driving,False,-48.852,-14.804,0.0,450.141,3.5,-47.102,-14.8,-50.602,-14.809,SolidSolid,Yellow,Broken,White
16,0,2,10.0,Driving,False,-52.352,-14.813,0.0,450.141,3.5,-50.602,-14.809,-54.102,-14.817,Broken,White,Solid,White
16,0,-2,11.0,Driving,False,-41.849,-15.776,0.0,270.263,3.5,-43.599,-15.784,-40.099,-15.768,Broken,White,Solid,White
16,0,-1,11.0,Driving,False,-45.349,-15.792,0.0,270.263,3.5,-47.099,-15.8,-43.599,-15.784,SolidSolid,Yellow,Broken,White
16,0,1,11.0,Driving,False,-48.848,-15.808,0.0,450.263,3.5,-47.099,-15.8,-50.598,-15.816,SolidSolid,Yellow,Broken,White
16,0,2,11.0,Driving,False,-52.348,-15.824,0.0,450.263,3.5,-50.598,-15.816,-54.098,-15.832,Broken,White,Solid,White
16,0,-2,12.0,Driving,False,-41.843,-16.765,0.0,270.384,3.5,-43.593,-16.776,-40.093,-16.753,Broken,White,Solid,White
16,0,-1,12.0,Driving,False,-45.343,-16.788,0.0,270.384,3.5,-47.093,-16.8,-43.593,-16.776,SolidSolid,Yellow,Broken,White
16,0,1,12.0,Driving,False,-48.843,-16.812,0.0,450.384,3.5,-47.093,-16.8,-50.593,-16.823,SolidSolid,Yellow,Broken,White
16,0,2,12.0,Driving,False,-52.343,-16.835,0.0,450.384,3.5,-50.593,-16.823,-54.093,-16.847,Broken,White,Solid,White
15,0,-2,0.0,Driving,False,-41.811,-1.704,0.0,-90.161,3.5,-43.561,-1.699,-40.061,-1.709,Broken,White,Solid,White
15,0,-1,0.0,Driving,False,-45.311,-1.694,0.0,-90.161,3.5,-47.061,-1.689,-43.561,-1.699,SolidSolid,Yellow,Broken,White
15,0,1,0.0,Driving,False,-48.811,-1.685,0.0,89.839,3.5,-47.061,-1.689,-50.561,-1.68,SolidSolid,Yellow,Broken,White
15,0,2,0.0,Driving,False,-52.311,-1.675,0.0,89.839,3.5,-50.561,-1.68,-54.061,-1.67,Broken,White,Solid,White
15,0,-2,1.0,Driving,False,-41.814,-2.704,0.0,-90.161,3.5,-43.564,-2.699,-40.064,-2.709,Broken,White,Solid,White
15,0,-1,1.0,Driving,False,-45.314,-2.694,0.0,-90.161,3.5,-47.064,-2.689,-43.564,-2.699,SolidSolid,Yellow,Broken,White
15,0,1,1.0,Driving,False,-48.814,-2.685,0.0,89.839,3.5,-47.064,-2.689,-50.564,-2.68,SolidSolid,Yellow,Broken,White
15,0,2,1.0,Driving,False,-52.314,-2.675,0.0,89.839,3.5,-50.564,-2.68,-54.064,-2.67,Broken,White,Solid,White
15,0,-2,2.0,Driving,False,-41.817,-3.704,0.0,-90.161,3.5,-43.567,-3.699,-40.067,-3.709,Broken,White,Solid,White
15,0,-1,2.0,Driving,False,-45.317,-3.694,0.0,-90.161,3.5,-47.067,-3.689,-43.567,-3.699,SolidSolid,Yellow,Broken,White
15,0,1,2.0,Driving,False,-48.817,-3.685,0.0,89.839,3.5,-47.067,-3.689,-50.567,-3.68,SolidSolid,Yellow,Broken,White
15,0,2,2.0,Driving,False,-52.317,-3.675,0.0,89.839,3.5,-50.567,-3.68,-54.067,-3.67,Broken,White,Solid,White
15,0,-2,3.0,Driving,False,-41.82,-4.704,0.0,-90.161,3.5,-43.57,-4.699,-40.07,-4.709,Broken,White,Solid,White
15,0,-1,3.0,Driving,False,-45.32,-4.694,0.0,-90.161,3.5,-47.07,-4.689,-43.57,-4.699,SolidSolid,Yellow,Broken,White
15,0,1,3.0,Driving,False,-48.82,-4.685,0.0,89.839,3.5,-47.07,-4.689,-50.57,-4.68,SolidSolid,Yellow,Broken,White
15,0,2,3.0,Driving,False,-52.32,-4.675,0.0,89.839,3.5,-50.57,-4.68,-54.07,-4.67,Broken,White,Solid,White
13,0,-2,0.0,Driving,False,-41.483,114.945,0.0,-90.161,3.5,-43.233,114.95,-39.733,114.94,Broken,White,Solid,White
13,0,-1,0.0,Driving,False,-44.983,114.955,0.0,-90.161,3.5,-46.733,114.96,-43.233,114.95,SolidSolid,Yellow,Broken,White
13,0,1,0.0,Driving,False,-48.483,114.965,0.0,89.839,3.5,-46.733,114.96,-50.233,114.97,SolidSolid,Yellow,Broken,White
13,0,2,0.0,Driving,False,-51.983,114.975,0.0,89.839,3.5,-50.233,114.97,-53.733,114.98,Broken,White,Solid,White
13,0,-2,1.0,Driving,False,-41.486,113.945,0.0,-90.161,3.5,-43.236,113.95,-39.736,113.94,Broken,White,Solid,White
13,0,-1,1.0,Driving,False,-44.986,113.955,0.0,-90.161,3.5,-46.736,113.96,-43.236,113.95,SolidSolid,Yellow,Broken,White
13,0,1,1.0,Driving,False,-48.486,113.965,0.0,89.839,3.5,-46.736,113.96,-50.236,113.97,SolidSolid,Yellow,Broken,White
13,0,2,1.0,Driving,False,-51.986,113.975,0.0,89.839,3.5,-50.236,113.97,-53.736,113.98,Broken,White,Solid,White
13,0,-2,2.0,Driving,False,-41.489,112.945,0.0,-90.161,3.5,-43.239,112.95,-39.739,112.94,Broken,White,Solid,White
13,0,-1,2.0,Driving,False,-44.989,112.955,0.0,-90.161,3.5,-46.739,112.96,-43.239,112.95,SolidSolid,Yellow,Broken,White
13,0,1,2.0,Driving,False,-48.489,112.965,0.0,89.839,3.5,-46.739,112.96,-50.239,112.97,SolidSolid,Yellow,Broken,White
13,0,2,2.0,Driving,False,-51.989,112.975,0.0,89.839,3.5,-50.239,112.97,-53.739,112.98,Broken,White,Solid,White
13,0,-2,3.0,Driving,False,-41.491,111.945,0.0,-90.161,3.5,-43.241,111.95,-39.741,111.94,Broken,White,Solid,White
13,0,-1,3.0,Driving,False,-44.991,111.955,0.0,-90.161,3.5,-46.741,111.96,-43.241,111.95,SolidSolid,Yellow,Broken,White
13,0,1,3.0,Driving,False,-48.491,111.965,0.0,89.839,3.5,-46.741,111.96,-50.241,111.97,SolidSolid,Yellow,Broken,White
13,0,2,3.0,Driving,False,-51.991,111.975,0.0,89.839,3.5,-50.241,111.97,-53.741,111.98,Broken,White,Solid,White
13,0,-2,4.0,Driving,False,-41.494,110.945,0.0,-90.161,3.5,-43.244,110.95,-39.744,110.94,Broken,White,Solid,White
13,0,-1,4.0,Driving,False,-44.994,110.955,0.0,-90.161,3.5,-46.744,110.96,-43.244,110.95,SolidSolid,Yellow,Broken,White
13,0,1,4.0,Driving,False,-48.494,110.965,0.0,89.839,3.5,-46.744,110.96,-50.244,110.97,SolidSolid,Yellow,Broken,White
13,0,2,4.0,Driving,False,-51.994,110.975,0.0,89.839,3.5,-50.244,110.97,-53.744,110.98,Broken,White,Solid,White
13,0,-2,5.0,Driving,False,-41.497,109.945,0.0,-90.161,3.5,-43.247,109.95,-39.747,109.94,Broken,White,Solid,White
13,0,-1,5.0,Driving,False,-44.997,109.955,0.0,-90.161,3.5,-46.747,109.96,-43.247,109.95,SolidSolid,Yellow,Broken,White
13,0,1,5.0,Driving,False,-48.497,109.965,0.0,89.839,3.5,-46.747,109.96,-50.247,109.97,SolidSolid,Yellow,Broken,White
13,0,2,5.0,Driving,False,-51.997,109.975,0.0,89.839,3.5,-50.247,109.97,-53.747,109.98,Broken,White,Solid,White
13,0,-2,6.0,Driving,False,-41.5,108.945,0.0,-90.161,3.5,-43.25,108.95,-39.75,108.94,Broken,White,Solid,White
13,0,-1,6.0,Driving,False,-45.0,108.955,0.0,-90.161,3.5,-46.75,108.96,-43.25,108.95,SolidSolid,Yellow,Broken,White
13,0,1,6.0,Driving,False,-48.5,108.965,0.0,89.839,3.5,-46.75,108.96,-50.25,108.97,SolidSolid,Yellow,Broken,White
13,0,2,6.0,Driving,False,-52.0,108.975,0.0,89.839,3.5,-50.25,108.97,-53.75,108.98,Broken,White,Solid,White
13,0,-2,7.0,Driving,False,-41.503,107.945,0.0,-90.161,3.5,-43.253,107.95,-39.753,107.94,Broken,White,Solid,White
13,0,-1,7.0,Driving,False,-45.003,107.955,0.0,-90.161,3.5,-46.753,107.96,-43.253,107.95,SolidSolid,Yellow,Broken,White
13,0,1,7.0,Driving,False,-48.503,107.965,0.0,89.839,3.5,-46.753,107.96,-50.253,107.97,SolidSolid,Yellow,Broken,White
13,0,2,7.0,Driving,False,-52.003,107.975,0.0,89.839,3.5,-50.253,107.97,-53.753,107.98,Broken,White,Solid,White
13,0,-2,8.0,Driving,False,-41.506,106.945,0.0,-90.161,3.5,-43.256,106.95,-39.756,106.94,Broken,White,Solid,White
13,0,-1,8.0,Driving,False,-45.006,106.955,0.0,-90.161,3.5,-46.756,106.96,-43.256,106.95,SolidSolid,Yellow,Broken,White
13,0,1,8.0,Driving,False,-48.505,106.965,0.0,89.839,3.5,-46.756,106.96,-50.255,106.97,SolidSolid,Yellow,Broken,White
13,0,2,8.0,Driving,False,-52.005,106.975,0.0,89.839,3.5,-50.255,106.97,-53.755,106.98,Broken,White,Solid,White
13,0,-2,9.0,Driving,False,-41.508,105.945,0.0,-90.161,3.5,-43.258,105.95,-39.758,105.94,Broken,White,Solid,White
13,0,-1,9.0,Driving,False,-45.008,105.955,0.0,-90.161,3.5,-46.758,105.96,-43.258,105.95,SolidSolid,Yellow,Broken,White
13,0,1,9.0,Driving,False,-48.508,105.965,0.0,89.839,3.5,-46.758,105.96,-50.258,105.97,SolidSolid,Yellow,Broken,White
13,0,2,9.0,Driving,False,-52.008,105.975,0.0,89.839,3.5,-50.258,105.97,-53.758,105.98,Broken,White,Solid,White
13,0,-2,10.0,Driving,False,-41.511,104.945,0.0,-90.161,3.5,-43.261,104.95,-39.761,104.94,Broken,White,Solid,White
13,0,-1,10.0,Driving,False,-45.011,104.955,0.0,-90.161,3.5,-46.761,104.96,-43.261,104.95,SolidSolid,Yellow,Broken,White
13,0,1,10.0,Driving,False,-48.511,104.965,0.0,89.839,3.5,-46.761,104.96,-50.261,104.97,SolidSolid,Yellow,Broken,White
13,0,2,10.0,Driving,False,-52.011,104.975,0.0,89.839,3.5,-50.261,104.97,-53.761,104.98,Broken,White,Solid,White
13,0,-2,11.0,Driving,False,-41.514,103.945,0.0,-90.161,3.5,-43.264,103.95,-39.764,103.94,Broken,White,Solid,White
13,0,-1,11.0,Driving,False,-45.014,103.955,0.0,-90.161,3.5,-46.764,103.96,-43.264,103.95,SolidSolid,Yellow,Broken,White
13,0,1,11.0,Driving,False,-48.514,103.965,0.0,89.839,3.5,-46.764,103.96,-50.264,103.97,SolidSolid,Yellow,Broken,White
13,0,2,11.0,Driving,False,-52.014,103.975,0.0,89.839,3.5,-50.264,103.97,-53.764,103.98,Broken,White,Solid,White
13,0,-2,12.0,Driving,False,-41.517,102.945,0.0,-90.161,3.5,-43.267,102.95,-39.767,102.94,Broken,White,Solid,White
13,0,-1,12.0,Driving,False,-45.017,102.955,0.0,-90.161,3.5,-46.767,102.96,-43.267,102.95,SolidSolid,Yellow,Broken,White
13,0,1,12.0,Driving,False,-48.517,102.965,0.0,89.839,3.5,-46.767,102.96,-50.267,102.97,SolidSolid,Yellow,Broken,White
13,0,2,12.0,Driving,False,-52.017,102.975,0.0,89.839,3.5,-50.267,102.97,-53.767,102.98,Broken,White,Solid,White
13,0,-2,13.0,Driving,False,-41.52,101.945,0.0,-90.161,3.5,-43.27,101.95,-39.77,101.94,Broken,White,Solid,White
13,0,-1,13.0,Driving,False,-45.02,101.955,0.0,-90.161,3.5,-46.77,101.96,-43.27,101.95,SolidSolid,Yellow,Broken,White
13,0,1,13.0,Driving,False,-48.52,101.965,0.0,89.839,3.5,-46.77,101.96,-50.27,101.97,SolidSolid,Yellow,Broken,White
13,0,2,13.0,Driving,False,-52.02,101.975,0.0,89.839,3.5,-50.27,101.97,-53.77,101.98,Broken,White,Solid,White
13,0,-2,14.0,Driving,False,-41.522,100.945,0.0,-90.161,3.5,-43.272,100.95,-39.772,100.94,Broken,White,Solid,White
13,0,-1,14.0,Driving,False,-45.022,100.955,0.0,-90.161,3.5,-46.772,100.96,-43.272,100.95,SolidSolid,Yellow,Broken,White
13,0,1,14.0,Driving,False,-48.522,100.965,0.0,89.839,3.5,-46.772,100.96,-50.272,100.97,SolidSolid,Yellow,Broken,White
13,0,2,14.0,Driving,False,-52.022,100.975,0.0,89.839,3.5,-50.272,100.97,-53.772,100.98,Broken,White,Solid,White
13,0,-2,15.0,Driving,False,-41.525,99.945,0.0,-90.161,3.5,-43.275,99.95,-39.775,99.94,Broken,White,Solid,White
13,0,-1,15.0,Driving,False,-45.025,99.955,0.0,-90.161,3.5,-46.775,99.96,-43.275,99.95,SolidSolid,Yellow,Broken,White
13,0,1,15.0,Driving,False,-48.525,99.965,0.0,89.839,3.5,-46.775,99.96,-50.275,99.97,SolidSolid,Yellow,Broken,White
13,0,2,15.0,Driving,False,-52.025,99.975,0.0,89.839,3.5,-50.275,99.97,-53.775,99.98,Broken,White,Solid,White
13,0,-2,16.0,Driving,False,-41.528,98.945,0.0,-90.161,3.5,-43.278,98.95,-39.778,98.94,Broken,White,Solid,White
13,0,-1,16.0,Driving,False,-45.028,98.955,0.0,-90.161,3.5,-46.778,98.96,-43.278,98.95,SolidSolid,Yellow,Broken,White
13,0,1,16.0,Driving,False,-48.528,98.965,0.0,89.839,3.5,-46.778,98.96,-50.278,98.97,SolidSolid,Yellow,Broken,White
13,0,2,16.0,Driving,False,-52.028,98.975,0.0,89.839,3.5,-50.278,98.97,-53.778,98.98,Broken,White,Solid,White
13,0,-2,17.0,Driving,False,-41.531,97.945,0.0,-90.161,3.5,-43.281,97.95,-39.781,97.94,Broken,White,Solid,White
13,0,-1,17.0,Driving,False,-45.031,97.955,0.0,-90.161,3.5,-46.781,97.96,-43.281,97.95,SolidSolid,Yellow,Broken,White
13,0,1,17.0,Driving,False,-48.531,97.965,0.0,89.839,3.5,-46.781,97.96,-50.281,97.97,SolidSolid,Yellow,Broken,White
13,0,2,17.0,Driving,False,-52.031,97.975,0.0,89.839,3.5,-50.281,97.97,-53.781,97.98,Broken,White,Solid,White
13,0,-2,18.0,Driving,False,-41.534,96.945,0.0,-90.161,3.5,-43.284,96.95,-39.784,96.94,Broken,White,Solid,White
13,0,-1,18.0,Driving,False,-45.034,96.955,0.0,-90.161,3.5,-46.784,96.96,-43.284,96.95,SolidSolid,Yellow,Broken,White
13,0,1,18.0,Driving,False,-48.534,96.965,0.0,89.839,3.5,-46.784,96.96,-50.284,96.97,SolidSolid,Yellow,Broken,White
13,0,2,18.0,Driving,False,-52.034,96.975,0.0,89.839,3.5,-50.284,96.97,-53.784,96.98,Broken,White,Solid,White
13,0,-2,19.0,Driving,False,-41.536,95.945,0.0,-90.161,3.5,-43.286,95.95,-39.786,95.94,Broken,White,Solid,White
13,0,-1,19.0,Driving,False,-45.036,95.955,0.0,-90.161,3.5,-46.786,95.96,-43.286,95.95,SolidSolid,Yellow,Broken,White
13,0,1,19.0,Driving,False,-48.536,95.965,0.0,89.839,3.5,-46.786,95.96,-50.286,95.97,SolidSolid,Yellow,Broken,White
13,0,2,19.0,Driving,False,-52.036,95.975,0.0,89.839,3.5,-50.286,95.97,-53.786,95.98,Broken,White,Solid,White
13,0,-2,20.0,Driving,False,-41.539,94.945,0.0,-90.161,3.5,-43.289,94.95,-39.789,94.94,Broken,White,Solid,White
13,0,-1,20.0,Driving,False,-45.039,94.955,0.0,-90.161,3.5,-46.789,94.96,-43.289,94.95,SolidSolid,Yellow,Broken,White
13,0,1,20.0,Driving,False,-48.539,94.965,0.0,89.839,3.5,-46.789,94.96,-50.289,94.97,SolidSolid,Yellow,Broken,White
13,0,2,20.0,Driving,False,-52.039,94.975,0.0,89.839,3.5,-50.289,94.97,-53.789,94.98,Broken,White,Solid,White
13,0,-2,21.0,Driving,False,-41.542,93.945,0.0,-90.161,3.5,-43.292,93.95,-39.792,93.94,Broken,White,Solid,White
13,0,-1,21.0,Driving,False,-45.042,93.955,0.0,-90.161,3.5,-46.792,93.96,-43.292,93.95,SolidSolid,Yellow,Broken,White
13,0,1,21.0,Driving,False,-48.542,93.965,0.0,89.839,3.5,-46.792,93.96,-50.292,93.97,SolidSolid,Yellow,Broken,White
13,0,2,21.0,Driving,False,-52.042,93.975,0.0,89.839,3.5,-50.292,93.97,-53.792,93.98,Broken,White,Solid,White
13,0,-2,22.0,Driving,False,-41.545,92.945,0.0,-90.161,3.5,-43.295,92.95,-39.795,92.94,Broken,White,Solid,White
13,0,-1,22.0,Driving,False,-45.045,92.955,0.0,-90.161,3.5,-46.795,92.96,-43.295,92.95,SolidSolid,Yellow,Broken,White
13,0,1,22.0,Driving,False,-48.545,92.965,0.0,89.839,3.5,-46.795,92.96,-50.295,92.97,SolidSolid,Yellow,Broken,White
13,0,2,22.0,Driving,False,-52.045,92.975,0.0,89.839,3.5,-50.295,92.97,-53.795,92.98,Broken,White,Solid,White
13,0,-2,23.0,Driving,False,-41.548,91.945,0.0,-90.161,3.5,-43.298,91.95,-39.798,91.94,Broken,White,Solid,White
13,0,-1,23.0,Driving,False,-45.048,91.955,0.0,-90.161,3.5,-46.798,91.96,-43.298,91.95,SolidSolid,Yellow,Broken,White
13,0,1,23.0,Driving,False,-48.548,91.965,0.0,89.839,3.5,-46.798,91.96,-50.298,91.97,SolidSolid,Yellow,Broken,White
13,0,2,23.0,Driving,False,-52.048,91.975,0.0,89.839,3.5,-50.298,91.97,-53.798,91.98,Broken,White,Solid,White
13,0,-2,24.0,Driving,False,-41.551,90.945,0.0,-90.161,3.5,-43.301,90.95,-39.801,90.94,Broken,White,Solid,White
13,0,-1,24.0,Driving,False,-45.051,90.955,0.0,-90.161,3.5,-46.801,90.96,-43.301,90.95,SolidSolid,Yellow,Broken,White
13,0,1,24.0,Driving,False,-48.551,90.965,0.0,89.839,3.5,-46.801,90.96,-50.301,90.97,SolidSolid,Yellow,Broken,White
13,0,2,24.0,Driving,False,-52.051,90.975,0.0,89.839,3.5,-50.301,90.97,-53.8,90.98,Broken,White,Solid,White
13,0,-2,25.0,Driving,False,-41.553,89.945,0.0,-90.161,3.5,-43.303,89.95,-39.803,89.94,Broken,White,Solid,White
13,0,-1,25.0,Driving,False,-45.053,89.955,0.0,-90.161,3.5,-46.803,89.96,-43.303,89.95,SolidSolid,Yellow,Broken,White
13,0,1,25.0,Driving,False,-48.553,89.965,0.0,89.839,3.5,-46.803,89.96,-50.303,89.97,SolidSolid,Yellow,Broken,White
13,0,2,25.0,Driving,False,-52.053,89.975,0.0,89.839,3.5,-50.303,89.97,-53.803,89.98,Broken,White,Solid,White
13,0,-2,26.0,Driving,False,-41.556,88.945,0.0,-90.161,3.5,-43.306,88.95,-39.806,88.94,Broken,White,Solid,White
13,0,-1,26.0,Driving,False,-45.056,88.955,0.0,-90.161,3.5,-46.806,88.96,-43.306,88.95,SolidSolid,Yellow,Broken,White
13,0,1,26.0,Driving,False,-48.556,88.965,0.0,89.839,3.5,-46.806,88.96,-50.306,88.97,SolidSolid,Yellow,Broken,White
13,0,2,26.0,Driving,False,-52.056,88.975,0.0,89.839,3.5,-50.306,88.97,-53.806,88.98,Broken,White,Solid,White
13,0,-2,27.0,Driving,False,-41.559,87.945,0.0,-90.161,3.5,-43.309,87.95,-39.809,87.94,Broken,White,Solid,White
13,0,-1,27.0,Driving,False,-45.059,87.955,0.0,-90.161,3.5,-46.809,87.96,-43.309,87.95,SolidSolid,Yellow,Broken,White
13,0,1,27.0,Driving,False,-48.559,87.965,0.0,89.839,3.5,-46.809,87.96,-50.309,87.97,SolidSolid,Yellow,Broken,White
13,0,2,27.0,Driving,False,-52.059,87.975,0.0,89.839,3.5,-50.309,87.97,-53.809,87.98,Broken,White,Solid,White
13,0,-2,28.0,Driving,False,-41.562,86.945,0.0,-90.161,3.5,-43.312,86.95,-39.812,86.94,Broken,White,Solid,White
13,0,-1,28.0,Driving,False,-45.062,86.955,0.0,-90.161,3.5,-46.812,86.96,-43.312,86.95,SolidSolid,Yellow,Broken,White
13,0,1,28.0,Driving,False,-48.562,86.965,0.0,89.839,3.5,-46.812,86.96,-50.312,86.97,SolidSolid,Yellow,Broken,White
13,0,2,28.0,Driving,False,-52.062,86.975,0.0,89.839,3.5,-50.312,86.97,-53.812,86.98,Broken,White,Solid,White
13,0,-2,29.0,Driving,False,-41.565,85.945,0.0,-90.161,3.5,-43.315,85.95,-39.815,85.94,Broken,White,Solid,White
13,0,-1,29.0,Driving,False,-45.065,85.955,0.0,-90.161,3.5,-46.815,85.96,-43.315,85.95,SolidSolid,Yellow,Broken,White
13,0,1,29.0,Driving,False,-48.565,85.965,0.0,89.839,3.5,-46.815,85.96,-50.315,85.97,SolidSolid,Yellow,Broken,White
13,0,2,29.0,Driving,False,-52.065,85.975,0.0,89.839,3.5,-50.315,85.97,-53.815,85.98,Broken,White,Solid,White
13,0,-2,30.0,Driving,False,-41.567,84.945,0.0,-90.161,3.5,-43.317,84.95,-39.817,84.94,Broken,White,Solid,White
13,0,-1,30.0,Driving,False,-45.067,84.955,0.0,-90.161,3.5,-46.817,84.96,-43.317,84.95,SolidSolid,Yellow,Broken,White
13,0,1,30.0,Driving,False,-48.567,84.965,0.0,89.839,3.5,-46.817,84.96,-50.317,84.97,SolidSolid,Yellow,Broken,White
13,0,2,30.0,Driving,False,-52.067,84.975,0.0,89.839,3.5,-50.317,84.97,-53.817,84.98,Broken,White,Solid,White
13,0,-2,31.0,Driving,False,-41.57,83.945,0.0,-90.161,3.5,-43.32,83.95,-39.82,83.94,Broken,White,Solid,White
13,0,-1,31.0,Driving,False,-45.07,83.955,0.0,-90.161,3.5,-46.82,83.96,-43.32,83.95,SolidSolid,Yellow,Broken,White
13,0,1,31.0,Driving,False,-48.57,83.965,0.0,89.839,3.5,-46.82,83.96,-50.32,83.97,SolidSolid,Yellow,Broken,White
13,0,2,31.0,Driving,False,-52.07,83.975,0.0,89.839,3.5,-50.32,83.97,-53.82,83.98,Broken,White,Solid,White
13,0,-2,32.0,Driving,False,-41.573,82.945,0.0,-90.161,3.5,-43.323,82.95,-39.823,82.94,Broken,White,Solid,White
13,0,-1,32.0,Driving,False,-45.073,82.955,0.0,-90.161,3.5,-46.823,82.96,-43.323,82.95,SolidSolid,Yellow,Broken,White
13,0,1,32.0,Driving,False,-48.573,82.965,0.0,89.839,3.5,-46.823,82.96,-50.323,82.97,SolidSolid,Yellow,Broken,White
13,0,2,32.0,Driving,False,-52.073,82.975,0.0,89.839,3.5,-50.323,82.97,-53.823,82.98,Broken,White,Solid,White
254,0,4,0.0,Driving,True,-66.804,16.498,0.0,180.159,3.5,-66.809,18.248,-66.799,14.748,Solid,Yellow,Broken,White
254,0,5,0.0,Driving,True,-66.794,12.998,0.0,180.159,3.5,-66.799,14.748,-66.789,11.248,Broken,White,Solid,White
254,0,4,1.0,Driving,True,-65.804,16.501,0.0,180.159,3.5,-65.809,18.251,-65.799,14.751,Solid,Yellow,Broken,White
254,0,5,1.0,Driving,True,-65.794,13.001,0.0,180.159,3.5,-65.799,14.751,-65.789,11.251,Broken,White,Solid,White
254,0,4,2.0,Driving,True,-64.804,16.504,0.0,180.159,3.5,-64.809,18.254,-64.799,14.754,Solid,Yellow,NONE,White
254,0,5,2.0,Driving,True,-64.794,13.004,0.0,180.159,3.5,-64.799,14.754,-64.789,11.254,NONE,White,NONE,White
254,0,4,3.0,Driving,True,-63.804,16.507,0.0,180.159,3.5,-63.809,18.257,-63.799,14.757,Solid,Yellow,NONE,White
254,0,5,3.0,Driving,True,-63.794,13.007,0.0,180.159,3.5,-63.799,14.757,-63.789,11.257,NONE,White,NONE,White
254,0,4,4.0,Driving,True,-62.804,16.509,0.0,180.159,3.5,-62.809,18.259,-62.799,14.759,Solid,Yellow,NONE,White
254,0,5,4.0,Driving,True,-62.794,13.01,0.0,180.159,3.5,-62.799,14.759,-62.789,11.26,NONE,White,NONE,White
254,0,4,5.0,Driving,True,-61.804,16.512,0.0,180.159,3.5,-61.809,18.262,-61.799,14.762,Solid,Yellow,NONE,White
254,0,5,5.0,Driving,True,-61.794,13.012,0.0,180.159,3.5,-61.799,14.762,-61.789,11.262,NONE,White,NONE,White
254,0,4,6.0,Driving,True,-60.804,16.515,0.0,180.159,3.5,-60.809,18.265,-60.799,14.765,NONE,White,NONE,White
254,0,5,6.0,Driving,True,-60.794,13.015,0.0,180.159,3.5,-60.799,14.765,-60.789,11.265,NONE,White,NONE,White
254,0,4,7.0,Driving,True,-59.804,16.518,0.0,180.159,3.5,-59.809,18.268,-59.799,14.768,NONE,White,NONE,White
254,0,5,7.0,Driving,True,-59.794,13.018,0.0,180.159,3.5,-59.799,14.768,-59.789,11.268,NONE,White,NONE,White
254,0,4,8.0,Driving,True,-58.804,16.521,0.0,180.159,3.5,-58.809,18.271,-58.799,14.771,NONE,White,NONE,White
254,0,5,8.0,Driving,True,-58.794,13.021,0.0,180.159,3.5,-58.799,14.771,-58.789,11.271,NONE,White,NONE,White
254,0,4,9.0,Driving,True,-57.804,16.523,0.0,180.159,3.5,-57.809,18.273,-57.799,14.773,NONE,White,NONE,White
254,0,5,9.0,Driving,True,-57.794,13.023,0.0,180.159,3.5,-57.799,14.773,-57.789,11.273,NONE,White,NONE,White
254,0,4,10.0,Driving,True,-56.804,16.526,0.0,180.159,3.5,-56.809,18.276,-56.799,14.776,NONE,White,NONE,White
254,0,5,10.0,Driving,True,-56.794,13.026,0.0,180.159,3.5,-56.799,14.776,-56.789,11.276,NONE,White,NONE,White
254,0,4,11.0,Driving,True,-55.804,16.529,0.0,180.159,3.5,-55.809,18.279,-55.799,14.779,NONE,White,NONE,White
254,0,5,11.0,Driving,True,-55.794,13.029,0.0,180.159,3.5,-55.799,14.779,-55.789,11.279,NONE,White,NONE,White
254,0,4,12.0,Driving,True,-54.804,16.532,0.0,180.159,3.5,-54.809,18.282,-54.799,14.782,NONE,White,NONE,White
254,0,5,12.0,Driving,True,-54.794,13.032,0.0,180.159,3.5,-54.799,14.782,-54.789,11.282,NONE,White,NONE,White
254,0,4,13.0,Driving,True,-53.804,16.534,0.0,180.159,3.5,-53.809,18.284,-53.799,14.785,NONE,White,NONE,White
254,0,5,13.0,Driving,True,-53.794,13.035,0.0,180.159,3.5,-53.799,14.785,-53.789,11.285,NONE,White,NONE,White
254,0,4,14.0,Driving,True,-52.804,16.537,0.0,180.159,3.5,-52.809,18.287,-52.799,14.787,NONE,White,NONE,White
254,0,5,14.0,Driving,True,-52.794,13.037,0.0,180.159,3.5,-52.799,14.787,-52.789,11.287,NONE,White,NONE,White
254,0,4,15.0,Driving,True,-51.804,16.54,0.0,180.159,3.5,-51.809,18.29,-51.799,14.79,NONE,White,NONE,White
254,0,5,15.0,Driving,True,-51.794,13.04,0.0,180.159,3.5,-51.799,14.79,-51.789,11.29,NONE,White,NONE,White
254,0,4,16.0,Driving,True,-50.804,16.543,0.0,180.159,3.5,-50.809,18.293,-50.799,14.793,NONE,White,NONE,White
254,0,5,16.0,Driving,True,-50.794,13.043,0.0,180.159,3.5,-50.799,14.793,-50.789,11.293,NONE,White,NONE,White
254,0,4,17.0,Driving,True,-49.804,16.546,0.0,180.159,3.5,-49.809,18.296,-49.799,14.796,NONE,White,NONE,White
254,0,5,17.0,Driving,True,-49.794,13.046,0.0,180.159,3.5,-49.799,14.796,-49.789,11.296,NONE,White,NONE,White
254,0,4,18.0,Driving,True,-48.804,16.548,0.0,180.159,3.5,-48.809,18.298,-48.799,14.798,NONE,White,NONE,White
254,0,5,18.0,Driving,True,-48.794,13.048,0.0,180.159,3.5,-48.799,14.798,-48.789,11.298,NONE,White,NONE,White
254,0,4,19.0,Driving,True,-47.804,16.551,0.0,180.159,3.5,-47.809,18.301,-47.799,14.801,NONE,White,NONE,White
254,0,5,19.0,Driving,True,-47.794,13.051,0.0,180.159,3.5,-47.799,14.801,-47.789,11.301,NONE,White,NONE,White
254,0,4,20.0,Driving,True,-46.804,16.554,0.0,180.159,3.5,-46.809,18.304,-46.799,14.804,NONE,White,NONE,White
254,0,5,20.0,Driving,True,-46.794,13.054,0.0,180.159,3.5,-46.799,14.804,-46.789,11.304,NONE,White,NONE,White
254,0,4,21.0,Driving,True,-45.804,16.557,0.0,180.159,3.5,-45.809,18.307,-45.799,14.807,NONE,White,NONE,White
254,0,5,21.0,Driving,True,-45.794,13.057,0.0,180.159,3.5,-45.799,14.807,-45.789,11.307,NONE,White,NONE,White
254,0,4,22.0,Driving,True,-44.804,16.56,0.0,180.159,3.5,-44.809,18.309,-44.799,14.81,NONE,White,NONE,White
254,0,5,22.0,Driving,True,-44.794,13.06,0.0,180.159,3.5,-44.799,14.81,-44.789,11.31,NONE,White,NONE,White
254,0,4,23.0,Driving,True,-43.804,16.562,0.0,180.159,3.5,-43.809,18.312,-43.799,14.812,NONE,White,NONE,White
254,0,5,23.0,Driving,True,-43.794,13.062,0.0,180.159,3.5,-43.799,14.812,-43.789,11.312,NONE,White,NONE,White
254,0,4,24.0,Driving,True,-42.804,16.565,0.0,180.159,3.5,-42.809,18.315,-42.799,14.815,NONE,White,NONE,White
254,0,5,24.0,Driving,True,-42.794,13.065,0.0,180.159,3.5,-42.799,14.815,-42.789,11.315,NONE,White,NONE,White
254,0,4,25.0,Driving,True,-41.804,16.568,0.0,180.159,3.5,-41.809,18.318,-41.799,14.818,NONE,White,NONE,White
254,0,5,25.0,Driving,True,-41.794,13.068,0.0,180.159,3.5,-41.799,14.818,-41.789,11.318,NONE,White,NONE,White
254,0,4,26.0,Driving,True,-40.804,16.571,0.0,180.159,3.5,-40.809,18.321,-40.799,14.821,NONE,White,NONE,White
254,0,5,26.0,Driving,True,-40.794,13.071,0.0,180.159,3.5,-40.799,14.821,-40.789,11.321,NONE,White,NONE,White
254,0,4,27.0,Driving,True,-39.804,16.573,0.0,180.159,3.5,-39.809,18.323,-39.799,14.823,NONE,White,NONE,White
254,0,5,27.0,Driving,True,-39.794,13.073,0.0,180.159,3.5,-39.799,14.823,-39.789,11.323,NONE,White,NONE,White
254,0,4,28.0,Driving,True,-38.804,16.576,0.0,180.159,3.5,-38.809,18.326,-38.799,14.826,NONE,White,NONE,White
254,0,5,28.0,Driving,True,-38.794,13.076,0.0,180.159,3.5,-38.799,14.826,-38.789,11.326,NONE,White,NONE,White
254,0,4,29.0,Driving,True,-37.804,16.579,0.0,180.159,3.5,-37.809,18.329,-37.799,14.829,NONE,White,NONE,White
254,0,5,29.0,Driving,True,-37.794,13.079,0.0,180.159,3.5,-37.799,14.829,-37.789,11.329,NONE,White,NONE,White
254,0,4,30.0,Driving,True,-36.804,16.582,0.0,180.159,3.5,-36.809,18.332,-36.799,14.832,NONE,White,NONE,White
254,0,5,30.0,Driving,True,-36.794,13.082,0.0,180.159,3.5,-36.799,14.832,-36.789,11.332,NONE,White,NONE,White
254,0,4,31.0,Driving,True,-35.804,16.585,0.0,180.159,3.5,-35.809,18.335,-35.799,14.835,NONE,White,NONE,White
254,0,5,31.0,Driving,True,-35.794,13.085,0.0,180.159,3.5,-35.799,14.835,-35.789,11.335,NONE,White,NONE,White
254,0,4,32.0,Driving,True,-34.804,16.587,0.0,180.159,3.5,-34.809,18.337,-34.799,14.837,NONE,White,NONE,White
254,0,5,32.0,Driving,True,-34.794,13.087,0.0,180.159,3.5,-34.799,14.837,-34.789,11.337,NONE,White,NONE,White
254,0,4,33.0,Driving,True,-33.804,16.59,0.0,180.159,3.5,-33.809,18.34,-33.799,14.84,NONE,White,NONE,White
254,0,5,33.0,Driving,True,-33.794,13.09,0.0,180.159,3.5,-33.799,14.84,-33.789,11.34,NONE,White,NONE,White
254,0,4,34.0,Driving,True,-32.804,16.593,0.0,180.159,3.5,-32.809,18.343,-32.799,14.843,NONE,White,NONE,White
254,0,5,34.0,Driving,True,-32.794,13.093,0.0,180.159,3.5,-32.799,14.843,-32.789,11.343,NONE,White,NONE,White
254,0,4,35.0,Driving,True,-31.804,16.596,0.0,180.159,3.5,-31.809,18.346,-31.799,14.846,NONE,White,NONE,White
254,0,5,35.0,Driving,True,-31.794,13.096,0.0,180.159,3.5,-31.799,14.846,-31.789,11.346,NONE,White,Solid,White
254,0,4,36.0,Driving,True,-30.804,16.598,0.0,180.159,3.5,-30.809,18.348,-30.799,14.848,Solid,Yellow,Broken,White
254,0,5,36.0,Driving,True,-30.794,13.098,0.0,180.159,3.5,-30.799,14.848,-30.789,11.348,Broken,White,Solid,White
254,0,4,37.0,Driving,True,-29.804,16.601,0.0,180.159,3.5,-29.809,18.351,-29.799,14.851,Solid,Yellow,Broken,White
254,0,5,37.0,Driving,True,-29.794,13.101,0.0,180.159,3.5,-29.799,14.851,-29.789,11.351,Broken,White,Solid,White
254,0,4,38.0,Driving,True,-28.804,16.604,0.0,180.159,3.5,-28.809,18.354,-28.799,14.854,Solid,Yellow,Broken,White
254,0,5,38.0,Driving,True,-28.794,13.104,0.0,180.159,3.5,-28.799,14.854,-28.789,11.354,Broken,White,Solid,White
0,0,-2,0.0,Driving,False,109.93,-9.334,0.0,-89.609,3.5,108.18,-9.346,111.68,-9.322,Broken,White,Solid,White
0,0,-1,0.0,Driving,False,106.43,-9.358,0.0,-89.609,3.5,104.68,-9.37,108.18,-9.346,SolidSolid,Yellow,Broken,White
0,0,1,0.0,Driving,False,102.93,-9.382,0.0,90.391,3.5,104.68,-9.37,101.18,-9.394,SolidSolid,Yellow,Broken,White
0,0,2,0.0,Driving,False,99.43,-9.406,0.0,90.391,3.5,101.18,-9.394,97.68,-9.418,Broken,White,Solid,White
0,0,-2,1.0,Driving,False,109.937,-10.336,0.0,-89.633,3.5,108.187,-10.348,111.687,-10.325,Broken,White,Solid,White
0,0,-1,1.0,Driving,False,106.437,-10.359,0.0,-89.633,3.5,104.687,-10.37,108.187,-10.348,SolidSolid,Yellow,Broken,White
0,0,1,1.0,Driving,False,102.937,-10.381,0.0,90.367,3.5,104.687,-10.37,101.187,-10.392,SolidSolid,Yellow,Broken,White
0,0,2,1.0,Driving,False,99.437,-10.404,0.0,90.367,3.5,101.187,-10.392,97.687,-10.415,Broken,White,Solid,White
0,0,-2,2.0,Driving,False,109.942,-11.347,0.0,-89.747,3.5,108.192,-11.355,111.692,-11.339,Broken,White,Solid,White
0,0,-1,2.0,Driving,False,106.442,-11.362,0.0,-89.747,3.5,104.692,-11.37,108.192,-11.355,SolidSolid,Yellow,Broken,White
0,0,1,2.0,Driving,False,102.942,-11.378,0.0,90.253,3.5,104.692,-11.37,101.192,-11.385,SolidSolid,Yellow,Broken,White
0,0,2,2.0,Driving,False,99.442,-11.393,0.0,90.253,3.5,101.192,-11.385,97.692,-11.401,Broken,White,Solid,White
0,0,-2,3.0,Driving,False,109.946,-12.357,0.0,-89.862,3.5,108.196,-12.362,111.696,-12.353,Broken,White,Solid,White
0,0,-1,3.0,Driving,False,106.446,-12.366,0.0,-89.862,3.5,104.696,-12.37,108.196,-12.362,SolidSolid,Yellow,Broken,White
0,0,1,3.0,Driving,False,102.946,-12.374,0.0,90.138,3.5,104.696,-12.37,101.196,-12.378,SolidSolid,Yellow,Broken,White
0,0,2,3.0,Driving,False,99.446,-12.383,0.0,90.138,3.5,101.196,-12.378,97.696,-12.387,Broken,White,Solid,White
0,0,-2,4.0,Driving,False,109.947,-13.368,0.0,-89.976,3.5,108.197,-13.369,111.697,-13.367,Broken,White,Solid,White
0,0,-1,4.0,Driving,False,106.447,-13.369,0.0,-89.976,3.5,104.697,-13.37,108.197,-13.369,SolidSolid,Yellow,Broken,White
0,0,1,4.0,Driving,False,102.947,-13.371,0.0,90.024,3.5,104.697,-13.37,101.197,-13.371,SolidSolid,Yellow,Broken,White
0,0,2,4.0,Driving,False,99.447,-13.372,0.0,90.024,3.5,101.197,-13.371,97.697,-13.373,Broken,White,Solid,White
0,0,-2,5.0,Driving,False,109.946,-14.378,0.0,-90.091,3.5,108.196,-14.376,111.696,-14.381,Broken,White,Solid,White
0,0,-1,5.0,Driving,False,106.446,-14.373,0.0,-90.091,3.5,104.696,-14.37,108.196,-14.376,SolidSolid,Yellow,Broken,White
0,0,1,5.0,Driving,False,102.946,-14.367,0.0,89.909,3.5,104.696,-14.37,101.196,-14.364,SolidSolid,Yellow,Broken,White
0,0,2,5.0,Driving,False,99.446,-14.362,0.0,89.909,3.5,101.196,-14.364,97.696,-14.359,Broken,White,Solid,White
0,0,-2,6.0,Driving,False,109.944,-15.389,0.0,-90.203,3.5,108.194,-15.382,111.694,-15.395,Broken,White,Solid,White
0,0,-1,6.0,Driving,False,106.444,-15.376,0.0,-90.203,3.5,104.694,-15.37,108.194,-15.382,SolidSolid,Yellow,Broken,White
0,0,1,6.0,Driving,False,102.944,-15.364,0.0,89.797,3.5,104.694,-15.37,101.194,-15.358,SolidSolid,Yellow,Broken,White
0,0,2,6.0,Driving,False,99.444,-15.351,0.0,89.797,3.5,101.194,-15.358,97.694,-15.345,Broken,White,Solid,White
0,0,-2,7.0,Driving,False,109.94,-16.383,0.0,269.853,3.5,108.19,-16.379,111.69,-16.388,Broken,White,Solid,White
0,0,-1,7.0,Driving,False,106.44,-16.374,0.0,269.853,3.5,104.69,-16.37,108.19,-16.379,SolidSolid,Yellow,Broken,White
0,0,1,7.0,Driving,False,102.94,-16.365,0.0,449.853,3.5,104.69,-16.37,101.19,-16.361,SolidSolid,Yellow,Broken,White
0,0,2,7.0,Driving,False,99.44,-16.356,0.0,449.853,3.5,101.19,-16.361,97.69,-16.352,Broken,White,Solid,White
0,0,-2,8.0,Driving,False,109.939,-17.369,0.0,270.013,3.5,108.189,-17.369,111.689,-17.368,Broken,White,Solid,White
0,0,-1,8.0,Driving,False,106.439,-17.37,0.0,270.013,3.5,104.689,-17.37,108.189,-17.369,SolidSolid,Yellow,Broken,White
0,0,1,8.0,Driving,False,102.939,-17.37,0.0,450.013,3.5,104.689,-17.37,101.189,-17.371,SolidSolid,Yellow,Broken,White
0,0,2,8.0,Driving,False,99.439,-17.371,0.0,450.013,3.5,101.189,-17.371,97.689,-17.372,Broken,White,Solid,White
0,0,-2,9.0,Driving,False,109.941,-18.354,0.0,270.174,3.5,108.191,-18.359,111.691,-18.349,Broken,White,Solid,White
0,0,-1,9.0,Driving,False,106.441,-18.365,0.0,270.174,3.5,104.691,-18.37,108.191,-18.359,SolidSolid,Yellow,Broken,White
0,0,1,9.0,Driving,False,102.941,-18.375,0.0,450.174,3.5,104.691,-18.37,101.191,-18.381,SolidSolid,Yellow,Broken,White
0,0,2,9.0,Driving,False,99.441,-18.386,0.0,450.174,3.5,101.191,-18.381,97.691,-18.391,Broken,White,Solid,White
0,0,-2,10.0,Driving,False,109.945,-19.339,0.0,270.334,3.5,108.195,-19.35,111.695,-19.329,Broken,White,Solid,White
0,0,-1,10.0,Driving,False,106.445,-19.36,0.0,270.334,3.5,104.695,-19.37,108.195,-19.35,SolidSolid,Yellow,Broken,White
0,0,1,10.0,Driving,False,102.945,-19.38,0.0,450.334,3.5,104.695,-19.37,101.195,-19.39,SolidSolid,Yellow,Broken,White
0,0,2,10.0,Driving,False,99.445,-19.401,0.0,450.334,3.5,101.195,-19.39,97.695,-19.411,Broken,White,Solid,White
0,0,-2,11.0,Driving,False,109.952,-20.325,0.0,270.495,3.5,108.202,-20.34,111.702,-20.309,Broken,White,Solid,White
0,0,-1,11.0,Driving,False,106.453,-20.355,0.0,270.495,3.5,104.703,-20.37,108.202,-20.34,SolidSolid,Yellow,Broken,White
0,0,1,11.0,Driving,False,102.953,-20.385,0.0,450.495,3.5,104.703,-20.37,101.203,-20.4,SolidSolid,Yellow,Broken,White
0,0,2,11.0,Driving,False,99.453,-20.415,0.0,450.495,3.5,101.203,-20.4,97.703,-20.43,Broken,White,Solid,White
0,0,-2,12.0,Driving,False,109.962,-21.31,0.0,270.655,3.5,108.212,-21.33,111.712,-21.29,Broken,White,Solid,White
0,0,-1,12.0,Driving,False,106.463,-21.35,0.0,270.655,3.5,104.713,-21.37,108.212,-21.33,SolidSolid,Yellow,Broken,White
0,0,1,12.0,Driving,False,102.963,-21.39,0.0,450.655,3.5,104.713,-21.37,101.213,-21.41,SolidSolid,Yellow,Broken,White
0,0,2,12.0,Driving,False,99.463,-21.43,0.0,450.655,3.5,101.213,-21.41,97.713,-21.45,Broken,White,Solid,White
0,0,-2,13.0,Driving,False,109.975,-22.295,0.0,270.816,3.5,108.225,-22.32,111.725,-22.27,Broken,White,Solid,White
0,0,-1,13.0,Driving,False,106.475,-22.345,0.0,270.816,3.5,104.725,-22.37,108.225,-22.32,SolidSolid,Yellow,Broken,White
0,0,1,13.0,Driving,False,102.976,-22.395,0.0,450.816,3.5,104.725,-22.37,101.226,-22.42,SolidSolid,Yellow,Broken,White
0,0,2,13.0,Driving,False,99.476,-22.445,0.0,450.816,3.5,101.226,-22.42,97.726,-22.469,Broken,White,Solid,White
296,0,-1,0.0,Driving,True,-66.826,24.498,0.0,0.159,3.5,-66.821,22.748,-66.831,26.248,Solid,Yellow,Broken,White
296,0,-1,1.0,Driving,True,-65.826,24.501,0.0,0.159,3.5,-65.821,22.751,-65.831,26.251,Solid,Yellow,NONE,White
296,0,-1,2.0,Driving,True,-64.826,24.504,0.0,0.159,3.5,-64.821,22.754,-64.831,26.254,Solid,Yellow,NONE,White
296,0,-1,3.0,Driving,True,-63.799,24.504,0.0,-0.745,3.5,-63.821,22.755,-63.776,26.254,NONE,White,NONE,White
296,0,-1,4.0,Driving,True,-62.694,24.457,0.0,-4.222,3.5,-62.822,22.711,-62.565,26.202,NONE,White,NONE,White
296,0,-1,5.0,Driving,True,-61.594,24.342,0.0,-7.699,3.5,-61.828,22.607,-61.359,26.076,NONE,White,NONE,White
296,0,-1,6.0,Driving,True,-60.502,24.16,0.0,-11.176,3.5,-60.842,22.444,-60.163,25.877,NONE,White,NONE,White
296,0,-1,7.0,Driving,True,-59.424,23.913,0.0,-14.653,3.5,-59.867,22.22,-58.982,25.606,NONE,White,NONE,White
296,0,-1,8.0,Driving,True,-58.363,23.601,0.0,-18.13,3.5,-58.908,21.938,-57.819,25.264,NONE,White,NONE,White
296,0,-1,9.0,Driving,True,-57.323,23.225,0.0,-21.607,3.5,-57.968,21.598,-56.679,24.852,NONE,White,NONE,White
296,0,-1,10.0,Driving,True,-56.308,22.787,0.0,-25.084,3.5,-57.05,21.202,-55.566,24.372,NONE,White,NONE,White
296,0,-1,11.0,Driving,True,-55.321,22.288,0.0,-28.561,3.5,-56.157,20.751,-54.484,23.825,NONE,White,NONE,White
296,0,-1,12.0,Driving,True,-54.366,21.73,0.0,-32.038,3.5,-55.294,20.246,-53.437,23.213,NONE,White,NONE,White
296,0,-1,13.0,Driving,True,-53.446,21.115,0.0,-35.516,3.5,-54.463,19.69,-52.43,22.539,NONE,White,NONE,White
296,0,-1,14.0,Driving,True,-52.566,20.445,0.0,-38.993,3.5,-53.667,19.085,-51.465,21.805,NONE,White,NONE,White
296,0,-1,15.0,Driving,True,-51.728,19.724,0.0,-42.47,3.5,-52.909,18.433,-50.546,21.014,NONE,White,NONE,White
296,0,-1,16.0,Driving,True,-50.956,18.977,0.0,-44.899,3.5,-52.191,17.738,-49.72,20.217,NONE,White,NONE,White
296,0,-1,17.0,Driving,True,-50.247,18.271,0.0,-44.899,3.5,-51.482,17.032,-49.012,19.511,NONE,White,NONE,White
296,0,-1,18.0,Driving,True,-49.5,17.51,0.0,-47.098,3.5,-50.781,16.319,-48.218,18.701,NONE,White,NONE,White
296,0,-1,19.0,Driving,True,-48.764,16.659,0.0,-51.191,3.5,-50.127,15.562,-47.4,17.756,NONE,White,NONE,White
296,0,-1,20.0,Driving,True,-48.091,15.758,0.0,-55.285,3.5,-49.529,14.761,-46.652,16.755,NONE,White,NONE,White
296,0,-1,21.0,Driving,True,-47.483,14.811,0.0,-59.378,3.5,-48.989,13.92,-45.978,15.703,NONE,White,NONE,White
296,0,-1,22.0,Driving,True,-46.945,13.823,0.0,-63.471,3.5,-48.511,13.042,-45.38,14.605,NONE,White,NONE,White
296,0,-1,23.0,Driving,True,-46.479,12.8,0.0,-67.565,3.5,-48.097,12.132,-44.862,13.468,NONE,White,NONE,White
296,0,-1,24.0,Driving,True,-46.087,11.745,0.0,-71.658,3.5,-47.749,11.195,-44.426,12.296,NONE,White,NONE,White
296,0,-1,25.0,Driving,True,-45.772,10.666,0.0,-75.751,3.5,-47.468,10.235,-44.076,11.097,NONE,White,NONE,White
296,0,-1,26.0,Driving,True,-45.534,9.566,0.0,-79.845,3.5,-47.257,9.258,-43.812,9.875,NONE,White,NONE,White
296,0,-1,27.0,Driving,True,-45.375,8.453,0.0,-83.938,3.5,-47.116,8.268,-43.635,8.638,NONE,White,NONE,White
296,0,-1,28.0,Driving,True,-45.297,7.331,0.0,-88.031,3.5,-47.046,7.271,-43.548,7.391,NONE,White,NONE,White
296,0,-1,29.0,Driving,True,-45.289,6.266,0.0,-90.161,3.5,-47.039,6.271,-43.539,6.261,NONE,White,NONE,White
296,0,-1,30.0,Driving,True,-45.292,5.266,0.0,-90.161,3.5,-47.042,5.271,-43.542,5.261,NONE,White,NONE,White
296,0,-1,31.0,Driving,True,-45.294,4.266,0.0,-90.161,3.5,-47.044,4.271,-43.544,4.261,NONE,White,NONE,White
296,0,-1,32.0,Driving,True,-45.297,3.266,0.0,-90.161,3.5,-47.047,3.271,-43.547,3.261,NONE,White,NONE,White
296,0,-1,33.0,Driving,True,-45.3,2.266,0.0,-90.161,3.5,-47.05,2.271,-43.55,2.261,NONE,White,NONE,White
296,0,-1,34.0,Driving,True,-45.303,1.266,0.0,-90.161,3.5,-47.053,1.271,-43.553,1.261,SolidSolid,Yellow,Broken,White
296,0,-1,35.0,Driving,True,-45.306,0.266,0.0,-90.161,3.5,-47.056,0.271,-43.556,0.261,SolidSolid,Yellow,Broken,White
296,0,-1,36.0,Driving,True,-45.309,-0.734,0.0,-90.161,3.5,-47.059,-0.729,-43.559,-0.739,SolidSolid,Yellow,Broken,White
597,0,-1,0.0,Driving,True,106.078,42.19,0.0,-89.609,3.5,104.328,42.178,107.828,42.201,SolidSolid,Yellow,Broken,White
597,0,-1,1.0,Driving,True,106.085,41.19,0.0,-89.609,3.5,104.335,41.178,107.835,41.201,SolidSolid,Yellow,Broken,White
597,0,-1,2.0,Driving,True,106.092,40.189,0.0,-89.609,3.5,104.342,40.177,107.842,40.201,NONE,White,NONE,White
597,0,-1,3.0,Driving,True,106.099,39.189,0.0,-89.609,3.5,104.349,39.177,107.849,39.201,NONE,White,NONE,White
597,0,-1,4.0,Driving,True,106.106,38.189,0.0,-89.609,3.5,104.356,38.177,107.856,38.201,NONE,White,NONE,White
597,0,-1,5.0,Driving,True,106.113,37.189,0.0,-89.609,3.5,104.363,37.177,107.862,37.201,NONE,White,NONE,White
597,0,-1,6.0,Driving,True,106.119,36.189,0.0,-89.609,3.5,104.369,36.177,107.869,36.201,NONE,White,NONE,White
597,0,-1,7.0,Driving,True,106.122,35.155,0.0,-90.732,3.5,104.373,35.177,107.872,35.133,NONE,White,NONE,White
597,0,-1,8.0,Driving,True,106.08,34.064,0.0,-93.744,3.5,104.333,34.178,107.826,33.95,NONE,White,NONE,White
597,0,-1,9.0,Driving,True,105.98,32.977,0.0,-96.755,3.5,104.242,33.183,107.718,32.771,NONE,White,NONE,White
597,0,-1,10.0,Driving,True,105.823,31.896,0.0,-99.767,3.5,104.098,32.193,107.548,31.599,NONE,White,NONE,White
597,0,-1,11.0,Driving,True,105.61,30.825,0.0,-102.778,3.5,103.903,31.212,107.316,30.438,NONE,White,NONE,White
597,0,-1,12.0,Driving,True,105.34,29.767,0.0,-105.79,3.5,103.656,30.243,107.024,29.291,NONE,White,NONE,White
597,0,-1,13.0,Driving,True,105.016,28.725,0.0,-108.801,3.5,103.359,29.289,106.672,28.161,NONE,White,NONE,White
597,0,-1,14.0,Driving,True,104.637,27.701,0.0,-111.812,3.5,103.012,28.351,106.261,27.051,NONE,White,NONE,White
597,0,-1,15.0,Driving,True,104.204,26.698,0.0,-114.824,3.5,102.616,27.433,105.793,25.963,NONE,White,NONE,White
597,0,-1,16.0,Driving,True,103.72,25.72,0.0,-117.835,3.5,102.173,26.537,105.268,24.902,NONE,White,NONE,White
597,0,-1,17.0,Driving,True,103.185,24.768,0.0,-120.847,3.5,101.683,25.665,104.688,23.87,NONE,White,NONE,White
597,0,-1,18.0,Driving,True,102.601,23.845,0.0,-123.858,3.5,101.148,24.82,104.054,22.87,NONE,White,NONE,White
597,0,-1,19.0,Driving,True,101.969,22.955,0.0,-126.87,3.5,100.569,24.005,103.369,21.905,NONE,White,NONE,White
597,0,-1,20.0,Driving,True,101.263,22.078,0.0,-130.99,3.5,99.942,23.226,102.584,20.93,NONE,White,NONE,White
597,0,-1,21.0,Driving,True,100.488,21.252,0.0,-135.33,3.5,99.258,22.497,101.719,20.008,NONE,White,NONE,White
597,0,-1,22.0,Driving,True,99.654,20.487,0.0,-139.671,3.5,98.521,21.822,100.786,19.153,NONE,White,NONE,White
597,0,-1,23.0,Driving,True,98.763,19.788,0.0,-144.011,3.5,97.735,21.204,99.792,18.372,NONE,White,NONE,White
597,0,-1,24.0,Driving,True,97.823,19.158,0.0,-148.351,3.5,96.904,20.647,98.741,17.668,NONE,White,NONE,White
597,0,-1,25.0,Driving,True,96.837,18.6,0.0,-152.691,3.5,96.034,20.155,97.64,17.046,NONE,White,NONE,White
597,0,-1,26.0,Driving,True,95.812,18.119,0.0,-157.031,3.5,95.129,19.731,96.495,16.508,NONE,White,NONE,White
597,0,-1,27.0,Driving,True,94.753,17.717,0.0,-161.371,3.5,94.194,19.376,95.312,16.059,NONE,White,NONE,White
597,0,-1,28.0,Driving,True,93.667,17.397,0.0,-165.711,3.5,93.235,19.092,94.099,15.701,NONE,White,NONE,White
597,0,-1,29.0,Driving,True,92.56,17.159,0.0,-170.051,3.5,92.258,18.883,92.863,15.435,NONE,White,NONE,White
597,0,-1,30.0,Driving,True,91.438,17.006,0.0,-174.392,3.5,91.267,18.747,91.609,15.264,NONE,White,NONE,White
597,0,-1,31.0,Driving,True,90.308,16.938,0.0,-178.732,3.5,90.269,18.687,90.347,15.188,NONE,White,NONE,White
597,0,-1,32.0,Driving,True,89.274,16.932,0.0,-179.841,3.5,89.269,18.682,89.279,15.182,NONE,White,NONE,White
597,0,-1,33.0,Driving,True,88.274,16.929,0.0,-179.841,3.5,88.269,18.679,88.279,15.179,NONE,White,NONE,White
597,0,-1,34.0,Driving,True,87.274,16.926,0.0,-179.841,3.5,87.269,18.676,87.279,15.176,NONE,White,NONE,White
597,0,-1,35.0,Driving,True,86.274,16.924,0.0,-179.841,3.5,86.269,18.674,86.279,15.174,NONE,White,NONE,White
597,0,-1,36.0,Driving,True,85.274,16.921,0.0,-179.841,3.5,85.269,18.671,85.279,15.171,NONE,White,NONE,White
597,0,-1,37.0,Driving,True,84.274,16.918,0.0,-179.841,3.5,84.27,18.668,84.279,15.168,NONE,White,NONE,White
597,0,-1,38.0,Driving,True,83.274,16.915,0.0,-179.841,3.5,83.269,18.665,83.279,15.165,Solid,Yellow,Broken,White
89,0,-2,0.0,Driving,True,-67.155,-58.194,0.0,-359.403,3.5,-67.136,-59.944,-67.173,-56.444,Broken,White,Solid,White
89,0,-1,0.0,Driving,True,-67.118,-61.694,0.0,-359.403,3.5,-67.1,-63.443,-67.136,-59.944,SolidSolid,Yellow,Broken,White
89,0,-2,1.0,Driving,True,-66.155,-58.183,0.0,-359.403,3.5,-66.136,-59.933,-66.173,-56.433,Broken,White,Solid,White
89,0,-1,1.0,Driving,True,-66.118,-61.683,0.0,-359.403,3.5,-66.1,-63.433,-66.136,-59.933,SolidSolid,Yellow,Broken,White
89,0,-2,2.0,Driving,True,-65.155,-58.173,0.0,-359.403,3.5,-65.137,-59.923,-65.173,-56.423,Broken,White,NONE,White
89,0,-1,2.0,Driving,True,-65.118,-61.673,0.0,-359.403,3.5,-65.1,-63.423,-65.137,-59.923,SolidSolid,Yellow,Broken,White
89,0,-2,3.0,Driving,True,-64.155,-58.163,0.0,-359.403,3.5,-64.137,-59.912,-64.173,-56.413,Broken,White,NONE,White
89,0,-1,3.0,Driving,True,-64.118,-61.662,0.0,-359.403,3.5,-64.1,-63.412,-64.137,-59.912,SolidSolid,Yellow,Broken,White
89,0,-2,4.0,Driving,True,-63.155,-58.152,0.0,-359.403,3.5,-63.137,-59.902,-63.173,-56.402,NONE,White,NONE,White
89,0,-1,4.0,Driving,True,-63.118,-61.652,0.0,-359.403,3.5,-63.1,-63.402,-63.137,-59.902,NONE,White,NONE,White
89,0,-2,5.0,Driving,True,-62.155,-58.142,0.0,-359.403,3.5,-62.137,-59.892,-62.173,-56.392,NONE,White,NONE,White
89,0,-1,5.0,Driving,True,-62.118,-61.641,0.0,-359.403,3.5,-62.1,-63.391,-62.137,-59.892,NONE,White,NONE,White
89,0,-2,6.0,Driving,True,-61.155,-58.131,0.0,-359.403,3.5,-61.137,-59.881,-61.173,-56.381,NONE,White,NONE,White
89,0,-1,6.0,Driving,True,-61.119,-61.631,0.0,-359.403,3.5,-61.1,-63.381,-61.137,-59.881,NONE,White,NONE,White
89,0,-2,7.0,Driving,True,-60.155,-58.121,0.0,-359.403,3.5,-60.137,-59.871,-60.173,-56.371,NONE,White,NONE,White
89,0,-1,7.0,Driving,True,-60.119,-61.621,0.0,-359.403,3.5,-60.1,-63.371,-60.137,-59.871,NONE,White,NONE,White
89,0,-2,8.0,Driving,True,-59.155,-58.11,0.0,-359.403,3.5,-59.137,-59.86,-59.173,-56.361,NONE,White,NONE,White
89,0,-1,8.0,Driving,True,-59.119,-61.61,0.0,-359.403,3.5,-59.1,-63.36,-59.137,-59.86,NONE,White,NONE,White
89,0,-2,9.0,Driving,True,-58.155,-58.1,0.0,-359.403,3.5,-58.137,-59.85,-58.173,-56.35,NONE,White,NONE,White
89,0,-1,9.0,Driving,True,-58.119,-61.6,0.0,-359.403,3.5,-58.1,-63.35,-58.137,-59.85,NONE,White,NONE,White
89,0,-2,10.0,Driving,True,-57.155,-58.09,0.0,-359.403,3.5,-57.137,-59.84,-57.173,-56.34,NONE,White,NONE,White
89,0,-1,10.0,Driving,True,-57.119,-61.589,0.0,-359.403,3.5,-57.101,-63.339,-57.137,-59.84,NONE,White,NONE,White
89,0,-2,11.0,Driving,True,-56.155,-58.079,0.0,-359.403,3.5,-56.137,-59.829,-56.173,-56.329,NONE,White,NONE,White
89,0,-1,11.0,Driving,True,-56.119,-61.579,0.0,-359.403,3.5,-56.101,-63.329,-56.137,-59.829,NONE,White,NONE,White
89,0,-2,12.0,Driving,True,-55.155,-58.069,0.0,-359.403,3.5,-55.137,-59.819,-55.174,-56.319,NONE,White,NONE,White
89,0,-1,12.0,Driving,True,-55.119,-61.569,0.0,-359.403,3.5,-55.101,-63.318,-55.137,-59.819,NONE,White,NONE,White
89,0,-2,13.0,Driving,True,-54.155,-58.058,0.0,-359.403,3.5,-54.137,-59.808,-54.174,-56.308,NONE,White,NONE,White
89,0,-1,13.0,Driving,True,-54.119,-61.558,0.0,-359.403,3.5,-54.101,-63.308,-54.137,-59.808,NONE,White,NONE,White
89,0,-2,14.0,Driving,True,-53.155,-58.048,0.0,-359.403,3.5,-53.137,-59.798,-53.174,-56.298,NONE,White,NONE,White
89,0,-1,14.0,Driving,True,-53.119,-61.548,0.0,-359.403,3.5,-53.101,-63.298,-53.137,-59.798,NONE,White,NONE,White
89,0,-2,15.0,Driving,True,-52.155,-58.038,0.0,-359.403,3.5,-52.137,-59.787,-52.174,-56.288,NONE,White,NONE,White
89,0,-1,15.0,Driving,True,-52.119,-61.537,0.0,-359.403,3.5,-52.101,-63.287,-52.137,-59.787,NONE,White,NONE,White
89,0,-2,16.0,Driving,True,-51.156,-58.027,0.0,-359.403,3.5,-51.137,-59.777,-51.174,-56.277,NONE,White,NONE,White
89,0,-1,16.0,Driving,True,-51.119,-61.527,0.0,-359.403,3.5,-51.101,-63.277,-51.137,-59.777,NONE,White,NONE,White
89,0,-2,17.0,Driving,True,-50.156,-58.017,0.0,-359.403,3.5,-50.137,-59.767,-50.174,-56.267,NONE,White,NONE,White
89,0,-1,17.0,Driving,True,-50.119,-61.517,0.0,-359.403,3.5,-50.101,-63.266,-50.137,-59.767,NONE,White,NONE,White
89,0,-2,18.0,Driving,True,-49.156,-58.006,0.0,-359.403,3.5,-49.137,-59.756,-49.174,-56.256,NONE,White,NONE,White
89,0,-1,18.0,Driving,True,-49.119,-61.506,0.0,-359.403,3.5,-49.101,-63.256,-49.137,-59.756,NONE,White,NONE,White
89,0,-2,19.0,Driving,True,-48.156,-57.996,0.0,-359.403,3.5,-48.137,-59.746,-48.174,-56.246,NONE,White,NONE,White
89,0,-1,19.0,Driving,True,-48.119,-61.496,0.0,-359.403,3.5,-48.101,-63.246,-48.137,-59.746,NONE,White,NONE,White
89,0,-2,20.0,Driving,True,-47.156,-57.985,0.0,-359.403,3.5,-47.138,-59.735,-47.174,-56.236,NONE,White,NONE,White
89,0,-1,20.0,Driving,True,-47.119,-61.485,0.0,-359.403,3.5,-47.101,-63.235,-47.138,-59.735,NONE,White,NONE,White
89,0,-2,21.0,Driving,True,-46.156,-57.975,0.0,-359.403,3.5,-46.138,-59.725,-46.174,-56.225,NONE,White,NONE,White
89,0,-1,21.0,Driving,True,-46.119,-61.475,0.0,-359.403,3.5,-46.101,-63.225,-46.138,-59.725,NONE,White,NONE,White
89,0,-2,22.0,Driving,True,-45.156,-57.965,0.0,-359.403,3.5,-45.138,-59.715,-45.174,-56.215,NONE,White,NONE,White
89,0,-1,22.0,Driving,True,-45.119,-61.464,0.0,-359.403,3.5,-45.101,-63.214,-45.138,-59.715,NONE,White,NONE,White
89,0,-2,23.0,Driving,True,-44.156,-57.954,0.0,-359.403,3.5,-44.138,-59.704,-44.174,-56.204,NONE,White,NONE,White
89,0,-1,23.0,Driving,True,-44.119,-61.454,0.0,-359.403,3.5,-44.101,-63.204,-44.138,-59.704,NONE,White,NONE,White
89,0,-2,24.0,Driving,True,-43.156,-57.944,0.0,-359.403,3.5,-43.138,-59.694,-43.174,-56.194,NONE,White,NONE,White
89,0,-1,24.0,Driving,True,-43.119,-61.444,0.0,-359.403,3.5,-43.101,-63.194,-43.138,-59.694,NONE,White,NONE,White
89,0,-2,25.0,Driving,True,-42.156,-57.933,0.0,-359.403,3.5,-42.138,-59.683,-42.174,-56.183,NONE,White,NONE,White
89,0,-1,25.0,Driving,True,-42.12,-61.433,0.0,-359.403,3.5,-42.101,-63.183,-42.138,-59.683,NONE,White,NONE,White
89,0,-2,26.0,Driving,True,-41.156,-57.923,0.0,-359.403,3.5,-41.138,-59.673,-41.174,-56.173,NONE,White,NONE,White
89,0,-1,26.0,Driving,True,-41.12,-61.423,0.0,-359.403,3.5,-41.101,-63.173,-41.138,-59.673,NONE,White,NONE,White
89,0,-2,27.0,Driving,True,-40.156,-57.913,0.0,-359.403,3.5,-40.138,-59.662,-40.174,-56.163,NONE,White,NONE,White
89,0,-1,27.0,Driving,True,-40.12,-61.412,0.0,-359.403,3.5,-40.101,-63.162,-40.138,-59.662,NONE,White,NONE,White
89,0,-2,28.0,Driving,True,-39.156,-57.902,0.0,-359.403,3.5,-39.138,-59.652,-39.174,-56.152,NONE,White,NONE,White
89,0,-1,28.0,Driving,True,-39.12,-61.402,0.0,-359.403,3.5,-39.101,-63.152,-39.138,-59.652,NONE,White,NONE,White
89,0,-2,29.0,Driving,True,-38.156,-57.892,0.0,-359.403,3.5,-38.138,-59.642,-38.174,-56.142,NONE,White,NONE,White
89,0,-1,29.0,Driving,True,-38.12,-61.392,0.0,-359.403,3.5,-38.102,-63.141,-38.138,-59.642,NONE,White,NONE,White
89,0,-2,30.0,Driving,True,-37.156,-57.881,0.0,-359.403,3.5,-37.138,-59.631,-37.174,-56.131,NONE,White,NONE,White
89,0,-1,30.0,Driving,True,-37.12,-61.381,0.0,-359.403,3.5,-37.102,-63.131,-37.138,-59.631,NONE,White,NONE,White
89,0,-2,31.0,Driving,True,-36.156,-57.871,0.0,-359.403,3.5,-36.138,-59.621,-36.175,-56.121,NONE,White,NONE,White
89,0,-1,31.0,Driving,True,-36.12,-61.371,0.0,-359.403,3.5,-36.102,-63.121,-36.138,-59.621,NONE,White,NONE,White
89,0,-2,32.0,Driving,True,-35.156,-57.86,0.0,-359.403,3.5,-35.138,-59.61,-35.175,-56.111,NONE,White,NONE,White
89,0,-1,32.0,Driving,True,-35.12,-61.36,0.0,-359.403,3.5,-35.102,-63.11,-35.138,-59.61,NONE,White,NONE,White
89,0,-2,33.0,Driving,True,-34.156,-57.85,0.0,-359.403,3.5,-34.138,-59.6,-34.175,-56.1,NONE,White,NONE,White
89,0,-1,33.0,Driving,True,-34.12,-61.35,0.0,-359.403,3.5,-34.102,-63.1,-34.138,-59.6,NONE,White,NONE,White
89,0,-2,34.0,Driving,True,-33.156,-57.84,0.0,-359.403,3.5,-33.138,-59.59,-33.175,-56.09,NONE,White,NONE,White
89,0,-1,34.0,Driving,True,-33.12,-61.339,0.0,-359.403,3.5,-33.102,-63.089,-33.138,-59.59,NONE,White,NONE,White
89,0,-2,35.0,Driving,True,-32.157,-57.829,0.0,-359.403,3.5,-32.138,-59.579,-32.175,-56.079,NONE,White,NONE,White
89,0,-1,35.0,Driving,True,-32.12,-61.329,0.0,-359.403,3.5,-32.102,-63.079,-32.138,-59.579,NONE,White,NONE,White
89,0,-2,36.0,Driving,True,-31.157,-57.819,0.0,-359.403,3.5,-31.138,-59.569,-31.175,-56.069,NONE,White,NONE,White
89,0,-1,36.0,Driving,True,-31.12,-61.319,0.0,-359.403,3.5,-31.102,-63.069,-31.138,-59.569,NONE,White,NONE,White
89,0,-2,37.0,Driving,True,-30.157,-57.808,0.0,-359.403,3.5,-30.138,-59.558,-30.175,-56.058,NONE,White,NONE,White
89,0,-1,37.0,Driving,True,-30.12,-61.308,0.0,-359.403,3.5,-30.102,-63.058,-30.138,-59.558,NONE,White,NONE,White
89,0,-2,38.0,Driving,True,-29.157,-57.798,0.0,-359.403,3.5,-29.138,-59.548,-29.175,-56.048,Broken,White,Solid,White
89,0,-1,38.0,Driving,True,-29.12,-61.298,0.0,-359.403,3.5,-29.102,-63.048,-29.138,-59.548,SolidSolid,Yellow,Broken,White
89,0,-2,39.0,Driving,True,-28.157,-57.788,0.0,-359.403,3.5,-28.139,-59.537,-28.175,-56.038,Broken,White,Solid,White
89,0,-1,39.0,Driving,True,-28.12,-61.287,0.0,-359.403,3.5,-28.102,-63.037,-28.139,-59.537,SolidSolid,Yellow,Broken,White
637,0,-1,0.0,Driving,True,83.043,24.915,0.0,-359.841,3.5,83.048,23.165,83.038,26.665,Solid,Yellow,Broken,White
637,0,-1,1.0,Driving,True,84.043,24.918,0.0,-359.841,3.5,84.048,23.168,84.038,26.668,NONE,White,NONE,White
637,0,-1,2.0,Driving,True,85.043,24.92,0.0,-359.841,3.5,85.048,23.17,85.038,26.67,NONE,White,NONE,White
637,0,-1,3.0,Driving,True,86.043,24.923,0.0,-359.841,3.5,86.048,23.173,86.038,26.673,NONE,White,NONE,White
637,0,-1,4.0,Driving,True,87.043,24.926,0.0,-359.841,3.5,87.048,23.176,87.038,26.676,NONE,White,NONE,White
637,0,-1,5.0,Driving,True,88.043,24.929,0.0,-359.841,3.5,88.048,23.179,88.038,26.679,NONE,White,NONE,White
637,0,-1,6.0,Driving,True,89.043,24.931,0.0,-359.841,3.5,89.048,23.181,89.038,26.681,NONE,White,NONE,White
637,0,-1,7.0,Driving,True,90.043,24.934,0.0,-359.841,3.5,90.048,23.184,90.038,26.684,NONE,White,NONE,White
637,0,-1,8.0,Driving,True,91.043,24.937,0.0,-359.841,3.5,91.048,23.187,91.038,26.687,NONE,White,NONE,White
637,0,-1,9.0,Driving,True,92.066,24.939,0.0,-360.583,3.5,92.048,23.189,92.084,26.689,NONE,White,NONE,White
637,0,-1,10.0,Driving,True,93.225,24.873,0.0,-365.872,3.5,93.046,23.133,93.404,26.614,NONE,White,NONE,White
637,0,-1,11.0,Driving,True,94.374,24.701,0.0,-371.162,3.5,94.035,22.985,94.712,26.418,NONE,White,NONE,White
637,0,-1,12.0,Driving,True,95.501,24.424,0.0,-376.451,3.5,95.006,22.746,95.997,26.103,NONE,White,NONE,White
637,0,-1,13.0,Driving,True,96.598,24.044,0.0,-381.74,3.5,95.95,22.419,97.247,25.67,NONE,White,NONE,White
637,0,-1,14.0,Driving,True,97.656,23.565,0.0,-387.029,3.5,96.861,22.006,98.451,25.124,NONE,White,NONE,White
637,0,-1,15.0,Driving,True,98.665,22.99,0.0,-392.318,3.5,97.729,21.511,99.6,24.469,NONE,White,NONE,White
637,0,-1,16.0,Driving,True,99.616,22.325,0.0,-397.607,3.5,98.548,20.939,100.684,23.711,NONE,White,NONE,White
637,0,-1,17.0,Driving,True,100.503,21.575,0.0,-402.896,3.5,99.311,20.293,101.694,22.857,NONE,White,NONE,White
637,0,-1,18.0,Driving,True,101.316,20.746,0.0,-408.186,3.5,100.012,19.579,102.62,21.913,NONE,White,NONE,White
637,0,-1,19.0,Driving,True,102.049,19.846,0.0,-413.475,3.5,100.643,18.804,103.455,20.887,NONE,White,NONE,White
637,0,-1,20.0,Driving,True,102.697,18.882,0.0,-418.764,3.5,101.2,17.974,104.193,19.789,NONE,White,NONE,White
637,0,-1,21.0,Driving,True,103.237,17.908,0.0,-62.495,3.5,101.685,17.1,104.789,18.716,NONE,White,NONE,White
637,0,-1,22.0,Driving,True,103.712,16.951,0.0,-64.732,3.5,102.129,16.204,105.294,17.698,NONE,White,NONE,White
637,0,-1,23.0,Driving,True,104.149,15.976,0.0,-66.97,3.5,102.538,15.291,105.759,16.661,NONE,White,NONE,White
637,0,-1,24.0,Driving,True,104.547,14.985,0.0,-69.207,3.5,102.911,14.364,106.183,15.606,NONE,White,NONE,White
637,0,-1,25.0,Driving,True,104.907,13.979,0.0,-71.444,3.5,103.248,13.422,106.566,14.536,NONE,White,NONE,White
637,0,-1,26.0,Driving,True,105.227,12.96,0.0,-73.681,3.5,103.548,12.468,106.907,13.452,NONE,White,NONE,White
637,0,-1,27.0,Driving,True,105.507,11.929,0.0,-75.918,3.5,103.81,11.503,107.205,12.355,NONE,White,NONE,White
637,0,-1,28.0,Driving,True,105.747,10.888,0.0,-78.155,3.5,104.034,10.529,107.46,11.247,NONE,White,NONE,White
637,0,-1,29.0,Driving,True,105.946,9.838,0.0,-80.392,3.5,104.22,9.546,107.671,10.13,NONE,White,NONE,White
637,0,-1,30.0,Driving,True,106.103,8.782,0.0,-82.629,3.5,104.368,8.557,107.839,9.006,NONE,White,NONE,White
637,0,-1,31.0,Driving,True,106.22,7.72,0.0,-84.866,3.5,104.477,7.563,107.963,7.877,NONE,White,NONE,White
637,0,-1,32.0,Driving,True,106.295,6.654,0.0,-87.103,3.5,104.547,6.566,108.042,6.743,NONE,White,NONE,White
637,0,-1,33.0,Driving,True,106.328,5.587,0.0,-89.34,3.5,104.578,5.566,108.078,5.607,NONE,White,NONE,White
637,0,-1,34.0,Driving,True,106.335,4.578,0.0,-449.609,3.5,104.585,4.566,108.085,4.59,NONE,White,NONE,White
637,0,-1,35.0,Driving,True,106.342,3.578,0.0,-449.609,3.5,104.592,3.566,108.092,3.59,NONE,White,NONE,White
637,0,-1,36.0,Driving,True,106.349,2.578,0.0,-449.609,3.5,104.599,2.566,108.099,2.59,NONE,White,NONE,White
637,0,-1,37.0,Driving,True,106.355,1.578,0.0,-449.609,3.5,104.605,1.567,108.105,1.59,NONE,White,NONE,White
637,0,-1,38.0,Driving,True,106.362,0.578,0.0,-449.609,3.5,104.612,0.567,108.112,0.59,NONE,White,NONE,White
637,0,-1,39.0,Driving,True,106.369,-0.421,0.0,-449.609,3.5,104.619,-0.433,108.119,-0.409,SolidSolid,Yellow,Broken,White
637,0,-1,40.0,Driving,True,106.376,-1.421,0.0,-449.609,3.5,104.626,-1.433,108.126,-1.409,SolidSolid,Yellow,Broken,White
637,0,-1,41.0,Driving,True,106.383,-2.421,0.0,-449.609,3.5,104.633,-2.433,108.133,-2.409,SolidSolid,Yellow,Broken,White
637,0,-1,42.0,Driving,True,106.389,-3.421,0.0,-449.609,3.5,104.64,-3.433,108.139,-3.409,SolidSolid,Yellow,Broken,White
637,0,-1,43.0,Driving,True,106.396,-4.421,0.0,-449.609,3.5,104.646,-4.433,108.146,-4.409,SolidSolid,Yellow,Broken,White
256,0,-1,0.0,Driving,True,-45.187,42.545,0.0,-450.161,3.5,-46.937,42.55,-43.437,42.541,NONE,White,NONE,White
256,0,-1,1.0,Driving,True,-45.19,41.545,0.0,-450.161,3.5,-46.94,41.55,-43.44,41.541,NONE,White,NONE,White
256,0,-1,2.0,Driving,True,-45.192,40.545,0.0,-450.161,3.5,-46.942,40.55,-43.442,40.541,NONE,White,NONE,White
256,0,-1,3.0,Driving,True,-45.195,39.545,0.0,-450.161,3.5,-46.945,39.55,-43.445,39.541,NONE,White,NONE,White
256,0,-1,4.0,Driving,True,-45.198,38.545,0.0,-450.161,3.5,-46.948,38.55,-43.448,38.541,NONE,White,NONE,White
256,0,-1,5.0,Driving,True,-45.206,37.508,0.0,-91.386,3.5,-46.956,37.55,-43.457,37.466,NONE,White,NONE,White
256,0,-1,6.0,Driving,True,-45.256,36.432,0.0,-93.926,3.5,-47.002,36.552,-43.511,36.312,NONE,White,NONE,White
256,0,-1,7.0,Driving,True,-45.354,35.359,0.0,-96.466,3.5,-47.093,35.556,-43.615,35.162,NONE,White,NONE,White
256,0,-1,8.0,Driving,True,-45.499,34.291,0.0,-99.005,3.5,-47.227,34.565,-43.771,34.017,NONE,White,NONE,White
256,0,-1,9.0,Driving,True,-45.691,33.231,0.0,-101.545,3.5,-47.406,33.581,-43.977,32.881,NONE,White,NONE,White
256,0,-1,10.0,Driving,True,-45.93,32.18,0.0,-104.085,3.5,-47.628,32.606,-44.233,31.754,NONE,White,NONE,White
256,0,-1,11.0,Driving,True,-46.216,31.141,0.0,-106.624,3.5,-47.892,31.642,-44.539,30.64,NONE,White,NONE,White
256,0,-1,12.0,Driving,True,-46.547,30.116,0.0,-109.164,3.5,-48.2,30.69,-44.894,29.541,NONE,White,NONE,White
256,0,-1,13.0,Driving,True,-46.923,29.106,0.0,-111.704,3.5,-48.549,29.753,-45.297,28.459,NONE,White,NONE,White
256,0,-1,14.0,Driving,True,-47.343,28.114,0.0,-114.243,3.5,-48.939,28.833,-45.748,27.396,NONE,White,NONE,White
256,0,-1,15.0,Driving,True,-47.807,27.142,0.0,-116.783,3.5,-49.37,27.93,-46.245,26.353,NONE,White,NONE,White
256,0,-1,16.0,Driving,True,-48.314,26.191,0.0,-119.323,3.5,-49.84,27.048,-46.788,25.334,NONE,White,NONE,White
256,0,-1,17.0,Driving,True,-48.863,25.263,0.0,-121.862,3.5,-50.349,26.187,-47.376,24.34,NONE,White,NONE,White
256,0,-1,18.0,Driving,True,-49.451,24.361,0.0,-124.402,3.5,-50.895,25.35,-48.008,23.372,NONE,White,NONE,White
256,0,-1,19.0,Driving,True,-50.08,23.486,0.0,-126.942,3.5,-51.478,24.537,-48.681,22.434,NONE,White,NONE,White
256,0,-1,20.0,Driving,True,-50.767,22.623,0.0,-130.327,3.5,-52.101,23.755,-49.433,21.49,NONE,White,NONE,White
256,0,-1,21.0,Driving,True,-51.514,21.798,0.0,-134.004,3.5,-52.772,23.014,-50.255,20.583,NONE,White,NONE,White
256,0,-1,22.0,Driving,True,-52.311,21.024,0.0,-137.68,3.5,-53.49,22.318,-51.133,19.73,NONE,White,NONE,White
256,0,-1,23.0,Driving,True,-53.157,20.302,0.0,-141.357,3.5,-54.25,21.669,-52.064,18.935,NONE,White,NONE,White
256,0,-1,24.0,Driving,True,-54.048,19.635,0.0,-145.033,3.5,-55.051,21.07,-53.045,18.201,NONE,White,NONE,White
256,0,-1,25.0,Driving,True,-54.979,19.028,0.0,-148.71,3.5,-55.888,20.523,-54.07,17.532,NONE,White,NONE,White
256,0,-1,26.0,Driving,True,-55.947,18.481,0.0,-152.386,3.5,-56.759,20.032,-55.136,16.93,NONE,White,NONE,White
256,0,-1,27.0,Driving,True,-56.949,17.997,0.0,-156.062,3.5,-57.659,19.597,-56.239,16.398,NONE,White,NONE,White
256,0,-1,28.0,Driving,True,-57.979,17.579,0.0,-159.739,3.5,-58.585,19.221,-57.373,15.937,NONE,White,NONE,White
256,0,-1,29.0,Driving,True,-59.034,17.227,0.0,-163.415,3.5,-59.534,18.905,-58.535,15.55,NONE,White,NONE,White
256,0,-1,30.0,Driving,True,-60.11,16.944,0.0,-167.092,3.5,-60.501,18.65,-59.719,15.239,NONE,White,NONE,White
256,0,-1,31.0,Driving,True,-61.201,16.731,0.0,-170.768,3.5,-61.482,18.458,-60.921,15.003,NONE,White,NONE,White
256,0,-1,32.0,Driving,True,-62.304,16.588,0.0,-174.445,3.5,-62.474,18.329,-62.135,14.846,NONE,White,NONE,White
256,0,-1,33.0,Driving,True,-63.414,16.516,0.0,-178.121,3.5,-63.471,18.265,-63.357,14.767,NONE,White,NONE,White
256,0,-1,34.0,Driving,True,-64.466,16.505,0.0,-539.841,3.5,-64.471,18.255,-64.461,14.755,NONE,White,NONE,White
256,0,-1,35.0,Driving,True,-65.466,16.502,0.0,-539.841,3.5,-65.471,18.252,-65.461,14.752,NONE,White,NONE,White
256,0,-1,36.0,Driving,True,-66.466,16.499,0.0,-539.841,3.5,-66.471,18.249,-66.461,14.749,NONE,White,NONE,White
2,0,-2,0.0,Driving,False,109.503,53.293,0.0,-89.609,3.5,107.753,53.281,111.253,53.305,Broken,White,Solid,White
2,0,-1,0.0,Driving,False,106.003,53.269,0.0,-89.609,3.5,104.253,53.257,107.753,53.281,SolidSolid,Yellow,Broken,White
2,0,1,0.0,Driving,False,102.503,53.245,0.0,90.391,3.5,104.253,53.257,100.753,53.233,SolidSolid,Yellow,Broken,White
2,0,2,0.0,Driving,False,99.003,53.222,0.0,90.391,3.5,100.753,53.233,97.253,53.21,Broken,White,Solid,White
2,0,-2,1.0,Driving,False,109.51,52.293,0.0,-89.609,3.5,107.76,52.281,111.26,52.305,Broken,White,Solid,White
2,0,-1,1.0,Driving,False,106.01,52.269,0.0,-89.609,3.5,104.26,52.257,107.76,52.281,SolidSolid,Yellow,Broken,White
2,0,1,1.0,Driving,False,102.51,52.245,0.0,90.391,3.5,104.26,52.257,100.76,52.233,SolidSolid,Yellow,Broken,White
2,0,2,1.0,Driving,False,99.01,52.222,0.0,90.391,3.5,100.76,52.233,97.26,52.21,Broken,White,Solid,White
2,0,-2,2.0,Driving,False,109.516,51.293,0.0,-89.609,3.5,107.766,51.281,111.266,51.305,Broken,White,Solid,White
2,0,-1,2.0,Driving,False,106.016,51.269,0.0,-89.609,3.5,104.267,51.257,107.766,51.281,SolidSolid,Yellow,Broken,White
2,0,1,2.0,Driving,False,102.517,51.245,0.0,90.391,3.5,104.267,51.257,100.767,51.234,SolidSolid,Yellow,Broken,White
2,0,2,2.0,Driving,False,99.017,51.222,0.0,90.391,3.5,100.767,51.234,97.267,51.21,Broken,White,Solid,White
2,0,-2,3.0,Driving,False,109.523,50.293,0.0,-89.609,3.5,107.773,50.281,111.273,50.305,Broken,White,Solid,White
2,0,-1,3.0,Driving,False,106.023,50.269,0.0,-89.609,3.5,104.273,50.257,107.773,50.281,SolidSolid,Yellow,Broken,White
2,0,1,3.0,Driving,False,102.523,50.245,0.0,90.391,3.5,104.273,50.257,100.773,50.234,SolidSolid,Yellow,Broken,White
2,0,2,3.0,Driving,False,99.023,50.222,0.0,90.391,3.5,100.773,50.234,97.274,50.21,Broken,White,Solid,White
2,0,-2,4.0,Driving,False,109.53,49.293,0.0,-89.609,3.5,107.78,49.281,111.28,49.305,Broken,White,Solid,White
2,0,-1,4.0,Driving,False,106.03,49.269,0.0,-89.609,3.5,104.28,49.257,107.78,49.281,SolidSolid,Yellow,Broken,White
2,0,1,4.0,Driving,False,102.53,49.246,0.0,90.391,3.5,104.28,49.257,100.78,49.234,SolidSolid,Yellow,Broken,White
2,0,2,4.0,Driving,False,99.03,49.222,0.0,90.391,3.5,100.78,49.234,97.28,49.21,Broken,White,Solid,White
2,0,-2,5.0,Driving,False,109.537,48.293,0.0,-89.609,3.5,107.787,48.281,111.287,48.305,Broken,White,Solid,White
2,0,-1,5.0,Driving,False,106.037,48.269,0.0,-89.609,3.5,104.287,48.257,107.787,48.281,SolidSolid,Yellow,Broken,White
2,0,1,5.0,Driving,False,102.537,48.246,0.0,90.391,3.5,104.287,48.257,100.787,48.234,SolidSolid,Yellow,Broken,White
2,0,2,5.0,Driving,False,99.037,48.222,0.0,90.391,3.5,100.787,48.234,97.287,48.21,Broken,White,Solid,White
2,0,-2,6.0,Driving,False,109.544,47.293,0.0,-89.609,3.5,107.794,47.281,111.294,47.305,Broken,White,Solid,White
2,0,-1,6.0,Driving,False,106.044,47.269,0.0,-89.609,3.5,104.294,47.257,107.794,47.281,SolidSolid,Yellow,Broken,White
2,0,1,6.0,Driving,False,102.544,47.246,0.0,90.391,3.5,104.294,47.257,100.794,47.234,SolidSolid,Yellow,Broken,White
2,0,2,6.0,Driving,False,99.044,47.222,0.0,90.391,3.5,100.794,47.234,97.294,47.21,Broken,White,Solid,White
2,0,-2,7.0,Driving,False,109.55,46.293,0.0,-89.609,3.5,107.801,46.281,111.3,46.305,Broken,White,Solid,White
2,0,-1,7.0,Driving,False,106.051,46.269,0.0,-89.609,3.5,104.301,46.258,107.801,46.281,SolidSolid,Yellow,Broken,White
2,0,1,7.0,Driving,False,102.551,46.246,0.0,90.391,3.5,104.301,46.258,100.801,46.234,SolidSolid,Yellow,Broken,White
2,0,2,7.0,Driving,False,99.051,46.222,0.0,90.391,3.5,100.801,46.234,97.301,46.21,Broken,White,Solid,White
2,0,-2,8.0,Driving,False,109.557,45.293,0.0,-89.609,3.5,107.807,45.281,111.307,45.305,Broken,White,Solid,White
2,0,-1,8.0,Driving,False,106.057,45.269,0.0,-89.609,3.5,104.307,45.258,107.807,45.281,SolidSolid,Yellow,Broken,White
2,0,1,8.0,Driving,False,102.557,45.246,0.0,90.391,3.5,104.307,45.258,100.808,45.234,SolidSolid,Yellow,Broken,White
2,0,2,8.0,Driving,False,99.058,45.222,0.0,90.391,3.5,100.808,45.234,97.308,45.21,Broken,White,Solid,White
2,0,-2,9.0,Driving,False,109.564,44.293,0.0,-89.609,3.5,107.814,44.281,111.314,44.305,Broken,White,Solid,White
2,0,-1,9.0,Driving,False,106.064,44.269,0.0,-89.609,3.5,104.314,44.258,107.814,44.281,SolidSolid,Yellow,Broken,White
2,0,1,9.0,Driving,False,102.564,44.246,0.0,90.391,3.5,104.314,44.258,100.814,44.234,SolidSolid,Yellow,Broken,White
2,0,2,9.0,Driving,False,99.064,44.222,0.0,90.391,3.5,100.814,44.234,97.314,44.21,Broken,White,Solid,White
2,0,-2,10.0,Driving,False,109.571,43.293,0.0,-89.609,3.5,107.821,43.281,111.321,43.305,Broken,White,Solid,White
2,0,-1,10.0,Driving,False,106.071,43.27,0.0,-89.609,3.5,104.321,43.258,107.821,43.281,SolidSolid,Yellow,Broken,White
2,0,1,10.0,Driving,False,102.571,43.246,0.0,90.391,3.5,104.321,43.258,100.821,43.234,SolidSolid,Yellow,Broken,White
2,0,2,10.0,Driving,False,99.071,43.222,0.0,90.391,3.5,100.821,43.234,97.321,43.21,Broken,White,Solid,White
2,0,-2,11.0,Driving,False,109.578,42.293,0.0,-89.609,3.5,107.828,42.281,111.328,42.305,Broken,White,Solid,White
2,0,-1,11.0,Driving,False,106.078,42.27,0.0,-89.609,3.5,104.328,42.258,107.828,42.281,SolidSolid,Yellow,Broken,White
2,0,1,11.0,Driving,False,102.578,42.246,0.0,90.391,3.5,104.328,42.258,100.828,42.234,SolidSolid,Yellow,Broken,White
2,0,2,11.0,Driving,False,99.078,42.222,0.0,90.391,3.5,100.828,42.234,97.328,42.21,Broken,White,Solid,White
179,0,1,0.0,Driving,True,27.142,66.283,0.0,-179.927,3.5,27.14,68.033,27.145,64.533,SolidSolid,Yellow,Solid,White
179,0,1,1.0,Driving,True,28.142,66.285,0.0,-179.927,3.5,28.14,68.035,28.145,64.535,SolidSolid,Yellow,NONE,White
179,0,1,2.0,Driving,True,29.142,66.286,0.0,-179.927,3.5,29.14,68.036,29.145,64.536,SolidSolid,Yellow,NONE,White
179,0,1,3.0,Driving,True,30.142,66.287,0.0,-179.927,3.5,30.14,68.037,30.145,64.537,SolidSolid,Yellow,NONE,White
179,0,1,4.0,Driving,True,31.024,66.265,0.0,-183.808,3.5,31.14,68.011,30.908,64.519,NONE,White,NONE,White
179,0,1,5.0,Driving,True,31.871,66.173,0.0,-188.637,3.5,32.134,67.903,31.608,64.443,NONE,White,NONE,White
179,0,1,6.0,Driving,True,32.707,66.009,0.0,-193.467,3.5,33.115,67.711,32.3,64.307,NONE,White,NONE,White
179,0,1,7.0,Driving,True,33.527,65.776,0.0,-198.296,3.5,34.076,67.438,32.978,64.115,NONE,White,NONE,White
179,0,1,8.0,Driving,True,34.324,65.475,0.0,-203.126,3.5,35.012,67.084,33.637,63.865,NONE,White,NONE,White
179,0,1,9.0,Driving,True,35.093,65.107,0.0,-207.956,3.5,35.914,66.653,34.273,63.561,NONE,White,NONE,White
179,0,1,10.0,Driving,True,35.829,64.676,0.0,-212.785,3.5,36.776,66.148,34.881,63.205,NONE,White,NONE,White
179,0,1,11.0,Driving,True,36.525,64.185,0.0,-217.615,3.5,37.593,65.571,35.457,62.799,NONE,White,NONE,White
179,0,1,12.0,Driving,True,37.177,63.637,0.0,-222.444,3.5,38.358,64.928,35.996,62.346,NONE,White,NONE,White
179,0,1,13.0,Driving,True,37.782,63.035,0.0,132.766,3.5,39.067,64.223,36.498,61.847,NONE,White,NONE,White
179,0,1,14.0,Driving,True,38.338,62.383,0.0,128.086,3.5,39.715,63.462,36.961,61.303,NONE,White,NONE,White
179,0,1,15.0,Driving,True,38.839,61.687,0.0,123.405,3.5,40.3,62.651,37.378,60.724,NONE,White,NONE,White
179,0,1,16.0,Driving,True,39.281,60.953,0.0,118.725,3.5,40.815,61.794,37.746,60.112,NONE,White,NONE,White
179,0,1,17.0,Driving,True,39.661,60.186,0.0,114.044,3.5,41.26,60.899,38.063,59.473,NONE,White,NONE,White
179,0,1,18.0,Driving,True,39.978,59.39,0.0,109.364,3.5,41.629,59.97,38.327,58.81,NONE,White,NONE,White
179,0,1,19.0,Driving,True,40.229,58.571,0.0,104.683,3.5,41.922,59.014,38.536,58.127,NONE,White,NONE,White
179,0,1,20.0,Driving,True,40.412,57.734,0.0,100.003,3.5,42.136,58.037,38.689,57.43,NONE,White,NONE,White
179,0,1,21.0,Driving,True,40.527,56.884,0.0,95.322,3.5,42.269,57.047,38.784,56.722,NONE,White,NONE,White
179,0,1,22.0,Driving,True,40.571,56.029,0.0,90.642,3.5,42.321,56.048,38.821,56.009,NONE,White,NONE,White
179,0,1,23.0,Driving,True,40.562,55.071,0.0,89.249,3.5,42.312,55.048,38.812,55.094,NONE,White,NONE,White
179,0,1,24.0,Driving,True,40.549,54.071,0.0,89.249,3.5,42.298,54.048,38.799,54.094,NONE,White,NONE,White
179,0,1,25.0,Driving,True,40.535,53.072,0.0,89.249,3.5,42.285,53.049,38.786,53.094,SolidSolid,Yellow,Solid,White
344,0,-1,0.0,Driving,True,-41.687,42.536,0.0,-450.161,3.5,-43.437,42.541,-39.937,42.531,Broken,White,Solid,White
344,0,-1,1.0,Driving,True,-41.69,41.536,0.0,-450.161,3.5,-43.44,41.541,-39.94,41.531,Broken,White,Solid,White
344,0,-1,2.0,Driving,True,-41.689,40.574,0.0,-88.906,3.5,-43.439,40.541,-39.939,40.607,NONE,White,NONE,White
344,0,-1,3.0,Driving,True,-41.644,39.686,0.0,-85.276,3.5,-43.388,39.542,-39.9,39.83,NONE,White,NONE,White
344,0,-1,4.0,Driving,True,-41.543,38.803,0.0,-81.645,3.5,-43.274,38.549,-39.811,39.057,NONE,White,NONE,White
344,0,-1,5.0,Driving,True,-41.386,37.928,0.0,-78.015,3.5,-43.097,37.565,-39.674,38.291,NONE,White,NONE,White
344,0,-1,6.0,Driving,True,-41.174,37.065,0.0,-74.384,3.5,-42.859,36.594,-39.488,37.536,NONE,White,NONE,White
344,0,-1,7.0,Driving,True,-40.907,36.216,0.0,-70.754,3.5,-42.559,35.64,-39.255,36.793,NONE,White,NONE,White
344,0,-1,8.0,Driving,True,-40.588,35.387,0.0,-67.124,3.5,-42.2,34.707,-38.975,36.067,NONE,White,NONE,White
344,0,-1,9.0,Driving,True,-40.216,34.579,0.0,-63.493,3.5,-41.782,33.798,-38.65,35.36,NONE,White,NONE,White
344,0,-1,10.0,Driving,True,-39.795,33.797,0.0,-59.863,3.5,-41.308,32.918,-38.281,34.675,NONE,White,NONE,White
344,0,-1,11.0,Driving,True,-39.324,33.042,0.0,-56.232,3.5,-40.779,32.07,-37.869,34.015,NONE,White,NONE,White
344,0,-1,12.0,Driving,True,-38.807,32.319,0.0,-52.602,3.5,-40.197,31.257,-37.417,33.382,NONE,White,NONE,White
344,0,-1,13.0,Driving,True,-38.251,31.64,0.0,-48.607,3.5,-39.564,30.483,-36.939,32.797,NONE,White,NONE,White
344,0,-1,14.0,Driving,True,-37.659,31.021,0.0,-43.911,3.5,-38.873,29.76,-36.446,32.282,NONE,White,NONE,White
344,0,-1,15.0,Driving,True,-37.019,30.453,0.0,-39.214,3.5,-38.125,29.097,-35.912,31.809,NONE,White,NONE,White
344,0,-1,16.0,Driving,True,-36.334,29.939,0.0,-34.518,3.5,-37.325,28.497,-35.342,31.381,NONE,White,NONE,White
344,0,-1,17.0,Driving,True,-35.609,29.483,0.0,-29.821,3.5,-36.479,27.965,-34.738,31.002,NONE,White,NONE,White
344,0,-1,18.0,Driving,True,-34.849,29.088,0.0,-25.125,3.5,-35.592,27.504,-34.106,30.673,NONE,White,NONE,White
344,0,-1,19.0,Driving,True,-34.059,28.757,0.0,-20.428,3.5,-34.67,27.117,-33.449,30.397,NONE,White,NONE,White
344,0,-1,20.0,Driving,True,-33.245,28.491,0.0,-15.732,3.5,-33.72,26.807,-32.771,30.175,NONE,White,NONE,White
344,0,-1,21.0,Driving,True,-32.412,28.293,0.0,-11.035,3.5,-32.747,26.575,-32.077,30.01,NONE,White,NONE,White
344,0,-1,22.0,Driving,True,-31.566,28.163,0.0,-6.338,3.5,-31.759,26.424,-31.373,29.903,NONE,White,NONE,White
344,0,-1,23.0,Driving,True,-30.712,28.104,0.0,-1.642,3.5,-30.762,26.355,-30.662,29.853,NONE,White,NONE,White
344,0,-1,24.0,Driving,True,-29.766,28.101,0.0,-359.841,3.5,-29.762,26.351,-29.771,29.851,Broken,White,Solid,White
344,0,-1,25.0,Driving,True,-28.766,28.104,0.0,-359.841,3.5,-28.762,26.354,-28.771,29.854,Broken,White,Solid,White
90,0,1,0.0,Driving,True,-67.082,-65.193,0.0,-179.403,3.5,-67.1,-63.443,-67.064,-66.943,SolidSolid,Yellow,Broken,White
90,0,2,0.0,Driving,True,-67.045,-68.693,0.0,-179.403,3.5,-67.064,-66.943,-67.027,-70.443,Broken,White,Solid,White
90,0,1,1.0,Driving,True,-66.082,-65.183,0.0,-179.403,3.5,-66.1,-63.433,-66.064,-66.933,SolidSolid,Yellow,Broken,White
90,0,2,1.0,Driving,True,-66.045,-68.683,0.0,-179.403,3.5,-66.064,-66.933,-66.027,-70.433,Broken,White,Solid,White
90,0,1,2.0,Driving,True,-65.082,-65.173,0.0,-179.403,3.5,-65.1,-63.423,-65.064,-66.922,SolidSolid,Yellow,Broken,White
90,0,2,2.0,Driving,True,-65.045,-68.672,0.0,-179.403,3.5,-65.064,-66.922,-65.027,-70.422,Broken,White,Solid,White
90,0,1,3.0,Driving,True,-64.082,-65.162,0.0,-179.403,3.5,-64.1,-63.412,-64.064,-66.912,SolidSolid,Yellow,Broken,White
90,0,2,3.0,Driving,True,-64.045,-68.662,0.0,-179.403,3.5,-64.064,-66.912,-64.027,-70.412,Broken,White,Solid,White
90,0,1,4.0,Driving,True,-63.082,-65.152,0.0,-179.403,3.5,-63.1,-63.402,-63.064,-66.902,NONE,White,NONE,White
90,0,2,4.0,Driving,True,-63.046,-68.652,0.0,-179.403,3.5,-63.064,-66.902,-63.027,-70.401,NONE,White,NONE,White
90,0,1,5.0,Driving,True,-62.082,-65.141,0.0,-179.403,3.5,-62.1,-63.391,-62.064,-66.891,NONE,White,NONE,White
90,0,2,5.0,Driving,True,-62.046,-68.641,0.0,-179.403,3.5,-62.064,-66.891,-62.027,-70.391,NONE,White,NONE,White
90,0,1,6.0,Driving,True,-61.082,-65.131,0.0,-179.403,3.5,-61.1,-63.381,-61.064,-66.881,NONE,White,NONE,White
90,0,2,6.0,Driving,True,-61.046,-68.631,0.0,-179.403,3.5,-61.064,-66.881,-61.027,-70.381,NONE,White,NONE,White
90,0,1,7.0,Driving,True,-60.082,-65.12,0.0,-179.403,3.5,-60.1,-63.371,-60.064,-66.87,NONE,White,NONE,White
90,0,2,7.0,Driving,True,-60.046,-68.62,0.0,-179.403,3.5,-60.064,-66.87,-60.027,-70.37,NONE,White,NONE,White
90,0,1,8.0,Driving,True,-59.082,-65.11,0.0,-179.403,3.5,-59.1,-63.36,-59.064,-66.86,NONE,White,NONE,White
90,0,2,8.0,Driving,True,-59.046,-68.61,0.0,-179.403,3.5,-59.064,-66.86,-59.028,-70.36,NONE,White,NONE,White
90,0,1,9.0,Driving,True,-58.082,-65.1,0.0,-179.403,3.5,-58.1,-63.35,-58.064,-66.85,NONE,White,NONE,White
90,0,2,9.0,Driving,True,-58.046,-68.599,0.0,-179.403,3.5,-58.064,-66.85,-58.028,-70.349,NONE,White,NONE,White
90,0,1,10.0,Driving,True,-57.082,-65.089,0.0,-179.403,3.5,-57.101,-63.339,-57.064,-66.839,NONE,White,NONE,White
90,0,2,10.0,Driving,True,-57.046,-68.589,0.0,-179.403,3.5,-57.064,-66.839,-57.028,-70.339,NONE,White,NONE,White
90,0,1,11.0,Driving,True,-56.082,-65.079,0.0,-179.403,3.5,-56.101,-63.329,-56.064,-66.829,NONE,White,NONE,White
90,0,2,11.0,Driving,True,-56.046,-68.579,0.0,-179.403,3.5,-56.064,-66.829,-56.028,-70.329,NONE,White,NONE,White
90,0,1,12.0,Driving,True,-55.082,-65.068,0.0,-179.403,3.5,-55.101,-63.318,-55.064,-66.818,NONE,White,NONE,White
90,0,2,12.0,Driving,True,-55.046,-68.568,0.0,-179.403,3.5,-55.064,-66.818,-55.028,-70.318,NONE,White,NONE,White
90,0,1,13.0,Driving,True,-54.082,-65.058,0.0,-179.403,3.5,-54.101,-63.308,-54.064,-66.808,NONE,White,NONE,White
90,0,2,13.0,Driving,True,-54.046,-68.558,0.0,-179.403,3.5,-54.064,-66.808,-54.028,-70.308,NONE,White,NONE,White
90,0,1,14.0,Driving,True,-53.083,-65.048,0.0,-179.403,3.5,-53.101,-63.298,-53.064,-66.797,NONE,White,NONE,White
90,0,2,14.0,Driving,True,-53.046,-68.547,0.0,-179.403,3.5,-53.064,-66.797,-53.028,-70.297,NONE,White,NONE,White
90,0,1,15.0,Driving,True,-52.083,-65.037,0.0,-179.403,3.5,-52.101,-63.287,-52.064,-66.787,NONE,White,NONE,White
90,0,2,15.0,Driving,True,-52.046,-68.537,0.0,-179.403,3.5,-52.064,-66.787,-52.028,-70.287,NONE,White,NONE,White
90,0,1,16.0,Driving,True,-51.083,-65.027,0.0,-179.403,3.5,-51.101,-63.277,-51.064,-66.777,NONE,White,NONE,White
90,0,2,16.0,Driving,True,-51.046,-68.527,0.0,-179.403,3.5,-51.064,-66.777,-51.028,-70.276,NONE,White,NONE,White
90,0,1,17.0,Driving,True,-50.083,-65.016,0.0,-179.403,3.5,-50.101,-63.266,-50.064,-66.766,NONE,White,NONE,White
90,0,2,17.0,Driving,True,-50.046,-68.516,0.0,-179.403,3.5,-50.064,-66.766,-50.028,-70.266,NONE,White,NONE,White
90,0,1,18.0,Driving,True,-49.083,-65.006,0.0,-179.403,3.5,-49.101,-63.256,-49.064,-66.756,NONE,White,NONE,White
90,0,2,18.0,Driving,True,-49.046,-68.506,0.0,-179.403,3.5,-49.064,-66.756,-49.028,-70.256,NONE,White,NONE,White
90,0,1,19.0,Driving,True,-48.083,-64.995,0.0,-179.403,3.5,-48.101,-63.246,-48.065,-66.745,NONE,White,NONE,White
90,0,2,19.0,Driving,True,-48.046,-68.495,0.0,-179.403,3.5,-48.065,-66.745,-48.028,-70.245,NONE,White,NONE,White
90,0,1,20.0,Driving,True,-47.083,-64.985,0.0,-179.403,3.5,-47.101,-63.235,-47.065,-66.735,NONE,White,NONE,White
90,0,2,20.0,Driving,True,-47.046,-68.485,0.0,-179.403,3.5,-47.065,-66.735,-47.028,-70.235,NONE,White,NONE,White
90,0,1,21.0,Driving,True,-46.083,-64.975,0.0,-179.403,3.5,-46.101,-63.225,-46.065,-66.725,NONE,White,NONE,White
90,0,2,21.0,Driving,True,-46.046,-68.474,0.0,-179.403,3.5,-46.065,-66.725,-46.028,-70.224,NONE,White,NONE,White
90,0,1,22.0,Driving,True,-45.083,-64.964,0.0,-179.403,3.5,-45.101,-63.214,-45.065,-66.714,NONE,White,NONE,White
90,0,2,22.0,Driving,True,-45.046,-68.464,0.0,-179.403,3.5,-45.065,-66.714,-45.028,-70.214,NONE,White,NONE,White
90,0,1,23.0,Driving,True,-44.083,-64.954,0.0,-179.403,3.5,-44.101,-63.204,-44.065,-66.704,NONE,White,NONE,White
90,0,2,23.0,Driving,True,-44.047,-68.454,0.0,-179.403,3.5,-44.065,-66.704,-44.028,-70.204,NONE,White,NONE,White
90,0,1,24.0,Driving,True,-43.083,-64.943,0.0,-179.403,3.5,-43.101,-63.194,-43.065,-66.693,NONE,White,NONE,White
90,0,2,24.0,Driving,True,-43.047,-68.443,0.0,-179.403,3.5,-43.065,-66.693,-43.028,-70.193,NONE,White,NONE,White
90,0,1,25.0,Driving,True,-42.083,-64.933,0.0,-179.403,3.5,-42.101,-63.183,-42.065,-66.683,NONE,White,NONE,White
90,0,2,25.0,Driving,True,-42.047,-68.433,0.0,-179.403,3.5,-42.065,-66.683,-42.028,-70.183,NONE,White,NONE,White
90,0,1,26.0,Driving,True,-41.083,-64.923,0.0,-179.403,3.5,-41.101,-63.173,-41.065,-66.672,NONE,White,NONE,White
90,0,2,26.0,Driving,True,-41.047,-68.422,0.0,-179.403,3.5,-41.065,-66.672,-41.028,-70.172,NONE,White,NONE,White
90,0,1,27.0,Driving,True,-40.083,-64.912,0.0,-179.403,3.5,-40.101,-63.162,-40.065,-66.662,NONE,White,NONE,White
90,0,2,27.0,Driving,True,-40.047,-68.412,0.0,-179.403,3.5,-40.065,-66.662,-40.029,-70.162,NONE,White,NONE,White
90,0,1,28.0,Driving,True,-39.083,-64.902,0.0,-179.403,3.5,-39.101,-63.152,-39.065,-66.652,NONE,White,NONE,White
90,0,2,28.0,Driving,True,-39.047,-68.402,0.0,-179.403,3.5,-39.065,-66.652,-39.029,-70.151,NONE,White,NONE,White
90,0,1,29.0,Driving,True,-38.083,-64.891,0.0,-179.403,3.5,-38.102,-63.141,-38.065,-66.641,NONE,White,NONE,White
90,0,2,29.0,Driving,True,-38.047,-68.391,0.0,-179.403,3.5,-38.065,-66.641,-38.029,-70.141,NONE,White,NONE,White
90,0,1,30.0,Driving,True,-37.083,-64.881,0.0,-179.403,3.5,-37.102,-63.131,-37.065,-66.631,NONE,White,NONE,White
90,0,2,30.0,Driving,True,-37.047,-68.381,0.0,-179.403,3.5,-37.065,-66.631,-37.029,-70.131,NONE,White,NONE,White
90,0,1,31.0,Driving,True,-36.083,-64.871,0.0,-179.403,3.5,-36.102,-63.121,-36.065,-66.62,NONE,White,NONE,White
90,0,2,31.0,Driving,True,-36.047,-68.37,0.0,-179.403,3.5,-36.065,-66.62,-36.029,-70.12,NONE,White,NONE,White
90,0,1,32.0,Driving,True,-35.083,-64.86,0.0,-179.403,3.5,-35.102,-63.11,-35.065,-66.61,NONE,White,NONE,White
90,0,2,32.0,Driving,True,-35.047,-68.36,0.0,-179.403,3.5,-35.065,-66.61,-35.029,-70.11,NONE,White,NONE,White
90,0,1,33.0,Driving,True,-34.084,-64.85,0.0,-179.403,3.5,-34.102,-63.1,-34.065,-66.6,NONE,White,NONE,White
90,0,2,33.0,Driving,True,-34.047,-68.349,0.0,-179.403,3.5,-34.065,-66.6,-34.029,-70.099,NONE,White,NONE,White
90,0,1,34.0,Driving,True,-33.084,-64.839,0.0,-179.403,3.5,-33.102,-63.089,-33.065,-66.589,NONE,White,NONE,White
90,0,2,34.0,Driving,True,-33.047,-68.339,0.0,-179.403,3.5,-33.065,-66.589,-33.029,-70.089,NONE,White,NONE,White
90,0,1,35.0,Driving,True,-32.084,-64.829,0.0,-179.403,3.5,-32.102,-63.079,-32.065,-66.579,NONE,White,NONE,White
90,0,2,35.0,Driving,True,-32.047,-68.329,0.0,-179.403,3.5,-32.065,-66.579,-32.029,-70.079,NONE,White,NONE,White
90,0,1,36.0,Driving,True,-31.084,-64.818,0.0,-179.403,3.5,-31.102,-63.069,-31.065,-66.568,NONE,White,NONE,White
90,0,2,36.0,Driving,True,-31.047,-68.318,0.0,-179.403,3.5,-31.065,-66.568,-31.029,-70.068,NONE,White,NONE,White
90,0,1,37.0,Driving,True,-30.084,-64.808,0.0,-179.403,3.5,-30.102,-63.058,-30.066,-66.558,NONE,White,NONE,White
90,0,2,37.0,Driving,True,-30.047,-68.308,0.0,-179.403,3.5,-30.066,-66.558,-30.029,-70.058,NONE,White,NONE,White
90,0,1,38.0,Driving,True,-29.084,-64.798,0.0,-179.403,3.5,-29.102,-63.048,-29.066,-66.548,SolidSolid,Yellow,NONE,White
90,0,2,38.0,Driving,True,-29.047,-68.297,0.0,-179.403,3.5,-29.066,-66.548,-29.029,-70.047,NONE,White,NONE,White
90,0,1,39.0,Driving,True,-28.084,-64.787,0.0,-179.403,3.5,-28.102,-63.037,-28.066,-66.537,SolidSolid,Yellow,NONE,White
90,0,2,39.0,Driving,True,-28.047,-68.287,0.0,-179.403,3.5,-28.066,-66.537,-28.029,-70.037,NONE,White,NONE,White
3,0,-2,0.0,Driving,False,109.896,-4.426,0.0,-89.609,3.5,108.146,-4.437,111.646,-4.414,Broken,White,Solid,White
3,0,-1,0.0,Driving,False,106.396,-4.449,0.0,-89.609,3.5,104.647,-4.461,108.146,-4.437,SolidSolid,Yellow,Broken,White
3,0,1,0.0,Driving,False,102.897,-4.473,0.0,90.391,3.5,104.647,-4.461,101.147,-4.485,SolidSolid,Yellow,Broken,White
3,0,2,0.0,Driving,False,99.397,-4.497,0.0,90.391,3.5,101.147,-4.485,97.647,-4.509,Broken,White,Solid,White
3,0,-2,1.0,Driving,False,109.903,-5.425,0.0,-89.609,3.5,108.153,-5.437,111.653,-5.414,Broken,White,Solid,White
3,0,-1,1.0,Driving,False,106.403,-5.449,0.0,-89.609,3.5,104.653,-5.461,108.153,-5.437,SolidSolid,Yellow,Broken,White
3,0,1,1.0,Driving,False,102.903,-5.473,0.0,90.391,3.5,104.653,-5.461,101.153,-5.485,SolidSolid,Yellow,Broken,White
3,0,2,1.0,Driving,False,99.403,-5.497,0.0,90.391,3.5,101.153,-5.485,97.654,-5.509,Broken,White,Solid,White
3,0,-2,2.0,Driving,False,109.91,-6.425,0.0,-89.609,3.5,108.16,-6.437,111.66,-6.414,Broken,White,Solid,White
3,0,-1,2.0,Driving,False,106.41,-6.449,0.0,-89.609,3.5,104.66,-6.461,108.16,-6.437,SolidSolid,Yellow,Broken,White
3,0,1,2.0,Driving,False,102.91,-6.473,0.0,90.391,3.5,104.66,-6.461,101.16,-6.485,SolidSolid,Yellow,Broken,White
3,0,2,2.0,Driving,False,99.41,-6.497,0.0,90.391,3.5,101.16,-6.485,97.66,-6.509,Broken,White,Solid,White
3,0,-2,3.0,Driving,False,109.917,-7.425,0.0,-89.609,3.5,108.167,-7.437,111.667,-7.414,Broken,White,Solid,White
3,0,-1,3.0,Driving,False,106.417,-7.449,0.0,-89.609,3.5,104.667,-7.461,108.167,-7.437,SolidSolid,Yellow,Broken,White
3,0,1,3.0,Driving,False,102.917,-7.473,0.0,90.391,3.5,104.667,-7.461,101.167,-7.485,SolidSolid,Yellow,Broken,White
3,0,2,3.0,Driving,False,99.417,-7.497,0.0,90.391,3.5,101.167,-7.485,97.667,-7.509,Broken,White,Solid,White
3,0,-2,4.0,Driving,False,109.924,-8.425,0.0,-89.609,3.5,108.174,-8.437,111.674,-8.413,Broken,White,Solid,White
3,0,-1,4.0,Driving,False,106.424,-8.449,0.0,-89.609,3.5,104.674,-8.461,108.174,-8.437,SolidSolid,Yellow,Broken,White
3,0,1,4.0,Driving,False,102.924,-8.473,0.0,90.391,3.5,104.674,-8.461,101.174,-8.485,SolidSolid,Yellow,Broken,White
3,0,2,4.0,Driving,False,99.424,-8.497,0.0,90.391,3.5,101.174,-8.485,97.674,-8.509,Broken,White,Solid,White
24,0,1,0.0,Driving,True,-48.643,-43.354,0.0,90.432,3.5,-46.893,-43.341,-50.393,-43.367,SolidSolid,Yellow,Broken,White
24,0,1,1.0,Driving,True,-48.635,-44.354,0.0,90.432,3.5,-46.885,-44.341,-50.385,-44.367,SolidSolid,Yellow,Broken,White
24,0,1,2.0,Driving,True,-48.628,-45.354,0.0,90.432,3.5,-46.878,-45.341,-50.378,-45.367,NONE,White,NONE,White
24,0,1,3.0,Driving,True,-48.62,-46.354,0.0,90.432,3.5,-46.87,-46.341,-50.37,-46.367,NONE,White,NONE,White
24,0,1,4.0,Driving,True,-48.613,-47.354,0.0,90.432,3.5,-46.863,-47.341,-50.362,-47.367,NONE,White,NONE,White
24,0,1,5.0,Driving,True,-48.576,-48.445,0.0,93.431,3.5,-46.829,-48.34,-50.323,-48.55,NONE,White,NONE,White
24,0,1,6.0,Driving,True,-48.482,-49.532,0.0,96.434,3.5,-46.743,-49.336,-50.221,-49.729,NONE,White,NONE,White
24,0,1,7.0,Driving,True,-48.331,-50.614,0.0,99.438,3.5,-46.605,-50.327,-50.058,-50.901,NONE,White,NONE,White
24,0,1,8.0,Driving,True,-48.124,-51.685,0.0,102.441,3.5,-46.415,-51.308,-49.833,-52.062,NONE,White,NONE,White
24,0,1,9.0,Driving,True,-47.861,-52.745,0.0,105.445,3.5,-46.174,-52.279,-49.548,-53.211,NONE,White,NONE,White
24,0,1,10.0,Driving,True,-47.543,-53.789,0.0,108.448,3.5,-45.883,-53.235,-49.203,-54.343,NONE,White,NONE,White
24,0,1,11.0,Driving,True,-47.17,-54.815,0.0,111.452,3.5,-45.542,-54.175,-48.799,-55.455,NONE,White,NONE,White
24,0,1,12.0,Driving,True,-46.745,-55.82,0.0,114.456,3.5,-45.152,-55.096,-48.338,-56.545,NONE,White,NONE,White
24,0,1,13.0,Driving,True,-46.267,-56.802,0.0,117.459,3.5,-44.714,-55.995,-47.82,-57.609,NONE,White,NONE,White
24,0,1,14.0,Driving,True,-45.738,-57.757,0.0,120.463,3.5,-44.23,-56.87,-47.247,-58.644,NONE,White,NONE,White
24,0,1,15.0,Driving,True,-45.16,-58.683,0.0,123.466,3.5,-43.701,-57.718,-46.62,-59.648,NONE,White,NONE,White
24,0,1,16.0,Driving,True,-44.521,-59.593,0.0,127.149,3.5,-43.126,-58.536,-45.916,-60.65,NONE,White,NONE,White
24,0,1,17.0,Driving,True,-43.786,-60.48,0.0,132.125,3.5,-42.488,-59.306,-45.084,-61.654,NONE,White,NONE,White
24,0,1,18.0,Driving,True,-42.977,-61.3,0.0,137.1,3.5,-41.786,-60.018,-44.169,-62.582,NONE,White,NONE,White
24,0,1,19.0,Driving,True,-42.1,-62.046,0.0,142.076,3.5,-41.025,-60.666,-43.176,-63.427,NONE,White,NONE,White
24,0,1,20.0,Driving,True,-41.162,-62.714,0.0,147.051,3.5,-40.21,-61.245,-42.114,-64.182,NONE,White,NONE,White
24,0,1,21.0,Driving,True,-40.169,-63.298,0.0,152.027,3.5,-39.349,-61.752,-40.99,-64.843,NONE,White,NONE,White
24,0,1,22.0,Driving,True,-39.13,-63.793,0.0,157.003,3.5,-38.446,-62.182,-39.814,-65.404,NONE,White,NONE,White
24,0,1,23.0,Driving,True,-38.051,-64.197,0.0,161.978,3.5,-37.51,-62.533,-38.593,-65.861,NONE,White,NONE,White
24,0,1,24.0,Driving,True,-36.942,-64.505,0.0,166.954,3.5,-36.547,-62.8,-37.337,-66.21,NONE,White,NONE,White
24,0,1,25.0,Driving,True,-35.81,-64.716,0.0,171.929,3.5,-35.564,-62.983,-36.055,-66.449,NONE,White,NONE,White
24,0,1,26.0,Driving,True,-34.664,-64.828,0.0,176.905,3.5,-34.569,-63.081,-34.758,-66.576,NONE,White,NONE,White
24,0,1,27.0,Driving,True,-33.551,-64.844,0.0,-179.403,3.5,-33.569,-63.094,-33.533,-66.594,NONE,White,NONE,White
24,0,1,28.0,Driving,True,-32.551,-64.834,0.0,-179.403,3.5,-32.569,-63.084,-32.533,-66.584,NONE,White,NONE,White
24,0,1,29.0,Driving,True,-31.551,-64.823,0.0,-179.403,3.5,-31.569,-63.073,-31.533,-66.573,NONE,White,NONE,White
24,0,1,30.0,Driving,True,-30.551,-64.813,0.0,-179.403,3.5,-30.57,-63.063,-30.533,-66.563,NONE,White,NONE,White
24,0,1,31.0,Driving,True,-29.551,-64.802,0.0,-179.403,3.5,-29.57,-63.053,-29.533,-66.552,NONE,White,NONE,White
24,0,1,32.0,Driving,True,-28.551,-64.792,0.0,-179.403,3.5,-28.57,-63.042,-28.533,-66.542,NONE,White,NONE,White
151,0,-1,0.0,Driving,True,58.052,66.323,0.0,-179.927,3.5,58.05,68.073,58.055,64.573,SolidSolid,Yellow,Solid,White
151,0,-1,1.0,Driving,True,57.052,66.321,0.0,-179.927,3.5,57.05,68.071,57.055,64.571,SolidSolid,Yellow,Solid,White
151,0,-1,2.0,Driving,True,56.052,66.32,0.0,-179.927,3.5,56.05,68.07,56.055,64.57,SolidSolid,Yellow,Solid,White
151,0,-1,3.0,Driving,True,55.052,66.319,0.0,-179.927,3.5,55.05,68.069,55.055,64.569,NONE,White,NONE,White
151,0,-1,4.0,Driving,True,54.052,66.318,0.0,-179.927,3.5,54.05,68.068,54.055,64.568,NONE,White,NONE,White
151,0,-1,5.0,Driving,True,53.052,66.316,0.0,-179.927,3.5,53.05,68.066,53.055,64.566,NONE,White,NONE,White
151,0,-1,6.0,Driving,True,52.052,66.315,0.0,-179.927,3.5,52.05,68.065,52.055,64.565,NONE,White,NONE,White
151,0,-1,7.0,Driving,True,51.052,66.314,0.0,-179.927,3.5,51.05,68.064,51.055,64.564,NONE,White,NONE,White
151,0,-1,8.0,Driving,True,50.052,66.313,0.0,-179.927,3.5,50.05,68.063,50.055,64.563,NONE,White,NONE,White
151,0,-1,9.0,Driving,True,49.052,66.311,0.0,-179.927,3.5,49.05,68.061,49.055,64.561,NONE,White,NONE,White
151,0,-1,10.0,Driving,True,48.052,66.31,0.0,-179.927,3.5,48.05,68.06,48.055,64.56,NONE,White,NONE,White
151,0,-1,11.0,Driving,True,47.052,66.309,0.0,-179.927,3.5,47.05,68.059,47.055,64.559,NONE,White,NONE,White
151,0,-1,12.0,Driving,True,46.052,66.307,0.0,-179.927,3.5,46.05,68.057,46.055,64.557,NONE,White,NONE,White
151,0,-1,13.0,Driving,True,45.052,66.306,0.0,-179.927,3.5,45.05,68.056,45.055,64.556,NONE,White,NONE,White
151,0,-1,14.0,Driving,True,44.052,66.305,0.0,-179.927,3.5,44.05,68.055,44.055,64.555,NONE,White,NONE,White
151,0,-1,15.0,Driving,True,43.052,66.304,0.0,-179.927,3.5,43.05,68.054,43.055,64.554,NONE,White,NONE,White
151,0,-1,16.0,Driving,True,42.052,66.302,0.0,-179.927,3.5,42.05,68.052,42.055,64.552,NONE,White,NONE,White
151,0,-1,17.0,Driving,True,41.052,66.301,0.0,-179.927,3.5,41.05,68.051,41.055,64.551,NONE,White,NONE,White
151,0,-1,18.0,Driving,True,40.052,66.3,0.0,-179.927,3.5,40.05,68.05,40.055,64.55,NONE,White,NONE,White
151,0,-1,19.0,Driving,True,39.052,66.298,0.0,-179.927,3.5,39.05,68.048,39.055,64.548,NONE,White,NONE,White
151,0,-1,20.0,Driving,True,38.052,66.297,0.0,-179.927,3.5,38.05,68.047,38.055,64.547,NONE,White,NONE,White
151,0,-1,21.0,Driving,True,37.052,66.296,0.0,-179.927,3.5,37.05,68.046,37.055,64.546,NONE,White,NONE,White
151,0,-1,22.0,Driving,True,36.052,66.295,0.0,-179.927,3.5,36.05,68.045,36.055,64.545,NONE,White,NONE,White
151,0,-1,23.0,Driving,True,35.052,66.293,0.0,-179.927,3.5,35.05,68.043,35.055,64.543,NONE,White,NONE,White
151,0,-1,24.0,Driving,True,34.052,66.292,0.0,-179.927,3.5,34.05,68.042,34.055,64.542,NONE,White,NONE,White
151,0,-1,25.0,Driving,True,33.052,66.291,0.0,-179.927,3.5,33.05,68.041,33.055,64.541,NONE,White,NONE,White
151,0,-1,26.0,Driving,True,32.052,66.29,0.0,-179.927,3.5,32.05,68.04,32.055,64.54,NONE,White,NONE,White
151,0,-1,27.0,Driving,True,31.052,66.288,0.0,-179.927,3.5,31.05,68.038,31.055,64.538,NONE,White,NONE,White
151,0,-1,28.0,Driving,True,30.052,66.287,0.0,-179.927,3.5,30.05,68.037,30.055,64.537,SolidSolid,Yellow,NONE,White
151,0,-1,29.0,Driving,True,29.052,66.286,0.0,-179.927,3.5,29.05,68.036,29.055,64.536,SolidSolid,Yellow,NONE,White
151,0,-1,30.0,Driving,True,28.052,66.284,0.0,-179.927,3.5,28.05,68.034,28.055,64.534,SolidSolid,Yellow,NONE,White
4,0,-2,0.0,Driving,False,-0.148,130.21,0.0,-179.648,3.5,-0.158,131.96,-0.137,128.46,Broken,White,Solid,White
4,0,-1,0.0,Driving,False,-0.169,133.71,0.0,-179.648,3.5,-0.18,135.46,-0.158,131.96,SolidSolid,Yellow,Broken,White
4,0,1,0.0,Driving,False,-0.191,137.21,0.0,0.352,3.5,-0.18,135.46,-0.202,138.96,SolidSolid,Yellow,Broken,White
4,0,2,0.0,Driving,False,-0.212,140.71,0.0,0.352,3.5,-0.202,138.96,-0.223,142.46,Broken,White,Solid,White
4,0,-2,1.0,Driving,False,-1.148,130.204,0.0,-179.648,3.5,-1.158,131.954,-1.137,128.454,Broken,White,Solid,White
4,0,-1,1.0,Driving,False,-1.169,133.704,0.0,-179.648,3.5,-1.18,135.454,-1.158,131.954,SolidSolid,Yellow,Broken,White
4,0,1,1.0,Driving,False,-1.191,137.204,0.0,0.352,3.5,-1.18,135.454,-1.201,138.954,SolidSolid,Yellow,Broken,White
4,0,2,1.0,Driving,False,-1.212,140.704,0.0,0.352,3.5,-1.201,138.954,-1.223,142.454,Broken,White,Solid,White
4,0,-2,2.0,Driving,False,-2.148,130.198,0.0,-179.648,3.5,-2.158,131.948,-2.137,128.448,Broken,White,Solid,White
4,0,-1,2.0,Driving,False,-2.169,133.698,0.0,-179.648,3.5,-2.18,135.448,-2.158,131.948,SolidSolid,Yellow,Broken,White
4,0,1,2.0,Driving,False,-2.191,137.198,0.0,0.352,3.5,-2.18,135.448,-2.201,138.948,SolidSolid,Yellow,Broken,White
4,0,2,2.0,Driving,False,-2.212,140.698,0.0,0.352,3.5,-2.201,138.948,-2.223,142.448,Broken,White,Solid,White
4,0,-2,3.0,Driving,False,-3.148,130.192,0.0,-179.648,3.5,-3.158,131.942,-3.137,128.442,Broken,White,Solid,White
4,0,-1,3.0,Driving,False,-3.169,133.692,0.0,-179.648,3.5,-3.18,135.442,-3.158,131.942,SolidSolid,Yellow,Broken,White
4,0,1,3.0,Driving,False,-3.191,137.192,0.0,0.352,3.5,-3.18,135.442,-3.201,138.941,SolidSolid,Yellow,Broken,White
4,0,2,3.0,Driving,False,-3.212,140.691,0.0,0.352,3.5,-3.201,138.942,-3.223,142.441,Broken,White,Solid,White
4,0,-2,4.0,Driving,False,-4.148,130.186,0.0,-179.648,3.5,-4.158,131.935,-4.137,128.436,Broken,White,Solid,White
4,0,-1,4.0,Driving,False,-4.169,133.685,0.0,-179.648,3.5,-4.18,135.435,-4.158,131.935,SolidSolid,Yellow,Broken,White
4,0,1,4.0,Driving,False,-4.191,137.185,0.0,0.352,3.5,-4.18,135.435,-4.201,138.935,SolidSolid,Yellow,Broken,White
4,0,2,4.0,Driving,False,-4.212,140.685,0.0,0.352,3.5,-4.201,138.935,-4.223,142.435,Broken,White,Solid,White
4,0,-2,5.0,Driving,False,-5.148,130.179,0.0,-179.648,3.5,-5.158,131.929,-5.137,128.429,Broken,White,Solid,White
4,0,-1,5.0,Driving,False,-5.169,133.679,0.0,-179.648,3.5,-5.18,135.429,-5.158,131.929,SolidSolid,Yellow,Broken,White
4,0,1,5.0,Driving,False,-5.191,137.179,0.0,0.352,3.5,-5.18,135.429,-5.201,138.929,SolidSolid,Yellow,Broken,White
4,0,2,5.0,Driving,False,-5.212,140.679,0.0,0.352,3.5,-5.201,138.929,-5.223,142.429,Broken,White,Solid,White
4,0,-2,6.0,Driving,False,-6.148,130.173,0.0,-179.648,3.5,-6.158,131.923,-6.137,128.423,Broken,White,Solid,White
4,0,-1,6.0,Driving,False,-6.169,133.673,0.0,-179.648,3.5,-6.18,135.423,-6.158,131.923,SolidSolid,Yellow,Broken,White
4,0,1,6.0,Driving,False,-6.191,137.173,0.0,0.352,3.5,-6.18,135.423,-6.201,138.923,SolidSolid,Yellow,Broken,White
4,0,2,6.0,Driving,False,-6.212,140.673,0.0,0.352,3.5,-6.201,138.923,-6.223,142.423,Broken,White,Solid,White
4,0,-2,7.0,Driving,False,-7.148,130.167,0.0,-179.648,3.5,-7.158,131.917,-7.137,128.417,Broken,White,Solid,White
4,0,-1,7.0,Driving,False,-7.169,133.667,0.0,-179.648,3.5,-7.18,135.417,-7.158,131.917,SolidSolid,Yellow,Broken,White
4,0,1,7.0,Driving,False,-7.191,137.167,0.0,0.352,3.5,-7.18,135.417,-7.201,138.917,SolidSolid,Yellow,Broken,White
4,0,2,7.0,Driving,False,-7.212,140.667,0.0,0.352,3.5,-7.201,138.917,-7.223,142.417,Broken,White,Solid,White
4,0,-2,8.0,Driving,False,-8.148,130.161,0.0,-179.648,3.5,-8.158,131.911,-8.137,128.411,Broken,White,Solid,White
4,0,-1,8.0,Driving,False,-8.169,133.661,0.0,-179.648,3.5,-8.18,135.411,-8.158,131.911,SolidSolid,Yellow,Broken,White
4,0,1,8.0,Driving,False,-8.191,137.161,0.0,0.352,3.5,-8.18,135.411,-8.201,138.911,SolidSolid,Yellow,Broken,White
4,0,2,8.0,Driving,False,-8.212,140.661,0.0,0.352,3.5,-8.201,138.911,-8.223,142.411,Broken,White,Solid,White
4,0,-2,9.0,Driving,False,-9.148,130.155,0.0,-179.648,3.5,-9.158,131.905,-9.137,128.405,Broken,White,Solid,White
4,0,-1,9.0,Driving,False,-9.169,133.655,0.0,-179.648,3.5,-9.18,135.405,-9.158,131.905,SolidSolid,Yellow,Broken,White
4,0,1,9.0,Driving,False,-9.191,137.155,0.0,0.352,3.5,-9.18,135.405,-9.201,138.905,SolidSolid,Yellow,Broken,White
4,0,2,9.0,Driving,False,-9.212,140.655,0.0,0.352,3.5,-9.201,138.905,-9.223,142.405,Broken,White,Solid,White
4,0,-2,10.0,Driving,False,-10.148,130.149,0.0,-179.648,3.5,-10.158,131.899,-10.137,128.399,Broken,White,Solid,White
4,0,-1,10.0,Driving,False,-10.169,133.649,0.0,-179.648,3.5,-10.18,135.399,-10.158,131.899,SolidSolid,Yellow,Broken,White
4,0,1,10.0,Driving,False,-10.191,137.148,0.0,0.352,3.5,-10.18,135.399,-10.201,138.898,SolidSolid,Yellow,Broken,White
4,0,2,10.0,Driving,False,-10.212,140.648,0.0,0.352,3.5,-10.201,138.898,-10.223,142.398,Broken,White,Solid,White
4,0,-2,11.0,Driving,False,-11.148,130.142,0.0,-179.648,3.5,-11.158,131.892,-11.137,128.393,Broken,White,Solid,White
4,0,-1,11.0,Driving,False,-11.169,133.642,0.0,-179.648,3.5,-11.18,135.392,-11.158,131.892,SolidSolid,Yellow,Broken,White
4,0,1,11.0,Driving,False,-11.191,137.142,0.0,0.352,3.5,-11.18,135.392,-11.201,138.892,SolidSolid,Yellow,Broken,White
4,0,2,11.0,Driving,False,-11.212,140.642,0.0,0.352,3.5,-11.201,138.892,-11.223,142.392,Broken,White,Solid,White
4,0,-2,12.0,Driving,False,-12.148,130.136,0.0,-179.648,3.5,-12.158,131.886,-12.137,128.386,Broken,White,Solid,White
4,0,-1,12.0,Driving,False,-12.169,133.636,0.0,-179.648,3.5,-12.18,135.386,-12.158,131.886,SolidSolid,Yellow,Broken,White
4,0,1,12.0,Driving,False,-12.191,137.136,0.0,0.352,3.5,-12.18,135.386,-12.201,138.886,SolidSolid,Yellow,Broken,White
4,0,2,12.0,Driving,False,-12.212,140.636,0.0,0.352,3.5,-12.201,138.886,-12.223,142.386,Broken,White,Solid,White
4,0,-2,13.0,Driving,False,-13.147,130.13,0.0,-179.648,3.5,-13.158,131.88,-13.137,128.38,Broken,White,Solid,White
4,0,-1,13.0,Driving,False,-13.169,133.63,0.0,-179.648,3.5,-13.18,135.38,-13.158,131.88,SolidSolid,Yellow,Broken,White
4,0,1,13.0,Driving,False,-13.191,137.13,0.0,0.352,3.5,-13.18,135.38,-13.201,138.88,SolidSolid,Yellow,Broken,White
4,0,2,13.0,Driving,False,-13.212,140.63,0.0,0.352,3.5,-13.201,138.88,-13.223,142.38,Broken,White,Solid,White
4,0,-2,14.0,Driving,False,-14.147,130.124,0.0,-179.648,3.5,-14.158,131.874,-14.137,128.374,Broken,White,Solid,White
4,0,-1,14.0,Driving,False,-14.169,133.624,0.0,-179.648,3.5,-14.18,135.374,-14.158,131.874,SolidSolid,Yellow,Broken,White
4,0,1,14.0,Driving,False,-14.19,137.124,0.0,0.352,3.5,-14.18,135.374,-14.201,138.874,SolidSolid,Yellow,Broken,White
4,0,2,14.0,Driving,False,-14.212,140.624,0.0,0.352,3.5,-14.201,138.874,-14.223,142.374,Broken,White,Solid,White
4,0,-2,15.0,Driving,False,-15.147,130.118,0.0,-179.648,3.5,-15.158,131.868,-15.137,128.368,Broken,White,Solid,White
4,0,-1,15.0,Driving,False,-15.169,133.618,0.0,-179.648,3.5,-15.18,135.368,-15.158,131.868,SolidSolid,Yellow,Broken,White
4,0,1,15.0,Driving,False,-15.19,137.118,0.0,0.352,3.5,-15.18,135.368,-15.201,138.868,SolidSolid,Yellow,Broken,White
4,0,2,15.0,Driving,False,-15.212,140.618,0.0,0.352,3.5,-15.201,138.868,-15.223,142.368,Broken,White,Solid,White
4,0,-2,16.0,Driving,False,-16.147,130.112,0.0,-179.648,3.5,-16.158,131.862,-16.137,128.362,Broken,White,Solid,White
4,0,-1,16.0,Driving,False,-16.169,133.612,0.0,-179.648,3.5,-16.18,135.362,-16.158,131.862,SolidSolid,Yellow,Broken,White
4,0,1,16.0,Driving,False,-16.19,137.112,0.0,0.352,3.5,-16.18,135.362,-16.201,138.862,SolidSolid,Yellow,Broken,White
4,0,2,16.0,Driving,False,-16.212,140.612,0.0,0.352,3.5,-16.201,138.862,-16.223,142.362,Broken,White,Solid,White
4,0,-2,17.0,Driving,False,-17.147,130.106,0.0,-179.648,3.5,-17.158,131.856,-17.137,128.356,Broken,White,Solid,White
4,0,-1,17.0,Driving,False,-17.169,133.606,0.0,-179.648,3.5,-17.18,135.356,-17.158,131.856,SolidSolid,Yellow,Broken,White
4,0,1,17.0,Driving,False,-17.19,137.105,0.0,0.352,3.5,-17.18,135.356,-17.201,138.855,SolidSolid,Yellow,Broken,White
4,0,2,17.0,Driving,False,-17.212,140.605,0.0,0.352,3.5,-17.201,138.855,-17.223,142.355,Broken,White,Solid,White
4,0,-2,18.0,Driving,False,-18.147,130.099,0.0,-179.648,3.5,-18.158,131.849,-18.137,128.349,Broken,White,Solid,White
4,0,-1,18.0,Driving,False,-18.169,133.599,0.0,-179.648,3.5,-18.18,135.349,-18.158,131.849,SolidSolid,Yellow,Broken,White
4,0,1,18.0,Driving,False,-18.19,137.099,0.0,0.352,3.5,-18.18,135.349,-18.201,138.849,SolidSolid,Yellow,Broken,White
4,0,2,18.0,Driving,False,-18.212,140.599,0.0,0.352,3.5,-18.201,138.849,-18.223,142.349,Broken,White,Solid,White
4,0,-2,19.0,Driving,False,-19.147,130.093,0.0,-179.648,3.5,-19.158,131.843,-19.137,128.343,Broken,White,Solid,White
4,0,-1,19.0,Driving,False,-19.169,133.593,0.0,-179.648,3.5,-19.18,135.343,-19.158,131.843,SolidSolid,Yellow,Broken,White
4,0,1,19.0,Driving,False,-19.19,137.093,0.0,0.352,3.5,-19.18,135.343,-19.201,138.843,SolidSolid,Yellow,Broken,White
4,0,2,19.0,Driving,False,-19.212,140.593,0.0,0.352,3.5,-19.201,138.843,-19.223,142.343,Broken,White,Solid,White
4,0,-2,20.0,Driving,False,-20.147,130.087,0.0,-179.648,3.5,-20.158,131.837,-20.137,128.337,Broken,White,Solid,White
4,0,-1,20.0,Driving,False,-20.169,133.587,0.0,-179.648,3.5,-20.18,135.337,-20.158,131.837,SolidSolid,Yellow,Broken,White
4,0,1,20.0,Driving,False,-20.19,137.087,0.0,0.352,3.5,-20.18,135.337,-20.201,138.837,SolidSolid,Yellow,Broken,White
4,0,2,20.0,Driving,False,-20.212,140.587,0.0,0.352,3.5,-20.201,138.837,-20.223,142.337,Broken,White,Solid,White
4,0,-2,21.0,Driving,False,-21.147,130.081,0.0,-179.648,3.5,-21.158,131.831,-21.137,128.331,Broken,White,Solid,White
4,0,-1,21.0,Driving,False,-21.169,133.581,0.0,-179.648,3.5,-21.18,135.331,-21.158,131.831,SolidSolid,Yellow,Broken,White
4,0,1,21.0,Driving,False,-21.19,137.081,0.0,0.352,3.5,-21.18,135.331,-21.201,138.831,SolidSolid,Yellow,Broken,White
4,0,2,21.0,Driving,False,-21.212,140.581,0.0,0.352,3.5,-21.201,138.831,-21.223,142.331,Broken,White,Solid,White
4,0,-2,22.0,Driving,False,-22.147,130.075,0.0,-179.648,3.5,-22.158,131.825,-22.137,128.325,Broken,White,Solid,White
4,0,-1,22.0,Driving,False,-22.169,133.575,0.0,-179.648,3.5,-22.18,135.325,-22.158,131.825,SolidSolid,Yellow,Broken,White
4,0,1,22.0,Driving,False,-22.19,137.075,0.0,0.352,3.5,-22.18,135.325,-22.201,138.825,SolidSolid,Yellow,Broken,White
4,0,2,22.0,Driving,False,-22.212,140.575,0.0,0.352,3.5,-22.201,138.825,-22.223,142.325,Broken,White,Solid,White
4,0,-2,23.0,Driving,False,-23.147,130.069,0.0,-179.648,3.5,-23.158,131.819,-23.137,128.319,Broken,White,Solid,White
4,0,-1,23.0,Driving,False,-23.169,133.569,0.0,-179.648,3.5,-23.18,135.319,-23.158,131.819,SolidSolid,Yellow,Broken,White
4,0,1,23.0,Driving,False,-23.19,137.069,0.0,0.352,3.5,-23.18,135.319,-23.201,138.819,SolidSolid,Yellow,Broken,White
4,0,2,23.0,Driving,False,-23.212,140.569,0.0,0.352,3.5,-23.201,138.819,-23.223,142.319,Broken,White,Solid,White
4,0,-2,24.0,Driving,False,-24.147,130.063,0.0,-179.648,3.5,-24.158,131.813,-24.137,128.313,Broken,White,Solid,White
4,0,-1,24.0,Driving,False,-24.169,133.563,0.0,-179.648,3.5,-24.18,135.312,-24.158,131.813,SolidSolid,Yellow,Broken,White
4,0,1,24.0,Driving,False,-24.19,137.062,0.0,0.352,3.5,-24.18,135.313,-24.201,138.812,SolidSolid,Yellow,Broken,White
4,0,2,24.0,Driving,False,-24.212,140.562,0.0,0.352,3.5,-24.201,138.812,-24.223,142.312,Broken,White,Solid,White
4,0,-2,25.0,Driving,False,-25.147,130.056,0.0,-179.648,3.5,-25.158,131.806,-25.137,128.306,Broken,White,Solid,White
4,0,-1,25.0,Driving,False,-25.169,133.556,0.0,-179.648,3.5,-25.18,135.306,-25.158,131.806,SolidSolid,Yellow,Broken,White
4,0,1,25.0,Driving,False,-25.19,137.056,0.0,0.352,3.5,-25.18,135.306,-25.201,138.806,SolidSolid,Yellow,Broken,White
4,0,2,25.0,Driving,False,-25.212,140.556,0.0,0.352,3.5,-25.201,138.806,-25.223,142.306,Broken,White,Solid,White
4,0,-2,26.0,Driving,False,-26.147,130.05,0.0,-179.648,3.5,-26.158,131.8,-26.136,128.3,Broken,White,Solid,White
4,0,-1,26.0,Driving,False,-26.169,133.55,0.0,-179.648,3.5,-26.18,135.3,-26.158,131.8,SolidSolid,Yellow,Broken,White
4,0,1,26.0,Driving,False,-26.19,137.05,0.0,0.352,3.5,-26.18,135.3,-26.201,138.8,SolidSolid,Yellow,Broken,White
4,0,2,26.0,Driving,False,-26.212,140.55,0.0,0.352,3.5,-26.201,138.8,-26.223,142.3,Broken,White,Solid,White
4,0,-2,27.0,Driving,False,-27.147,130.044,0.0,-179.648,3.5,-27.158,131.794,-27.136,128.294,Broken,White,Solid,White
4,0,-1,27.0,Driving,False,-27.169,133.544,0.0,-179.648,3.5,-27.179,135.294,-27.158,131.794,SolidSolid,Yellow,Broken,White
4,0,1,27.0,Driving,False,-27.19,137.044,0.0,0.352,3.5,-27.179,135.294,-27.201,138.794,SolidSolid,Yellow,Broken,White
4,0,2,27.0,Driving,False,-27.212,140.544,0.0,0.352,3.5,-27.201,138.794,-27.223,142.294,Broken,White,Solid,White
4,0,-2,28.0,Driving,False,-28.147,130.038,0.0,-179.648,3.5,-28.158,131.788,-28.136,128.288,Broken,White,Solid,White
4,0,-1,28.0,Driving,False,-28.169,133.538,0.0,-179.648,3.5,-28.179,135.288,-28.158,131.788,SolidSolid,Yellow,Broken,White
4,0,1,28.0,Driving,False,-28.19,137.038,0.0,0.352,3.5,-28.179,135.288,-28.201,138.788,SolidSolid,Yellow,Broken,White
4,0,2,28.0,Driving,False,-28.212,140.538,0.0,0.352,3.5,-28.201,138.788,-28.222,142.288,Broken,White,Solid,White
5,0,-2,0.0,Driving,False,-70.49,128.903,0.0,-167.127,3.5,-70.88,130.609,-70.1,127.197,Broken,White,Solid,White
5,0,-1,0.0,Driving,False,-71.27,132.315,0.0,-167.127,3.5,-71.66,134.021,-70.88,130.609,SolidSolid,Yellow,Broken,White
5,0,1,0.0,Driving,False,-72.049,135.727,0.0,12.873,3.5,-71.66,134.021,-72.439,137.433,SolidSolid,Yellow,Broken,White
5,0,2,0.0,Driving,False,-72.829,139.139,0.0,12.873,3.5,-72.439,137.433,-73.219,140.845,Broken,White,Solid,White
5,0,-2,1.0,Driving,False,-71.341,128.698,0.0,-165.764,3.5,-71.771,130.394,-70.91,127.002,Broken,White,Solid,White
5,0,-1,1.0,Driving,False,-72.201,132.09,0.0,-165.764,3.5,-72.632,133.787,-71.771,130.394,SolidSolid,Yellow,Broken,White
5,0,1,1.0,Driving,False,-73.062,135.483,0.0,14.236,3.5,-72.632,133.787,-73.492,137.179,SolidSolid,Yellow,Broken,White
5,0,2,1.0,Driving,False,-73.923,138.875,0.0,14.236,3.5,-73.492,137.179,-74.353,140.572,Broken,White,Solid,White
5,0,-2,2.0,Driving,False,-72.186,128.473,0.0,-164.401,3.5,-72.657,130.158,-71.716,126.787,Broken,White,Solid,White
5,0,-1,2.0,Driving,False,-73.127,131.844,0.0,-164.401,3.5,-73.598,133.529,-72.657,130.158,SolidSolid,Yellow,Broken,White
5,0,1,2.0,Driving,False,-74.069,135.215,0.0,15.599,3.5,-73.598,133.529,-74.539,136.9,SolidSolid,Yellow,Broken,White
5,0,2,2.0,Driving,False,-75.01,138.586,0.0,15.599,3.5,-74.539,136.9,-75.48,140.271,Broken,White,Solid,White
5,0,-2,3.0,Driving,False,-73.026,128.227,0.0,-163.038,3.5,-73.537,129.901,-72.516,126.553,Broken,White,Solid,White
5,0,-1,3.0,Driving,False,-74.047,131.575,0.0,-163.038,3.5,-74.558,133.249,-73.537,129.901,SolidSolid,Yellow,Broken,White
5,0,1,3.0,Driving,False,-75.068,134.923,0.0,16.962,3.5,-74.558,133.249,-75.579,136.597,SolidSolid,Yellow,Broken,White
5,0,2,3.0,Driving,False,-76.089,138.27,0.0,16.962,3.5,-75.579,136.597,-76.6,139.944,Broken,White,Solid,White
5,0,-2,4.0,Driving,False,-73.86,127.962,0.0,-161.675,3.5,-74.41,129.623,-73.31,126.301,Broken,White,Solid,White
5,0,-1,4.0,Driving,False,-74.961,131.284,0.0,-161.675,3.5,-75.511,132.946,-74.41,129.623,SolidSolid,Yellow,Broken,White
5,0,1,4.0,Driving,False,-76.061,134.607,0.0,18.325,3.5,-75.511,132.946,-76.611,136.268,SolidSolid,Yellow,Broken,White
5,0,2,4.0,Driving,False,-77.161,137.93,0.0,18.325,3.5,-76.611,136.268,-77.712,139.591,Broken,White,Solid,White
5,0,-2,5.0,Driving,False,-74.688,127.677,0.0,-160.312,3.5,-75.277,129.325,-74.098,126.029,Broken,White,Solid,White
5,0,-1,5.0,Driving,False,-75.867,130.972,0.0,-160.312,3.5,-76.456,132.62,-75.277,129.325,SolidSolid,Yellow,Broken,White
5,0,1,5.0,Driving,False,-77.046,134.268,0.0,19.688,3.5,-76.456,132.62,-77.635,135.915,SolidSolid,Yellow,Broken,White
5,0,2,5.0,Driving,False,-78.225,137.563,0.0,19.688,3.5,-77.635,135.915,-78.814,139.211,Broken,White,Solid,White
5,0,-2,6.0,Driving,False,-75.508,127.372,0.0,-158.949,3.5,-76.137,129.006,-74.879,125.739,Broken,White,Solid,White
5,0,-1,6.0,Driving,False,-76.765,130.639,0.0,-158.949,3.5,-77.394,132.272,-76.137,129.006,SolidSolid,Yellow,Broken,White
5,0,1,6.0,Driving,False,-78.022,133.905,0.0,21.051,3.5,-77.394,132.272,-78.651,135.538,SolidSolid,Yellow,Broken,White
5,0,2,6.0,Driving,False,-79.279,137.172,0.0,21.051,3.5,-78.651,135.538,-79.908,138.805,Broken,White,Solid,White
5,0,-2,7.0,Driving,False,-76.321,127.048,0.0,-157.586,3.5,-76.988,128.666,-75.654,125.431,Broken,White,Solid,White
5,0,-1,7.0,Driving,False,-77.655,130.284,0.0,-157.586,3.5,-78.323,131.902,-76.988,128.666,SolidSolid,Yellow,Broken,White
5,0,1,7.0,Driving,False,-78.99,133.52,0.0,22.414,3.5,-78.323,131.902,-79.657,135.137,SolidSolid,Yellow,Broken,White
5,0,2,7.0,Driving,False,-80.324,136.755,0.0,22.414,3.5,-79.657,135.137,-80.992,138.373,Broken,White,Solid,White
5,0,-2,8.0,Driving,False,-77.126,126.705,0.0,-156.223,3.5,-77.831,128.307,-76.42,125.104,Broken,White,Solid,White
5,0,-1,8.0,Driving,False,-78.537,129.908,0.0,-156.223,3.5,-79.242,131.509,-77.831,128.307,SolidSolid,Yellow,Broken,White
5,0,1,8.0,Driving,False,-79.948,133.111,0.0,23.777,3.5,-79.242,131.509,-80.654,134.712,SolidSolid,Yellow,Broken,White
5,0,2,8.0,Driving,False,-81.359,136.314,0.0,23.777,3.5,-80.654,134.712,-82.065,137.915,Broken,White,Solid,White
5,0,-2,9.0,Driving,False,-77.922,126.343,0.0,-154.861,3.5,-78.666,127.927,-77.179,124.759,Broken,White,Solid,White
5,0,-1,9.0,Driving,False,-79.409,129.511,0.0,-154.861,3.5,-80.153,131.095,-78.666,127.927,SolidSolid,Yellow,Broken,White
5,0,1,9.0,Driving,False,-80.896,132.68,0.0,25.139,3.5,-80.153,131.095,-81.64,134.264,SolidSolid,Yellow,Broken,White
5,0,2,9.0,Driving,False,-82.383,135.848,0.0,25.139,3.5,-81.64,134.264,-83.126,137.432,Broken,White,Solid,White
5,0,-2,10.0,Driving,False,-78.71,125.962,0.0,-153.498,3.5,-79.491,127.528,-77.929,124.396,Broken,White,Solid,White
5,0,-1,10.0,Driving,False,-80.272,129.094,0.0,-153.498,3.5,-81.053,130.66,-79.491,127.528,SolidSolid,Yellow,Broken,White
5,0,1,10.0,Driving,False,-81.834,132.226,0.0,26.502,3.5,-81.053,130.66,-82.615,133.792,SolidSolid,Yellow,Broken,White
5,0,2,10.0,Driving,False,-83.396,135.358,0.0,26.502,3.5,-82.615,133.792,-84.176,136.924,Broken,White,Solid,White
5,0,-2,11.0,Driving,False,-79.489,125.562,0.0,-152.135,3.5,-80.306,127.109,-78.671,124.015,Broken,White,Solid,White
5,0,-1,11.0,Driving,False,-81.124,128.656,0.0,-152.135,3.5,-81.942,130.203,-80.306,127.109,SolidSolid,Yellow,Broken,White
5,0,1,11.0,Driving,False,-82.76,131.75,0.0,27.865,3.5,-81.942,130.203,-83.578,133.297,SolidSolid,Yellow,Broken,White
5,0,2,11.0,Driving,False,-84.396,134.844,0.0,27.865,3.5,-83.578,133.297,-85.214,136.391,Broken,White,Solid,White
5,0,-2,12.0,Driving,False,-80.257,125.144,0.0,-150.772,3.5,-81.112,126.671,-79.403,123.616,Broken,White,Solid,White
5,0,-1,12.0,Driving,False,-81.966,128.198,0.0,-150.772,3.5,-82.821,129.725,-81.112,126.671,SolidSolid,Yellow,Broken,White
5,0,1,12.0,Driving,False,-83.675,131.252,0.0,29.228,3.5,-82.821,129.725,-84.53,132.78,SolidSolid,Yellow,Broken,White
5,0,2,12.0,Driving,False,-85.384,134.307,0.0,29.228,3.5,-84.53,132.78,-86.239,135.834,Broken,White,Solid,White
5,0,-2,13.0,Driving,False,-81.016,124.707,0.0,-149.409,3.5,-81.906,126.214,-80.125,123.201,Broken,White,Solid,White
5,0,-1,13.0,Driving,False,-82.797,127.72,0.0,-149.409,3.5,-83.688,129.227,-81.906,126.214,SolidSolid,Yellow,Broken,White
5,0,1,13.0,Driving,False,-84.578,130.733,0.0,30.591,3.5,-83.688,129.227,-85.469,132.239,SolidSolid,Yellow,Broken,White
5,0,2,13.0,Driving,False,-86.359,133.746,0.0,30.591,3.5,-85.469,132.239,-87.25,135.252,Broken,White,Solid,White
5,0,-2,14.0,Driving,False,-81.764,124.253,0.0,-148.046,3.5,-82.69,125.738,-80.838,122.768,Broken,White,Solid,White
5,0,-1,14.0,Driving,False,-83.616,127.223,0.0,-148.046,3.5,-84.542,128.708,-82.69,125.738,SolidSolid,Yellow,Broken,White
5,0,1,14.0,Driving,False,-85.468,130.192,0.0,31.954,3.5,-84.542,128.707,-86.395,131.677,SolidSolid,Yellow,Broken,White
5,0,2,14.0,Driving,False,-87.321,133.162,0.0,31.954,3.5,-86.395,131.677,-88.247,134.647,Broken,White,Solid,White
5,0,-2,15.0,Driving,False,-82.501,123.781,0.0,-146.683,3.5,-83.462,125.243,-81.539,122.319,Broken,White,Solid,White
5,0,-1,15.0,Driving,False,-84.423,126.706,0.0,-146.683,3.5,-85.384,128.168,-83.462,125.243,SolidSolid,Yellow,Broken,White
5,0,1,15.0,Driving,False,-86.346,129.631,0.0,33.317,3.5,-85.384,128.168,-87.307,131.093,SolidSolid,Yellow,Broken,White
5,0,2,15.0,Driving,False,-88.268,132.555,0.0,33.317,3.5,-87.307,131.093,-89.229,134.018,Broken,White,Solid,White
5,0,-2,16.0,Driving,False,-83.226,123.292,0.0,-145.32,3.5,-84.222,124.731,-82.23,121.853,Broken,White,Solid,White
5,0,-1,16.0,Driving,False,-85.218,126.17,0.0,-145.32,3.5,-86.213,127.609,-84.222,124.731,SolidSolid,Yellow,Broken,White
5,0,1,16.0,Driving,False,-87.209,129.048,0.0,34.68,3.5,-86.213,127.609,-88.205,130.487,SolidSolid,Yellow,Broken,White
5,0,2,16.0,Driving,False,-89.201,131.926,0.0,34.68,3.5,-88.205,130.487,-90.196,133.365,Broken,White,Solid,White
5,0,-2,17.0,Driving,False,-83.94,122.785,0.0,-143.957,3.5,-84.969,124.2,-82.91,121.37,Broken,White,Solid,White
5,0,-1,17.0,Driving,False,-85.999,125.615,0.0,-143.957,3.5,-87.029,127.03,-84.969,124.2,SolidSolid,Yellow,Broken,White
5,0,1,17.0,Driving,False,-88.059,128.445,0.0,36.043,3.5,-87.029,127.03,-89.088,129.86,SolidSolid,Yellow,Broken,White
5,0,2,17.0,Driving,False,-90.118,131.275,0.0,36.043,3.5,-89.088,129.86,-91.148,132.69,Broken,White,Solid,White
5,0,-2,18.0,Driving,False,-84.641,122.262,0.0,-142.594,3.5,-85.704,123.652,-83.578,120.872,Broken,White,Solid,White
5,0,-1,18.0,Driving,False,-86.767,125.042,0.0,-142.594,3.5,-87.83,126.432,-85.704,123.652,SolidSolid,Yellow,Broken,White
5,0,1,18.0,Driving,False,-88.893,127.823,0.0,37.406,3.5,-87.83,126.432,-89.956,129.213,SolidSolid,Yellow,Broken,White
5,0,2,18.0,Driving,False,-91.02,130.603,0.0,37.406,3.5,-89.956,129.213,-92.083,131.993,Broken,White,Solid,White
5,0,-2,19.0,Driving,False,-85.33,121.722,0.0,-141.231,3.5,-86.426,123.087,-84.234,120.358,Broken,White,Solid,White
5,0,-1,19.0,Driving,False,-87.522,124.451,0.0,-141.231,3.5,-88.617,125.816,-86.426,123.087,SolidSolid,Yellow,Broken,White
5,0,1,19.0,Driving,False,-89.713,127.18,0.0,38.769,3.5,-88.617,125.816,-90.809,128.544,SolidSolid,Yellow,Broken,White
5,0,2,19.0,Driving,False,-91.905,129.909,0.0,38.769,3.5,-90.809,128.544,-93.001,131.273,Broken,White,Solid,White
5,0,-2,20.0,Driving,False,-86.006,121.166,0.0,-139.868,3.5,-87.134,122.504,-84.878,119.828,Broken,White,Solid,White
5,0,-1,20.0,Driving,False,-88.262,123.842,0.0,-139.868,3.5,-89.39,125.18,-87.134,122.504,SolidSolid,Yellow,Broken,White
5,0,1,20.0,Driving,False,-90.518,126.518,0.0,40.132,3.5,-89.39,125.18,-91.645,127.856,SolidSolid,Yellow,Broken,White
5,0,2,20.0,Driving,False,-92.773,129.194,0.0,40.132,3.5,-91.645,127.856,-93.901,130.532,Broken,White,Solid,White
5,0,-2,21.0,Driving,False,-86.668,120.594,0.0,-138.505,3.5,-87.827,121.905,-85.508,119.283,Broken,White,Solid,White
5,0,-1,21.0,Driving,False,-88.987,123.216,0.0,-138.505,3.5,-90.146,124.527,-87.827,121.905,SolidSolid,Yellow,Broken,White
5,0,1,21.0,Driving,False,-91.306,125.837,0.0,41.495,3.5,-90.146,124.527,-92.465,127.148,SolidSolid,Yellow,Broken,White
5,0,2,21.0,Driving,False,-93.625,128.459,0.0,41.495,3.5,-92.465,127.148,-94.784,129.77,Broken,White,Solid,White
5,0,-2,22.0,Driving,False,-87.316,120.007,0.0,-137.142,3.5,-88.507,121.29,-86.126,118.724,Broken,White,Solid,White
5,0,-1,22.0,Driving,False,-89.697,122.572,0.0,-137.142,3.5,-90.887,123.855,-88.507,121.29,SolidSolid,Yellow,Broken,White
5,0,1,22.0,Driving,False,-92.078,125.138,0.0,42.858,3.5,-90.887,123.855,-93.268,126.421,SolidSolid,Yellow,Broken,White
5,0,2,22.0,Driving,False,-94.458,127.704,0.0,42.858,3.5,-93.268,126.421,-95.649,128.986,Broken,White,Solid,White
5,0,-2,23.0,Driving,False,-87.951,119.404,0.0,-135.779,3.5,-89.171,120.658,-86.73,118.15,Broken,White,Solid,White
5,0,-1,23.0,Driving,False,-90.392,121.912,0.0,-135.779,3.5,-91.612,123.166,-89.171,120.658,SolidSolid,Yellow,Broken,White
5,0,1,23.0,Driving,False,-92.833,124.42,0.0,44.221,3.5,-91.612,123.166,-94.053,125.675,SolidSolid,Yellow,Broken,White
5,0,2,23.0,Driving,False,-95.274,126.929,0.0,44.221,3.5,-94.053,125.675,-96.494,128.183,Broken,White,Solid,White
5,0,-2,24.0,Driving,False,-88.571,118.786,0.0,-134.416,3.5,-89.821,120.011,-87.321,117.561,Broken,White,Solid,White
5,0,-1,24.0,Driving,False,-91.071,121.236,0.0,-134.416,3.5,-92.321,122.46,-89.821,120.011,SolidSolid,Yellow,Broken,White
5,0,1,24.0,Driving,False,-93.571,123.685,0.0,45.584,3.5,-92.321,122.46,-94.821,124.91,SolidSolid,Yellow,Broken,White
5,0,2,24.0,Driving,False,-96.071,126.135,0.0,45.584,3.5,-94.821,124.91,-97.321,127.359,Broken,White,Solid,White
5,0,-2,25.0,Driving,False,-89.176,118.154,0.0,-133.053,3.5,-90.454,119.349,-87.897,116.959,Broken,White,Solid,White
5,0,-1,25.0,Driving,False,-91.733,120.543,0.0,-133.053,3.5,-93.012,121.738,-90.454,119.349,SolidSolid,Yellow,Broken,White
5,0,1,25.0,Driving,False,-94.291,122.933,0.0,46.947,3.5,-93.012,121.738,-95.569,124.127,SolidSolid,Yellow,Broken,White
5,0,2,25.0,Driving,False,-96.848,125.322,0.0,46.947,3.5,-95.569,124.127,-98.127,126.517,Broken,White,Solid,White
5,0,-2,26.0,Driving,False,-89.765,117.507,0.0,-131.69,3.5,-91.072,118.671,-88.459,116.343,Broken,White,Solid,White
5,0,-1,26.0,Driving,False,-92.379,119.835,0.0,-131.69,3.5,-93.686,120.999,-91.072,118.671,SolidSolid,Yellow,Broken,White
5,0,1,26.0,Driving,False,-94.993,122.163,0.0,48.31,3.5,-93.686,120.999,-96.299,123.327,SolidSolid,Yellow,Broken,White
5,0,2,26.0,Driving,False,-97.606,124.491,0.0,48.31,3.5,-96.299,123.327,-98.913,125.655,Broken,White,Solid,White
5,0,-2,27.0,Driving,False,-90.34,116.847,0.0,-130.327,3.5,-91.674,117.98,-89.005,115.714,Broken,White,Solid,White
5,0,-1,27.0,Driving,False,-93.008,119.112,0.0,-130.327,3.5,-94.342,120.245,-91.674,117.98,SolidSolid,Yellow,Broken,White
5,0,1,27.0,Driving,False,-95.676,121.377,0.0,49.673,3.5,-94.342,120.245,-97.01,122.51,SolidSolid,Yellow,Broken,White
5,0,2,27.0,Driving,False,-98.344,123.642,0.0,49.673,3.5,-97.01,122.51,-99.679,124.775,Broken,White,Solid,White
5,0,-2,28.0,Driving,False,-90.898,116.173,0.0,-128.964,3.5,-92.259,117.274,-89.537,115.073,Broken,White,Solid,White
5,0,-1,28.0,Driving,False,-93.619,118.374,0.0,-128.964,3.5,-94.98,119.475,-92.259,117.274,SolidSolid,Yellow,Broken,White
5,0,1,28.0,Driving,False,-96.341,120.575,0.0,51.036,3.5,-94.98,119.475,-97.701,121.675,SolidSolid,Yellow,Broken,White
5,0,2,28.0,Driving,False,-99.062,122.776,0.0,51.036,3.5,-97.701,121.675,-100.423,123.876,Broken,White,Solid,White
5,0,-2,29.0,Driving,False,-91.44,115.486,0.0,-127.601,3.5,-92.827,116.554,-90.054,114.418,Broken,White,Solid,White
5,0,-1,29.0,Driving,False,-94.213,117.622,0.0,-127.601,3.5,-95.6,118.69,-92.827,116.554,SolidSolid,Yellow,Broken,White
5,0,1,29.0,Driving,False,-96.986,119.757,0.0,52.399,3.5,-95.6,118.69,-98.373,120.825,SolidSolid,Yellow,Broken,White
5,0,2,29.0,Driving,False,-99.759,121.893,0.0,52.399,3.5,-98.373,120.825,-101.145,122.961,Broken,White,Solid,White
5,0,-2,30.0,Driving,False,-91.966,114.787,0.0,-126.238,3.5,-93.377,115.821,-90.554,113.752,Broken,White,Solid,White
5,0,-1,30.0,Driving,False,-94.789,116.856,0.0,-126.238,3.5,-96.2,117.89,-93.377,115.821,SolidSolid,Yellow,Broken,White
5,0,1,30.0,Driving,False,-97.612,118.925,0.0,53.762,3.5,-96.2,117.89,-99.023,119.959,SolidSolid,Yellow,Broken,White
5,0,2,30.0,Driving,False,-100.435,120.994,0.0,53.762,3.5,-99.023,119.959,-101.846,122.028,Broken,White,Solid,White
5,0,-2,31.0,Driving,False,-92.475,114.075,0.0,-124.875,3.5,-93.91,115.075,-91.039,113.074,Broken,White,Solid,White
5,0,-1,31.0,Driving,False,-95.346,116.076,0.0,-124.875,3.5,-96.782,117.077,-93.91,115.075,SolidSolid,Yellow,Broken,White
5,0,1,31.0,Driving,False,-98.217,118.077,0.0,55.125,3.5,-96.782,117.077,-99.653,119.078,SolidSolid,Yellow,Broken,White
5,0,2,31.0,Driving,False,-101.089,120.079,0.0,55.125,3.5,-99.653,119.078,-102.525,121.079,Broken,White,Solid,White
5,0,-2,32.0,Driving,False,-92.975,113.339,0.0,236.332,3.5,-94.431,114.309,-91.518,112.369,Broken,White,Solid,White
5,0,-1,32.0,Driving,False,-95.888,115.28,0.0,236.332,3.5,-97.344,116.25,-94.431,114.309,SolidSolid,Yellow,Broken,White
5,0,1,32.0,Driving,False,-98.8,117.22,0.0,416.332,3.5,-97.344,116.25,-100.257,118.19,SolidSolid,Yellow,Broken,White
5,0,2,32.0,Driving,False,-101.713,119.16,0.0,416.332,3.5,-100.257,118.19,-103.17,120.13,Broken,White,Solid,White
5,0,-2,33.0,Driving,False,-93.483,112.564,0.0,237.133,3.5,-94.953,113.514,-92.013,111.615,Broken,White,Solid,White
5,0,-1,33.0,Driving,False,-96.423,114.464,0.0,237.133,3.5,-97.893,115.414,-94.953,113.514,SolidSolid,Yellow,Broken,White
5,0,1,33.0,Driving,False,-99.362,116.363,0.0,417.133,3.5,-97.893,115.414,-100.832,117.313,SolidSolid,Yellow,Broken,White
5,0,2,33.0,Driving,False,-102.302,118.263,0.0,417.133,3.5,-100.832,117.313,-103.772,119.212,Broken,White,Solid,White
5,0,-2,34.0,Driving,False,-93.98,111.783,0.0,237.933,3.5,-95.463,112.712,-92.497,110.854,Broken,White,Solid,White
5,0,-1,34.0,Driving,False,-96.946,113.641,0.0,237.933,3.5,-98.429,114.57,-95.463,112.712,SolidSolid,Yellow,Broken,White
5,0,1,34.0,Driving,False,-99.912,115.499,0.0,417.933,3.5,-98.429,114.57,-101.395,116.428,SolidSolid,Yellow,Broken,White
5,0,2,34.0,Driving,False,-102.878,117.357,0.0,417.933,3.5,-101.395,116.428,-104.361,118.286,Broken,White,Solid,White
5,0,-2,35.0,Driving,False,-94.467,110.994,0.0,238.734,3.5,-95.963,111.902,-92.971,110.086,Broken,White,Solid,White
5,0,-1,35.0,Driving,False,-97.459,112.811,0.0,238.734,3.5,-98.954,113.719,-95.963,111.902,SolidSolid,Yellow,Broken,White
5,0,1,35.0,Driving,False,-100.45,114.627,0.0,418.734,3.5,-98.954,113.719,-101.946,115.535,SolidSolid,Yellow,Broken,White
5,0,2,35.0,Driving,False,-103.442,116.444,0.0,418.734,3.5,-101.946,115.535,-104.938,117.352,Broken,White,Solid,White
5,0,-2,36.0,Driving,False,-94.942,110.199,0.0,239.535,3.5,-96.451,111.086,-93.434,109.311,Broken,White,Solid,White
5,0,-1,36.0,Driving,False,-97.959,111.973,0.0,239.535,3.5,-99.467,112.86,-96.451,111.086,SolidSolid,Yellow,Broken,White
5,0,1,36.0,Driving,False,-100.976,113.748,0.0,419.535,3.5,-99.467,112.86,-102.484,114.635,SolidSolid,Yellow,Broken,White
5,0,2,36.0,Driving,False,-103.993,115.522,0.0,419.535,3.5,-102.484,114.635,-105.501,116.41,Broken,White,Solid,White
5,0,-2,37.0,Driving,False,-95.406,109.397,0.0,240.336,3.5,-96.927,110.263,-93.886,108.531,Broken,White,Solid,White
5,0,-1,37.0,Driving,False,-98.448,111.129,0.0,240.336,3.5,-99.968,111.995,-96.927,110.263,SolidSolid,Yellow,Broken,White
5,0,1,37.0,Driving,False,-101.489,112.861,0.0,420.336,3.5,-99.968,111.995,-103.01,113.727,SolidSolid,Yellow,Broken,White
5,0,2,37.0,Driving,False,-104.53,114.593,0.0,420.336,3.5,-103.01,113.727,-106.051,115.459,Broken,White,Solid,White
5,0,-2,38.0,Driving,False,-95.859,108.588,0.0,241.137,3.5,-97.392,109.433,-94.327,107.744,Broken,White,Solid,White
5,0,-1,38.0,Driving,False,-98.925,110.278,0.0,241.137,3.5,-100.457,111.123,-97.392,109.433,SolidSolid,Yellow,Broken,White
5,0,1,38.0,Driving,False,-101.99,111.967,0.0,421.137,3.5,-100.457,111.123,-103.522,112.812,SolidSolid,Yellow,Broken,White
5,0,2,38.0,Driving,False,-105.055,113.657,0.0,421.137,3.5,-103.522,112.812,-106.588,114.502,Broken,White,Solid,White
5,0,-2,39.0,Driving,False,-96.301,107.774,0.0,241.937,3.5,-97.845,108.597,-94.757,106.95,Broken,White,Solid,White
5,0,-1,39.0,Driving,False,-99.39,109.42,0.0,241.937,3.5,-100.934,110.243,-97.845,108.597,SolidSolid,Yellow,Broken,White
5,0,1,39.0,Driving,False,-102.478,111.067,0.0,421.937,3.5,-100.934,110.243,-104.022,111.89,SolidSolid,Yellow,Broken,White
5,0,2,39.0,Driving,False,-105.567,112.713,0.0,421.937,3.5,-104.022,111.89,-107.111,113.537,Broken,White,Solid,White
5,0,-2,40.0,Driving,False,-96.731,106.953,0.0,242.738,3.5,-98.287,107.755,-95.176,106.151,Broken,White,Solid,White
5,0,-1,40.0,Driving,False,-99.842,108.556,0.0,242.738,3.5,-101.398,109.358,-98.287,107.755,SolidSolid,Yellow,Broken,White
5,0,1,40.0,Driving,False,-102.954,110.159,0.0,422.738,3.5,-101.398,109.358,-104.509,110.961,SolidSolid,Yellow,Broken,White
5,0,2,40.0,Driving,False,-106.065,111.763,0.0,422.738,3.5,-104.509,110.961,-107.62,112.564,Broken,White,Solid,White
5,0,-2,41.0,Driving,False,-97.15,106.126,0.0,243.539,3.5,-98.717,106.906,-95.583,105.347,Broken,White,Solid,White
5,0,-1,41.0,Driving,False,-100.283,107.686,0.0,243.539,3.5,-101.85,108.466,-98.717,106.906,SolidSolid,Yellow,Broken,White
5,0,1,41.0,Driving,False,-103.417,109.245,0.0,423.539,3.5,-101.85,108.466,-104.983,110.025,SolidSolid,Yellow,Broken,White
5,0,2,41.0,Driving,False,-106.55,110.805,0.0,423.539,3.5,-104.983,110.025,-108.117,111.585,Broken,White,Solid,White
5,0,-2,42.0,Driving,False,-97.557,105.294,0.0,244.34,3.5,-99.134,106.052,-95.98,104.536,Broken,White,Solid,White
5,0,-1,42.0,Driving,False,-100.712,106.81,0.0,244.34,3.5,-102.289,107.567,-99.134,106.052,SolidSolid,Yellow,Broken,White
5,0,1,42.0,Driving,False,-103.867,108.325,0.0,424.34,3.5,-102.289,107.567,-105.444,109.083,SolidSolid,Yellow,Broken,White
5,0,2,42.0,Driving,False,-107.021,109.841,0.0,424.34,3.5,-105.444,109.083,-108.599,110.599,Broken,White,Solid,White
5,0,-2,43.0,Driving,False,-97.952,104.456,0.0,245.141,3.5,-99.54,105.192,-96.364,103.72,Broken,White,Solid,White
5,0,-1,43.0,Driving,False,-101.128,105.927,0.0,245.141,3.5,-102.716,106.663,-99.54,105.192,SolidSolid,Yellow,Broken,White
5,0,1,43.0,Driving,False,-104.304,107.399,0.0,425.141,3.5,-102.716,106.663,-105.892,108.134,SolidSolid,Yellow,Broken,White
5,0,2,43.0,Driving,False,-107.479,108.87,0.0,425.141,3.5,-105.892,108.134,-109.067,109.606,Broken,White,Solid,White
5,0,-2,44.0,Driving,False,-98.336,103.612,0.0,245.941,3.5,-99.934,104.326,-96.738,102.899,Broken,White,Solid,White
5,0,-1,44.0,Driving,False,-101.532,105.039,0.0,245.941,3.5,-103.13,105.753,-99.934,104.326,SolidSolid,Yellow,Broken,White
5,0,1,44.0,Driving,False,-104.728,106.466,0.0,425.941,3.5,-103.13,105.753,-106.326,107.18,SolidSolid,Yellow,Broken,White
5,0,2,44.0,Driving,False,-107.924,107.893,0.0,425.941,3.5,-106.326,107.18,-109.522,108.606,Broken,White,Solid,White
5,0,-2,45.0,Driving,False,-98.708,102.764,0.0,246.742,3.5,-100.316,103.455,-97.1,102.073,Broken,White,Solid,White
5,0,-1,45.0,Driving,False,-101.923,104.146,0.0,246.742,3.5,-103.531,104.837,-100.316,103.455,SolidSolid,Yellow,Broken,White
5,0,1,45.0,Driving,False,-105.139,105.528,0.0,426.742,3.5,-103.531,104.837,-106.747,106.219,SolidSolid,Yellow,Broken,White
5,0,2,45.0,Driving,False,-108.355,106.91,0.0,426.742,3.5,-106.747,106.219,-109.962,107.601,Broken,White,Solid,White
5,0,-2,46.0,Driving,False,-99.068,101.91,0.0,247.543,3.5,-100.685,102.578,-97.45,101.241,Broken,White,Solid,White
5,0,-1,46.0,Driving,False,-102.302,103.247,0.0,247.543,3.5,-103.92,103.915,-100.685,102.578,SolidSolid,Yellow,Broken,White
5,0,1,46.0,Driving,False,-105.537,104.584,0.0,427.543,3.5,-103.92,103.915,-107.154,105.252,SolidSolid,Yellow,Broken,White
5,0,2,46.0,Driving,False,-108.772,105.921,0.0,427.543,3.5,-107.154,105.252,-110.389,106.589,Broken,White,Solid,White
5,0,-2,47.0,Driving,False,-99.416,101.051,0.0,248.344,3.5,-101.042,101.697,-97.789,100.405,Broken,White,Solid,White
5,0,-1,47.0,Driving,False,-102.669,102.343,0.0,248.344,3.5,-104.295,102.989,-101.042,101.697,SolidSolid,Yellow,Broken,White
5,0,1,47.0,Driving,False,-105.922,103.634,0.0,428.344,3.5,-104.295,102.989,-107.548,104.28,SolidSolid,Yellow,Broken,White
5,0,2,47.0,Driving,False,-109.175,104.926,0.0,428.344,3.5,-107.548,104.28,-110.801,105.572,Broken,White,Solid,White
5,0,-2,48.0,Driving,False,-99.752,100.188,0.0,249.145,3.5,-101.387,100.811,-98.116,99.565,Broken,White,Solid,White
5,0,-1,48.0,Driving,False,-103.022,101.434,0.0,249.145,3.5,-104.658,102.057,-101.387,100.811,SolidSolid,Yellow,Broken,White
5,0,1,48.0,Driving,False,-106.293,102.68,0.0,429.145,3.5,-104.658,102.057,-107.928,103.303,SolidSolid,Yellow,Broken,White
5,0,2,48.0,Driving,False,-109.564,103.926,0.0,429.145,3.5,-107.928,103.303,-111.199,104.549,Broken,White,Solid,White
5,0,-2,49.0,Driving,False,-100.075,99.319,0.0,249.946,3.5,-101.719,99.919,-98.432,98.719,Broken,White,Solid,White
5,0,-1,49.0,Driving,False,-103.363,100.52,0.0,249.946,3.5,-105.007,101.12,-101.719,99.919,SolidSolid,Yellow,Broken,White
5,0,1,49.0,Driving,False,-106.651,101.72,0.0,429.946,3.5,-105.007,101.12,-108.295,102.32,SolidSolid,Yellow,Broken,White
5,0,2,49.0,Driving,False,-109.939,102.92,0.0,429.946,3.5,-108.295,102.32,-111.583,103.52,Broken,White,Solid,White
5,0,-2,50.0,Driving,False,-100.387,98.447,0.0,250.746,3.5,-102.039,99.024,-98.735,97.87,Broken,White,Solid,White
5,0,-1,50.0,Driving,False,-103.691,99.601,0.0,250.746,3.5,-105.343,100.178,-102.039,99.024,SolidSolid,Yellow,Broken,White
5,0,1,50.0,Driving,False,-106.996,100.755,0.0,430.746,3.5,-105.343,100.178,-108.648,101.332,SolidSolid,Yellow,Broken,White
5,0,2,50.0,Driving,False,-110.3,101.909,0.0,430.746,3.5,-108.648,101.332,-111.952,102.486,Broken,White,Solid,White
5,0,-2,51.0,Driving,False,-100.687,97.57,0.0,251.547,3.5,-102.347,98.124,-99.027,97.016,Broken,White,Solid,White
5,0,-1,51.0,Driving,False,-104.007,98.678,0.0,251.547,3.5,-105.667,99.232,-102.347,98.124,SolidSolid,Yellow,Broken,White
5,0,1,51.0,Driving,False,-107.327,99.785,0.0,431.547,3.5,-105.667,99.232,-108.987,100.339,SolidSolid,Yellow,Broken,White
5,0,2,51.0,Driving,False,-110.647,100.893,0.0,431.547,3.5,-108.987,100.339,-112.307,101.447,Broken,White,Solid,White
5,0,-2,52.0,Driving,False,-100.974,96.689,0.0,252.348,3.5,-102.641,97.219,-99.306,96.158,Broken,White,Solid,White
5,0,-1,52.0,Driving,False,-104.309,97.75,0.0,252.348,3.5,-105.977,98.281,-102.641,97.219,SolidSolid,Yellow,Broken,White
5,0,1,52.0,Driving,False,-107.644,98.811,0.0,432.348,3.5,-105.977,98.281,-109.312,99.342,SolidSolid,Yellow,Broken,White
5,0,2,52.0,Driving,False,-110.979,99.873,0.0,432.348,3.5,-109.312,99.342,-112.647,100.403,Broken,White,Solid,White
5,0,-2,53.0,Driving,False,-101.249,95.804,0.0,253.149,3.5,-102.923,96.311,-99.574,95.297,Broken,White,Solid,White
5,0,-1,53.0,Driving,False,-104.598,96.818,0.0,253.149,3.5,-106.273,97.326,-102.923,96.311,SolidSolid,Yellow,Broken,White
5,0,1,53.0,Driving,False,-107.948,97.833,0.0,433.149,3.5,-106.273,97.326,-109.623,98.34,SolidSolid,Yellow,Broken,White
5,0,2,53.0,Driving,False,-111.298,98.848,0.0,433.149,3.5,-109.623,98.34,-112.973,99.355,Broken,White,Solid,White
5,0,-2,54.0,Driving,False,-101.511,94.915,0.0,253.95,3.5,-103.193,95.399,-99.829,94.431,Broken,White,Solid,White
5,0,-1,54.0,Driving,False,-104.874,95.883,0.0,253.95,3.5,-106.556,96.367,-103.193,95.399,SolidSolid,Yellow,Broken,White
5,0,1,54.0,Driving,False,-108.238,96.851,0.0,433.95,3.5,-106.556,96.367,-109.92,97.334,SolidSolid,Yellow,Broken,White
5,0,2,54.0,Driving,False,-111.602,97.818,0.0,433.95,3.5,-109.92,97.334,-113.283,98.302,Broken,White,Solid,White
5,0,-2,55.0,Driving,False,-101.761,94.023,0.0,254.75,3.5,-103.449,94.483,-100.072,93.563,Broken,White,Solid,White
5,0,-1,55.0,Driving,False,-105.138,94.944,0.0,254.75,3.5,-106.826,95.404,-103.449,94.483,SolidSolid,Yellow,Broken,White
5,0,1,55.0,Driving,False,-108.514,95.864,0.0,434.75,3.5,-106.826,95.404,-110.203,96.324,SolidSolid,Yellow,Broken,White
5,0,2,55.0,Driving,False,-111.891,96.785,0.0,434.75,3.5,-110.203,96.324,-113.58,97.245,Broken,White,Solid,White
5,0,-2,56.0,Driving,False,-101.998,93.127,0.0,255.551,3.5,-103.693,93.564,-100.304,92.691,Broken,White,Solid,White
5,0,-1,56.0,Driving,False,-105.388,94.001,0.0,255.551,3.5,-107.082,94.437,-103.693,93.564,SolidSolid,Yellow,Broken,White
5,0,1,56.0,Driving,False,-108.777,94.874,0.0,435.551,3.5,-107.082,94.437,-110.472,95.311,SolidSolid,Yellow,Broken,White
5,0,2,56.0,Driving,False,-112.166,95.747,0.0,435.551,3.5,-110.472,95.311,-113.861,96.184,Broken,White,Solid,White
5,0,-2,57.0,Driving,False,-102.223,92.228,0.0,256.352,3.5,-103.924,92.641,-100.523,91.815,Broken,White,Solid,White
5,0,-1,57.0,Driving,False,-105.624,93.054,0.0,256.352,3.5,-107.325,93.467,-103.924,92.641,SolidSolid,Yellow,Broken,White
5,0,1,57.0,Driving,False,-109.026,93.88,0.0,436.352,3.5,-107.325,93.467,-110.726,94.293,SolidSolid,Yellow,Broken,White
5,0,2,57.0,Driving,False,-112.427,94.706,0.0,436.352,3.5,-110.726,94.293,-114.127,95.119,Broken,White,Solid,White
5,0,-2,58.0,Driving,False,-102.436,91.326,0.0,257.153,3.5,-104.142,91.716,-100.729,90.937,Broken,White,Solid,White
5,0,-1,58.0,Driving,False,-105.848,92.105,0.0,257.153,3.5,-107.554,92.494,-104.142,91.716,SolidSolid,Yellow,Broken,White
5,0,1,58.0,Driving,False,-109.26,92.883,0.0,437.153,3.5,-107.554,92.494,-110.967,93.272,SolidSolid,Yellow,Broken,White
5,0,2,58.0,Driving,False,-112.673,93.661,0.0,437.153,3.5,-110.967,93.272,-114.379,94.05,Broken,White,Solid,White
5,0,-2,59.0,Driving,False,-102.635,90.422,0.0,257.954,3.5,-104.347,90.787,-100.924,90.056,Broken,White,Solid,White
5,0,-1,59.0,Driving,False,-106.058,91.152,0.0,257.954,3.5,-107.77,91.517,-104.347,90.787,SolidSolid,Yellow,Broken,White
5,0,1,59.0,Driving,False,-109.481,91.882,0.0,437.954,3.5,-107.77,91.517,-111.193,92.248,SolidSolid,Yellow,Broken,White
5,0,2,59.0,Driving,False,-112.904,92.613,0.0,437.954,3.5,-111.193,92.248,-114.616,92.978,Broken,White,Solid,White
5,0,-2,60.0,Driving,False,-102.822,89.514,0.0,258.755,3.5,-104.539,89.855,-101.106,89.173,Broken,White,Solid,White
5,0,-1,60.0,Driving,False,-106.255,90.197,0.0,258.755,3.5,-107.972,90.538,-104.539,89.855,SolidSolid,Yellow,Broken,White
5,0,1,60.0,Driving,False,-109.688,90.879,0.0,438.755,3.5,-107.972,90.538,-111.404,91.22,SolidSolid,Yellow,Broken,White
5,0,2,60.0,Driving,False,-113.121,91.562,0.0,438.755,3.5,-111.404,91.22,-114.837,91.903,Broken,White,Solid,White
5,0,-2,61.0,Driving,False,-102.997,88.604,0.0,259.555,3.5,-104.718,88.921,-101.276,88.287,Broken,White,Solid,White
5,0,-1,61.0,Driving,False,-106.439,89.238,0.0,259.555,3.5,-108.16,89.556,-104.718,88.921,SolidSolid,Yellow,Broken,White
5,0,1,61.0,Driving,False,-109.881,89.873,0.0,439.555,3.5,-108.16,89.556,-111.602,90.19,SolidSolid,Yellow,Broken,White
5,0,2,61.0,Driving,False,-113.323,90.507,0.0,439.555,3.5,-111.602,90.19,-115.044,90.825,Broken,White,Solid,White
5,0,-2,62.0,Driving,False,-103.158,87.692,0.0,260.356,3.5,-104.884,87.985,-101.433,87.398,Broken,White,Solid,White
5,0,-1,62.0,Driving,False,-106.609,88.278,0.0,260.356,3.5,-108.334,88.571,-104.884,87.985,SolidSolid,Yellow,Broken,White
5,0,1,62.0,Driving,False,-110.059,88.864,0.0,440.356,3.5,-108.334,88.571,-111.785,89.157,SolidSolid,Yellow,Broken,White
5,0,2,62.0,Driving,False,-113.51,89.451,0.0,440.356,3.5,-111.785,89.157,-115.235,89.744,Broken,White,Solid,White
5,0,-2,63.0,Driving,False,-103.307,86.777,0.0,261.157,3.5,-105.036,87.046,-101.578,86.508,Broken,White,Solid,White
5,0,-1,63.0,Driving,False,-106.766,87.315,0.0,261.157,3.5,-108.495,87.584,-105.036,87.046,SolidSolid,Yellow,Broken,White
5,0,1,63.0,Driving,False,-110.224,87.853,0.0,441.157,3.5,-108.495,87.584,-111.953,88.122,SolidSolid,Yellow,Broken,White
5,0,2,63.0,Driving,False,-113.682,88.391,0.0,441.157,3.5,-111.953,88.122,-115.412,88.66,Broken,White,Solid,White
5,0,-2,64.0,Driving,False,-103.443,85.86,0.0,261.958,3.5,-105.176,86.105,-101.71,85.616,Broken,White,Solid,White
5,0,-1,64.0,Driving,False,-106.909,86.35,0.0,261.958,3.5,-108.642,86.595,-105.176,86.105,SolidSolid,Yellow,Broken,White
5,0,1,64.0,Driving,False,-110.374,86.84,0.0,441.958,3.5,-108.642,86.595,-112.107,87.085,SolidSolid,Yellow,Broken,White
5,0,2,64.0,Driving,False,-113.84,87.329,0.0,441.958,3.5,-112.107,87.085,-115.573,87.574,Broken,White,Solid,White
5,0,-2,65.0,Driving,False,-103.566,84.942,0.0,262.759,3.5,-105.302,85.163,-101.83,84.721,Broken,White,Solid,White
5,0,-1,65.0,Driving,False,-107.039,85.383,0.0,262.759,3.5,-108.775,85.604,-105.302,85.163,SolidSolid,Yellow,Broken,White
5,0,1,65.0,Driving,False,-110.511,85.824,0.0,442.759,3.5,-108.775,85.604,-112.247,86.045,SolidSolid,Yellow,Broken,White
5,0,2,65.0,Driving,False,-113.983,86.266,0.0,442.759,3.5,-112.247,86.045,-115.719,86.486,Broken,White,Solid,White
5,0,-2,66.0,Driving,False,-103.677,84.022,0.0,263.559,3.5,-105.416,84.218,-101.938,83.826,Broken,White,Solid,White
5,0,-1,66.0,Driving,False,-107.155,84.415,0.0,263.559,3.5,-108.894,84.611,-105.416,84.218,SolidSolid,Yellow,Broken,White
5,0,1,66.0,Driving,False,-110.633,84.807,0.0,443.559,3.5,-108.894,84.611,-112.372,85.004,SolidSolid,Yellow,Broken,White
5,0,2,66.0,Driving,False,-114.111,85.2,0.0,443.559,3.5,-112.372,85.004,-115.849,85.396,Broken,White,Solid,White
5,0,-2,67.0,Driving,False,-103.774,83.101,0.0,264.36,3.5,-105.516,83.273,-102.033,82.929,Broken,White,Solid,White
5,0,-1,67.0,Driving,False,-107.257,83.444,0.0,264.36,3.5,-108.999,83.616,-105.516,83.273,SolidSolid,Yellow,Broken,White
5,0,1,67.0,Driving,False,-110.74,83.788,0.0,444.36,3.5,-108.999,83.616,-112.482,83.96,SolidSolid,Yellow,Broken,White
5,0,2,67.0,Driving,False,-114.223,84.132,0.0,444.36,3.5,-112.482,83.96,-115.965,84.304,Broken,White,Solid,White
5,0,-2,68.0,Driving,False,-103.859,82.178,0.0,265.161,3.5,-105.603,82.325,-102.115,82.03,Broken,White,Solid,White
5,0,-1,68.0,Driving,False,-107.346,82.473,0.0,265.161,3.5,-109.09,82.621,-105.603,82.325,SolidSolid,Yellow,Broken,White
5,0,1,68.0,Driving,False,-110.834,82.768,0.0,445.161,3.5,-109.09,82.621,-112.578,82.916,SolidSolid,Yellow,Broken,White
5,0,2,68.0,Driving,False,-114.322,83.064,0.0,445.161,3.5,-112.578,82.916,-116.065,83.211,Broken,White,Solid,White
5,0,-2,69.0,Driving,False,-103.931,81.254,0.0,265.962,3.5,-105.676,81.377,-102.185,81.131,Broken,White,Solid,White
5,0,-1,69.0,Driving,False,-107.422,81.5,0.0,265.962,3.5,-109.168,81.624,-105.676,81.377,SolidSolid,Yellow,Broken,White
5,0,1,69.0,Driving,False,-110.913,81.747,0.0,445.962,3.5,-109.168,81.624,-112.659,81.87,SolidSolid,Yellow,Broken,White
5,0,2,69.0,Driving,False,-114.405,81.993,0.0,445.962,3.5,-112.659,81.87,-116.15,82.117,Broken,White,Solid,White
5,0,-2,70.0,Driving,False,-103.989,80.329,0.0,266.763,3.5,-105.737,80.428,-102.242,80.23,Broken,White,Solid,White
5,0,-1,70.0,Driving,False,-107.484,80.527,0.0,266.763,3.5,-109.231,80.626,-105.737,80.428,SolidSolid,Yellow,Broken,White
5,0,1,70.0,Driving,False,-110.978,80.725,0.0,446.763,3.5,-109.231,80.626,-112.725,80.823,SolidSolid,Yellow,Broken,White
5,0,2,70.0,Driving,False,-114.473,80.922,0.0,446.763,3.5,-112.725,80.823,-116.22,81.021,Broken,White,Solid,White
5,0,-2,71.0,Driving,False,-104.035,79.404,0.0,267.563,3.5,-105.784,79.478,-102.287,79.329,Broken,White,Solid,White
5,0,-1,71.0,Driving,False,-107.532,79.553,0.0,267.563,3.5,-109.281,79.627,-105.784,79.478,SolidSolid,Yellow,Broken,White
5,0,1,71.0,Driving,False,-111.029,79.701,0.0,447.563,3.5,-109.281,79.627,-112.777,79.776,SolidSolid,Yellow,Broken,White
5,0,2,71.0,Driving,False,-114.526,79.85,0.0,447.563,3.5,-112.777,79.776,-116.274,79.925,Broken,White,Solid,White
5,0,-2,72.0,Driving,False,-104.068,78.478,0.0,268.364,3.5,-105.818,78.528,-102.319,78.428,Broken,White,Solid,White
5,0,-1,72.0,Driving,False,-107.567,78.578,0.0,268.364,3.5,-109.316,78.628,-105.818,78.528,SolidSolid,Yellow,Broken,White
5,0,1,72.0,Driving,False,-111.065,78.678,0.0,448.364,3.5,-109.316,78.628,-112.815,78.727,SolidSolid,Yellow,Broken,White
5,0,2,72.0,Driving,False,-114.564,78.777,0.0,448.364,3.5,-112.815,78.727,-116.313,78.827,Broken,White,Solid,White
5,0,-2,73.0,Driving,False,-104.088,77.551,0.0,269.165,3.5,-105.838,77.577,-102.338,77.526,Broken,White,Solid,White
5,0,-1,73.0,Driving,False,-107.588,77.602,0.0,269.165,3.5,-109.338,77.628,-105.838,77.577,SolidSolid,Yellow,Broken,White
5,0,1,73.0,Driving,False,-111.087,77.653,0.0,449.165,3.5,-109.338,77.628,-112.837,77.679,SolidSolid,Yellow,Broken,White
5,0,2,73.0,Driving,False,-114.587,77.704,0.0,449.165,3.5,-112.837,77.679,-116.337,77.73,Broken,White,Solid,White
5,0,-2,74.0,Driving,False,-104.095,76.625,0.0,269.966,3.5,-105.845,76.626,-102.345,76.624,Broken,White,Solid,White
5,0,-1,74.0,Driving,False,-107.595,76.627,0.0,269.966,3.5,-109.345,76.628,-105.845,76.626,SolidSolid,Yellow,Broken,White
5,0,1,74.0,Driving,False,-111.095,76.629,0.0,449.966,3.5,-109.345,76.628,-112.845,76.63,SolidSolid,Yellow,Broken,White
5,0,2,74.0,Driving,False,-114.595,76.631,0.0,449.966,3.5,-112.845,76.63,-116.345,76.632,Broken,White,Solid,White
5,0,-2,75.0,Driving,False,-104.089,75.687,0.0,-89.358,3.5,-105.839,75.667,-102.339,75.706,Broken,White,Solid,White
5,0,-1,75.0,Driving,False,-107.589,75.647,0.0,-89.358,3.5,-109.339,75.628,-105.839,75.667,SolidSolid,Yellow,Broken,White
5,0,1,75.0,Driving,False,-111.089,75.608,0.0,90.642,3.5,-109.339,75.628,-112.839,75.589,SolidSolid,Yellow,Broken,White
5,0,2,75.0,Driving,False,-114.589,75.569,0.0,90.642,3.5,-112.839,75.589,-116.339,75.549,Broken,White,Solid,White
5,0,-2,76.0,Driving,False,-104.078,74.687,0.0,-89.358,3.5,-105.828,74.667,-102.328,74.706,Broken,White,Solid,White
5,0,-1,76.0,Driving,False,-107.578,74.648,0.0,-89.358,3.5,-109.328,74.628,-105.828,74.667,SolidSolid,Yellow,Broken,White
5,0,1,76.0,Driving,False,-111.078,74.608,0.0,90.642,3.5,-109.328,74.628,-112.828,74.589,SolidSolid,Yellow,Broken,White
5,0,2,76.0,Driving,False,-114.577,74.569,0.0,90.642,3.5,-112.828,74.589,-116.327,74.549,Broken,White,Solid,White
5,0,-2,77.0,Driving,False,-104.067,73.687,0.0,-89.358,3.5,-105.817,73.667,-102.317,73.706,Broken,White,Solid,White
5,0,-1,77.0,Driving,False,-107.567,73.648,0.0,-89.358,3.5,-109.317,73.628,-105.817,73.667,SolidSolid,Yellow,Broken,White
5,0,1,77.0,Driving,False,-111.066,73.608,0.0,90.642,3.5,-109.317,73.628,-112.816,73.589,SolidSolid,Yellow,Broken,White
5,0,2,77.0,Driving,False,-114.566,73.569,0.0,90.642,3.5,-112.816,73.589,-116.316,73.55,Broken,White,Solid,White
5,0,-2,78.0,Driving,False,-104.056,72.687,0.0,-89.358,3.5,-105.806,72.667,-102.306,72.707,Broken,White,Solid,White
5,0,-1,78.0,Driving,False,-107.555,72.648,0.0,-89.358,3.5,-109.305,72.628,-105.806,72.667,SolidSolid,Yellow,Broken,White
5,0,1,78.0,Driving,False,-111.055,72.608,0.0,90.642,3.5,-109.305,72.628,-112.805,72.589,SolidSolid,Yellow,Broken,White
5,0,2,78.0,Driving,False,-114.555,72.569,0.0,90.642,3.5,-112.805,72.589,-116.305,72.55,Broken,White,Solid,White
5,0,-2,79.0,Driving,False,-104.044,71.687,0.0,-89.358,3.5,-105.794,71.667,-102.295,71.707,Broken,White,Solid,White
5,0,-1,79.0,Driving,False,-107.544,71.648,0.0,-89.358,3.5,-109.294,71.628,-105.794,71.667,SolidSolid,Yellow,Broken,White
5,0,1,79.0,Driving,False,-111.044,71.609,0.0,90.642,3.5,-109.294,71.628,-112.794,71.589,SolidSolid,Yellow,Broken,White
5,0,2,79.0,Driving,False,-114.544,71.569,0.0,90.642,3.5,-112.794,71.589,-116.294,71.55,Broken,White,Solid,White
5,0,-2,80.0,Driving,False,-104.033,70.687,0.0,-89.358,3.5,-105.783,70.667,-102.283,70.707,Broken,White,Solid,White
5,0,-1,80.0,Driving,False,-107.533,70.648,0.0,-89.358,3.5,-109.283,70.628,-105.783,70.667,SolidSolid,Yellow,Broken,White
5,0,1,80.0,Driving,False,-111.033,70.609,0.0,90.642,3.5,-109.283,70.628,-112.783,70.589,SolidSolid,Yellow,Broken,White
5,0,2,80.0,Driving,False,-114.533,70.569,0.0,90.642,3.5,-112.783,70.589,-116.283,70.55,Broken,White,Solid,White
5,0,-2,81.0,Driving,False,-104.022,69.687,0.0,-89.358,3.5,-105.772,69.667,-102.272,69.707,Broken,White,Solid,White
5,0,-1,81.0,Driving,False,-107.522,69.648,0.0,-89.358,3.5,-109.272,69.628,-105.772,69.667,SolidSolid,Yellow,Broken,White
5,0,1,81.0,Driving,False,-111.022,69.609,0.0,90.642,3.5,-109.272,69.628,-112.772,69.589,SolidSolid,Yellow,Broken,White
5,0,2,81.0,Driving,False,-114.521,69.569,0.0,90.642,3.5,-112.772,69.589,-116.271,69.55,Broken,White,Solid,White
5,0,-2,82.0,Driving,False,-104.011,68.687,0.0,-89.358,3.5,-105.761,68.668,-102.261,68.707,Broken,White,Solid,White
5,0,-1,82.0,Driving,False,-107.511,68.648,0.0,-89.358,3.5,-109.261,68.628,-105.761,68.668,SolidSolid,Yellow,Broken,White
5,0,1,82.0,Driving,False,-111.01,68.609,0.0,90.642,3.5,-109.261,68.628,-112.76,68.589,SolidSolid,Yellow,Broken,White
5,0,2,82.0,Driving,False,-114.51,68.569,0.0,90.642,3.5,-112.76,68.589,-116.26,68.55,Broken,White,Solid,White
5,0,-2,83.0,Driving,False,-104.0,67.687,0.0,-89.358,3.5,-105.75,67.668,-102.25,67.707,Broken,White,Solid,White
5,0,-1,83.0,Driving,False,-107.499,67.648,0.0,-89.358,3.5,-109.249,67.628,-105.75,67.668,SolidSolid,Yellow,Broken,White
5,0,1,83.0,Driving,False,-110.999,67.609,0.0,90.642,3.5,-109.249,67.628,-112.749,67.589,SolidSolid,Yellow,Broken,White
5,0,2,83.0,Driving,False,-114.499,67.57,0.0,90.642,3.5,-112.749,67.589,-116.249,67.55,Broken,White,Solid,White
5,0,-2,84.0,Driving,False,-103.988,66.687,0.0,-89.358,3.5,-105.738,66.668,-102.239,66.707,Broken,White,Solid,White
5,0,-1,84.0,Driving,False,-107.488,66.648,0.0,-89.358,3.5,-109.238,66.628,-105.738,66.668,SolidSolid,Yellow,Broken,White
5,0,1,84.0,Driving,False,-110.988,66.609,0.0,90.642,3.5,-109.238,66.628,-112.738,66.589,SolidSolid,Yellow,Broken,White
5,0,2,84.0,Driving,False,-114.488,66.57,0.0,90.642,3.5,-112.738,66.589,-116.238,66.55,Broken,White,Solid,White
5,0,-2,85.0,Driving,False,-103.977,65.687,0.0,-89.358,3.5,-105.727,65.668,-102.227,65.707,Broken,White,Solid,White
5,0,-1,85.0,Driving,False,-107.477,65.648,0.0,-89.358,3.5,-109.227,65.628,-105.727,65.668,SolidSolid,Yellow,Broken,White
5,0,1,85.0,Driving,False,-110.977,65.609,0.0,90.642,3.5,-109.227,65.628,-112.727,65.589,SolidSolid,Yellow,Broken,White
5,0,2,85.0,Driving,False,-114.477,65.57,0.0,90.642,3.5,-112.727,65.589,-116.226,65.55,Broken,White,Solid,White
5,0,-2,86.0,Driving,False,-103.966,64.687,0.0,-89.358,3.5,-105.716,64.668,-102.216,64.707,Broken,White,Solid,White
5,0,-1,86.0,Driving,False,-107.466,64.648,0.0,-89.358,3.5,-109.216,64.629,-105.716,64.668,SolidSolid,Yellow,Broken,White
5,0,1,86.0,Driving,False,-110.966,64.609,0.0,90.642,3.5,-109.216,64.629,-112.715,64.589,SolidSolid,Yellow,Broken,White
5,0,2,86.0,Driving,False,-114.465,64.57,0.0,90.642,3.5,-112.715,64.589,-116.215,64.55,Broken,White,Solid,White
5,0,-2,87.0,Driving,False,-103.955,63.687,0.0,-89.358,3.5,-105.705,63.668,-102.205,63.707,Broken,White,Solid,White
5,0,-1,87.0,Driving,False,-107.455,63.648,0.0,-89.358,3.5,-109.204,63.629,-105.705,63.668,SolidSolid,Yellow,Broken,White
5,0,1,87.0,Driving,False,-110.954,63.609,0.0,90.642,3.5,-109.204,63.629,-112.704,63.589,SolidSolid,Yellow,Broken,White
5,0,2,87.0,Driving,False,-114.454,63.57,0.0,90.642,3.5,-112.704,63.589,-116.204,63.55,Broken,White,Solid,White
5,0,-2,88.0,Driving,False,-103.944,62.688,0.0,-89.358,3.5,-105.693,62.668,-102.194,62.707,Broken,White,Solid,White
5,0,-1,88.0,Driving,False,-107.443,62.648,0.0,-89.358,3.5,-109.193,62.629,-105.693,62.668,SolidSolid,Yellow,Broken,White
5,0,1,88.0,Driving,False,-110.943,62.609,0.0,90.642,3.5,-109.193,62.629,-112.693,62.589,SolidSolid,Yellow,Broken,White
5,0,2,88.0,Driving,False,-114.443,62.57,0.0,90.642,3.5,-112.693,62.589,-116.193,62.55,Broken,White,Solid,White
5,0,-2,89.0,Driving,False,-103.932,61.688,0.0,-89.358,3.5,-105.682,61.668,-102.182,61.707,Broken,White,Solid,White
5,0,-1,89.0,Driving,False,-107.432,61.648,0.0,-89.358,3.5,-109.182,61.629,-105.682,61.668,SolidSolid,Yellow,Broken,White
5,0,1,89.0,Driving,False,-110.932,61.609,0.0,90.642,3.5,-109.182,61.629,-112.682,61.59,SolidSolid,Yellow,Broken,White
5,0,2,89.0,Driving,False,-114.432,61.57,0.0,90.642,3.5,-112.682,61.59,-116.182,61.55,Broken,White,Solid,White
5,0,-2,90.0,Driving,False,-103.921,60.688,0.0,-89.358,3.5,-105.671,60.668,-102.171,60.707,Broken,White,Solid,White
5,0,-1,90.0,Driving,False,-107.421,60.648,0.0,-89.358,3.5,-109.171,60.629,-105.671,60.668,SolidSolid,Yellow,Broken,White
5,0,1,90.0,Driving,False,-110.921,60.609,0.0,90.642,3.5,-109.171,60.629,-112.671,60.59,SolidSolid,Yellow,Broken,White
5,0,2,90.0,Driving,False,-114.421,60.57,0.0,90.642,3.5,-112.671,60.59,-116.17,60.55,Broken,White,Solid,White
5,0,-2,91.0,Driving,False,-103.91,59.688,0.0,-89.358,3.5,-105.66,59.668,-102.16,59.707,Broken,White,Solid,White
5,0,-1,91.0,Driving,False,-107.41,59.648,0.0,-89.358,3.5,-109.16,59.629,-105.66,59.668,SolidSolid,Yellow,Broken,White
5,0,1,91.0,Driving,False,-110.91,59.609,0.0,90.642,3.5,-109.16,59.629,-112.659,59.59,SolidSolid,Yellow,Broken,White
5,0,2,91.0,Driving,False,-114.409,59.57,0.0,90.642,3.5,-112.659,59.59,-116.159,59.55,Broken,White,Solid,White
5,0,-2,92.0,Driving,False,-103.899,58.688,0.0,-89.358,3.5,-105.649,58.668,-102.149,58.707,Broken,White,Solid,White
5,0,-1,92.0,Driving,False,-107.399,58.649,0.0,-89.358,3.5,-109.148,58.629,-105.649,58.668,SolidSolid,Yellow,Broken,White
5,0,1,92.0,Driving,False,-110.898,58.609,0.0,90.642,3.5,-109.148,58.629,-112.648,58.59,SolidSolid,Yellow,Broken,White
5,0,2,92.0,Driving,False,-114.398,58.57,0.0,90.642,3.5,-112.648,58.59,-116.148,58.55,Broken,White,Solid,White
5,0,-2,93.0,Driving,False,-103.888,57.688,0.0,-89.358,3.5,-105.637,57.668,-102.138,57.707,Broken,White,Solid,White
5,0,-1,93.0,Driving,False,-107.387,57.649,0.0,-89.358,3.5,-109.137,57.629,-105.637,57.668,SolidSolid,Yellow,Broken,White
5,0,1,93.0,Driving,False,-110.887,57.609,0.0,90.642,3.5,-109.137,57.629,-112.637,57.59,SolidSolid,Yellow,Broken,White
5,0,2,93.0,Driving,False,-114.387,57.57,0.0,90.642,3.5,-112.637,57.59,-116.137,57.551,Broken,White,Solid,White
5,0,-2,94.0,Driving,False,-103.876,56.688,0.0,-89.358,3.5,-105.626,56.668,-102.126,56.708,Broken,White,Solid,White
5,0,-1,94.0,Driving,False,-107.376,56.649,0.0,-89.358,3.5,-109.126,56.629,-105.626,56.668,SolidSolid,Yellow,Broken,White
5,0,1,94.0,Driving,False,-110.876,56.609,0.0,90.642,3.5,-109.126,56.629,-112.626,56.59,SolidSolid,Yellow,Broken,White
5,0,2,94.0,Driving,False,-114.376,56.57,0.0,90.642,3.5,-112.626,56.59,-116.126,56.551,Broken,White,Solid,White
5,0,-2,95.0,Driving,False,-103.865,55.688,0.0,-89.358,3.5,-105.615,55.668,-102.115,55.708,Broken,White,Solid,White
5,0,-1,95.0,Driving,False,-107.365,55.649,0.0,-89.358,3.5,-109.115,55.629,-105.615,55.668,SolidSolid,Yellow,Broken,White
5,0,1,95.0,Driving,False,-110.865,55.61,0.0,90.642,3.5,-109.115,55.629,-112.615,55.59,SolidSolid,Yellow,Broken,White
5,0,2,95.0,Driving,False,-114.364,55.57,0.0,90.642,3.5,-112.615,55.59,-116.114,55.551,Broken,White,Solid,White
5,0,-2,96.0,Driving,False,-103.854,54.688,0.0,-89.358,3.5,-105.604,54.668,-102.104,54.708,Broken,White,Solid,White
5,0,-1,96.0,Driving,False,-107.354,54.649,0.0,-89.358,3.5,-109.104,54.629,-105.604,54.668,SolidSolid,Yellow,Broken,White
5,0,1,96.0,Driving,False,-110.853,54.61,0.0,90.642,3.5,-109.104,54.629,-112.603,54.59,SolidSolid,Yellow,Broken,White
5,0,2,96.0,Driving,False,-114.353,54.57,0.0,90.642,3.5,-112.603,54.59,-116.103,54.551,Broken,White,Solid,White
5,0,-2,97.0,Driving,False,-103.843,53.688,0.0,-89.358,3.5,-105.593,53.668,-102.093,53.708,Broken,White,Solid,White
5,0,-1,97.0,Driving,False,-107.342,53.649,0.0,-89.358,3.5,-109.092,53.629,-105.593,53.668,SolidSolid,Yellow,Broken,White
5,0,1,97.0,Driving,False,-110.842,53.61,0.0,90.642,3.5,-109.092,53.629,-112.592,53.59,SolidSolid,Yellow,Broken,White
5,0,2,97.0,Driving,False,-114.342,53.57,0.0,90.642,3.5,-112.592,53.59,-116.092,53.551,Broken,White,Solid,White
5,0,-2,98.0,Driving,False,-103.832,52.688,0.0,-89.358,3.5,-105.581,52.669,-102.082,52.708,Broken,White,Solid,White
5,0,-1,98.0,Driving,False,-107.331,52.649,0.0,-89.358,3.5,-109.081,52.629,-105.581,52.669,SolidSolid,Yellow,Broken,White
5,0,1,98.0,Driving,False,-110.831,52.61,0.0,90.642,3.5,-109.081,52.629,-112.581,52.59,SolidSolid,Yellow,Broken,White
5,0,2,98.0,Driving,False,-114.331,52.57,0.0,90.642,3.5,-112.581,52.59,-116.081,52.551,Broken,White,Solid,White
5,0,-2,99.0,Driving,False,-103.82,51.688,0.0,-89.358,3.5,-105.57,51.669,-102.07,51.708,Broken,White,Solid,White
5,0,-1,99.0,Driving,False,-107.32,51.649,0.0,-89.358,3.5,-109.07,51.629,-105.57,51.669,SolidSolid,Yellow,Broken,White
5,0,1,99.0,Driving,False,-110.82,51.61,0.0,90.642,3.5,-109.07,51.629,-112.57,51.59,SolidSolid,Yellow,Broken,White
5,0,2,99.0,Driving,False,-114.32,51.571,0.0,90.642,3.5,-112.57,51.59,-116.07,51.551,Broken,White,Solid,White
5,0,-2,100.0,Driving,False,-103.809,50.688,0.0,-89.358,3.5,-105.559,50.669,-102.059,50.708,Broken,White,Solid,White
5,0,-1,100.0,Driving,False,-107.309,50.649,0.0,-89.358,3.5,-109.059,50.629,-105.559,50.669,SolidSolid,Yellow,Broken,White
5,0,1,100.0,Driving,False,-110.809,50.61,0.0,90.642,3.5,-109.059,50.629,-112.559,50.59,SolidSolid,Yellow,Broken,White
5,0,2,100.0,Driving,False,-114.308,50.571,0.0,90.642,3.5,-112.559,50.59,-116.058,50.551,Broken,White,Solid,White
5,0,-2,101.0,Driving,False,-103.798,49.688,0.0,-89.358,3.5,-105.548,49.669,-102.048,49.708,Broken,White,Solid,White
5,0,-1,101.0,Driving,False,-107.298,49.649,0.0,-89.358,3.5,-109.048,49.63,-105.548,49.669,SolidSolid,Yellow,Broken,White
5,0,1,101.0,Driving,False,-110.797,49.61,0.0,90.642,3.5,-109.048,49.63,-112.547,49.59,SolidSolid,Yellow,Broken,White
5,0,2,101.0,Driving,False,-114.297,49.571,0.0,90.642,3.5,-112.547,49.59,-116.047,49.551,Broken,White,Solid,White
5,0,-2,102.0,Driving,False,-103.787,48.688,0.0,-89.358,3.5,-105.537,48.669,-102.037,48.708,Broken,White,Solid,White
5,0,-1,102.0,Driving,False,-107.286,48.649,0.0,-89.358,3.5,-109.036,48.63,-105.537,48.669,SolidSolid,Yellow,Broken,White
5,0,1,102.0,Driving,False,-110.786,48.61,0.0,90.642,3.5,-109.036,48.63,-112.536,48.59,SolidSolid,Yellow,Broken,White
5,0,2,102.0,Driving,False,-114.286,48.571,0.0,90.642,3.5,-112.536,48.59,-116.036,48.551,Broken,White,Solid,White
5,0,-2,103.0,Driving,False,-103.775,47.688,0.0,-89.358,3.5,-105.525,47.669,-102.026,47.708,Broken,White,Solid,White
5,0,-1,103.0,Driving,False,-107.275,47.649,0.0,-89.358,3.5,-109.025,47.63,-105.525,47.669,SolidSolid,Yellow,Broken,White
5,0,1,103.0,Driving,False,-110.775,47.61,0.0,90.642,3.5,-109.025,47.63,-112.525,47.59,SolidSolid,Yellow,Broken,White
5,0,2,103.0,Driving,False,-114.275,47.571,0.0,90.642,3.5,-112.525,47.59,-116.025,47.551,Broken,White,Solid,White
5,0,-2,104.0,Driving,False,-103.764,46.689,0.0,-89.358,3.5,-105.514,46.669,-102.014,46.708,Broken,White,Solid,White
5,0,-1,104.0,Driving,False,-107.264,46.649,0.0,-89.358,3.5,-109.014,46.63,-105.514,46.669,SolidSolid,Yellow,Broken,White
5,0,1,104.0,Driving,False,-110.764,46.61,0.0,90.642,3.5,-109.014,46.63,-112.514,46.59,SolidSolid,Yellow,Broken,White
5,0,2,104.0,Driving,False,-114.264,46.571,0.0,90.642,3.5,-112.514,46.59,-116.013,46.551,Broken,White,Solid,White
5,0,-2,105.0,Driving,False,-103.753,45.689,0.0,-89.358,3.5,-105.503,45.669,-102.003,45.708,Broken,White,Solid,White
5,0,-1,105.0,Driving,False,-107.253,45.649,0.0,-89.358,3.5,-109.003,45.63,-105.503,45.669,SolidSolid,Yellow,Broken,White
5,0,1,105.0,Driving,False,-110.753,45.61,0.0,90.642,3.5,-109.003,45.63,-112.502,45.591,SolidSolid,Yellow,Broken,White
5,0,2,105.0,Driving,False,-114.252,45.571,0.0,90.642,3.5,-112.502,45.591,-116.002,45.551,Broken,White,Solid,White
5,0,-2,106.0,Driving,False,-103.742,44.689,0.0,-89.358,3.5,-105.492,44.669,-101.992,44.708,Broken,White,Solid,White
5,0,-1,106.0,Driving,False,-107.242,44.649,0.0,-89.358,3.5,-108.992,44.63,-105.492,44.669,SolidSolid,Yellow,Broken,White
5,0,1,106.0,Driving,False,-110.741,44.61,0.0,90.642,3.5,-108.992,44.63,-112.491,44.591,SolidSolid,Yellow,Broken,White
5,0,2,106.0,Driving,False,-114.241,44.571,0.0,90.642,3.5,-112.491,44.591,-115.991,44.551,Broken,White,Solid,White
6,0,-2,0.0,Driving,False,-103.216,-2.208,0.0,-89.358,3.5,-104.966,-2.228,-101.466,-2.189,Broken,White,Solid,White
6,0,-1,0.0,Driving,False,-106.716,-2.248,0.0,-89.358,3.5,-108.466,-2.267,-104.966,-2.228,SolidSolid,Yellow,Broken,White
6,0,1,0.0,Driving,False,-110.216,-2.287,0.0,90.642,3.5,-108.466,-2.267,-111.966,-2.306,SolidSolid,Yellow,Broken,White
6,0,2,0.0,Driving,False,-113.715,-2.326,0.0,90.642,3.5,-111.966,-2.306,-115.465,-2.346,Broken,White,Solid,White
6,0,-2,1.0,Driving,False,-103.205,-3.208,0.0,-89.358,3.5,-104.955,-3.228,-101.455,-3.189,Broken,White,Solid,White
6,0,-1,1.0,Driving,False,-106.705,-3.248,0.0,-89.358,3.5,-108.455,-3.267,-104.955,-3.228,SolidSolid,Yellow,Broken,White
6,0,1,1.0,Driving,False,-110.204,-3.287,0.0,90.642,3.5,-108.455,-3.267,-111.954,-3.306,SolidSolid,Yellow,Broken,White
6,0,2,1.0,Driving,False,-113.704,-3.326,0.0,90.642,3.5,-111.954,-3.306,-115.454,-3.346,Broken,White,Solid,White
6,0,-2,2.0,Driving,False,-103.194,-4.208,0.0,-89.358,3.5,-104.944,-4.228,-101.444,-4.189,Broken,White,Solid,White
6,0,-1,2.0,Driving,False,-106.694,-4.247,0.0,-89.358,3.5,-108.443,-4.267,-104.944,-4.228,SolidSolid,Yellow,Broken,White
6,0,1,2.0,Driving,False,-110.193,-4.287,0.0,90.642,3.5,-108.443,-4.267,-111.943,-4.306,SolidSolid,Yellow,Broken,White
6,0,2,2.0,Driving,False,-113.693,-4.326,0.0,90.642,3.5,-111.943,-4.306,-115.443,-4.346,Broken,White,Solid,White
6,0,-2,3.0,Driving,False,-103.183,-5.208,0.0,-89.358,3.5,-104.932,-5.228,-101.433,-5.189,Broken,White,Solid,White
6,0,-1,3.0,Driving,False,-106.682,-5.247,0.0,-89.358,3.5,-108.432,-5.267,-104.932,-5.228,SolidSolid,Yellow,Broken,White
6,0,1,3.0,Driving,False,-110.182,-5.287,0.0,90.642,3.5,-108.432,-5.267,-111.932,-5.306,SolidSolid,Yellow,Broken,White
6,0,2,3.0,Driving,False,-113.682,-5.326,0.0,90.642,3.5,-111.932,-5.306,-115.432,-5.346,Broken,White,Solid,White
6,0,-2,4.0,Driving,False,-103.171,-6.208,0.0,-89.358,3.5,-104.921,-6.228,-101.421,-6.189,Broken,White,Solid,White
6,0,-1,4.0,Driving,False,-106.671,-6.247,0.0,-89.358,3.5,-108.421,-6.267,-104.921,-6.228,SolidSolid,Yellow,Broken,White
6,0,1,4.0,Driving,False,-110.171,-6.287,0.0,90.642,3.5,-108.421,-6.267,-111.921,-6.306,SolidSolid,Yellow,Broken,White
6,0,2,4.0,Driving,False,-113.671,-6.326,0.0,90.642,3.5,-111.921,-6.306,-115.421,-6.345,Broken,White,Solid,White
6,0,-2,5.0,Driving,False,-103.16,-7.208,0.0,-89.358,3.5,-104.91,-7.228,-101.41,-7.188,Broken,White,Solid,White
6,0,-1,5.0,Driving,False,-106.66,-7.247,0.0,-89.358,3.5,-108.41,-7.267,-104.91,-7.228,SolidSolid,Yellow,Broken,White
6,0,1,5.0,Driving,False,-110.16,-7.287,0.0,90.642,3.5,-108.41,-7.267,-111.91,-7.306,SolidSolid,Yellow,Broken,White
6,0,2,5.0,Driving,False,-113.659,-7.326,0.0,90.642,3.5,-111.91,-7.306,-115.409,-7.345,Broken,White,Solid,White
6,0,-2,6.0,Driving,False,-103.149,-8.208,0.0,-89.358,3.5,-104.899,-8.228,-101.399,-8.188,Broken,White,Solid,White
6,0,-1,6.0,Driving,False,-106.649,-8.247,0.0,-89.358,3.5,-108.399,-8.267,-104.899,-8.228,SolidSolid,Yellow,Broken,White
6,0,1,6.0,Driving,False,-110.148,-8.286,0.0,90.642,3.5,-108.399,-8.267,-111.898,-8.306,SolidSolid,Yellow,Broken,White
6,0,2,6.0,Driving,False,-113.648,-8.326,0.0,90.642,3.5,-111.898,-8.306,-115.398,-8.345,Broken,White,Solid,White
6,0,-2,7.0,Driving,False,-103.138,-9.208,0.0,-89.358,3.5,-104.888,-9.228,-101.388,-9.188,Broken,White,Solid,White
6,0,-1,7.0,Driving,False,-106.637,-9.247,0.0,-89.358,3.5,-108.387,-9.267,-104.888,-9.228,SolidSolid,Yellow,Broken,White
6,0,1,7.0,Driving,False,-110.137,-9.286,0.0,90.642,3.5,-108.387,-9.267,-111.887,-9.306,SolidSolid,Yellow,Broken,White
6,0,2,7.0,Driving,False,-113.637,-9.326,0.0,90.642,3.5,-111.887,-9.306,-115.387,-9.345,Broken,White,Solid,White
6,0,-2,8.0,Driving,False,-103.126,-10.208,0.0,-89.358,3.5,-104.876,-10.228,-101.377,-10.188,Broken,White,Solid,White
6,0,-1,8.0,Driving,False,-106.626,-10.247,0.0,-89.358,3.5,-108.376,-10.267,-104.876,-10.228,SolidSolid,Yellow,Broken,White
6,0,1,8.0,Driving,False,-110.126,-10.286,0.0,90.642,3.5,-108.376,-10.267,-111.876,-10.306,SolidSolid,Yellow,Broken,White
6,0,2,8.0,Driving,False,-113.626,-10.326,0.0,90.642,3.5,-111.876,-10.306,-115.376,-10.345,Broken,White,Solid,White
6,0,-2,9.0,Driving,False,-103.115,-11.208,0.0,-89.358,3.5,-104.865,-11.227,-101.365,-11.188,Broken,White,Solid,White
6,0,-1,9.0,Driving,False,-106.615,-11.247,0.0,-89.358,3.5,-108.365,-11.267,-104.865,-11.227,SolidSolid,Yellow,Broken,White
6,0,1,9.0,Driving,False,-110.115,-11.286,0.0,90.642,3.5,-108.365,-11.267,-111.865,-11.306,SolidSolid,Yellow,Broken,White
6,0,2,9.0,Driving,False,-113.615,-11.326,0.0,90.642,3.5,-111.865,-11.306,-115.364,-11.345,Broken,White,Solid,White
6,0,-2,10.0,Driving,False,-103.104,-12.208,0.0,-89.358,3.5,-104.854,-12.227,-101.354,-12.188,Broken,White,Solid,White
6,0,-1,10.0,Driving,False,-106.604,-12.247,0.0,-89.358,3.5,-108.354,-12.267,-104.854,-12.227,SolidSolid,Yellow,Broken,White
6,0,1,10.0,Driving,False,-110.104,-12.286,0.0,90.642,3.5,-108.354,-12.267,-111.854,-12.306,SolidSolid,Yellow,Broken,White
6,0,2,10.0,Driving,False,-113.603,-12.325,0.0,90.642,3.5,-111.854,-12.306,-115.353,-12.345,Broken,White,Solid,White
6,0,-2,11.0,Driving,False,-103.093,-13.208,0.0,-89.358,3.5,-104.843,-13.227,-101.343,-13.188,Broken,White,Solid,White
6,0,-1,11.0,Driving,False,-106.593,-13.247,0.0,-89.358,3.5,-108.343,-13.267,-104.843,-13.227,SolidSolid,Yellow,Broken,White
6,0,1,11.0,Driving,False,-110.092,-13.286,0.0,90.642,3.5,-108.343,-13.267,-111.842,-13.306,SolidSolid,Yellow,Broken,White
6,0,2,11.0,Driving,False,-113.592,-13.325,0.0,90.642,3.5,-111.842,-13.306,-115.342,-13.345,Broken,White,Solid,White
6,0,-2,12.0,Driving,False,-103.082,-14.208,0.0,-89.358,3.5,-104.832,-14.227,-101.332,-14.188,Broken,White,Solid,White
6,0,-1,12.0,Driving,False,-106.581,-14.247,0.0,-89.358,3.5,-108.331,-14.266,-104.832,-14.227,SolidSolid,Yellow,Broken,White
6,0,1,12.0,Driving,False,-110.081,-14.286,0.0,90.642,3.5,-108.331,-14.266,-111.831,-14.306,SolidSolid,Yellow,Broken,White
6,0,2,12.0,Driving,False,-113.581,-14.325,0.0,90.642,3.5,-111.831,-14.306,-115.331,-14.345,Broken,White,Solid,White
6,0,-2,13.0,Driving,False,-103.07,-15.208,0.0,-89.358,3.5,-104.82,-15.227,-101.321,-15.188,Broken,White,Solid,White
6,0,-1,13.0,Driving,False,-106.57,-15.247,0.0,-89.358,3.5,-108.32,-15.266,-104.82,-15.227,SolidSolid,Yellow,Broken,White
6,0,1,13.0,Driving,False,-110.07,-15.286,0.0,90.642,3.5,-108.32,-15.266,-111.82,-15.306,SolidSolid,Yellow,Broken,White
6,0,2,13.0,Driving,False,-113.57,-15.325,0.0,90.642,3.5,-111.82,-15.306,-115.32,-15.345,Broken,White,Solid,White
6,0,-2,14.0,Driving,False,-103.059,-16.208,0.0,-89.358,3.5,-104.809,-16.227,-101.309,-16.188,Broken,White,Solid,White
6,0,-1,14.0,Driving,False,-106.559,-16.247,0.0,-89.358,3.5,-108.309,-16.266,-104.809,-16.227,SolidSolid,Yellow,Broken,White
6,0,1,14.0,Driving,False,-110.059,-16.286,0.0,90.642,3.5,-108.309,-16.266,-111.809,-16.306,SolidSolid,Yellow,Broken,White
6,0,2,14.0,Driving,False,-113.559,-16.325,0.0,90.642,3.5,-111.809,-16.306,-115.308,-16.345,Broken,White,Solid,White
6,0,-2,15.0,Driving,False,-103.048,-17.207,0.0,-89.358,3.5,-104.798,-17.227,-101.298,-17.188,Broken,White,Solid,White
6,0,-1,15.0,Driving,False,-106.548,-17.247,0.0,-89.358,3.5,-108.298,-17.266,-104.798,-17.227,SolidSolid,Yellow,Broken,White
6,0,1,15.0,Driving,False,-110.048,-17.286,0.0,90.642,3.5,-108.298,-17.266,-111.797,-17.306,SolidSolid,Yellow,Broken,White
6,0,2,15.0,Driving,False,-113.547,-17.325,0.0,90.642,3.5,-111.797,-17.306,-115.297,-17.345,Broken,White,Solid,White
6,0,-2,16.0,Driving,False,-103.037,-18.207,0.0,-89.358,3.5,-104.787,-18.227,-101.287,-18.188,Broken,White,Solid,White
6,0,-1,16.0,Driving,False,-106.537,-18.247,0.0,-89.358,3.5,-108.286,-18.266,-104.787,-18.227,SolidSolid,Yellow,Broken,White
6,0,1,16.0,Driving,False,-110.036,-18.286,0.0,90.642,3.5,-108.286,-18.266,-111.786,-18.305,SolidSolid,Yellow,Broken,White
6,0,2,16.0,Driving,False,-113.536,-18.325,0.0,90.642,3.5,-111.786,-18.305,-115.286,-18.345,Broken,White,Solid,White
6,0,-2,17.0,Driving,False,-103.026,-19.207,0.0,-89.358,3.5,-104.775,-19.227,-101.276,-19.188,Broken,White,Solid,White
6,0,-1,17.0,Driving,False,-106.525,-19.247,0.0,-89.358,3.5,-108.275,-19.266,-104.775,-19.227,SolidSolid,Yellow,Broken,White
6,0,1,17.0,Driving,False,-110.025,-19.286,0.0,90.642,3.5,-108.275,-19.266,-111.775,-19.305,SolidSolid,Yellow,Broken,White
6,0,2,17.0,Driving,False,-113.525,-19.325,0.0,90.642,3.5,-111.775,-19.305,-115.275,-19.345,Broken,White,Solid,White
6,0,-2,18.0,Driving,False,-103.014,-20.207,0.0,-89.358,3.5,-104.764,-20.227,-101.264,-20.188,Broken,White,Solid,White
6,0,-1,18.0,Driving,False,-106.514,-20.246,0.0,-89.358,3.5,-108.264,-20.266,-104.764,-20.227,SolidSolid,Yellow,Broken,White
6,0,1,18.0,Driving,False,-110.014,-20.286,0.0,90.642,3.5,-108.264,-20.266,-111.764,-20.305,SolidSolid,Yellow,Broken,White
6,0,2,18.0,Driving,False,-113.514,-20.325,0.0,90.642,3.5,-111.764,-20.305,-115.264,-20.345,Broken,White,Solid,White
6,0,-2,19.0,Driving,False,-103.003,-21.207,0.0,-89.358,3.5,-104.753,-21.227,-101.253,-21.188,Broken,White,Solid,White
6,0,-1,19.0,Driving,False,-106.503,-21.246,0.0,-89.358,3.5,-108.253,-21.266,-104.753,-21.227,SolidSolid,Yellow,Broken,White
6,0,1,19.0,Driving,False,-110.003,-21.286,0.0,90.642,3.5,-108.253,-21.266,-111.753,-21.305,SolidSolid,Yellow,Broken,White
6,0,2,19.0,Driving,False,-113.503,-21.325,0.0,90.642,3.5,-111.753,-21.305,-115.252,-21.345,Broken,White,Solid,White
6,0,-2,20.0,Driving,False,-102.992,-22.181,0.0,-89.07,3.5,-104.742,-22.209,-101.242,-22.152,Broken,White,Solid,White
6,0,-1,20.0,Driving,False,-106.491,-22.238,0.0,-89.07,3.5,-108.241,-22.266,-104.742,-22.209,SolidSolid,Yellow,Broken,White
6,0,1,20.0,Driving,False,-109.991,-22.294,0.0,90.93,3.5,-108.241,-22.266,-111.741,-22.323,SolidSolid,Yellow,Broken,White
6,0,2,20.0,Driving,False,-113.49,-22.351,0.0,90.93,3.5,-111.741,-22.323,-115.24,-22.38,Broken,White,Solid,White
6,0,-2,21.0,Driving,False,-102.968,-23.066,0.0,-87.824,3.5,-104.716,-23.133,-101.219,-23.0,Broken,White,Solid,White
6,0,-1,21.0,Driving,False,-106.465,-23.199,0.0,-87.824,3.5,-108.214,-23.266,-104.716,-23.133,SolidSolid,Yellow,Broken,White
6,0,1,21.0,Driving,False,-109.963,-23.332,0.0,92.176,3.5,-108.214,-23.266,-111.711,-23.399,SolidSolid,Yellow,Broken,White
6,0,2,21.0,Driving,False,-113.46,-23.465,0.0,92.176,3.5,-111.711,-23.399,-115.209,-23.531,Broken,White,Solid,White
6,0,-2,22.0,Driving,False,-102.924,-23.951,0.0,-86.577,3.5,-104.671,-24.055,-101.178,-23.846,Broken,White,Solid,White
6,0,-1,22.0,Driving,False,-106.418,-24.16,0.0,-86.577,3.5,-108.165,-24.264,-104.671,-24.055,SolidSolid,Yellow,Broken,White
6,0,1,22.0,Driving,False,-109.912,-24.369,0.0,93.423,3.5,-108.165,-24.264,-111.659,-24.473,SolidSolid,Yellow,Broken,White
6,0,2,22.0,Driving,False,-113.406,-24.578,0.0,93.423,3.5,-111.659,-24.473,-115.153,-24.682,Broken,White,Solid,White
6,0,-2,23.0,Driving,False,-102.862,-24.834,0.0,-85.33,3.5,-104.606,-24.977,-101.118,-24.692,Broken,White,Solid,White
6,0,-1,23.0,Driving,False,-106.35,-25.119,0.0,-85.33,3.5,-108.095,-25.262,-104.606,-24.977,SolidSolid,Yellow,Broken,White
6,0,1,23.0,Driving,False,-109.839,-25.404,0.0,94.67,3.5,-108.095,-25.262,-111.583,-25.547,SolidSolid,Yellow,Broken,White
6,0,2,23.0,Driving,False,-113.327,-25.689,0.0,94.67,3.5,-111.583,-25.547,-115.071,-25.832,Broken,White,Solid,White
6,0,-2,24.0,Driving,False,-102.78,-25.716,0.0,-84.083,3.5,-104.521,-25.897,-101.04,-25.536,Broken,White,Solid,White
6,0,-1,24.0,Driving,False,-106.262,-26.077,0.0,-84.083,3.5,-108.002,-26.258,-104.521,-25.897,SolidSolid,Yellow,Broken,White
6,0,1,24.0,Driving,False,-109.743,-26.438,0.0,95.917,3.5,-108.002,-26.258,-111.484,-26.618,SolidSolid,Yellow,Broken,White
6,0,2,24.0,Driving,False,-113.224,-26.799,0.0,95.917,3.5,-111.484,-26.618,-114.965,-26.979,Broken,White,Solid,White
6,0,-2,25.0,Driving,False,-102.679,-26.596,0.0,-82.836,3.5,-104.416,-26.815,-100.943,-26.378,Broken,White,Solid,White
6,0,-1,25.0,Driving,False,-106.152,-27.033,0.0,-82.836,3.5,-107.888,-27.251,-104.416,-26.815,SolidSolid,Yellow,Broken,White
6,0,1,25.0,Driving,False,-109.625,-27.469,0.0,97.164,3.5,-107.888,-27.251,-111.361,-27.688,SolidSolid,Yellow,Broken,White
6,0,2,25.0,Driving,False,-113.097,-27.906,0.0,97.164,3.5,-111.361,-27.688,-114.834,-28.124,Broken,White,Solid,White
6,0,-2,26.0,Driving,False,-102.559,-27.474,0.0,-81.589,3.5,-104.291,-27.73,-100.828,-27.218,Broken,White,Solid,White
6,0,-1,26.0,Driving,False,-106.022,-27.986,0.0,-81.589,3.5,-107.753,-28.242,-104.291,-27.73,SolidSolid,Yellow,Broken,White
6,0,1,26.0,Driving,False,-109.484,-28.498,0.0,98.411,3.5,-107.753,-28.242,-111.215,-28.754,SolidSolid,Yellow,Broken,White
6,0,2,26.0,Driving,False,-112.946,-29.01,0.0,98.411,3.5,-111.215,-28.754,-114.678,-29.266,Broken,White,Solid,White
6,0,-2,27.0,Driving,False,-102.42,-28.349,0.0,-80.343,3.5,-104.145,-28.642,-100.695,-28.055,Broken,White,Solid,White
6,0,-1,27.0,Driving,False,-105.871,-28.936,0.0,-80.343,3.5,-107.596,-29.229,-104.145,-28.642,SolidSolid,Yellow,Broken,White
6,0,1,27.0,Driving,False,-109.321,-29.523,0.0,99.657,3.5,-107.596,-29.229,-111.046,-29.817,SolidSolid,Yellow,Broken,White
6,0,2,27.0,Driving,False,-112.771,-30.11,0.0,99.657,3.5,-111.046,-29.817,-114.497,-30.404,Broken,White,Solid,White
6,0,-2,28.0,Driving,False,-102.262,-29.22,0.0,-79.096,3.5,-103.981,-29.551,-100.544,-28.889,Broken,White,Solid,White
6,0,-1,28.0,Driving,False,-105.699,-29.882,0.0,-79.096,3.5,-107.417,-30.213,-103.981,-29.551,SolidSolid,Yellow,Broken,White
6,0,1,28.0,Driving,False,-109.136,-30.544,0.0,100.904,3.5,-107.417,-30.213,-110.854,-30.875,SolidSolid,Yellow,Broken,White
6,0,2,28.0,Driving,False,-112.573,-31.206,0.0,100.904,3.5,-110.854,-30.875,-114.291,-31.537,Broken,White,Solid,White
6,0,-2,29.0,Driving,False,-102.085,-30.088,0.0,-77.849,3.5,-103.796,-30.456,-100.374,-29.72,Broken,White,Solid,White
6,0,-1,29.0,Driving,False,-105.507,-30.825,0.0,-77.849,3.5,-107.218,-31.193,-103.796,-30.456,SolidSolid,Yellow,Broken,White
6,0,1,29.0,Driving,False,-108.928,-31.561,0.0,102.151,3.5,-107.218,-31.193,-110.639,-31.93,SolidSolid,Yellow,Broken,White
6,0,2,29.0,Driving,False,-112.35,-32.298,0.0,102.151,3.5,-110.639,-31.93,-114.061,-32.667,Broken,White,Solid,White
6,0,-2,30.0,Driving,False,-101.889,-30.952,0.0,-76.602,3.5,-103.592,-31.357,-100.187,-30.546,Broken,White,Solid,White
6,0,-1,30.0,Driving,False,-105.294,-31.763,0.0,-76.602,3.5,-106.996,-32.168,-103.592,-31.357,SolidSolid,Yellow,Broken,White
6,0,1,30.0,Driving,False,-108.699,-32.574,0.0,103.398,3.5,-106.996,-32.168,-110.401,-32.979,SolidSolid,Yellow,Broken,White
6,0,2,30.0,Driving,False,-112.104,-33.385,0.0,103.398,3.5,-110.401,-32.979,-113.806,-33.79,Broken,White,Solid,White
6,0,-2,31.0,Driving,False,-101.675,-31.811,0.0,-75.355,3.5,-103.368,-32.254,-99.982,-31.369,Broken,White,Solid,White
6,0,-1,31.0,Driving,False,-105.061,-32.696,0.0,-75.355,3.5,-106.754,-33.139,-103.368,-32.254,SolidSolid,Yellow,Broken,White
6,0,1,31.0,Driving,False,-108.447,-33.581,0.0,104.645,3.5,-106.754,-33.139,-110.14,-34.023,SolidSolid,Yellow,Broken,White
6,0,2,31.0,Driving,False,-111.834,-34.466,0.0,104.645,3.5,-110.14,-34.023,-113.527,-34.908,Broken,White,Solid,White
6,0,-2,32.0,Driving,False,-101.442,-32.666,0.0,-74.109,3.5,-103.125,-33.145,-99.758,-32.187,Broken,White,Solid,White
6,0,-1,32.0,Driving,False,-104.808,-33.624,0.0,-74.109,3.5,-106.491,-34.103,-103.125,-33.145,SolidSolid,Yellow,Broken,White
6,0,1,32.0,Driving,False,-108.174,-34.582,0.0,105.891,3.5,-106.491,-34.103,-109.857,-35.062,SolidSolid,Yellow,Broken,White
6,0,2,32.0,Driving,False,-111.54,-35.541,0.0,105.891,3.5,-109.857,-35.062,-113.223,-36.02,Broken,White,Solid,White
6,0,-2,33.0,Driving,False,-101.19,-33.515,0.0,-72.862,3.5,-102.862,-34.031,-99.517,-32.999,Broken,White,Solid,White
6,0,-1,33.0,Driving,False,-104.534,-34.546,0.0,-72.862,3.5,-106.207,-35.062,-102.862,-34.031,SolidSolid,Yellow,Broken,White
6,0,1,33.0,Driving,False,-107.879,-35.578,0.0,107.138,3.5,-106.207,-35.062,-109.551,-36.093,SolidSolid,Yellow,Broken,White
6,0,2,33.0,Driving,False,-111.223,-36.609,0.0,107.138,3.5,-109.551,-36.093,-112.896,-37.125,Broken,White,Solid,White
6,0,-2,34.0,Driving,False,-100.92,-34.358,0.0,-71.615,3.5,-102.58,-34.91,-99.259,-33.806,Broken,White,Solid,White
6,0,-1,34.0,Driving,False,-104.241,-35.462,0.0,-71.615,3.5,-105.902,-36.014,-102.58,-34.91,SolidSolid,Yellow,Broken,White
6,0,1,34.0,Driving,False,-107.562,-36.566,0.0,108.385,3.5,-105.902,-36.014,-109.223,-37.118,SolidSolid,Yellow,Broken,White
6,0,2,34.0,Driving,False,-110.884,-37.67,0.0,108.385,3.5,-109.223,-37.118,-112.544,-38.222,Broken,White,Solid,White
6,0,-2,35.0,Driving,False,-100.631,-35.196,0.0,-70.368,3.5,-102.279,-35.784,-98.983,-34.608,Broken,White,Solid,White
6,0,-1,35.0,Driving,False,-103.928,-36.372,0.0,-70.368,3.5,-105.576,-36.96,-102.279,-35.784,SolidSolid,Yellow,Broken,White
6,0,1,35.0,Driving,False,-107.224,-37.548,0.0,109.632,3.5,-105.576,-36.96,-108.872,-38.136,SolidSolid,Yellow,Broken,White
6,0,2,35.0,Driving,False,-110.521,-38.724,0.0,109.632,3.5,-108.872,-38.136,-112.169,-39.312,Broken,White,Solid,White
6,0,-2,36.0,Driving,False,-100.324,-36.027,0.0,-69.121,3.5,-101.959,-36.65,-98.689,-35.403,Broken,White,Solid,White
6,0,-1,36.0,Driving,False,-103.595,-37.274,0.0,-69.121,3.5,-105.23,-37.898,-101.959,-36.65,SolidSolid,Yellow,Broken,White
6,0,1,36.0,Driving,False,-106.865,-38.522,0.0,110.879,3.5,-105.23,-37.898,-108.5,-39.145,SolidSolid,Yellow,Broken,White
6,0,2,36.0,Driving,False,-110.135,-39.769,0.0,110.879,3.5,-108.5,-39.145,-111.77,-40.393,Broken,White,Solid,White
6,0,-2,37.0,Driving,False,-100.0,-36.851,0.0,-67.874,3.5,-101.621,-37.51,-98.379,-36.192,Broken,White,Solid,White
6,0,-1,37.0,Driving,False,-103.242,-38.169,0.0,-67.874,3.5,-104.863,-38.828,-101.621,-37.51,SolidSolid,Yellow,Broken,White
6,0,1,37.0,Driving,False,-106.484,-39.487,0.0,112.126,3.5,-104.863,-38.828,-108.105,-40.146,SolidSolid,Yellow,Broken,White
6,0,2,37.0,Driving,False,-109.727,-40.806,0.0,112.126,3.5,-108.105,-40.146,-111.348,-41.465,Broken,White,Solid,White
6,0,-2,38.0,Driving,False,-99.657,-37.668,0.0,-66.628,3.5,-101.264,-38.362,-98.051,-36.973,Broken,White,Solid,White
6,0,-1,38.0,Driving,False,-102.87,-39.056,0.0,-66.628,3.5,-104.476,-39.75,-101.264,-38.362,SolidSolid,Yellow,Broken,White
6,0,1,38.0,Driving,False,-106.083,-40.445,0.0,113.372,3.5,-104.476,-39.75,-107.689,-41.139,SolidSolid,Yellow,Broken,White
6,0,2,38.0,Driving,False,-109.296,-41.833,0.0,113.372,3.5,-107.689,-41.139,-110.902,-42.527,Broken,White,Solid,White
6,0,-2,39.0,Driving,False,-99.297,-38.477,0.0,-65.381,3.5,-100.888,-39.206,-97.706,-37.748,Broken,White,Solid,White
6,0,-1,39.0,Driving,False,-102.479,-39.935,0.0,-65.381,3.5,-104.07,-40.664,-100.888,-39.206,SolidSolid,Yellow,Broken,White
6,0,1,39.0,Driving,False,-105.661,-41.393,0.0,114.619,3.5,-104.07,-40.664,-107.252,-42.122,SolidSolid,Yellow,Broken,White
6,0,2,39.0,Driving,False,-108.843,-42.851,0.0,114.619,3.5,-107.252,-42.122,-110.433,-43.58,Broken,White,Solid,White
6,0,-2,40.0,Driving,False,-98.919,-39.278,0.0,-64.134,3.5,-100.494,-40.042,-97.345,-38.515,Broken,White,Solid,White
6,0,-1,40.0,Driving,False,-102.069,-40.805,0.0,-64.134,3.5,-103.643,-41.568,-100.494,-40.042,SolidSolid,Yellow,Broken,White
6,0,1,40.0,Driving,False,-105.218,-42.332,0.0,115.866,3.5,-103.643,-41.568,-106.793,-43.095,SolidSolid,Yellow,Broken,White
6,0,2,40.0,Driving,False,-108.367,-43.859,0.0,115.866,3.5,-106.793,-43.095,-109.942,-44.622,Broken,White,Solid,White
6,0,-2,41.0,Driving,False,-98.524,-40.071,0.0,-62.887,3.5,-100.082,-40.868,-96.967,-39.273,Broken,White,Solid,White
6,0,-1,41.0,Driving,False,-101.64,-41.666,0.0,-62.887,3.5,-103.197,-42.463,-100.082,-40.868,SolidSolid,Yellow,Broken,White
6,0,1,41.0,Driving,False,-104.755,-43.261,0.0,117.113,3.5,-103.197,-42.463,-106.313,-44.059,SolidSolid,Yellow,Broken,White
6,0,2,41.0,Driving,False,-107.87,-44.856,0.0,117.113,3.5,-106.313,-44.059,-109.428,-45.654,Broken,White,Solid,White
6,0,-2,42.0,Driving,False,-98.112,-40.855,0.0,-61.64,3.5,-99.652,-41.686,-96.572,-40.024,Broken,White,Solid,White
6,0,-1,42.0,Driving,False,-101.192,-42.517,0.0,-61.64,3.5,-102.732,-43.349,-99.652,-41.686,SolidSolid,Yellow,Broken,White
6,0,1,42.0,Driving,False,-104.272,-44.18,0.0,118.36,3.5,-102.732,-43.349,-105.812,-45.011,SolidSolid,Yellow,Broken,White
6,0,2,42.0,Driving,False,-107.352,-45.842,0.0,118.36,3.5,-105.812,-45.011,-108.892,-46.674,Broken,White,Solid,White
6,0,-2,43.0,Driving,False,-97.683,-41.63,0.0,-60.394,3.5,-99.204,-42.494,-96.161,-40.765,Broken,White,Solid,White
6,0,-1,43.0,Driving,False,-100.726,-43.359,0.0,-60.394,3.5,-102.247,-44.223,-99.204,-42.494,SolidSolid,Yellow,Broken,White
6,0,1,43.0,Driving,False,-103.769,-45.088,0.0,119.606,3.5,-102.247,-44.223,-105.29,-45.952,SolidSolid,Yellow,Broken,White
6,0,2,43.0,Driving,False,-106.812,-46.817,0.0,119.606,3.5,-105.29,-45.952,-108.333,-47.682,Broken,White,Solid,White
6,0,-2,44.0,Driving,False,-97.237,-42.395,0.0,-59.147,3.5,-98.739,-43.292,-95.735,-41.497,Broken,White,Solid,White
6,0,-1,44.0,Driving,False,-100.242,-44.19,0.0,-59.147,3.5,-101.744,-45.087,-98.739,-43.292,SolidSolid,Yellow,Broken,White
6,0,1,44.0,Driving,False,-103.246,-45.985,0.0,120.853,3.5,-101.744,-45.087,-104.749,-46.882,SolidSolid,Yellow,Broken,White
6,0,2,44.0,Driving,False,-106.251,-47.78,0.0,120.853,3.5,-104.749,-46.882,-107.753,-48.677,Broken,White,Solid,White
6,0,-2,45.0,Driving,False,-96.774,-43.15,0.0,-57.9,3.5,-98.257,-44.08,-95.292,-42.22,Broken,White,Solid,White
6,0,-1,45.0,Driving,False,-99.739,-45.01,0.0,-57.9,3.5,-101.222,-45.94,-98.257,-44.08,SolidSolid,Yellow,Broken,White
6,0,1,45.0,Driving,False,-102.704,-46.87,0.0,122.1,3.5,-101.222,-45.94,-104.187,-47.8,SolidSolid,Yellow,Broken,White
6,0,2,45.0,Driving,False,-105.669,-48.73,0.0,122.1,3.5,-104.187,-47.8,-107.152,-49.66,Broken,White,Solid,White
6,0,-2,46.0,Driving,False,-96.296,-43.895,0.0,-56.653,3.5,-97.757,-44.857,-94.834,-42.933,Broken,White,Solid,White
6,0,-1,46.0,Driving,False,-99.219,-45.819,0.0,-56.653,3.5,-100.681,-46.781,-97.757,-44.857,SolidSolid,Yellow,Broken,White
6,0,1,46.0,Driving,False,-102.143,-47.743,0.0,123.347,3.5,-100.681,-46.781,-103.605,-48.705,SolidSolid,Yellow,Broken,White
6,0,2,46.0,Driving,False,-105.067,-49.667,0.0,123.347,3.5,-103.605,-48.705,-106.529,-50.629,Broken,White,Solid,White
6,0,-2,47.0,Driving,False,-95.801,-44.63,0.0,-55.406,3.5,-97.241,-45.624,-94.36,-43.636,Broken,White,Solid,White
6,0,-1,47.0,Driving,False,-98.682,-46.617,0.0,-55.406,3.5,-100.122,-47.611,-97.241,-45.624,SolidSolid,Yellow,Broken,White
6,0,1,47.0,Driving,False,-101.563,-48.604,0.0,124.594,3.5,-100.122,-47.611,-103.004,-49.598,SolidSolid,Yellow,Broken,White
6,0,2,47.0,Driving,False,-104.444,-50.591,0.0,124.594,3.5,-103.004,-49.598,-105.885,-51.585,Broken,White,Solid,White
6,0,-2,48.0,Driving,False,-95.29,-45.354,0.0,-54.159,3.5,-96.709,-46.378,-93.871,-44.329,Broken,White,Solid,White
6,0,-1,48.0,Driving,False,-98.127,-47.403,0.0,-54.159,3.5,-99.546,-48.428,-96.708,-46.378,SolidSolid,Yellow,Broken,White
6,0,1,48.0,Driving,False,-100.964,-49.452,0.0,125.841,3.5,-99.546,-48.428,-102.383,-50.477,SolidSolid,Yellow,Broken,White
6,0,2,48.0,Driving,False,-103.802,-51.502,0.0,125.841,3.5,-102.383,-50.477,-105.22,-52.526,Broken,White,Solid,White
6,0,-2,49.0,Driving,False,-94.763,-46.066,0.0,-52.913,3.5,-96.159,-47.121,-93.367,-45.011,Broken,White,Solid,White
6,0,-1,49.0,Driving,False,-97.555,-48.177,0.0,-52.913,3.5,-98.951,-49.232,-96.159,-47.121,SolidSolid,Yellow,Broken,White
6,0,1,49.0,Driving,False,-100.347,-50.287,0.0,127.087,3.5,-98.951,-49.232,-101.743,-51.343,SolidSolid,Yellow,Broken,White
6,0,2,49.0,Driving,False,-103.139,-52.398,0.0,127.087,3.5,-101.743,-51.343,-104.535,-53.453,Broken,White,Solid,White
6,0,-2,50.0,Driving,False,-94.222,-46.767,0.0,-51.666,3.5,-95.594,-47.852,-92.849,-45.681,Broken,White,Solid,White
6,0,-1,50.0,Driving,False,-96.967,-48.938,0.0,-51.666,3.5,-98.34,-50.023,-95.594,-47.852,SolidSolid,Yellow,Broken,White
6,0,1,50.0,Driving,False,-99.713,-51.108,0.0,128.334,3.5,-98.34,-50.023,-101.085,-52.194,SolidSolid,Yellow,Broken,White
6,0,2,50.0,Driving,False,-102.458,-53.279,0.0,128.334,3.5,-101.085,-52.194,-103.831,-54.365,Broken,White,Solid,White
6,0,-2,51.0,Driving,False,-93.665,-47.455,0.0,-50.419,3.5,-95.014,-48.57,-92.316,-46.34,Broken,White,Solid,White
6,0,-1,51.0,Driving,False,-96.362,-49.686,0.0,-50.419,3.5,-97.711,-50.801,-95.014,-48.57,SolidSolid,Yellow,Broken,White
6,0,1,51.0,Driving,False,-99.06,-51.916,0.0,129.581,3.5,-97.711,-50.801,-100.409,-53.031,SolidSolid,Yellow,Broken,White
6,0,2,51.0,Driving,False,-101.757,-54.146,0.0,129.581,3.5,-100.409,-53.031,-103.106,-55.261,Broken,White,Solid,White
6,0,-2,52.0,Driving,False,-93.108,-48.113,0.0,-48.907,3.5,-94.427,-49.263,-91.789,-46.962,Broken,White,Solid,White
6,0,-1,52.0,Driving,False,-95.746,-50.413,0.0,-48.907,3.5,-97.064,-51.563,-94.427,-49.263,SolidSolid,Yellow,Broken,White
6,0,1,52.0,Driving,False,-98.383,-52.714,0.0,131.093,3.5,-97.064,-51.563,-99.702,-53.864,SolidSolid,Yellow,Broken,White
6,0,2,52.0,Driving,False,-101.021,-55.014,0.0,131.093,3.5,-99.702,-53.864,-102.34,-56.164,Broken,White,Solid,White
6,0,-2,53.0,Driving,False,-92.541,-48.744,0.0,-47.259,3.5,-93.826,-49.932,-91.255,-47.557,Broken,White,Solid,White
6,0,-1,53.0,Driving,False,-95.111,-51.12,0.0,-47.259,3.5,-96.396,-52.307,-93.826,-49.932,SolidSolid,Yellow,Broken,White
6,0,1,53.0,Driving,False,-97.682,-53.495,0.0,132.741,3.5,-96.396,-52.307,-98.967,-54.683,SolidSolid,Yellow,Broken,White
6,0,2,53.0,Driving,False,-100.252,-55.87,0.0,132.741,3.5,-98.967,-54.683,-101.537,-57.058,Broken,White,Solid,White
6,0,-2,54.0,Driving,False,-91.956,-49.359,0.0,-45.611,3.5,-93.206,-50.584,-90.705,-48.135,Broken,White,Solid,White
6,0,-1,54.0,Driving,False,-94.457,-51.808,0.0,-45.611,3.5,-95.707,-53.032,-93.206,-50.584,SolidSolid,Yellow,Broken,White
6,0,1,54.0,Driving,False,-96.958,-54.256,0.0,134.389,3.5,-95.707,-53.032,-98.208,-55.48,SolidSolid,Yellow,Broken,White
6,0,2,54.0,Driving,False,-99.459,-56.704,0.0,134.389,3.5,-98.208,-55.48,-100.709,-57.929,Broken,White,Solid,White
6,0,-2,55.0,Driving,False,-91.353,-49.958,0.0,-43.964,3.5,-92.568,-51.217,-90.138,-48.698,Broken,White,Solid,White
6,0,-1,55.0,Driving,False,-93.783,-52.477,0.0,-43.964,3.5,-94.998,-53.736,-92.568,-51.217,SolidSolid,Yellow,Broken,White
6,0,1,55.0,Driving,False,-96.212,-54.996,0.0,136.036,3.5,-94.998,-53.736,-97.427,-56.256,SolidSolid,Yellow,Broken,White
6,0,2,55.0,Driving,False,-98.642,-57.515,0.0,136.036,3.5,-97.427,-56.256,-99.857,-58.775,Broken,White,Solid,White
6,0,-2,56.0,Driving,False,-90.733,-50.538,0.0,-42.316,3.5,-91.912,-51.832,-89.555,-49.244,Broken,White,Solid,White
6,0,-1,56.0,Driving,False,-93.09,-53.126,0.0,-42.316,3.5,-94.268,-54.42,-91.912,-51.832,SolidSolid,Yellow,Broken,White
6,0,1,56.0,Driving,False,-95.446,-55.714,0.0,137.684,3.5,-94.268,-54.42,-96.624,-57.008,SolidSolid,Yellow,Broken,White
6,0,2,56.0,Driving,False,-97.802,-58.302,0.0,137.684,3.5,-96.624,-57.008,-98.98,-59.596,Broken,White,Solid,White
6,0,-2,57.0,Driving,False,-90.098,-51.101,0.0,-40.668,3.5,-91.238,-52.428,-88.957,-49.773,Broken,White,Solid,White
6,0,-1,57.0,Driving,False,-92.378,-53.755,0.0,-40.668,3.5,-93.519,-55.083,-91.238,-52.428,SolidSolid,Yellow,Broken,White
6,0,1,57.0,Driving,False,-94.659,-56.41,0.0,139.332,3.5,-93.519,-55.083,-95.8,-57.737,SolidSolid,Yellow,Broken,White
6,0,2,57.0,Driving,False,-96.94,-59.065,0.0,139.332,3.5,-95.8,-57.737,-98.081,-60.392,Broken,White,Solid,White
6,0,-2,58.0,Driving,False,-89.446,-51.645,0.0,-39.021,3.5,-90.547,-53.004,-88.344,-50.285,Broken,White,Solid,White
6,0,-1,58.0,Driving,False,-91.649,-54.364,0.0,-39.021,3.5,-92.751,-55.723,-90.547,-53.004,SolidSolid,Yellow,Broken,White
6,0,1,58.0,Driving,False,-93.853,-57.083,0.0,140.979,3.5,-92.751,-55.723,-94.955,-58.443,SolidSolid,Yellow,Broken,White
6,0,2,58.0,Driving,False,-96.056,-59.802,0.0,140.979,3.5,-94.955,-58.443,-97.158,-61.162,Broken,White,Solid,White
6,0,-2,59.0,Driving,False,-88.778,-52.17,0.0,-37.373,3.5,-89.841,-53.56,-87.716,-50.779,Broken,White,Solid,White
6,0,-1,59.0,Driving,False,-90.903,-54.951,0.0,-37.373,3.5,-91.965,-56.342,-89.841,-53.56,SolidSolid,Yellow,Broken,White
6,0,1,59.0,Driving,False,-93.027,-57.732,0.0,142.627,3.5,-91.965,-56.342,-94.09,-59.123,SolidSolid,Yellow,Broken,White
6,0,2,59.0,Driving,False,-95.152,-60.514,0.0,142.627,3.5,-94.09,-59.123,-96.214,-61.905,Broken,White,Solid,White
6,0,-2,60.0,Driving,False,-88.096,-52.675,0.0,-35.725,3.5,-89.118,-54.096,-87.075,-51.254,Broken,White,Solid,White
6,0,-1,60.0,Driving,False,-90.14,-55.516,0.0,-35.725,3.5,-91.162,-56.937,-89.118,-54.096,SolidSolid,Yellow,Broken,White
6,0,1,60.0,Driving,False,-92.184,-58.358,0.0,144.275,3.5,-91.162,-56.937,-93.206,-59.779,SolidSolid,Yellow,Broken,White
6,0,2,60.0,Driving,False,-94.227,-61.199,0.0,144.275,3.5,-93.206,-59.779,-95.249,-62.62,Broken,White,Solid,White
6,0,-2,61.0,Driving,False,-87.4,-53.161,0.0,-34.078,3.5,-88.381,-54.61,-86.42,-51.711,Broken,White,Solid,White
6,0,-1,61.0,Driving,False,-89.361,-56.06,0.0,-34.078,3.5,-90.342,-57.509,-88.381,-54.61,SolidSolid,Yellow,Broken,White
6,0,1,61.0,Driving,False,-91.322,-58.959,0.0,145.922,3.5,-90.342,-57.509,-92.303,-60.408,SolidSolid,Yellow,Broken,White
6,0,2,61.0,Driving,False,-93.283,-61.858,0.0,145.922,3.5,-92.303,-60.408,-94.264,-63.307,Broken,White,Solid,White
6,0,-2,62.0,Driving,False,-86.69,-53.626,0.0,-32.43,3.5,-87.629,-55.103,-85.752,-52.149,Broken,White,Solid,White
6,0,-1,62.0,Driving,False,-88.567,-56.581,0.0,-32.43,3.5,-89.506,-58.058,-87.629,-55.103,SolidSolid,Yellow,Broken,White
6,0,1,62.0,Driving,False,-90.444,-59.535,0.0,147.57,3.5,-89.506,-58.058,-91.382,-61.012,SolidSolid,Yellow,Broken,White
6,0,2,62.0,Driving,False,-92.321,-62.489,0.0,147.57,3.5,-91.382,-61.012,-93.259,-63.966,Broken,White,Solid,White
6,0,-2,63.0,Driving,False,-85.967,-54.071,0.0,-30.782,3.5,-86.863,-55.575,-85.071,-52.568,Broken,White,Solid,White
6,0,-1,63.0,Driving,False,-87.758,-57.078,0.0,-30.782,3.5,-88.654,-58.582,-86.863,-55.575,SolidSolid,Yellow,Broken,White
6,0,1,63.0,Driving,False,-89.55,-60.085,0.0,149.218,3.5,-88.654,-58.582,-90.445,-61.589,SolidSolid,Yellow,Broken,White
6,0,2,63.0,Driving,False,-91.341,-63.092,0.0,149.218,3.5,-90.445,-61.589,-92.236,-64.596,Broken,White,Solid,White
6,0,-2,64.0,Driving,False,-85.232,-54.495,0.0,-29.135,3.5,-86.084,-56.024,-84.38,-52.967,Broken,White,Solid,White
6,0,-1,64.0,Driving,False,-86.936,-57.552,0.0,-29.135,3.5,-87.788,-59.081,-86.084,-56.024,SolidSolid,Yellow,Broken,White
6,0,1,64.0,Driving,False,-88.64,-60.61,0.0,150.865,3.5,-87.788,-59.081,-89.492,-62.138,SolidSolid,Yellow,Broken,White
6,0,2,64.0,Driving,False,-90.344,-63.667,0.0,150.865,3.5,-89.492,-62.138,-91.196,-65.195,Broken,White,Solid,White
6,0,-2,65.0,Driving,False,-84.484,-54.898,0.0,-27.487,3.5,-85.292,-56.45,-83.676,-53.346,Broken,White,Solid,White
6,0,-1,65.0,Driving,False,-86.099,-58.003,0.0,-27.487,3.5,-86.907,-59.555,-85.292,-56.45,SolidSolid,Yellow,Broken,White
6,0,1,65.0,Driving,False,-87.715,-61.108,0.0,152.513,3.5,-86.907,-59.555,-88.523,-62.66,SolidSolid,Yellow,Broken,White
6,0,2,65.0,Driving,False,-89.33,-64.213,0.0,152.513,3.5,-88.523,-62.66,-90.138,-65.765,Broken,White,Solid,White
6,0,-2,66.0,Driving,False,-83.725,-55.279,0.0,-25.839,3.5,-84.488,-56.854,-82.963,-53.704,Broken,White,Solid,White
6,0,-1,66.0,Driving,False,-85.251,-58.429,0.0,-25.839,3.5,-86.014,-60.004,-84.488,-56.854,SolidSolid,Yellow,Broken,White
6,0,1,66.0,Driving,False,-86.776,-61.579,0.0,154.161,3.5,-86.014,-60.004,-87.539,-63.154,SolidSolid,Yellow,Broken,White
6,0,2,66.0,Driving,False,-88.302,-64.729,0.0,154.161,3.5,-87.539,-63.154,-89.064,-66.304,Broken,White,Solid,White
6,0,-2,67.0,Driving,False,-82.956,-55.638,0.0,-24.192,3.5,-83.673,-57.234,-82.239,-54.042,Broken,White,Solid,White
6,0,-1,67.0,Driving,False,-84.39,-58.831,0.0,-24.192,3.5,-85.107,-60.427,-83.673,-57.234,SolidSolid,Yellow,Broken,White
6,0,1,67.0,Driving,False,-85.825,-62.023,0.0,155.808,3.5,-85.107,-60.427,-86.542,-63.62,SolidSolid,Yellow,Broken,White
6,0,2,67.0,Driving,False,-87.259,-65.216,0.0,155.808,3.5,-86.542,-63.62,-87.976,-66.812,Broken,White,Solid,White
6,0,-2,68.0,Driving,False,-82.177,-55.975,0.0,-22.544,3.5,-82.848,-57.591,-81.506,-54.358,Broken,White,Solid,White
6,0,-1,68.0,Driving,False,-83.519,-59.207,0.0,-22.544,3.5,-84.189,-60.824,-82.848,-57.591,SolidSolid,Yellow,Broken,White
6,0,1,68.0,Driving,False,-84.86,-62.44,0.0,157.456,3.5,-84.189,-60.824,-85.531,-64.056,SolidSolid,Yellow,Broken,White
6,0,2,68.0,Driving,False,-86.202,-65.672,0.0,157.456,3.5,-85.531,-64.056,-86.873,-67.289,Broken,White,Solid,White
6,0,-2,69.0,Driving,False,-81.388,-56.289,0.0,-20.896,3.5,-82.012,-57.924,-80.764,-54.654,Broken,White,Solid,White
6,0,-1,69.0,Driving,False,-82.636,-59.559,0.0,-20.896,3.5,-83.26,-61.194,-82.012,-57.924,SolidSolid,Yellow,Broken,White
6,0,1,69.0,Driving,False,-83.885,-62.828,0.0,159.104,3.5,-83.26,-61.194,-84.509,-64.463,SolidSolid,Yellow,Broken,White
6,0,2,69.0,Driving,False,-85.133,-66.098,0.0,159.104,3.5,-84.509,-64.463,-85.757,-67.733,Broken,White,Solid,White
6,0,-2,70.0,Driving,False,-80.591,-56.58,0.0,-19.249,3.5,-81.167,-58.232,-80.014,-54.928,Broken,White,Solid,White
6,0,-1,70.0,Driving,False,-81.744,-59.885,0.0,-19.249,3.5,-82.321,-61.537,-81.167,-58.232,SolidSolid,Yellow,Broken,White
6,0,1,70.0,Driving,False,-82.898,-63.189,0.0,160.751,3.5,-82.321,-61.537,-83.475,-64.841,SolidSolid,Yellow,Broken,White
6,0,2,70.0,Driving,False,-84.052,-66.493,0.0,160.751,3.5,-83.475,-64.841,-84.629,-68.145,Broken,White,Solid,White
6,0,-2,71.0,Driving,False,-79.785,-56.849,0.0,-17.601,3.5,-80.314,-58.517,-79.256,-55.181,Broken,White,Solid,White
6,0,-1,71.0,Driving,False,-80.843,-60.185,0.0,-17.601,3.5,-81.373,-61.853,-80.314,-58.517,SolidSolid,Yellow,Broken,White
6,0,1,71.0,Driving,False,-81.902,-63.521,0.0,162.399,3.5,-81.373,-61.853,-82.431,-65.189,SolidSolid,Yellow,Broken,White
6,0,2,71.0,Driving,False,-82.96,-66.857,0.0,162.399,3.5,-82.431,-65.189,-83.489,-68.525,Broken,White,Solid,White
6,0,-2,72.0,Driving,False,-78.972,-57.094,0.0,-15.953,3.5,-79.453,-58.776,-78.491,-55.411,Broken,White,Solid,White
6,0,-1,72.0,Driving,False,-79.934,-60.459,0.0,-15.953,3.5,-80.415,-62.141,-79.453,-58.776,SolidSolid,Yellow,Broken,White
6,0,1,72.0,Driving,False,-80.896,-63.824,0.0,164.047,3.5,-80.415,-62.141,-81.377,-65.507,SolidSolid,Yellow,Broken,White
6,0,2,72.0,Driving,False,-81.858,-67.189,0.0,164.047,3.5,-81.377,-65.507,-82.339,-68.872,Broken,White,Solid,White
6,0,-2,73.0,Driving,False,-78.153,-57.315,0.0,-14.306,3.5,-78.585,-59.011,-77.72,-55.619,Broken,White,Solid,White
6,0,-1,73.0,Driving,False,-79.017,-60.707,0.0,-14.306,3.5,-79.45,-62.402,-78.585,-59.011,SolidSolid,Yellow,Broken,White
6,0,1,73.0,Driving,False,-79.882,-64.098,0.0,165.694,3.5,-79.45,-62.402,-80.315,-65.794,SolidSolid,Yellow,Broken,White
6,0,2,73.0,Driving,False,-80.747,-67.49,0.0,165.694,3.5,-80.315,-65.794,-81.179,-69.185,Broken,White,Solid,White
6,0,-2,74.0,Driving,False,-77.327,-57.513,0.0,-12.658,3.5,-77.71,-59.221,-76.944,-55.806,Broken,White,Solid,White
6,0,-1,74.0,Driving,False,-78.094,-60.928,0.0,-12.658,3.5,-78.477,-62.636,-77.71,-59.221,SolidSolid,Yellow,Broken,White
6,0,1,74.0,Driving,False,-78.861,-64.343,0.0,167.342,3.5,-78.477,-62.636,-79.244,-66.051,SolidSolid,Yellow,Broken,White
6,0,2,74.0,Driving,False,-79.628,-67.758,0.0,167.342,3.5,-79.244,-66.051,-80.011,-69.465,Broken,White,Solid,White
6,0,-2,75.0,Driving,False,-76.496,-57.687,0.0,-11.01,3.5,-76.83,-59.405,-76.162,-55.969,Broken,White,Solid,White
6,0,-1,75.0,Driving,False,-77.165,-61.123,0.0,-11.01,3.5,-77.499,-62.841,-76.83,-59.405,SolidSolid,Yellow,Broken,White
6,0,1,75.0,Driving,False,-77.833,-64.558,0.0,168.99,3.5,-77.499,-62.841,-78.167,-66.276,SolidSolid,Yellow,Broken,White
6,0,2,75.0,Driving,False,-78.501,-67.994,0.0,168.99,3.5,-78.167,-66.276,-78.836,-69.712,Broken,White,Solid,White
6,0,-2,76.0,Driving,False,-75.66,-57.837,0.0,-9.363,3.5,-75.945,-59.564,-75.376,-56.111,Broken,White,Solid,White
6,0,-1,76.0,Driving,False,-76.23,-61.291,0.0,-9.363,3.5,-76.515,-63.017,-75.945,-59.564,SolidSolid,Yellow,Broken,White
6,0,1,76.0,Driving,False,-76.799,-64.744,0.0,170.637,3.5,-76.515,-63.017,-77.084,-66.471,SolidSolid,Yellow,Broken,White
6,0,2,76.0,Driving,False,-77.369,-68.198,0.0,170.637,3.5,-77.084,-66.471,-77.653,-69.924,Broken,White,Solid,White
6,0,-2,77.0,Driving,False,-74.821,-57.963,0.0,-7.715,3.5,-75.056,-59.698,-74.586,-56.229,Broken,White,Solid,White
6,0,-1,77.0,Driving,False,-75.291,-61.432,0.0,-7.715,3.5,-75.526,-63.166,-75.056,-59.698,SolidSolid,Yellow,Broken,White
6,0,1,77.0,Driving,False,-75.761,-64.9,0.0,172.285,3.5,-75.526,-63.166,-75.995,-66.634,SolidSolid,Yellow,Broken,White
6,0,2,77.0,Driving,False,-76.23,-68.368,0.0,172.285,3.5,-75.995,-66.634,-76.465,-70.103,Broken,White,Solid,White
6,0,-2,78.0,Driving,False,-73.978,-58.065,0.0,-6.067,3.5,-74.163,-59.806,-73.793,-56.325,Broken,White,Solid,White
6,0,-1,78.0,Driving,False,-74.348,-61.546,0.0,-6.067,3.5,-74.533,-63.286,-74.163,-59.806,SolidSolid,Yellow,Broken,White
6,0,1,78.0,Driving,False,-74.718,-65.026,0.0,173.933,3.5,-74.533,-63.286,-74.903,-66.766,SolidSolid,Yellow,Broken,White
6,0,2,78.0,Driving,False,-75.088,-68.507,0.0,173.933,3.5,-74.903,-66.766,-75.273,-70.247,Broken,White,Solid,White
6,0,-2,79.0,Driving,False,-73.133,-58.143,0.0,-4.42,3.5,-73.267,-59.888,-72.998,-56.398,Broken,White,Solid,White
6,0,-1,79.0,Driving,False,-73.402,-61.633,0.0,-4.42,3.5,-73.537,-63.377,-73.267,-59.888,SolidSolid,Yellow,Broken,White
6,0,1,79.0,Driving,False,-73.672,-65.122,0.0,175.58,3.5,-73.537,-63.377,-73.807,-66.867,SolidSolid,Yellow,Broken,White
6,0,2,79.0,Driving,False,-73.942,-68.612,0.0,175.58,3.5,-73.807,-66.867,-74.077,-70.356,Broken,White,Solid,White
6,0,-2,80.0,Driving,False,-72.285,-58.196,0.0,-2.772,3.5,-72.37,-59.944,-72.201,-56.448,Broken,White,Solid,White
6,0,-1,80.0,Driving,False,-72.454,-61.692,0.0,-2.772,3.5,-72.539,-63.44,-72.37,-59.944,SolidSolid,Yellow,Broken,White
6,0,1,80.0,Driving,False,-72.624,-65.188,0.0,177.228,3.5,-72.539,-63.44,-72.708,-66.936,SolidSolid,Yellow,Broken,White
6,0,2,80.0,Driving,False,-72.793,-68.684,0.0,177.228,3.5,-72.708,-66.936,-72.878,-70.432,Broken,White,Solid,White
6,0,-2,81.0,Driving,False,-71.437,-58.225,0.0,-1.124,3.5,-71.471,-59.975,-71.402,-56.475,Broken,White,Solid,White
6,0,-1,81.0,Driving,False,-71.505,-61.724,0.0,-1.124,3.5,-71.54,-63.474,-71.471,-59.975,SolidSolid,Yellow,Broken,White
6,0,1,81.0,Driving,False,-71.574,-65.224,0.0,178.876,3.5,-71.54,-63.474,-71.608,-66.973,SolidSolid,Yellow,Broken,White
6,0,2,81.0,Driving,False,-71.643,-68.723,0.0,178.876,3.5,-71.608,-66.973,-71.677,-70.473,Broken,White,Solid,White
6,0,-2,82.0,Driving,False,-70.588,-58.229,0.0,0.524,3.5,-70.572,-59.979,-70.604,-56.48,Broken,White,Solid,White
6,0,-1,82.0,Driving,False,-70.556,-61.729,0.0,0.524,3.5,-70.54,-63.479,-70.572,-59.979,SolidSolid,Yellow,Broken,White
6,0,1,82.0,Driving,False,-70.524,-65.229,0.0,180.524,3.5,-70.54,-63.479,-70.508,-66.979,SolidSolid,Yellow,Broken,White
6,0,2,82.0,Driving,False,-70.492,-68.729,0.0,180.524,3.5,-70.508,-66.979,-70.476,-70.479,Broken,White,Solid,White
6,0,-2,83.0,Driving,False,-69.595,-58.219,0.0,0.597,3.5,-69.576,-59.969,-69.613,-56.469,Broken,White,Solid,White
6,0,-1,83.0,Driving,False,-69.558,-61.719,0.0,0.597,3.5,-69.54,-63.469,-69.576,-59.969,SolidSolid,Yellow,Broken,White
6,0,1,83.0,Driving,False,-69.522,-65.219,0.0,180.597,3.5,-69.54,-63.469,-69.503,-66.969,SolidSolid,Yellow,Broken,White
6,0,2,83.0,Driving,False,-69.485,-68.719,0.0,180.597,3.5,-69.503,-66.969,-69.467,-70.468,Broken,White,Solid,White
6,0,-2,84.0,Driving,False,-68.595,-58.209,0.0,0.597,3.5,-68.576,-59.959,-68.613,-56.459,Broken,White,Solid,White
6,0,-1,84.0,Driving,False,-68.558,-61.709,0.0,0.597,3.5,-68.54,-63.458,-68.576,-59.959,SolidSolid,Yellow,Broken,White
6,0,1,84.0,Driving,False,-68.522,-65.208,0.0,180.597,3.5,-68.54,-63.458,-68.503,-66.958,SolidSolid,Yellow,Broken,White
6,0,2,84.0,Driving,False,-68.485,-68.708,0.0,180.597,3.5,-68.503,-66.958,-68.467,-70.458,Broken,White,Solid,White
6,0,-2,85.0,Driving,False,-67.595,-58.198,0.0,0.597,3.5,-67.576,-59.948,-67.613,-56.448,Broken,White,Solid,White
6,0,-1,85.0,Driving,False,-67.558,-61.698,0.0,0.597,3.5,-67.54,-63.448,-67.576,-59.948,SolidSolid,Yellow,Broken,White
6,0,1,85.0,Driving,False,-67.522,-65.198,0.0,180.597,3.5,-67.54,-63.448,-67.503,-66.948,SolidSolid,Yellow,Broken,White
6,0,2,85.0,Driving,False,-67.485,-68.698,0.0,180.597,3.5,-67.503,-66.948,-67.467,-70.448,Broken,White,Solid,White
515,0,-2,0.0,Driving,True,-28.517,130.036,0.0,-539.648,3.5,-28.528,131.786,-28.506,128.286,Broken,White,Solid,White
515,0,-1,0.0,Driving,True,-28.539,133.536,0.0,-539.648,3.5,-28.549,135.286,-28.528,131.786,SolidSolid,Yellow,Broken,White
515,0,-2,1.0,Driving,True,-29.517,130.03,0.0,-539.648,3.5,-29.528,131.78,-29.506,128.28,NONE,White,Solid,White
515,0,-1,1.0,Driving,True,-29.539,133.53,0.0,-539.648,3.5,-29.549,135.279,-29.528,131.78,SolidSolid,Yellow,NONE,White
515,0,-2,2.0,Driving,True,-30.517,130.023,0.0,-539.648,3.5,-30.528,131.773,-30.506,128.274,NONE,White,NONE,White
515,0,-1,2.0,Driving,True,-30.539,133.523,0.0,-539.648,3.5,-30.549,135.273,-30.528,131.773,SolidSolid,Yellow,NONE,White
515,0,-2,3.0,Driving,True,-31.517,130.017,0.0,-539.648,3.5,-31.528,131.767,-31.506,128.267,NONE,White,NONE,White
515,0,-1,3.0,Driving,True,-31.539,133.517,0.0,-539.648,3.5,-31.549,135.267,-31.528,131.767,SolidSolid,Yellow,NONE,White
515,0,-2,4.0,Driving,True,-32.517,130.011,0.0,-539.648,3.5,-32.528,131.761,-32.506,128.261,NONE,White,NONE,White
515,0,-1,4.0,Driving,True,-32.539,133.511,0.0,-539.648,3.5,-32.549,135.261,-32.528,131.761,SolidSolid,Yellow,NONE,White
515,0,-2,5.0,Driving,True,-33.517,130.005,0.0,-539.648,3.5,-33.528,131.755,-33.506,128.255,NONE,White,NONE,White
515,0,-1,5.0,Driving,True,-33.539,133.505,0.0,-539.648,3.5,-33.549,135.255,-33.528,131.755,SolidSolid,Yellow,NONE,White
515,0,-2,6.0,Driving,True,-34.517,129.999,0.0,-539.648,3.5,-34.528,131.749,-34.506,128.249,NONE,White,NONE,White
515,0,-1,6.0,Driving,True,-34.539,133.499,0.0,-539.648,3.5,-34.549,135.249,-34.528,131.749,SolidSolid,Yellow,NONE,White
515,0,-2,7.0,Driving,True,-35.517,129.993,0.0,-539.648,3.5,-35.528,131.743,-35.506,128.243,NONE,White,NONE,White
515,0,-1,7.0,Driving,True,-35.539,133.493,0.0,-539.648,3.5,-35.549,135.243,-35.528,131.743,SolidSolid,Yellow,NONE,White
515,0,-2,8.0,Driving,True,-36.517,129.987,0.0,-539.648,3.5,-36.528,131.737,-36.506,128.237,NONE,White,NONE,White
515,0,-1,8.0,Driving,True,-36.539,133.487,0.0,-539.648,3.5,-36.549,135.236,-36.528,131.737,SolidSolid,Yellow,NONE,White
515,0,-2,9.0,Driving,True,-37.517,129.98,0.0,-539.648,3.5,-37.528,131.73,-37.506,128.23,NONE,White,NONE,White
515,0,-1,9.0,Driving,True,-37.539,133.48,0.0,-539.648,3.5,-37.549,135.23,-37.528,131.73,SolidSolid,Yellow,NONE,White
515,0,-2,10.0,Driving,True,-38.517,129.974,0.0,-539.648,3.5,-38.528,131.724,-38.506,128.224,NONE,White,NONE,White
515,0,-1,10.0,Driving,True,-38.539,133.474,0.0,-539.648,3.5,-38.549,135.224,-38.528,131.724,SolidSolid,Yellow,NONE,White
515,0,-2,11.0,Driving,True,-39.517,129.968,0.0,-539.648,3.5,-39.528,131.718,-39.506,128.218,NONE,White,NONE,White
515,0,-1,11.0,Driving,True,-39.539,133.468,0.0,-539.648,3.5,-39.549,135.218,-39.528,131.718,SolidSolid,Yellow,NONE,White
515,0,-2,12.0,Driving,True,-40.517,129.962,0.0,-539.648,3.5,-40.528,131.712,-40.506,128.212,NONE,White,NONE,White
515,0,-1,12.0,Driving,True,-40.538,133.462,0.0,-539.648,3.5,-40.549,135.212,-40.528,131.712,SolidSolid,Yellow,NONE,White
515,0,-2,13.0,Driving,True,-41.517,129.956,0.0,-539.648,3.5,-41.528,131.706,-41.506,128.206,NONE,White,NONE,White
515,0,-1,13.0,Driving,True,-41.538,133.456,0.0,-539.648,3.5,-41.549,135.206,-41.528,131.706,SolidSolid,Yellow,NONE,White
515,0,-2,14.0,Driving,True,-42.517,129.95,0.0,-539.648,3.5,-42.528,131.7,-42.506,128.2,NONE,White,NONE,White
515,0,-1,14.0,Driving,True,-42.538,133.45,0.0,-539.648,3.5,-42.549,135.2,-42.528,131.7,SolidSolid,Yellow,NONE,White
515,0,-2,15.0,Driving,True,-43.517,129.944,0.0,-539.648,3.5,-43.528,131.694,-43.506,128.194,NONE,White,NONE,White
515,0,-1,15.0,Driving,True,-43.538,133.443,0.0,-539.648,3.5,-43.549,135.193,-43.528,131.694,SolidSolid,Yellow,NONE,White
515,0,-2,16.0,Driving,True,-44.517,129.937,0.0,-539.648,3.5,-44.528,131.687,-44.506,128.187,NONE,White,NONE,White
515,0,-1,16.0,Driving,True,-44.538,133.437,0.0,-539.648,3.5,-44.549,135.187,-44.528,131.687,SolidSolid,Yellow,NONE,White
515,0,-2,17.0,Driving,True,-45.517,129.931,0.0,-539.648,3.5,-45.528,131.681,-45.506,128.181,NONE,White,NONE,White
515,0,-1,17.0,Driving,True,-45.538,133.431,0.0,-539.648,3.5,-45.549,135.181,-45.528,131.681,SolidSolid,Yellow,NONE,White
515,0,-2,18.0,Driving,True,-46.517,129.925,0.0,-539.648,3.5,-46.528,131.675,-46.506,128.175,NONE,White,NONE,White
515,0,-1,18.0,Driving,True,-46.538,133.425,0.0,-539.648,3.5,-46.549,135.175,-46.528,131.675,SolidSolid,Yellow,NONE,White
515,0,-2,19.0,Driving,True,-47.517,129.919,0.0,-539.648,3.5,-47.528,131.669,-47.506,128.169,NONE,White,NONE,White
515,0,-1,19.0,Driving,True,-47.538,133.419,0.0,-539.648,3.5,-47.549,135.169,-47.528,131.669,SolidSolid,Yellow,NONE,White
515,0,-2,20.0,Driving,True,-48.517,129.913,0.0,-539.648,3.5,-48.528,131.663,-48.506,128.163,NONE,White,NONE,White
515,0,-1,20.0,Driving,True,-48.538,133.413,0.0,-539.648,3.5,-48.549,135.163,-48.528,131.663,SolidSolid,Yellow,NONE,White
515,0,-2,21.0,Driving,True,-49.517,129.907,0.0,-539.648,3.5,-49.528,131.657,-49.506,128.157,NONE,White,NONE,White
515,0,-1,21.0,Driving,True,-49.538,133.407,0.0,-539.648,3.5,-49.549,135.157,-49.528,131.657,SolidSolid,Yellow,NONE,White
515,0,-2,22.0,Driving,True,-50.517,129.901,0.0,-539.648,3.5,-50.528,131.651,-50.506,128.151,NONE,White,NONE,White
515,0,-1,22.0,Driving,True,-50.538,133.4,0.0,-539.648,3.5,-50.549,135.15,-50.528,131.65,SolidSolid,Yellow,NONE,White
515,0,-2,23.0,Driving,True,-51.517,129.894,0.0,-539.648,3.5,-51.528,131.644,-51.506,128.144,NONE,White,NONE,White
515,0,-1,23.0,Driving,True,-51.538,133.394,0.0,-539.648,3.5,-51.549,135.144,-51.528,131.644,SolidSolid,Yellow,NONE,White
515,0,-2,24.0,Driving,True,-52.517,129.888,0.0,-539.648,3.5,-52.528,131.638,-52.506,128.138,NONE,White,NONE,White
515,0,-1,24.0,Driving,True,-52.538,133.388,0.0,-539.648,3.5,-52.549,135.138,-52.528,131.638,SolidSolid,Yellow,NONE,White
515,0,-2,25.0,Driving,True,-53.517,129.882,0.0,-539.648,3.5,-53.527,131.632,-53.506,128.132,NONE,White,NONE,White
515,0,-1,25.0,Driving,True,-53.538,133.382,0.0,-539.648,3.5,-53.549,135.132,-53.527,131.632,SolidSolid,Yellow,NONE,White
515,0,-2,26.0,Driving,True,-54.517,129.876,0.0,-539.648,3.5,-54.527,131.626,-54.506,128.126,NONE,White,NONE,White
515,0,-1,26.0,Driving,True,-54.538,133.376,0.0,-539.648,3.5,-54.549,135.126,-54.527,131.626,SolidSolid,Yellow,NONE,White
515,0,-2,27.0,Driving,True,-55.517,129.87,0.0,-539.648,3.5,-55.527,131.62,-55.506,128.12,NONE,White,NONE,White
515,0,-1,27.0,Driving,True,-55.538,133.37,0.0,-539.648,3.5,-55.549,135.12,-55.527,131.62,SolidSolid,Yellow,NONE,White
515,0,-2,28.0,Driving,True,-56.517,129.864,0.0,-539.648,3.5,-56.527,131.614,-56.506,128.114,NONE,White,NONE,White
515,0,-1,28.0,Driving,True,-56.538,133.364,0.0,-539.648,3.5,-56.549,135.114,-56.527,131.614,SolidSolid,Yellow,NONE,White
515,0,-2,29.0,Driving,True,-57.517,129.858,0.0,-539.648,3.5,-57.527,131.607,-57.506,128.108,NONE,White,NONE,White
515,0,-1,29.0,Driving,True,-57.538,133.357,0.0,-539.648,3.5,-57.549,135.107,-57.527,131.607,SolidSolid,Yellow,NONE,White
515,0,-2,30.0,Driving,True,-58.517,129.851,0.0,-539.648,3.5,-58.527,131.601,-58.506,128.101,NONE,White,NONE,White
515,0,-1,30.0,Driving,True,-58.538,133.351,0.0,-539.648,3.5,-58.549,135.101,-58.527,131.601,SolidSolid,Yellow,NONE,White
515,0,-2,31.0,Driving,True,-59.517,129.845,0.0,-539.648,3.5,-59.527,131.595,-59.506,128.095,NONE,White,NONE,White
515,0,-1,31.0,Driving,True,-59.538,133.345,0.0,-539.648,3.5,-59.549,135.095,-59.527,131.595,SolidSolid,Yellow,NONE,White
515,0,-2,32.0,Driving,True,-60.517,129.839,0.0,-539.648,3.5,-60.527,131.589,-60.506,128.089,NONE,White,NONE,White
515,0,-1,32.0,Driving,True,-60.538,133.339,0.0,-539.648,3.5,-60.549,135.089,-60.527,131.589,SolidSolid,Yellow,NONE,White
515,0,-2,33.0,Driving,True,-61.517,129.833,0.0,-539.648,3.5,-61.527,131.583,-61.506,128.083,NONE,White,NONE,White
515,0,-1,33.0,Driving,True,-61.538,133.333,0.0,-539.648,3.5,-61.549,135.083,-61.527,131.583,SolidSolid,Yellow,NONE,White
515,0,-2,34.0,Driving,True,-62.517,129.827,0.0,-539.648,3.5,-62.527,131.577,-62.506,128.077,NONE,White,NONE,White
515,0,-1,34.0,Driving,True,-62.538,133.327,0.0,-539.648,3.5,-62.549,135.077,-62.527,131.577,SolidSolid,Yellow,NONE,White
515,0,-2,35.0,Driving,True,-63.392,129.811,0.0,-178.29,3.5,-63.444,131.56,-63.34,128.062,NONE,White,NONE,White
515,0,-1,35.0,Driving,True,-63.496,133.31,0.0,-178.29,3.5,-63.549,135.059,-63.444,131.56,SolidSolid,Yellow,NONE,White
515,0,-2,36.0,Driving,True,-64.266,129.775,0.0,-176.927,3.5,-64.36,131.522,-64.172,128.027,NONE,White,NONE,White
515,0,-1,36.0,Driving,True,-64.454,133.27,0.0,-176.927,3.5,-64.548,135.017,-64.36,131.522,SolidSolid,Yellow,NONE,White
515,0,-2,37.0,Driving,True,-65.139,129.717,0.0,-175.564,3.5,-65.275,131.462,-65.004,127.972,NONE,White,NONE,White
515,0,-1,37.0,Driving,True,-65.41,133.207,0.0,-175.564,3.5,-65.546,134.952,-65.275,131.462,SolidSolid,Yellow,NONE,White
515,0,-2,38.0,Driving,True,-66.011,129.639,0.0,-174.201,3.5,-66.188,131.38,-65.834,127.898,NONE,White,NONE,White
515,0,-1,38.0,Driving,True,-66.365,133.121,0.0,-174.201,3.5,-66.542,134.862,-66.188,131.38,SolidSolid,Yellow,NONE,White
515,0,-2,39.0,Driving,True,-66.881,129.54,0.0,-172.838,3.5,-67.099,131.277,-66.662,127.804,NONE,White,NONE,White
515,0,-1,39.0,Driving,True,-67.317,133.013,0.0,-172.838,3.5,-67.535,134.749,-67.099,131.277,SolidSolid,Yellow,NONE,White
515,0,-2,40.0,Driving,True,-67.748,129.421,0.0,-171.475,3.5,-68.007,131.152,-67.488,127.69,NONE,White,NONE,White
515,0,-1,40.0,Driving,True,-68.266,132.882,0.0,-171.475,3.5,-68.526,134.613,-68.007,131.152,SolidSolid,Yellow,NONE,White
515,0,-2,41.0,Driving,True,-68.611,129.281,0.0,-170.112,3.5,-68.912,131.005,-68.311,127.557,Broken,White,NONE,White
515,0,-1,41.0,Driving,True,-69.212,132.729,0.0,-170.112,3.5,-69.513,134.453,-68.912,131.005,SolidSolid,Yellow,Broken,White
515,0,-2,42.0,Driving,True,-69.472,129.12,0.0,-168.749,3.5,-69.813,130.837,-69.13,127.404,Broken,White,Solid,White
515,0,-1,42.0,Driving,True,-70.154,132.553,0.0,-168.749,3.5,-70.496,134.27,-69.813,130.837,SolidSolid,Yellow,Broken,White
515,0,-2,43.0,Driving,True,-70.328,128.94,0.0,-167.386,3.5,-70.71,130.647,-69.946,127.232,Broken,White,Solid,White
515,0,-1,43.0,Driving,True,-71.092,132.355,0.0,-167.386,3.5,-71.474,134.063,-70.71,130.647,SolidSolid,Yellow,Broken,White
7,0,-2,0.0,Driving,False,-27.837,-57.784,0.0,0.597,3.5,-27.819,-59.534,-27.855,-56.034,Broken,White,Solid,White
7,0,-1,0.0,Driving,False,-27.8,-61.284,0.0,0.597,3.5,-27.782,-63.034,-27.819,-59.534,SolidSolid,Yellow,Broken,White
7,0,1,0.0,Driving,False,-27.764,-64.784,0.0,180.597,3.5,-27.782,-63.034,-27.746,-66.534,SolidSolid,Yellow,Broken,White
7,0,2,0.0,Driving,False,-27.727,-68.284,0.0,180.597,3.5,-27.746,-66.534,-27.709,-70.034,Broken,White,Solid,White
7,0,-2,1.0,Driving,False,-26.837,-57.774,0.0,0.597,3.5,-26.819,-59.524,-26.855,-56.024,Broken,White,Solid,White
7,0,-1,1.0,Driving,False,-26.8,-61.274,0.0,0.597,3.5,-26.782,-63.024,-26.819,-59.524,SolidSolid,Yellow,Broken,White
7,0,1,1.0,Driving,False,-26.764,-64.773,0.0,180.597,3.5,-26.782,-63.024,-26.746,-66.523,SolidSolid,Yellow,Broken,White
7,0,2,1.0,Driving,False,-26.727,-68.273,0.0,180.597,3.5,-26.746,-66.523,-26.709,-70.023,Broken,White,Solid,White
7,0,-2,2.0,Driving,False,-25.837,-57.763,0.0,0.597,3.5,-25.819,-59.513,-25.855,-56.014,Broken,White,Solid,White
7,0,-1,2.0,Driving,False,-25.8,-61.263,0.0,0.597,3.5,-25.782,-63.013,-25.819,-59.513,SolidSolid,Yellow,Broken,White
7,0,1,2.0,Driving,False,-25.764,-64.763,0.0,180.597,3.5,-25.782,-63.013,-25.746,-66.513,SolidSolid,Yellow,Broken,White
7,0,2,2.0,Driving,False,-25.728,-68.263,0.0,180.597,3.5,-25.746,-66.513,-25.709,-70.013,Broken,White,Solid,White
7,0,-2,3.0,Driving,False,-24.837,-57.753,0.0,0.597,3.5,-24.819,-59.503,-24.855,-56.003,Broken,White,Solid,White
7,0,-1,3.0,Driving,False,-24.8,-61.253,0.0,0.597,3.5,-24.782,-63.003,-24.819,-59.503,SolidSolid,Yellow,Broken,White
7,0,1,3.0,Driving,False,-24.764,-64.753,0.0,180.597,3.5,-24.782,-63.003,-24.746,-66.503,SolidSolid,Yellow,Broken,White
7,0,2,3.0,Driving,False,-24.728,-68.252,0.0,180.597,3.5,-24.746,-66.503,-24.709,-70.002,Broken,White,Solid,White
7,0,-2,4.0,Driving,False,-23.837,-57.743,0.0,0.597,3.5,-23.819,-59.492,-23.855,-55.993,Broken,White,Solid,White
7,0,-1,4.0,Driving,False,-23.801,-61.242,0.0,0.597,3.5,-23.782,-62.992,-23.819,-59.492,SolidSolid,Yellow,Broken,White
7,0,1,4.0,Driving,False,-23.764,-64.742,0.0,180.597,3.5,-23.782,-62.992,-23.746,-66.492,SolidSolid,Yellow,Broken,White
7,0,2,4.0,Driving,False,-23.728,-68.242,0.0,180.597,3.5,-23.746,-66.492,-23.709,-69.992,Broken,White,Solid,White
7,0,-2,5.0,Driving,False,-22.837,-57.732,0.0,0.597,3.5,-22.819,-59.482,-22.855,-55.982,Broken,White,Solid,White
7,0,-1,5.0,Driving,False,-22.801,-61.232,0.0,0.597,3.5,-22.782,-62.982,-22.819,-59.482,SolidSolid,Yellow,Broken,White
7,0,1,5.0,Driving,False,-22.764,-64.732,0.0,180.597,3.5,-22.782,-62.982,-22.746,-66.482,SolidSolid,Yellow,Broken,White
7,0,2,5.0,Driving,False,-22.728,-68.232,0.0,180.597,3.5,-22.746,-66.482,-22.709,-69.981,Broken,White,Solid,White
7,0,-2,6.0,Driving,False,-21.837,-57.722,0.0,0.597,3.5,-21.819,-59.472,-21.855,-55.972,Broken,White,Solid,White
7,0,-1,6.0,Driving,False,-21.801,-61.222,0.0,0.597,3.5,-21.782,-62.971,-21.819,-59.472,SolidSolid,Yellow,Broken,White
7,0,1,6.0,Driving,False,-21.764,-64.721,0.0,180.597,3.5,-21.782,-62.971,-21.746,-66.471,SolidSolid,Yellow,Broken,White
7,0,2,6.0,Driving,False,-21.728,-68.221,0.0,180.597,3.5,-21.746,-66.471,-21.71,-69.971,Broken,White,Solid,White
7,0,-2,7.0,Driving,False,-20.837,-57.711,0.0,0.597,3.5,-20.819,-59.461,-20.855,-55.961,Broken,White,Solid,White
7,0,-1,7.0,Driving,False,-20.801,-61.211,0.0,0.597,3.5,-20.782,-62.961,-20.819,-59.461,SolidSolid,Yellow,Broken,White
7,0,1,7.0,Driving,False,-20.764,-64.711,0.0,180.597,3.5,-20.782,-62.961,-20.746,-66.461,SolidSolid,Yellow,Broken,White
7,0,2,7.0,Driving,False,-20.728,-68.211,0.0,180.597,3.5,-20.746,-66.461,-20.71,-69.961,Broken,White,Solid,White
7,0,-2,8.0,Driving,False,-19.837,-57.701,0.0,0.597,3.5,-19.819,-59.451,-19.855,-55.951,Broken,White,Solid,White
7,0,-1,8.0,Driving,False,-19.801,-61.201,0.0,0.597,3.5,-19.783,-62.951,-19.819,-59.451,SolidSolid,Yellow,Broken,White
7,0,1,8.0,Driving,False,-19.764,-64.701,0.0,180.597,3.5,-19.783,-62.951,-19.746,-66.45,SolidSolid,Yellow,Broken,White
7,0,2,8.0,Driving,False,-19.728,-68.2,0.0,180.597,3.5,-19.746,-66.45,-19.71,-69.95,Broken,White,Solid,White
7,0,-2,9.0,Driving,False,-18.837,-57.691,0.0,0.597,3.5,-18.819,-59.44,-18.855,-55.941,Broken,White,Solid,White
7,0,-1,9.0,Driving,False,-18.801,-61.19,0.0,0.597,3.5,-18.783,-62.94,-18.819,-59.44,SolidSolid,Yellow,Broken,White
7,0,1,9.0,Driving,False,-18.764,-64.69,0.0,180.597,3.5,-18.783,-62.94,-18.746,-66.44,SolidSolid,Yellow,Broken,White
7,0,2,9.0,Driving,False,-18.728,-68.19,0.0,180.597,3.5,-18.746,-66.44,-18.71,-69.94,Broken,White,Solid,White
7,0,-2,10.0,Driving,False,-17.837,-57.68,0.0,0.597,3.5,-17.819,-59.43,-17.856,-55.93,Broken,White,Solid,White
7,0,-1,10.0,Driving,False,-17.801,-61.18,0.0,0.597,3.5,-17.783,-62.93,-17.819,-59.43,SolidSolid,Yellow,Broken,White
7,0,1,10.0,Driving,False,-17.764,-64.68,0.0,180.597,3.5,-17.783,-62.93,-17.746,-66.43,SolidSolid,Yellow,Broken,White
7,0,2,10.0,Driving,False,-17.728,-68.18,0.0,180.597,3.5,-17.746,-66.43,-17.71,-69.929,Broken,White,Solid,White
7,0,-2,11.0,Driving,False,-16.837,-57.67,0.0,0.597,3.5,-16.819,-59.42,-16.856,-55.92,Broken,White,Solid,White
7,0,-1,11.0,Driving,False,-16.801,-61.169,0.0,0.597,3.5,-16.783,-62.919,-16.819,-59.42,SolidSolid,Yellow,Broken,White
7,0,1,11.0,Driving,False,-16.764,-64.669,0.0,180.597,3.5,-16.783,-62.919,-16.746,-66.419,SolidSolid,Yellow,Broken,White
7,0,2,11.0,Driving,False,-16.728,-68.169,0.0,180.597,3.5,-16.746,-66.419,-16.71,-69.919,Broken,White,Solid,White
7,0,-2,12.0,Driving,False,-15.837,-57.659,0.0,0.597,3.5,-15.819,-59.409,-15.856,-55.909,Broken,White,Solid,White
7,0,-1,12.0,Driving,False,-15.801,-61.159,0.0,0.597,3.5,-15.783,-62.909,-15.819,-59.409,SolidSolid,Yellow,Broken,White
7,0,1,12.0,Driving,False,-15.765,-64.659,0.0,180.597,3.5,-15.783,-62.909,-15.746,-66.409,SolidSolid,Yellow,Broken,White
7,0,2,12.0,Driving,False,-15.728,-68.159,0.0,180.597,3.5,-15.746,-66.409,-15.71,-69.909,Broken,White,Solid,White
7,0,-2,13.0,Driving,False,-14.837,-57.649,0.0,0.597,3.5,-14.819,-59.399,-14.856,-55.899,Broken,White,Solid,White
7,0,-1,13.0,Driving,False,-14.801,-61.149,0.0,0.597,3.5,-14.783,-62.899,-14.819,-59.399,SolidSolid,Yellow,Broken,White
7,0,1,13.0,Driving,False,-14.765,-64.648,0.0,180.597,3.5,-14.783,-62.899,-14.746,-66.398,SolidSolid,Yellow,Broken,White
7,0,2,13.0,Driving,False,-14.728,-68.148,0.0,180.597,3.5,-14.746,-66.398,-14.71,-69.898,Broken,White,Solid,White
7,0,-2,14.0,Driving,False,-13.838,-57.638,0.0,0.597,3.5,-13.819,-59.388,-13.856,-55.889,Broken,White,Solid,White
7,0,-1,14.0,Driving,False,-13.801,-61.138,0.0,0.597,3.5,-13.783,-62.888,-13.819,-59.388,SolidSolid,Yellow,Broken,White
7,0,1,14.0,Driving,False,-13.765,-64.638,0.0,180.597,3.5,-13.783,-62.888,-13.746,-66.388,SolidSolid,Yellow,Broken,White
7,0,2,14.0,Driving,False,-13.728,-68.138,0.0,180.597,3.5,-13.746,-66.388,-13.71,-69.888,Broken,White,Solid,White
7,0,-2,15.0,Driving,False,-12.838,-57.628,0.0,0.597,3.5,-12.819,-59.378,-12.856,-55.878,Broken,White,Solid,White
7,0,-1,15.0,Driving,False,-12.801,-61.128,0.0,0.597,3.5,-12.783,-62.878,-12.819,-59.378,SolidSolid,Yellow,Broken,White
7,0,1,15.0,Driving,False,-12.765,-64.628,0.0,180.597,3.5,-12.783,-62.878,-12.746,-66.378,SolidSolid,Yellow,Broken,White
7,0,2,15.0,Driving,False,-12.728,-68.127,0.0,180.597,3.5,-12.746,-66.378,-12.71,-69.877,Broken,White,Solid,White
7,0,-2,16.0,Driving,False,-11.838,-57.618,0.0,0.597,3.5,-11.819,-59.368,-11.856,-55.868,Broken,White,Solid,White
7,0,-1,16.0,Driving,False,-11.801,-61.117,0.0,0.597,3.5,-11.783,-62.867,-11.819,-59.368,SolidSolid,Yellow,Broken,White
7,0,1,16.0,Driving,False,-11.765,-64.617,0.0,180.597,3.5,-11.783,-62.867,-11.747,-66.367,SolidSolid,Yellow,Broken,White
7,0,2,16.0,Driving,False,-11.728,-68.117,0.0,180.597,3.5,-11.747,-66.367,-11.71,-69.867,Broken,White,Solid,White
7,0,-2,17.0,Driving,False,-10.838,-57.607,0.0,0.597,3.5,-10.819,-59.357,-10.856,-55.857,Broken,White,Solid,White
7,0,-1,17.0,Driving,False,-10.801,-61.107,0.0,0.597,3.5,-10.783,-62.857,-10.819,-59.357,SolidSolid,Yellow,Broken,White
7,0,1,17.0,Driving,False,-10.765,-64.607,0.0,180.597,3.5,-10.783,-62.857,-10.747,-66.357,SolidSolid,Yellow,Broken,White
7,0,2,17.0,Driving,False,-10.728,-68.107,0.0,180.597,3.5,-10.747,-66.357,-10.71,-69.857,Broken,White,Solid,White
7,0,-2,18.0,Driving,False,-9.838,-57.597,0.0,0.597,3.5,-9.82,-59.347,-9.856,-55.847,Broken,White,Solid,White
7,0,-1,18.0,Driving,False,-9.801,-61.097,0.0,0.597,3.5,-9.783,-62.846,-9.82,-59.347,SolidSolid,Yellow,Broken,White
7,0,1,18.0,Driving,False,-9.765,-64.596,0.0,180.597,3.5,-9.783,-62.846,-9.747,-66.346,SolidSolid,Yellow,Broken,White
7,0,2,18.0,Driving,False,-9.728,-68.096,0.0,180.597,3.5,-9.747,-66.346,-9.71,-69.846,Broken,White,Solid,White
7,0,-2,19.0,Driving,False,-8.838,-57.586,0.0,0.597,3.5,-8.82,-59.336,-8.856,-55.836,Broken,White,Solid,White
7,0,-1,19.0,Driving,False,-8.801,-61.086,0.0,0.597,3.5,-8.783,-62.836,-8.82,-59.336,SolidSolid,Yellow,Broken,White
7,0,1,19.0,Driving,False,-8.765,-64.586,0.0,180.597,3.5,-8.783,-62.836,-8.747,-66.336,SolidSolid,Yellow,Broken,White
7,0,2,19.0,Driving,False,-8.728,-68.086,0.0,180.597,3.5,-8.747,-66.336,-8.71,-69.836,Broken,White,Solid,White
7,0,-2,20.0,Driving,False,-7.838,-57.576,0.0,0.597,3.5,-7.82,-59.326,-7.856,-55.826,Broken,White,Solid,White
7,0,-1,20.0,Driving,False,-7.801,-61.076,0.0,0.597,3.5,-7.783,-62.826,-7.82,-59.326,SolidSolid,Yellow,Broken,White
7,0,1,20.0,Driving,False,-7.765,-64.576,0.0,180.597,3.5,-7.783,-62.826,-7.747,-66.325,SolidSolid,Yellow,Broken,White
7,0,2,20.0,Driving,False,-7.729,-68.075,0.0,180.597,3.5,-7.747,-66.325,-7.71,-69.825,Broken,White,Solid,White
7,0,-2,21.0,Driving,False,-6.838,-57.566,0.0,0.597,3.5,-6.82,-59.315,-6.856,-55.816,Broken,White,Solid,White
7,0,-1,21.0,Driving,False,-6.801,-61.065,0.0,0.597,3.5,-6.783,-62.815,-6.82,-59.315,SolidSolid,Yellow,Broken,White
7,0,1,21.0,Driving,False,-6.765,-64.565,0.0,180.597,3.5,-6.783,-62.815,-6.747,-66.315,SolidSolid,Yellow,Broken,White
7,0,2,21.0,Driving,False,-6.729,-68.065,0.0,180.597,3.5,-6.747,-66.315,-6.71,-69.815,Broken,White,Solid,White
7,0,-2,22.0,Driving,False,-5.838,-57.555,0.0,0.597,3.5,-5.82,-59.305,-5.856,-55.805,Broken,White,Solid,White
7,0,-1,22.0,Driving,False,-5.802,-61.055,0.0,0.597,3.5,-5.783,-62.805,-5.82,-59.305,SolidSolid,Yellow,Broken,White
7,0,1,22.0,Driving,False,-5.765,-64.555,0.0,180.597,3.5,-5.783,-62.805,-5.747,-66.305,SolidSolid,Yellow,Broken,White
7,0,2,22.0,Driving,False,-5.729,-68.055,0.0,180.597,3.5,-5.747,-66.305,-5.71,-69.804,Broken,White,Solid,White
125,0,-1,0.0,Driving,True,-67.155,-58.194,0.0,-359.403,3.5,-67.136,-59.944,-67.173,-56.444,Broken,White,Solid,White
125,0,-1,1.0,Driving,True,-66.154,-58.183,0.0,-359.403,3.5,-66.136,-59.933,-66.172,-56.433,NONE,White,NONE,White
125,0,-1,2.0,Driving,True,-65.154,-58.173,0.0,-359.403,3.5,-65.136,-59.923,-65.172,-56.423,NONE,White,NONE,White
125,0,-1,3.0,Driving,True,-64.154,-58.162,0.0,-359.403,3.5,-64.136,-59.912,-64.172,-56.413,NONE,White,NONE,White
125,0,-1,4.0,Driving,True,-63.247,-58.135,0.0,-356.386,3.5,-63.137,-59.882,-63.357,-56.389,NONE,White,NONE,White
125,0,-1,5.0,Driving,True,-62.371,-58.05,0.0,-352.45,3.5,-62.141,-59.785,-62.601,-56.315,NONE,White,NONE,White
125,0,-1,6.0,Driving,True,-61.504,-57.904,0.0,-348.513,3.5,-61.155,-59.619,-61.852,-56.189,NONE,White,NONE,White
125,0,-1,7.0,Driving,True,-60.648,-57.7,0.0,-344.577,3.5,-60.183,-59.387,-61.114,-56.013,NONE,White,Solid,White
125,0,-1,8.0,Driving,True,-59.809,-57.437,0.0,-340.641,3.5,-59.229,-59.088,-60.389,-55.786,NONE,White,Solid,White
125,0,-1,9.0,Driving,True,-58.99,-57.117,0.0,-336.704,3.5,-58.298,-58.724,-59.682,-55.509,NONE,White,Solid,White
125,0,-1,10.0,Driving,True,-58.194,-56.741,0.0,-332.768,3.5,-57.393,-58.297,-58.995,-55.185,NONE,White,Solid,White
125,0,-1,11.0,Driving,True,-57.426,-56.312,0.0,-328.831,3.5,-56.521,-57.81,-58.332,-54.815,NONE,White,Solid,White
125,0,-1,12.0,Driving,True,-56.69,-55.831,0.0,-324.895,3.5,-55.684,-57.263,-57.696,-54.4,NONE,White,Solid,White
125,0,-1,13.0,Driving,True,-55.988,-55.301,0.0,-320.958,3.5,-54.886,-56.66,-57.09,-53.942,NONE,White,Solid,White
125,0,-1,14.0,Driving,True,-55.332,-54.73,0.0,-316.724,3.5,-54.132,-56.004,-56.531,-53.455,NONE,White,Solid,White
125,0,-1,15.0,Driving,True,-54.735,-54.119,0.0,-311.943,3.5,-53.433,-55.289,-56.037,-52.949,NONE,White,Solid,White
125,0,-1,16.0,Driving,True,-54.191,-53.461,0.0,-307.161,3.5,-52.797,-54.518,-55.586,-52.404,NONE,White,Solid,White
125,0,-1,17.0,Driving,True,-53.705,-52.759,0.0,-302.38,3.5,-52.227,-53.697,-55.182,-51.822,NONE,White,Solid,White
125,0,-1,18.0,Driving,True,-53.278,-52.02,0.0,-297.598,3.5,-51.727,-52.831,-54.829,-51.209,NONE,White,Solid,White
125,0,-1,19.0,Driving,True,-52.914,-51.248,0.0,-292.817,3.5,-51.301,-51.926,-54.527,-50.569,NONE,White,Solid,White
125,0,-1,20.0,Driving,True,-52.616,-50.448,0.0,-288.036,3.5,-50.952,-50.989,-54.28,-49.906,NONE,White,Solid,White
125,0,-1,21.0,Driving,True,-52.386,-49.625,0.0,-283.254,3.5,-50.683,-50.027,-54.089,-49.224,NONE,White,Solid,White
125,0,-1,22.0,Driving,True,-52.225,-48.787,0.0,-278.473,3.5,-50.494,-49.045,-53.956,-48.529,NONE,White,NONE,White
125,0,-1,23.0,Driving,True,-52.135,-47.938,0.0,-273.692,3.5,-50.388,-48.051,-53.881,-47.825,NONE,White,NONE,White
125,0,-1,24.0,Driving,True,-52.115,-47.065,0.0,-269.568,3.5,-50.365,-47.051,-53.865,-47.078,NONE,White,NONE,White
125,0,-1,25.0,Driving,True,-52.122,-46.064,0.0,-269.568,3.5,-50.372,-46.051,-53.872,-46.077,Broken,White,Solid,White
125,0,-1,26.0,Driving,True,-52.13,-45.064,0.0,-269.568,3.5,-50.38,-45.051,-53.88,-45.077,Broken,White,Solid,White
125,0,-1,27.0,Driving,True,-52.137,-44.064,0.0,-269.568,3.5,-50.387,-44.051,-53.887,-44.078,Broken,White,Solid,White
516,0,1,0.0,Driving,True,-28.56,137.036,0.0,-359.648,3.5,-28.549,135.286,-28.571,138.786,SolidSolid,Yellow,Broken,White
516,0,2,0.0,Driving,True,-28.582,140.536,0.0,-359.648,3.5,-28.571,138.786,-28.592,142.286,Broken,White,Solid,White
516,0,1,1.0,Driving,True,-29.56,137.029,0.0,-359.648,3.5,-29.549,135.279,-29.571,138.779,SolidSolid,Yellow,Broken,White
516,0,2,1.0,Driving,True,-29.582,140.529,0.0,-359.648,3.5,-29.571,138.779,-29.592,142.279,Broken,White,Solid,White
516,0,1,2.0,Driving,True,-30.56,137.023,0.0,-359.648,3.5,-30.549,135.273,-30.571,138.773,SolidSolid,Yellow,Broken,White
516,0,2,2.0,Driving,True,-30.582,140.523,0.0,-359.648,3.5,-30.571,138.773,-30.592,142.273,Broken,White,Solid,White
516,0,1,3.0,Driving,True,-31.56,137.017,0.0,-359.648,3.5,-31.549,135.267,-31.571,138.767,SolidSolid,Yellow,Broken,White
516,0,2,3.0,Driving,True,-31.582,140.517,0.0,-359.648,3.5,-31.571,138.767,-31.592,142.267,Broken,White,Solid,White
516,0,1,4.0,Driving,True,-32.56,137.011,0.0,-359.648,3.5,-32.549,135.261,-32.571,138.761,SolidSolid,Yellow,Broken,White
516,0,2,4.0,Driving,True,-32.582,140.511,0.0,-359.648,3.5,-32.571,138.761,-32.592,142.261,Broken,White,Solid,White
516,0,1,5.0,Driving,True,-33.56,137.005,0.0,-359.648,3.5,-33.549,135.255,-33.571,138.755,SolidSolid,Yellow,Broken,White
516,0,2,5.0,Driving,True,-33.582,140.505,0.0,-359.648,3.5,-33.571,138.755,-33.592,142.255,Broken,White,Solid,White
516,0,1,6.0,Driving,True,-34.56,136.999,0.0,-359.648,3.5,-34.549,135.249,-34.571,138.749,SolidSolid,Yellow,Broken,White
516,0,2,6.0,Driving,True,-34.582,140.499,0.0,-359.648,3.5,-34.571,138.749,-34.592,142.249,Broken,White,Solid,White
516,0,1,7.0,Driving,True,-35.56,136.993,0.0,-359.648,3.5,-35.549,135.243,-35.571,138.743,SolidSolid,Yellow,Broken,White
516,0,2,7.0,Driving,True,-35.582,140.493,0.0,-359.648,3.5,-35.571,138.743,-35.592,142.242,Broken,White,Solid,White
516,0,1,8.0,Driving,True,-36.56,136.986,0.0,-359.648,3.5,-36.549,135.236,-36.571,138.736,SolidSolid,Yellow,Broken,White
516,0,2,8.0,Driving,True,-36.582,140.486,0.0,-359.648,3.5,-36.571,138.736,-36.592,142.236,Broken,White,Solid,White
516,0,1,9.0,Driving,True,-37.56,136.98,0.0,-359.648,3.5,-37.549,135.23,-37.571,138.73,SolidSolid,Yellow,Broken,White
516,0,2,9.0,Driving,True,-37.582,140.48,0.0,-359.648,3.5,-37.571,138.73,-37.592,142.23,Broken,White,Solid,White
516,0,1,10.0,Driving,True,-38.56,136.974,0.0,-359.648,3.5,-38.549,135.224,-38.571,138.724,SolidSolid,Yellow,Broken,White
516,0,2,10.0,Driving,True,-38.582,140.474,0.0,-359.648,3.5,-38.571,138.724,-38.592,142.224,Broken,White,Solid,White
516,0,1,11.0,Driving,True,-39.56,136.968,0.0,-359.648,3.5,-39.549,135.218,-39.571,138.718,SolidSolid,Yellow,Broken,White
516,0,2,11.0,Driving,True,-39.582,140.468,0.0,-359.648,3.5,-39.571,138.718,-39.592,142.218,Broken,White,Solid,White
516,0,1,12.0,Driving,True,-40.56,136.962,0.0,-359.648,3.5,-40.549,135.212,-40.571,138.712,SolidSolid,Yellow,Broken,White
516,0,2,12.0,Driving,True,-40.582,140.462,0.0,-359.648,3.5,-40.571,138.712,-40.592,142.212,Broken,White,Solid,White
516,0,1,13.0,Driving,True,-41.56,136.956,0.0,-359.648,3.5,-41.549,135.206,-41.571,138.706,SolidSolid,Yellow,Broken,White
516,0,2,13.0,Driving,True,-41.581,140.456,0.0,-359.648,3.5,-41.571,138.706,-41.592,142.206,Broken,White,Solid,White
516,0,1,14.0,Driving,True,-42.56,136.95,0.0,-359.648,3.5,-42.549,135.2,-42.571,138.7,SolidSolid,Yellow,Broken,White
516,0,2,14.0,Driving,True,-42.581,140.449,0.0,-359.648,3.5,-42.571,138.7,-42.592,142.199,Broken,White,Solid,White
516,0,1,15.0,Driving,True,-43.56,136.943,0.0,-359.648,3.5,-43.549,135.193,-43.571,138.693,SolidSolid,Yellow,Broken,White
516,0,2,15.0,Driving,True,-43.581,140.443,0.0,-359.648,3.5,-43.571,138.693,-43.592,142.193,Broken,White,Solid,White
516,0,1,16.0,Driving,True,-44.56,136.937,0.0,-359.648,3.5,-44.549,135.187,-44.571,138.687,SolidSolid,Yellow,Broken,White
516,0,2,16.0,Driving,True,-44.581,140.437,0.0,-359.648,3.5,-44.571,138.687,-44.592,142.187,Broken,White,Solid,White
516,0,1,17.0,Driving,True,-45.56,136.931,0.0,-359.648,3.5,-45.549,135.181,-45.571,138.681,SolidSolid,Yellow,Broken,White
516,0,2,17.0,Driving,True,-45.581,140.431,0.0,-359.648,3.5,-45.571,138.681,-45.592,142.181,Broken,White,Solid,White
516,0,1,18.0,Driving,True,-46.56,136.925,0.0,-359.648,3.5,-46.549,135.175,-46.571,138.675,SolidSolid,Yellow,Broken,White
516,0,2,18.0,Driving,True,-46.581,140.425,0.0,-359.648,3.5,-46.571,138.675,-46.592,142.175,Broken,White,Solid,White
516,0,1,19.0,Driving,True,-47.56,136.919,0.0,-359.648,3.5,-47.549,135.169,-47.571,138.669,SolidSolid,Yellow,Broken,White
516,0,2,19.0,Driving,True,-47.581,140.419,0.0,-359.648,3.5,-47.571,138.669,-47.592,142.169,Broken,White,Solid,White
516,0,1,20.0,Driving,True,-48.56,136.913,0.0,-359.648,3.5,-48.549,135.163,-48.571,138.663,SolidSolid,Yellow,Broken,White
516,0,2,20.0,Driving,True,-48.581,140.413,0.0,-359.648,3.5,-48.571,138.663,-48.592,142.163,Broken,White,Solid,White
516,0,1,21.0,Driving,True,-49.56,136.907,0.0,-359.648,3.5,-49.549,135.157,-49.571,138.657,SolidSolid,Yellow,Broken,White
516,0,2,21.0,Driving,True,-49.581,140.406,0.0,-359.648,3.5,-49.571,138.657,-49.592,142.156,Broken,White,Solid,White
516,0,1,22.0,Driving,True,-50.56,136.9,0.0,-359.648,3.5,-50.549,135.15,-50.571,138.65,SolidSolid,Yellow,Broken,White
516,0,2,22.0,Driving,True,-50.581,140.4,0.0,-359.648,3.5,-50.571,138.65,-50.592,142.15,Broken,White,Solid,White
516,0,1,23.0,Driving,True,-51.56,136.894,0.0,-359.648,3.5,-51.549,135.144,-51.571,138.644,SolidSolid,Yellow,Broken,White
516,0,2,23.0,Driving,True,-51.581,140.394,0.0,-359.648,3.5,-51.571,138.644,-51.592,142.144,Broken,White,Solid,White
516,0,1,24.0,Driving,True,-52.56,136.888,0.0,-359.648,3.5,-52.549,135.138,-52.571,138.638,SolidSolid,Yellow,Broken,White
516,0,2,24.0,Driving,True,-52.581,140.388,0.0,-359.648,3.5,-52.571,138.638,-52.592,142.138,Broken,White,Solid,White
516,0,1,25.0,Driving,True,-53.56,136.882,0.0,-359.648,3.5,-53.549,135.132,-53.57,138.632,SolidSolid,Yellow,Broken,White
516,0,2,25.0,Driving,True,-53.581,140.382,0.0,-359.648,3.5,-53.57,138.632,-53.592,142.132,Broken,White,Solid,White
516,0,1,26.0,Driving,True,-54.56,136.876,0.0,-359.648,3.5,-54.549,135.126,-54.57,138.626,SolidSolid,Yellow,Broken,White
516,0,2,26.0,Driving,True,-54.581,140.376,0.0,-359.648,3.5,-54.57,138.626,-54.592,142.126,Broken,White,Solid,White
516,0,1,27.0,Driving,True,-55.56,136.87,0.0,-359.648,3.5,-55.549,135.12,-55.57,138.62,SolidSolid,Yellow,Broken,White
516,0,2,27.0,Driving,True,-55.581,140.37,0.0,-359.648,3.5,-55.57,138.62,-55.592,142.12,Broken,White,Solid,White
516,0,1,28.0,Driving,True,-56.56,136.864,0.0,-359.648,3.5,-56.549,135.114,-56.57,138.614,SolidSolid,Yellow,Broken,White
516,0,2,28.0,Driving,True,-56.581,140.363,0.0,-359.648,3.5,-56.57,138.613,-56.592,142.113,Broken,White,Solid,White
516,0,1,29.0,Driving,True,-57.56,136.857,0.0,-359.648,3.5,-57.549,135.107,-57.57,138.607,SolidSolid,Yellow,Broken,White
516,0,2,29.0,Driving,True,-57.581,140.357,0.0,-359.648,3.5,-57.57,138.607,-57.592,142.107,Broken,White,Solid,White
516,0,1,30.0,Driving,True,-58.56,136.851,0.0,-359.648,3.5,-58.549,135.101,-58.57,138.601,SolidSolid,Yellow,Broken,White
516,0,2,30.0,Driving,True,-58.581,140.351,0.0,-359.648,3.5,-58.57,138.601,-58.592,142.101,Broken,White,Solid,White
516,0,1,31.0,Driving,True,-59.56,136.845,0.0,-359.648,3.5,-59.549,135.095,-59.57,138.595,SolidSolid,Yellow,Broken,White
516,0,2,31.0,Driving,True,-59.581,140.345,0.0,-359.648,3.5,-59.57,138.595,-59.592,142.095,Broken,White,Solid,White
516,0,1,32.0,Driving,True,-60.56,136.839,0.0,-359.648,3.5,-60.549,135.089,-60.57,138.589,SolidSolid,Yellow,Broken,White
516,0,2,32.0,Driving,True,-60.581,140.339,0.0,-359.648,3.5,-60.57,138.589,-60.592,142.089,Broken,White,Solid,White
516,0,1,33.0,Driving,True,-61.56,136.833,0.0,-359.648,3.5,-61.549,135.083,-61.57,138.583,SolidSolid,Yellow,Broken,White
516,0,2,33.0,Driving,True,-61.581,140.333,0.0,-359.648,3.5,-61.57,138.583,-61.592,142.083,Broken,White,Solid,White
516,0,1,34.0,Driving,True,-62.56,136.827,0.0,-359.648,3.5,-62.549,135.077,-62.57,138.577,SolidSolid,Yellow,Broken,White
516,0,2,34.0,Driving,True,-62.581,140.327,0.0,-359.648,3.5,-62.57,138.577,-62.592,142.077,Broken,White,Solid,White
516,0,1,35.0,Driving,True,-63.601,136.808,0.0,1.71,3.5,-63.549,135.059,-63.653,138.557,SolidSolid,Yellow,Broken,White
516,0,2,35.0,Driving,True,-63.705,140.306,0.0,1.71,3.5,-63.653,138.557,-63.758,142.056,Broken,White,Solid,White
516,0,1,36.0,Driving,True,-64.642,136.764,0.0,3.073,3.5,-64.548,135.017,-64.735,138.512,SolidSolid,Yellow,Broken,White
516,0,2,36.0,Driving,True,-64.829,140.259,0.0,3.073,3.5,-64.735,138.512,-64.923,142.007,Broken,White,Solid,White
516,0,1,37.0,Driving,True,-65.681,136.696,0.0,4.436,3.5,-65.546,134.952,-65.816,138.441,SolidSolid,Yellow,Broken,White
516,0,2,37.0,Driving,True,-65.952,140.186,0.0,4.436,3.5,-65.816,138.441,-66.087,141.931,Broken,White,Solid,White
516,0,1,38.0,Driving,True,-66.718,136.603,0.0,5.799,3.5,-66.542,134.862,-66.895,138.344,SolidSolid,Yellow,Broken,White
516,0,2,38.0,Driving,True,-67.072,140.085,0.0,5.799,3.5,-66.895,138.344,-67.249,141.826,Broken,White,Solid,White
516,0,1,39.0,Driving,True,-67.753,136.486,0.0,7.162,3.5,-67.535,134.749,-67.972,138.222,SolidSolid,Yellow,Broken,White
516,0,2,39.0,Driving,True,-68.19,139.958,0.0,7.162,3.5,-67.972,138.222,-68.408,141.695,Broken,White,Solid,White
516,0,1,40.0,Driving,True,-68.785,136.344,0.0,8.525,3.5,-68.526,134.613,-69.045,138.074,SolidSolid,Yellow,Broken,White
516,0,2,40.0,Driving,True,-69.304,139.805,0.0,8.525,3.5,-69.045,138.074,-69.563,141.536,Broken,White,Solid,White
516,0,1,41.0,Driving,True,-69.813,136.177,0.0,9.888,3.5,-69.513,134.453,-70.114,137.901,SolidSolid,Yellow,Broken,White
516,0,2,41.0,Driving,True,-70.414,139.625,0.0,9.888,3.5,-70.114,137.901,-70.715,141.349,Broken,White,Solid,White
516,0,1,42.0,Driving,True,-70.837,135.986,0.0,11.251,3.5,-70.496,134.27,-71.179,137.702,SolidSolid,Yellow,Broken,White
516,0,2,42.0,Driving,True,-71.52,139.419,0.0,11.251,3.5,-71.179,137.702,-71.862,141.135,Broken,White,Solid,White
516,0,1,43.0,Driving,True,-71.856,135.771,0.0,12.614,3.5,-71.474,134.063,-72.239,137.478,SolidSolid,Yellow,Broken,White
516,0,2,43.0,Driving,True,-72.621,139.186,0.0,12.614,3.5,-72.239,137.478,-73.003,140.894,Broken,White,Solid,White
8,0,-2,0.0,Driving,False,-0.212,140.71,0.0,0.352,3.5,-0.202,138.96,-0.223,142.46,Broken,White,Solid,White
8,0,-1,0.0,Driving,False,-0.191,137.21,0.0,0.352,3.5,-0.18,135.46,-0.202,138.96,SolidSolid,Yellow,Broken,White
8,0,1,0.0,Driving,False,-0.169,133.71,0.0,180.352,3.5,-0.18,135.46,-0.158,131.96,SolidSolid,Yellow,Broken,White
8,0,2,0.0,Driving,False,-0.148,130.21,0.0,180.352,3.5,-0.158,131.96,-0.137,128.46,Broken,White,Solid,White
8,0,-2,1.0,Driving,False,0.788,140.716,0.0,0.352,3.5,0.798,138.966,0.777,142.466,Broken,White,Solid,White
8,0,-1,1.0,Driving,False,0.809,137.216,0.0,0.352,3.5,0.82,135.466,0.798,138.966,SolidSolid,Yellow,Broken,White
8,0,1,1.0,Driving,False,0.831,133.716,0.0,180.352,3.5,0.82,135.466,0.841,131.966,SolidSolid,Yellow,Broken,White
8,0,2,1.0,Driving,False,0.852,130.216,0.0,180.352,3.5,0.841,131.966,0.863,128.466,Broken,White,Solid,White
8,0,-2,2.0,Driving,False,1.783,140.722,0.0,0.404,3.5,1.795,138.972,1.771,142.472,Broken,White,Solid,White
8,0,-1,2.0,Driving,False,1.808,137.222,0.0,0.404,3.5,1.82,135.473,1.795,138.972,SolidSolid,Yellow,Broken,White
8,0,1,2.0,Driving,False,1.832,133.723,0.0,180.404,3.5,1.82,135.473,1.845,131.973,SolidSolid,Yellow,Broken,White
8,0,2,2.0,Driving,False,1.857,130.223,0.0,180.404,3.5,1.845,131.973,1.869,128.473,Broken,White,Solid,White
8,0,-2,3.0,Driving,False,2.772,140.73,0.0,0.518,3.5,2.788,138.98,2.757,142.48,Broken,White,Solid,White
8,0,-1,3.0,Driving,False,2.804,137.23,0.0,0.518,3.5,2.82,135.481,2.788,138.98,SolidSolid,Yellow,Broken,White
8,0,1,3.0,Driving,False,2.836,133.731,0.0,180.518,3.5,2.82,135.481,2.852,131.981,SolidSolid,Yellow,Broken,White
8,0,2,3.0,Driving,False,2.867,130.231,0.0,180.518,3.5,2.852,131.981,2.883,128.481,Broken,White,Solid,White
8,0,-2,4.0,Driving,False,3.762,140.74,0.0,0.633,3.5,3.781,138.99,3.743,142.49,Broken,White,Solid,White
8,0,-1,4.0,Driving,False,3.801,137.24,0.0,0.633,3.5,3.82,135.491,3.781,138.99,SolidSolid,Yellow,Broken,White
8,0,1,4.0,Driving,False,3.839,133.741,0.0,180.633,3.5,3.82,135.491,3.859,131.991,SolidSolid,Yellow,Broken,White
8,0,2,4.0,Driving,False,3.878,130.241,0.0,180.633,3.5,3.859,131.991,3.897,128.491,Broken,White,Solid,White
8,0,-2,5.0,Driving,False,4.751,140.752,0.0,0.747,3.5,4.774,139.002,4.728,142.502,Broken,White,Solid,White
8,0,-1,5.0,Driving,False,4.797,137.252,0.0,0.747,3.5,4.82,135.503,4.774,139.002,SolidSolid,Yellow,Broken,White
8,0,1,5.0,Driving,False,4.843,133.753,0.0,180.747,3.5,4.82,135.503,4.865,132.003,SolidSolid,Yellow,Broken,White
8,0,2,5.0,Driving,False,4.888,130.253,0.0,180.747,3.5,4.865,132.003,4.911,128.503,Broken,White,Solid,White
8,0,-2,6.0,Driving,False,5.741,140.766,0.0,0.862,3.5,5.767,139.016,5.714,142.516,Broken,White,Solid,White
8,0,-1,6.0,Driving,False,5.793,137.266,0.0,0.862,3.5,5.82,135.517,5.767,139.016,SolidSolid,Yellow,Broken,White
8,0,1,6.0,Driving,False,5.846,133.767,0.0,180.862,3.5,5.82,135.517,5.872,132.017,SolidSolid,Yellow,Broken,White
8,0,2,6.0,Driving,False,5.899,130.267,0.0,180.862,3.5,5.872,132.017,5.925,128.517,Broken,White,Solid,White
8,0,-2,7.0,Driving,False,6.73,140.782,0.0,0.977,3.5,6.76,139.032,6.7,142.532,Broken,White,Solid,White
8,0,-1,7.0,Driving,False,6.79,137.282,0.0,0.977,3.5,6.82,135.533,6.76,139.032,SolidSolid,Yellow,Broken,White
8,0,1,7.0,Driving,False,6.849,133.783,0.0,180.977,3.5,6.82,135.533,6.879,132.033,SolidSolid,Yellow,Broken,White
8,0,2,7.0,Driving,False,6.909,130.283,0.0,180.977,3.5,6.879,132.033,6.939,128.534,Broken,White,Solid,White
8,0,-2,8.0,Driving,False,7.719,140.8,0.0,1.091,3.5,7.753,139.05,7.686,142.549,Broken,White,Solid,White
8,0,-1,8.0,Driving,False,7.786,137.3,0.0,1.091,3.5,7.819,135.551,7.753,139.05,SolidSolid,Yellow,Broken,White
8,0,1,8.0,Driving,False,7.853,133.801,0.0,181.091,3.5,7.819,135.551,7.886,132.051,SolidSolid,Yellow,Broken,White
8,0,2,8.0,Driving,False,7.919,130.302,0.0,181.091,3.5,7.886,132.051,7.953,128.552,Broken,White,Solid,White
8,0,-2,9.0,Driving,False,8.711,140.82,0.0,1.178,3.5,8.747,139.07,8.675,142.569,Broken,White,Solid,White
8,0,-1,9.0,Driving,False,8.783,137.32,0.0,1.178,3.5,8.819,135.571,8.747,139.07,SolidSolid,Yellow,Broken,White
8,0,1,9.0,Driving,False,8.855,133.821,0.0,181.178,3.5,8.819,135.571,8.891,132.071,SolidSolid,Yellow,Broken,White
8,0,2,9.0,Driving,False,8.927,130.322,0.0,181.178,3.5,8.891,132.071,8.963,128.572,Broken,White,Solid,White
8,0,-2,10.0,Driving,False,9.711,140.84,0.0,1.178,3.5,9.747,139.091,9.675,142.59,Broken,White,Solid,White
8,0,-1,10.0,Driving,False,9.783,137.341,0.0,1.178,3.5,9.819,135.591,9.747,139.091,SolidSolid,Yellow,Broken,White
8,0,1,10.0,Driving,False,9.855,133.842,0.0,181.178,3.5,9.819,135.591,9.891,132.092,SolidSolid,Yellow,Broken,White
8,0,2,10.0,Driving,False,9.927,130.342,0.0,181.178,3.5,9.891,132.092,9.963,128.593,Broken,White,Solid,White
8,0,-2,11.0,Driving,False,10.715,140.861,0.0,1.135,3.5,10.749,139.111,10.68,142.61,Broken,White,Solid,White
8,0,-1,11.0,Driving,False,10.784,137.361,0.0,1.135,3.5,10.819,135.612,10.749,139.111,SolidSolid,Yellow,Broken,White
8,0,1,11.0,Driving,False,10.853,133.862,0.0,181.135,3.5,10.819,135.612,10.888,132.112,SolidSolid,Yellow,Broken,White
8,0,2,11.0,Driving,False,10.923,130.363,0.0,181.135,3.5,10.888,132.112,10.957,128.613,Broken,White,Solid,White
8,0,-2,12.0,Driving,False,11.725,140.88,0.0,1.02,3.5,11.756,139.13,11.694,142.629,Broken,White,Solid,White
8,0,-1,12.0,Driving,False,11.787,137.38,0.0,1.02,3.5,11.819,135.63,11.756,139.13,SolidSolid,Yellow,Broken,White
8,0,1,12.0,Driving,False,11.85,133.881,0.0,181.02,3.5,11.819,135.63,11.881,132.131,SolidSolid,Yellow,Broken,White
8,0,2,12.0,Driving,False,11.912,130.381,0.0,181.02,3.5,11.881,132.131,11.943,128.632,Broken,White,Solid,White
8,0,-2,13.0,Driving,False,12.735,140.897,0.0,0.906,3.5,12.763,139.147,12.708,142.646,Broken,White,Solid,White
8,0,-1,13.0,Driving,False,12.791,137.397,0.0,0.906,3.5,12.818,135.647,12.763,139.147,SolidSolid,Yellow,Broken,White
8,0,1,13.0,Driving,False,12.846,133.898,0.0,180.906,3.5,12.818,135.647,12.874,132.148,SolidSolid,Yellow,Broken,White
8,0,2,13.0,Driving,False,12.901,130.398,0.0,180.906,3.5,12.874,132.148,12.929,128.648,Broken,White,Solid,White
8,0,-2,14.0,Driving,False,13.746,140.912,0.0,0.791,3.5,13.77,139.162,13.722,142.661,Broken,White,Solid,White
8,0,-1,14.0,Driving,False,13.794,137.412,0.0,0.791,3.5,13.818,135.662,13.77,139.162,SolidSolid,Yellow,Broken,White
8,0,1,14.0,Driving,False,13.843,133.912,0.0,180.791,3.5,13.818,135.662,13.867,132.162,SolidSolid,Yellow,Broken,White
8,0,2,14.0,Driving,False,13.891,130.413,0.0,180.791,3.5,13.867,132.162,13.915,128.663,Broken,White,Solid,White
8,0,-2,15.0,Driving,False,14.756,140.925,0.0,0.677,3.5,14.777,139.175,14.736,142.674,Broken,White,Solid,White
8,0,-1,15.0,Driving,False,14.798,137.425,0.0,0.677,3.5,14.818,135.675,14.777,139.175,SolidSolid,Yellow,Broken,White
8,0,1,15.0,Driving,False,14.839,133.925,0.0,180.677,3.5,14.818,135.675,14.86,132.175,SolidSolid,Yellow,Broken,White
8,0,2,15.0,Driving,False,14.88,130.425,0.0,180.677,3.5,14.86,132.175,14.901,128.675,Broken,White,Solid,White
8,0,-2,16.0,Driving,False,15.767,140.935,0.0,0.562,3.5,15.784,139.186,15.75,142.685,Broken,White,Solid,White
8,0,-1,16.0,Driving,False,15.801,137.436,0.0,0.562,3.5,15.818,135.686,15.784,139.186,SolidSolid,Yellow,Broken,White
8,0,1,16.0,Driving,False,15.835,133.936,0.0,180.562,3.5,15.818,135.686,15.853,132.186,SolidSolid,Yellow,Broken,White
8,0,2,16.0,Driving,False,15.87,130.436,0.0,180.562,3.5,15.853,132.186,15.887,128.686,Broken,White,Solid,White
8,0,-2,17.0,Driving,False,16.777,140.944,0.0,0.447,3.5,16.791,139.194,16.764,142.694,Broken,White,Solid,White
8,0,-1,17.0,Driving,False,16.805,137.445,0.0,0.447,3.5,16.818,135.695,16.791,139.194,SolidSolid,Yellow,Broken,White
8,0,1,17.0,Driving,False,16.832,133.945,0.0,180.447,3.5,16.818,135.695,16.846,132.195,SolidSolid,Yellow,Broken,White
8,0,2,17.0,Driving,False,16.859,130.445,0.0,180.447,3.5,16.846,132.195,16.873,128.695,Broken,White,Solid,White
8,0,-2,18.0,Driving,False,17.788,140.951,0.0,0.333,3.5,17.798,139.201,17.778,142.701,Broken,White,Solid,White
8,0,-1,18.0,Driving,False,17.808,137.451,0.0,0.333,3.5,17.818,135.701,17.798,139.201,SolidSolid,Yellow,Broken,White
8,0,1,18.0,Driving,False,17.828,133.951,0.0,180.333,3.5,17.818,135.701,17.838,132.201,SolidSolid,Yellow,Broken,White
8,0,2,18.0,Driving,False,17.849,130.451,0.0,180.333,3.5,17.838,132.201,17.859,128.701,Broken,White,Solid,White
8,0,-2,19.0,Driving,False,18.789,140.957,0.0,0.32,3.5,18.799,139.207,18.779,142.707,Broken,White,Solid,White
8,0,-1,19.0,Driving,False,18.808,137.457,0.0,0.32,3.5,18.818,135.707,18.799,139.207,SolidSolid,Yellow,Broken,White
8,0,1,19.0,Driving,False,18.828,133.957,0.0,180.32,3.5,18.818,135.707,18.838,132.207,SolidSolid,Yellow,Broken,White
8,0,2,19.0,Driving,False,18.848,130.457,0.0,180.32,3.5,18.838,132.207,18.857,128.707,Broken,White,Solid,White
9,0,-1,0.0,Driving,False,44.029,52.549,0.0,-90.751,3.5,42.279,52.572,45.779,52.526,SolidSolid,Yellow,NONE,White
9,0,1,0.0,Driving,False,40.529,52.595,0.0,89.249,3.5,42.279,52.572,38.779,52.618,SolidSolid,Yellow,Solid,White
9,0,-1,1.0,Driving,False,44.016,51.549,0.0,-90.751,3.5,42.266,51.572,45.766,51.526,SolidSolid,Yellow,NONE,White
9,0,1,1.0,Driving,False,40.516,51.595,0.0,89.249,3.5,42.266,51.572,38.766,51.618,SolidSolid,Yellow,Solid,White
9,0,-1,2.0,Driving,False,44.003,50.549,0.0,-90.751,3.5,42.253,50.572,45.753,50.526,SolidSolid,Yellow,NONE,White
9,0,1,2.0,Driving,False,40.503,50.595,0.0,89.249,3.5,42.253,50.572,38.753,50.618,SolidSolid,Yellow,Solid,White
9,0,-1,3.0,Driving,False,43.99,49.549,0.0,-90.751,3.5,42.24,49.572,45.739,49.526,SolidSolid,Yellow,NONE,White
9,0,1,3.0,Driving,False,40.49,49.595,0.0,89.249,3.5,42.24,49.572,38.74,49.618,SolidSolid,Yellow,Solid,White
9,0,-1,4.0,Driving,False,43.977,48.549,0.0,-90.751,3.5,42.227,48.572,45.726,48.526,SolidSolid,Yellow,NONE,White
9,0,1,4.0,Driving,False,40.477,48.595,0.0,89.249,3.5,42.227,48.572,38.727,48.618,SolidSolid,Yellow,NONE,White
9,0,-1,5.0,Driving,False,43.963,47.549,0.0,-90.751,3.5,42.214,47.572,45.713,47.526,SolidSolid,Yellow,NONE,White
9,0,1,5.0,Driving,False,40.464,47.595,0.0,89.249,3.5,42.214,47.572,38.714,47.618,SolidSolid,Yellow,NONE,White
9,0,-1,6.0,Driving,False,43.95,46.549,0.0,-90.751,3.5,42.2,46.572,45.7,46.526,SolidSolid,Yellow,NONE,White
9,0,1,6.0,Driving,False,40.451,46.595,0.0,89.249,3.5,42.2,46.572,38.701,46.618,SolidSolid,Yellow,NONE,White
9,0,-1,7.0,Driving,False,43.937,45.549,0.0,-90.751,3.5,42.187,45.572,45.687,45.526,SolidSolid,Yellow,NONE,White
9,0,1,7.0,Driving,False,40.437,45.595,0.0,89.249,3.5,42.187,45.572,38.688,45.618,SolidSolid,Yellow,NONE,White
9,0,-1,8.0,Driving,False,43.924,44.549,0.0,-90.751,3.5,42.174,44.572,45.674,44.526,SolidSolid,Yellow,Solid,White
9,0,1,8.0,Driving,False,40.424,44.595,0.0,89.249,3.5,42.174,44.572,38.675,44.618,SolidSolid,Yellow,NONE,White
9,0,-1,9.0,Driving,False,43.911,43.549,0.0,-90.751,3.5,42.161,43.572,45.661,43.527,SolidSolid,Yellow,Solid,White
9,0,1,9.0,Driving,False,40.411,43.595,0.0,89.249,3.5,42.161,43.572,38.661,43.618,SolidSolid,Yellow,NONE,White
9,0,-1,10.0,Driving,False,43.898,42.55,0.0,-90.751,3.5,42.148,42.573,45.648,42.527,SolidSolid,Yellow,Solid,White
9,0,1,10.0,Driving,False,40.398,42.595,0.0,89.249,3.5,42.148,42.573,38.648,42.618,SolidSolid,Yellow,NONE,White
10,0,-2,0.0,Driving,False,109.979,-22.603,0.0,-89.155,3.5,108.23,-22.628,111.729,-22.577,Broken,White,Solid,White
10,0,-1,0.0,Driving,False,106.48,-22.654,0.0,-89.155,3.5,104.73,-22.68,108.23,-22.628,SolidSolid,Yellow,Broken,White
10,0,1,0.0,Driving,False,102.98,-22.706,0.0,90.845,3.5,104.73,-22.68,101.23,-22.732,SolidSolid,Yellow,Broken,White
10,0,2,0.0,Driving,False,99.481,-22.757,0.0,90.845,3.5,101.23,-22.732,97.731,-22.783,Broken,White,Solid,White
10,0,-2,1.0,Driving,False,109.982,-23.736,0.0,-90.609,3.5,108.232,-23.717,111.732,-23.754,Broken,White,Solid,White
10,0,-1,1.0,Driving,False,106.482,-23.699,0.0,-90.609,3.5,104.732,-23.68,108.232,-23.717,SolidSolid,Yellow,Broken,White
10,0,1,1.0,Driving,False,102.982,-23.661,0.0,89.391,3.5,104.732,-23.68,101.232,-23.643,SolidSolid,Yellow,Broken,White
10,0,2,1.0,Driving,False,99.482,-23.624,0.0,89.391,3.5,101.232,-23.643,97.732,-23.606,Broken,White,Solid,White
10,0,-2,2.0,Driving,False,109.955,-24.869,0.0,-92.063,3.5,108.206,-24.806,111.704,-24.932,Broken,White,Solid,White
10,0,-1,2.0,Driving,False,106.458,-24.743,0.0,-92.063,3.5,104.709,-24.68,108.206,-24.806,SolidSolid,Yellow,Broken,White
10,0,1,2.0,Driving,False,102.96,-24.617,0.0,87.937,3.5,104.709,-24.68,101.211,-24.554,SolidSolid,Yellow,Broken,White
10,0,2,2.0,Driving,False,99.462,-24.491,0.0,87.937,3.5,101.211,-24.554,97.713,-24.428,Broken,White,Solid,White
10,0,-2,3.0,Driving,False,109.9,-26.0,0.0,-93.516,3.5,108.153,-25.893,111.647,-26.108,Broken,White,Solid,White
10,0,-1,3.0,Driving,False,106.407,-25.786,0.0,-93.516,3.5,104.66,-25.678,108.153,-25.893,SolidSolid,Yellow,Broken,White
10,0,1,3.0,Driving,False,102.913,-25.571,0.0,86.484,3.5,104.66,-25.678,101.167,-25.464,SolidSolid,Yellow,Broken,White
10,0,2,3.0,Driving,False,99.42,-25.356,0.0,86.484,3.5,101.167,-25.464,97.673,-25.249,Broken,White,Solid,White
10,0,-2,4.0,Driving,False,109.816,-27.131,0.0,-94.97,3.5,108.073,-26.979,111.56,-27.282,Broken,White,Solid,White
10,0,-1,4.0,Driving,False,106.33,-26.827,0.0,-94.97,3.5,104.586,-26.676,108.073,-26.979,SolidSolid,Yellow,Broken,White
10,0,1,4.0,Driving,False,102.843,-26.524,0.0,85.03,3.5,104.586,-26.676,101.099,-26.372,SolidSolid,Yellow,Broken,White
10,0,2,4.0,Driving,False,99.356,-26.221,0.0,85.03,3.5,101.099,-26.372,97.612,-26.069,Broken,White,Solid,White
10,0,-2,5.0,Driving,False,109.704,-28.258,0.0,-96.424,3.5,107.965,-28.062,111.443,-28.454,Broken,White,Solid,White
10,0,-1,5.0,Driving,False,106.226,-27.867,0.0,-96.424,3.5,104.487,-27.671,107.965,-28.062,SolidSolid,Yellow,Broken,White
10,0,1,5.0,Driving,False,102.748,-27.475,0.0,83.576,3.5,104.487,-27.671,101.009,-27.279,SolidSolid,Yellow,Broken,White
10,0,2,5.0,Driving,False,99.27,-27.083,0.0,83.576,3.5,101.009,-27.279,97.531,-26.888,Broken,White,Solid,White
10,0,-2,6.0,Driving,False,109.563,-29.382,0.0,-97.878,3.5,107.829,-29.143,111.296,-29.622,Broken,White,Solid,White
10,0,-1,6.0,Driving,False,106.096,-28.903,0.0,-97.878,3.5,104.362,-28.663,107.829,-29.143,SolidSolid,Yellow,Broken,White
10,0,1,6.0,Driving,False,102.629,-28.423,0.0,82.122,3.5,104.362,-28.663,100.895,-28.183,SolidSolid,Yellow,Broken,White
10,0,2,6.0,Driving,False,99.162,-27.943,0.0,82.122,3.5,100.895,-28.183,97.428,-27.704,Broken,White,Solid,White
10,0,-2,7.0,Driving,False,109.393,-30.503,0.0,-99.331,3.5,107.666,-30.219,111.12,-30.787,Broken,White,Solid,White
10,0,-1,7.0,Driving,False,105.94,-29.935,0.0,-99.331,3.5,104.213,-29.652,107.666,-30.219,SolidSolid,Yellow,Broken,White
10,0,1,7.0,Driving,False,102.486,-29.368,0.0,80.669,3.5,104.213,-29.652,100.759,-29.084,SolidSolid,Yellow,Broken,White
10,0,2,7.0,Driving,False,99.032,-28.8,0.0,80.669,3.5,100.759,-29.084,97.305,-28.517,Broken,White,Solid,White
10,0,-2,8.0,Driving,False,109.195,-31.619,0.0,-100.785,3.5,107.476,-31.291,110.914,-31.946,Broken,White,Solid,White
10,0,-1,8.0,Driving,False,105.757,-30.964,0.0,-100.785,3.5,104.038,-30.636,107.476,-31.291,SolidSolid,Yellow,Broken,White
10,0,1,8.0,Driving,False,102.319,-30.309,0.0,79.215,3.5,104.038,-30.636,100.6,-29.981,SolidSolid,Yellow,Broken,White
10,0,2,8.0,Driving,False,98.881,-29.654,0.0,79.215,3.5,100.6,-29.981,97.162,-29.326,Broken,White,Solid,White
10,0,-2,9.0,Driving,False,108.969,-32.729,0.0,-102.239,3.5,107.259,-32.358,110.679,-33.1,Broken,White,Solid,White
10,0,-1,9.0,Driving,False,105.549,-31.987,0.0,-102.239,3.5,103.839,-31.616,107.259,-32.358,SolidSolid,Yellow,Broken,White
10,0,1,9.0,Driving,False,102.128,-31.245,0.0,77.761,3.5,103.839,-31.616,100.418,-30.874,SolidSolid,Yellow,Broken,White
10,0,2,9.0,Driving,False,98.708,-30.503,0.0,77.761,3.5,100.418,-30.874,96.998,-30.132,Broken,White,Solid,White
10,0,-2,10.0,Driving,False,108.715,-33.833,0.0,-103.693,3.5,107.015,-33.419,110.415,-34.248,Broken,White,Solid,White
10,0,-1,10.0,Driving,False,105.314,-33.005,0.0,-103.693,3.5,103.614,-32.591,107.015,-33.419,SolidSolid,Yellow,Broken,White
10,0,1,10.0,Driving,False,101.914,-32.176,0.0,76.307,3.5,103.614,-32.591,100.214,-31.762,SolidSolid,Yellow,Broken,White
10,0,2,10.0,Driving,False,98.513,-31.348,0.0,76.307,3.5,100.214,-31.762,96.813,-30.934,Broken,White,Solid,White
10,0,-2,11.0,Driving,False,108.433,-34.931,0.0,-105.146,3.5,106.744,-34.474,110.122,-35.388,Broken,White,Solid,White
10,0,-1,11.0,Driving,False,105.054,-34.016,0.0,-105.146,3.5,103.365,-33.559,106.744,-34.474,SolidSolid,Yellow,Broken,White
10,0,1,11.0,Driving,False,101.676,-33.102,0.0,74.854,3.5,103.365,-33.559,99.987,-32.645,SolidSolid,Yellow,Broken,White
10,0,2,11.0,Driving,False,98.298,-32.187,0.0,74.854,3.5,99.987,-32.645,96.608,-31.73,Broken,White,Solid,White
10,0,-2,12.0,Driving,False,108.123,-36.021,0.0,-106.6,3.5,106.446,-35.521,109.8,-36.521,Broken,White,Solid,White
10,0,-1,12.0,Driving,False,104.769,-35.021,0.0,-106.6,3.5,103.092,-34.521,106.446,-35.521,SolidSolid,Yellow,Broken,White
10,0,1,12.0,Driving,False,101.415,-34.021,0.0,73.4,3.5,103.092,-34.521,99.738,-33.521,SolidSolid,Yellow,Broken,White
10,0,2,12.0,Driving,False,98.06,-33.021,0.0,73.4,3.5,99.738,-33.521,96.383,-32.521,Broken,White,Solid,White
10,0,-2,13.0,Driving,False,107.785,-37.103,0.0,-108.054,3.5,106.122,-36.56,109.449,-37.645,Broken,White,Solid,White
10,0,-1,13.0,Driving,False,104.458,-36.018,0.0,-108.054,3.5,102.794,-35.475,106.122,-36.56,SolidSolid,Yellow,Broken,White
10,0,1,13.0,Driving,False,101.13,-34.933,0.0,71.946,3.5,102.794,-35.475,99.466,-34.391,SolidSolid,Yellow,Broken,White
10,0,2,13.0,Driving,False,97.802,-33.848,0.0,71.946,3.5,99.466,-34.391,96.138,-33.306,Broken,White,Solid,White
10,0,-2,14.0,Driving,False,107.421,-38.175,0.0,-109.508,3.5,105.771,-37.591,109.07,-38.76,Broken,White,Solid,White
10,0,-1,14.0,Driving,False,104.121,-37.007,0.0,-109.508,3.5,102.472,-36.422,105.771,-37.591,SolidSolid,Yellow,Broken,White
10,0,1,14.0,Driving,False,100.822,-35.838,0.0,70.492,3.5,102.472,-36.422,99.173,-35.253,SolidSolid,Yellow,Broken,White
10,0,2,14.0,Driving,False,97.523,-34.669,0.0,70.492,3.5,99.173,-35.253,95.874,-34.085,Broken,White,Solid,White
10,0,-2,15.0,Driving,False,107.029,-39.239,0.0,-110.961,3.5,105.394,-38.613,108.663,-39.865,Broken,White,Solid,White
10,0,-1,15.0,Driving,False,103.76,-37.987,0.0,-110.961,3.5,102.126,-37.36,105.394,-38.613,SolidSolid,Yellow,Broken,White
10,0,1,15.0,Driving,False,100.492,-36.734,0.0,69.039,3.5,102.126,-37.36,98.858,-36.108,SolidSolid,Yellow,Broken,White
10,0,2,15.0,Driving,False,97.223,-35.482,0.0,69.039,3.5,98.858,-36.108,95.589,-34.856,Broken,White,Solid,White
10,0,-2,16.0,Driving,False,106.61,-40.292,0.0,-112.415,3.5,104.992,-39.624,108.228,-40.959,Broken,White,Solid,White
10,0,-1,16.0,Driving,False,103.374,-38.957,0.0,-112.415,3.5,101.757,-38.29,104.992,-39.624,SolidSolid,Yellow,Broken,White
10,0,1,16.0,Driving,False,100.139,-37.622,0.0,67.585,3.5,101.756,-38.29,98.521,-36.955,SolidSolid,Yellow,Broken,White
10,0,2,16.0,Driving,False,96.903,-36.288,0.0,67.585,3.5,98.521,-36.955,95.285,-35.62,Broken,White,Solid,White
10,0,-2,17.0,Driving,False,106.164,-41.334,0.0,-113.869,3.5,104.564,-40.625,107.765,-42.042,Broken,White,Solid,White
10,0,-1,17.0,Driving,False,102.964,-39.917,0.0,-113.869,3.5,101.363,-39.209,104.564,-40.625,SolidSolid,Yellow,Broken,White
10,0,1,17.0,Driving,False,99.763,-38.501,0.0,66.131,3.5,101.363,-39.209,98.163,-37.793,SolidSolid,Yellow,Broken,White
10,0,2,17.0,Driving,False,96.563,-37.085,0.0,66.131,3.5,98.163,-37.793,94.962,-36.377,Broken,White,Solid,White
10,0,-2,18.0,Driving,False,105.693,-42.364,0.0,-115.323,3.5,104.111,-41.615,107.275,-43.112,Broken,White,Solid,White
10,0,-1,18.0,Driving,False,102.529,-40.867,0.0,-115.323,3.5,100.947,-40.118,104.111,-41.615,SolidSolid,Yellow,Broken,White
10,0,1,18.0,Driving,False,99.365,-39.37,0.0,64.677,3.5,100.947,-40.118,97.784,-38.621,SolidSolid,Yellow,Broken,White
10,0,2,18.0,Driving,False,96.202,-37.873,0.0,64.677,3.5,97.784,-38.621,94.62,-37.124,Broken,White,Solid,White
10,0,-2,19.0,Driving,False,105.195,-43.382,0.0,-116.776,3.5,103.633,-42.594,106.758,-44.17,Broken,White,Solid,White
10,0,-1,19.0,Driving,False,102.071,-41.805,0.0,-116.776,3.5,100.508,-41.017,103.633,-42.594,SolidSolid,Yellow,Broken,White
10,0,1,19.0,Driving,False,98.946,-40.228,0.0,63.224,3.5,100.508,-41.017,97.383,-39.44,SolidSolid,Yellow,Broken,White
10,0,2,19.0,Driving,False,95.821,-38.652,0.0,63.224,3.5,97.383,-39.44,94.259,-37.863,Broken,White,Solid,White
10,0,-2,20.0,Driving,False,104.672,-44.387,0.0,-118.23,3.5,103.13,-43.559,106.214,-45.215,Broken,White,Solid,White
10,0,-1,20.0,Driving,False,101.588,-42.732,0.0,-118.23,3.5,100.046,-41.904,103.13,-43.559,SolidSolid,Yellow,Broken,White
10,0,1,20.0,Driving,False,98.505,-41.076,0.0,61.77,3.5,100.046,-41.904,96.963,-40.248,SolidSolid,Yellow,Broken,White
10,0,2,20.0,Driving,False,95.421,-39.42,0.0,61.77,3.5,96.963,-40.248,93.879,-38.593,Broken,White,Solid,White
10,0,-2,21.0,Driving,False,104.123,-45.379,0.0,-119.684,3.5,102.603,-44.512,105.644,-46.245,Broken,White,Solid,White
10,0,-1,21.0,Driving,False,101.083,-43.645,0.0,-119.684,3.5,99.562,-42.779,102.603,-44.512,SolidSolid,Yellow,Broken,White
10,0,1,21.0,Driving,False,98.042,-41.912,0.0,60.316,3.5,99.562,-42.779,96.522,-41.045,SolidSolid,Yellow,Broken,White
10,0,2,21.0,Driving,False,95.001,-40.179,0.0,60.316,3.5,96.522,-41.045,93.481,-39.312,Broken,White,Solid,White
10,0,-2,22.0,Driving,False,103.55,-46.356,0.0,-121.138,3.5,102.052,-45.451,105.048,-47.261,Broken,White,Solid,White
10,0,-1,22.0,Driving,False,100.554,-44.546,0.0,-121.138,3.5,99.056,-43.641,102.052,-45.451,SolidSolid,Yellow,Broken,White
10,0,1,22.0,Driving,False,97.558,-42.736,0.0,58.862,3.5,99.056,-43.641,96.06,-41.831,SolidSolid,Yellow,Broken,White
10,0,2,22.0,Driving,False,94.562,-40.926,0.0,58.862,3.5,96.06,-41.831,93.065,-40.021,Broken,White,Solid,White
10,0,-2,23.0,Driving,False,102.951,-47.318,0.0,-122.591,3.5,101.477,-46.376,104.426,-48.261,Broken,White,Solid,White
10,0,-1,23.0,Driving,False,100.003,-45.433,0.0,-122.591,3.5,98.528,-44.49,101.477,-46.376,SolidSolid,Yellow,Broken,White
10,0,1,23.0,Driving,False,97.054,-43.548,0.0,57.409,3.5,98.528,-44.49,95.579,-42.605,SolidSolid,Yellow,Broken,White
10,0,2,23.0,Driving,False,94.105,-41.663,0.0,57.409,3.5,95.579,-42.605,92.63,-40.72,Broken,White,Solid,White
10,0,-2,24.0,Driving,False,102.329,-48.265,0.0,-124.045,3.5,100.879,-47.285,103.779,-49.245,Broken,White,Solid,White
10,0,-1,24.0,Driving,False,99.429,-46.306,0.0,-124.045,3.5,97.979,-45.326,100.879,-47.285,SolidSolid,Yellow,Broken,White
10,0,1,24.0,Driving,False,96.529,-44.346,0.0,55.955,3.5,97.979,-45.326,95.079,-43.367,SolidSolid,Yellow,Broken,White
10,0,2,24.0,Driving,False,93.629,-42.387,0.0,55.955,3.5,95.079,-43.367,92.179,-41.407,Broken,White,Solid,White
10,0,-2,25.0,Driving,False,101.683,-49.196,0.0,-125.499,3.5,100.258,-48.18,103.107,-50.212,Broken,White,Solid,White
10,0,-1,25.0,Driving,False,98.833,-47.164,0.0,-125.499,3.5,97.409,-46.147,100.258,-48.18,SolidSolid,Yellow,Broken,White
10,0,1,25.0,Driving,False,95.984,-45.131,0.0,54.501,3.5,97.409,-46.147,94.559,-44.115,SolidSolid,Yellow,Broken,White
10,0,2,25.0,Driving,False,93.134,-43.099,0.0,54.501,3.5,94.559,-44.115,91.71,-42.083,Broken,White,Solid,White
10,0,-2,26.0,Driving,False,101.013,-50.11,0.0,-126.953,3.5,99.615,-49.058,102.412,-51.162,Broken,White,Solid,White
10,0,-1,26.0,Driving,False,98.216,-48.006,0.0,-126.953,3.5,96.818,-46.954,99.615,-49.058,SolidSolid,Yellow,Broken,White
10,0,1,26.0,Driving,False,95.419,-45.902,0.0,53.047,3.5,96.818,-46.954,94.021,-44.85,SolidSolid,Yellow,Broken,White
10,0,2,26.0,Driving,False,92.622,-43.798,0.0,53.047,3.5,94.021,-44.85,91.224,-42.746,Broken,White,Solid,White
10,0,-2,27.0,Driving,False,100.32,-51.007,0.0,-128.406,3.5,98.949,-49.92,101.692,-52.094,Broken,White,Solid,White
10,0,-1,27.0,Driving,False,97.578,-48.833,0.0,-128.406,3.5,96.206,-47.746,98.949,-49.92,SolidSolid,Yellow,Broken,White
10,0,1,27.0,Driving,False,94.835,-46.658,0.0,51.594,3.5,96.206,-47.746,93.464,-45.571,SolidSolid,Yellow,Broken,White
10,0,2,27.0,Driving,False,92.092,-44.484,0.0,51.594,3.5,93.464,-45.571,90.721,-43.397,Broken,White,Solid,White
10,0,-2,28.0,Driving,False,99.605,-51.886,0.0,-129.86,3.5,98.262,-50.764,100.949,-53.008,Broken,White,Solid,White
10,0,-1,28.0,Driving,False,96.919,-49.643,0.0,-129.86,3.5,95.575,-48.521,98.262,-50.764,SolidSolid,Yellow,Broken,White
10,0,1,28.0,Driving,False,94.232,-47.4,0.0,50.14,3.5,95.575,-48.521,92.889,-46.278,SolidSolid,Yellow,Broken,White
10,0,2,28.0,Driving,False,91.545,-45.156,0.0,50.14,3.5,92.889,-46.278,90.202,-44.035,Broken,White,Solid,White
10,0,-2,29.0,Driving,False,98.868,-52.747,0.0,-131.314,3.5,97.554,-51.591,100.182,-53.902,Broken,White,Solid,White
10,0,-1,29.0,Driving,False,96.239,-50.436,0.0,-131.314,3.5,94.925,-49.281,97.554,-51.591,SolidSolid,Yellow,Broken,White
10,0,1,29.0,Driving,False,93.61,-48.125,0.0,48.686,3.5,94.925,-49.281,92.296,-46.97,SolidSolid,Yellow,Broken,White
10,0,2,29.0,Driving,False,90.981,-45.815,0.0,48.686,3.5,92.296,-46.97,89.667,-44.659,Broken,White,Solid,White
10,0,-2,30.0,Driving,False,98.109,-53.588,0.0,-132.768,3.5,96.824,-52.4,99.394,-54.776,Broken,White,Solid,White
10,0,-1,30.0,Driving,False,95.54,-51.212,0.0,-132.768,3.5,94.255,-50.023,96.824,-52.4,SolidSolid,Yellow,Broken,White
10,0,1,30.0,Driving,False,92.97,-48.835,0.0,47.232,3.5,94.255,-50.023,91.686,-47.647,SolidSolid,Yellow,Broken,White
10,0,2,30.0,Driving,False,90.401,-46.458,0.0,47.232,3.5,91.686,-47.647,89.116,-45.27,Broken,White,Solid,White
10,0,-2,31.0,Driving,False,97.329,-54.41,0.0,-134.221,3.5,96.075,-53.19,98.583,-55.631,Broken,White,Solid,White
10,0,-1,31.0,Driving,False,94.821,-51.969,0.0,-134.221,3.5,93.567,-50.749,96.075,-53.19,SolidSolid,Yellow,Broken,White
10,0,1,31.0,Driving,False,92.313,-49.528,0.0,45.779,3.5,93.567,-50.749,91.059,-48.308,SolidSolid,Yellow,Broken,White
10,0,2,31.0,Driving,False,89.804,-47.087,0.0,45.779,3.5,91.059,-48.308,88.55,-45.867,Broken,White,Solid,White
10,0,-2,32.0,Driving,False,96.529,-55.212,0.0,-135.675,3.5,95.306,-53.96,97.751,-56.464,Broken,White,Solid,White
10,0,-1,32.0,Driving,False,94.083,-52.708,0.0,-135.675,3.5,92.86,-51.456,95.306,-53.96,SolidSolid,Yellow,Broken,White
10,0,1,32.0,Driving,False,91.638,-50.204,0.0,44.325,3.5,92.86,-51.456,90.415,-48.953,SolidSolid,Yellow,Broken,White
10,0,2,32.0,Driving,False,89.192,-47.701,0.0,44.325,3.5,90.415,-48.953,87.969,-46.449,Broken,White,Solid,White
10,0,-2,33.0,Driving,False,95.708,-55.994,0.0,-137.129,3.5,94.517,-54.711,96.899,-57.276,Broken,White,Solid,White
10,0,-1,33.0,Driving,False,93.327,-53.429,0.0,-137.129,3.5,92.136,-52.146,94.517,-54.711,SolidSolid,Yellow,Broken,White
10,0,1,33.0,Driving,False,90.946,-50.863,0.0,42.871,3.5,92.136,-52.146,89.755,-49.581,SolidSolid,Yellow,Broken,White
10,0,2,33.0,Driving,False,88.564,-48.298,0.0,42.871,3.5,89.755,-49.581,87.374,-47.016,Broken,White,Solid,White
10,0,-2,34.0,Driving,False,94.868,-56.754,0.0,-138.582,3.5,93.71,-55.442,96.026,-58.066,Broken,White,Solid,White
10,0,-1,34.0,Driving,False,92.552,-54.129,0.0,-138.582,3.5,91.395,-52.817,93.71,-55.442,SolidSolid,Yellow,Broken,White
10,0,1,34.0,Driving,False,90.237,-51.505,0.0,41.418,3.5,91.395,-52.817,89.079,-50.192,SolidSolid,Yellow,Broken,White
10,0,2,34.0,Driving,False,87.922,-48.88,0.0,41.418,3.5,89.079,-50.192,86.764,-47.568,Broken,White,Solid,White
10,0,-2,35.0,Driving,False,94.009,-57.493,0.0,-140.036,3.5,92.885,-56.151,95.133,-58.834,Broken,White,Solid,White
10,0,-1,35.0,Driving,False,91.761,-54.81,0.0,-140.036,3.5,90.637,-53.469,92.885,-56.151,SolidSolid,Yellow,Broken,White
10,0,1,35.0,Driving,False,89.513,-52.128,0.0,39.964,3.5,90.637,-53.469,88.388,-50.786,SolidSolid,Yellow,Broken,White
10,0,2,35.0,Driving,False,87.264,-49.445,0.0,39.964,3.5,88.388,-50.786,86.14,-48.104,Broken,White,Solid,White
10,0,-2,36.0,Driving,False,93.131,-58.21,0.0,-141.49,3.5,92.041,-56.84,94.221,-59.579,Broken,White,Solid,White
10,0,-1,36.0,Driving,False,90.952,-55.471,0.0,-141.49,3.5,89.862,-54.101,92.041,-56.84,SolidSolid,Yellow,Broken,White
10,0,1,36.0,Driving,False,88.772,-52.732,0.0,38.51,3.5,89.862,-54.101,87.683,-51.363,SolidSolid,Yellow,Broken,White
10,0,2,36.0,Driving,False,86.593,-49.993,0.0,38.51,3.5,87.683,-51.363,85.503,-48.624,Broken,White,Solid,White
10,0,-2,37.0,Driving,False,92.235,-58.904,0.0,-142.944,3.5,91.181,-57.507,93.29,-60.3,Broken,White,Solid,White
10,0,-1,37.0,Driving,False,90.126,-56.111,0.0,-142.944,3.5,89.072,-54.714,91.181,-57.507,SolidSolid,Yellow,Broken,White
10,0,1,37.0,Driving,False,88.017,-53.317,0.0,37.056,3.5,89.072,-54.714,86.963,-51.921,SolidSolid,Yellow,Broken,White
10,0,2,37.0,Driving,False,85.908,-50.524,0.0,37.056,3.5,86.963,-51.921,84.854,-49.128,Broken,White,Solid,White
10,0,-2,38.0,Driving,False,91.322,-59.575,0.0,-144.397,3.5,90.304,-58.152,92.341,-60.998,Broken,White,Solid,White
10,0,-1,38.0,Driving,False,89.285,-56.729,0.0,-144.397,3.5,88.266,-55.306,90.304,-58.152,SolidSolid,Yellow,Broken,White
10,0,1,38.0,Driving,False,87.247,-53.884,0.0,35.603,3.5,88.266,-55.306,86.229,-52.461,SolidSolid,Yellow,Broken,White
10,0,2,38.0,Driving,False,85.21,-51.038,0.0,35.603,3.5,86.229,-52.461,84.191,-49.615,Broken,White,Solid,White
10,0,-2,39.0,Driving,False,90.393,-60.223,0.0,-145.851,3.5,89.41,-58.775,91.375,-61.671,Broken,White,Solid,White
10,0,-1,39.0,Driving,False,88.428,-57.327,0.0,-145.851,3.5,87.446,-55.878,89.41,-58.775,SolidSolid,Yellow,Broken,White
10,0,1,39.0,Driving,False,86.463,-54.43,0.0,34.149,3.5,87.446,-55.878,85.481,-52.982,SolidSolid,Yellow,Broken,White
10,0,2,39.0,Driving,False,84.499,-51.533,0.0,34.149,3.5,85.481,-52.982,83.516,-50.085,Broken,White,Solid,White
10,0,-2,40.0,Driving,False,89.447,-60.847,0.0,-147.305,3.5,88.502,-59.374,90.392,-62.32,Broken,White,Solid,White
10,0,-1,40.0,Driving,False,87.556,-57.902,0.0,-147.305,3.5,86.611,-56.429,88.502,-59.374,SolidSolid,Yellow,Broken,White
10,0,1,40.0,Driving,False,85.666,-54.956,0.0,32.695,3.5,86.611,-56.429,84.721,-53.484,SolidSolid,Yellow,Broken,White
10,0,2,40.0,Driving,False,83.775,-52.011,0.0,32.695,3.5,84.721,-53.484,82.83,-50.538,Broken,White,Solid,White
10,0,-2,41.0,Driving,False,88.486,-61.447,0.0,-148.759,3.5,87.578,-59.951,89.393,-62.943,Broken,White,Solid,White
10,0,-1,41.0,Driving,False,86.67,-58.455,0.0,-148.759,3.5,85.763,-56.958,87.578,-59.951,SolidSolid,Yellow,Broken,White
10,0,1,41.0,Driving,False,84.855,-55.462,0.0,31.241,3.5,85.763,-56.958,83.948,-53.966,SolidSolid,Yellow,Broken,White
10,0,2,41.0,Driving,False,83.04,-52.47,0.0,31.241,3.5,83.948,-53.966,82.132,-50.974,Broken,White,Solid,White
10,0,-2,42.0,Driving,False,87.509,-62.023,0.0,-150.212,3.5,86.64,-60.504,88.379,-63.541,Broken,White,Solid,White
10,0,-1,42.0,Driving,False,85.771,-58.985,0.0,-150.212,3.5,84.901,-57.466,86.64,-60.504,SolidSolid,Yellow,Broken,White
10,0,1,42.0,Driving,False,84.032,-55.947,0.0,29.788,3.5,84.901,-57.466,83.163,-54.429,SolidSolid,Yellow,Broken,White
10,0,2,42.0,Driving,False,82.293,-52.91,0.0,29.788,3.5,83.163,-54.429,81.424,-51.391,Broken,White,Solid,White
10,0,-2,43.0,Driving,False,86.519,-62.573,0.0,-151.666,3.5,85.688,-61.033,87.349,-64.113,Broken,White,Solid,White
10,0,-1,43.0,Driving,False,84.858,-59.492,0.0,-151.666,3.5,84.027,-57.952,85.688,-61.033,SolidSolid,Yellow,Broken,White
10,0,1,43.0,Driving,False,83.197,-56.412,0.0,28.334,3.5,84.027,-57.952,82.366,-54.871,SolidSolid,Yellow,Broken,White
10,0,2,43.0,Driving,False,81.536,-53.331,0.0,28.334,3.5,82.366,-54.871,80.705,-51.791,Broken,White,Solid,White
10,0,-2,44.0,Driving,False,85.515,-63.098,0.0,-153.12,3.5,84.724,-61.537,86.306,-64.659,Broken,White,Solid,White
10,0,-1,44.0,Driving,False,83.932,-59.976,0.0,-153.12,3.5,83.141,-58.415,84.724,-61.537,SolidSolid,Yellow,Broken,White
10,0,1,44.0,Driving,False,82.35,-56.854,0.0,26.88,3.5,83.141,-58.415,81.559,-55.293,SolidSolid,Yellow,Broken,White
10,0,2,44.0,Driving,False,80.767,-53.733,0.0,26.88,3.5,81.559,-55.293,79.976,-52.172,Broken,White,Solid,White
10,0,-2,45.0,Driving,False,84.498,-63.598,0.0,-154.574,3.5,83.746,-62.017,85.249,-65.178,Broken,White,Solid,White
10,0,-1,45.0,Driving,False,82.995,-60.437,0.0,-154.574,3.5,82.244,-58.856,83.746,-62.017,SolidSolid,Yellow,Broken,White
10,0,1,45.0,Driving,False,81.492,-57.276,0.0,25.426,3.5,82.244,-58.856,80.741,-55.695,SolidSolid,Yellow,Broken,White
10,0,2,45.0,Driving,False,79.989,-54.115,0.0,25.426,3.5,80.741,-55.695,79.238,-52.534,Broken,White,Solid,White
10,0,-2,46.0,Driving,False,83.468,-64.071,0.0,-156.027,3.5,82.757,-62.472,84.179,-65.67,Broken,White,Solid,White
10,0,-1,46.0,Driving,False,82.046,-60.873,0.0,-156.027,3.5,81.335,-59.274,82.757,-62.472,SolidSolid,Yellow,Broken,White
10,0,1,46.0,Driving,False,80.624,-57.675,0.0,23.973,3.5,81.335,-59.274,79.913,-56.076,SolidSolid,Yellow,Broken,White
10,0,2,46.0,Driving,False,79.202,-54.477,0.0,23.973,3.5,79.913,-56.076,78.491,-52.878,Broken,White,Solid,White
10,0,-2,47.0,Driving,False,82.427,-64.518,0.0,-157.481,3.5,81.757,-62.902,83.097,-66.135,Broken,White,Solid,White
10,0,-1,47.0,Driving,False,81.086,-61.285,0.0,-157.481,3.5,80.416,-59.669,81.757,-62.902,SolidSolid,Yellow,Broken,White
10,0,1,47.0,Driving,False,79.746,-58.052,0.0,22.519,3.5,80.416,-59.669,79.076,-56.435,SolidSolid,Yellow,Broken,White
10,0,2,47.0,Driving,False,78.406,-54.819,0.0,22.519,3.5,79.076,-56.435,77.735,-53.202,Broken,White,Solid,White
10,0,-2,48.0,Driving,False,81.375,-64.939,0.0,-158.935,3.5,80.746,-63.306,82.004,-66.572,Broken,White,Solid,White
10,0,-1,48.0,Driving,False,80.117,-61.673,0.0,-158.935,3.5,79.488,-60.04,80.746,-63.306,SolidSolid,Yellow,Broken,White
10,0,1,48.0,Driving,False,78.859,-58.407,0.0,21.065,3.5,79.488,-60.04,78.23,-56.774,SolidSolid,Yellow,Broken,White
10,0,2,48.0,Driving,False,77.601,-55.141,0.0,21.065,3.5,78.23,-56.774,76.972,-53.508,Broken,White,Solid,White
10,0,-2,49.0,Driving,False,80.312,-65.333,0.0,-160.389,3.5,79.725,-63.684,80.9,-66.981,Broken,White,Solid,White
10,0,-1,49.0,Driving,False,79.137,-62.036,0.0,-160.389,3.5,78.55,-60.387,79.725,-63.684,SolidSolid,Yellow,Broken,White
10,0,1,49.0,Driving,False,77.963,-58.739,0.0,19.611,3.5,78.55,-60.387,77.375,-57.09,SolidSolid,Yellow,Broken,White
10,0,2,49.0,Driving,False,76.788,-55.442,0.0,19.611,3.5,77.375,-57.09,76.201,-53.793,Broken,White,Solid,White
10,0,-2,50.0,Driving,False,79.24,-65.7,0.0,-161.842,3.5,78.695,-64.037,79.785,-67.362,Broken,White,Solid,White
10,0,-1,50.0,Driving,False,78.149,-62.374,0.0,-161.842,3.5,77.604,-60.711,78.695,-64.037,SolidSolid,Yellow,Broken,White
10,0,1,50.0,Driving,False,77.059,-59.048,0.0,18.158,3.5,77.604,-60.711,76.513,-57.385,SolidSolid,Yellow,Broken,White
10,0,2,50.0,Driving,False,75.968,-55.722,0.0,18.158,3.5,76.513,-57.385,75.423,-54.06,Broken,White,Solid,White
10,0,-2,51.0,Driving,False,78.159,-66.039,0.0,-163.296,3.5,77.656,-64.363,78.662,-67.715,Broken,White,Solid,White
10,0,-1,51.0,Driving,False,77.153,-62.687,0.0,-163.296,3.5,76.65,-61.011,77.656,-64.363,SolidSolid,Yellow,Broken,White
10,0,1,51.0,Driving,False,76.147,-59.334,0.0,16.704,3.5,76.65,-61.011,75.644,-57.658,SolidSolid,Yellow,Broken,White
10,0,2,51.0,Driving,False,75.141,-55.982,0.0,16.704,3.5,75.644,-57.658,74.638,-54.306,Broken,White,Solid,White
10,0,-2,52.0,Driving,False,77.069,-66.351,0.0,-164.75,3.5,76.609,-64.663,77.53,-68.039,Broken,White,Solid,White
10,0,-1,52.0,Driving,False,76.149,-62.974,0.0,-164.75,3.5,75.689,-61.286,76.609,-64.663,SolidSolid,Yellow,Broken,White
10,0,1,52.0,Driving,False,75.228,-59.597,0.0,15.25,3.5,75.689,-61.286,74.768,-57.909,SolidSolid,Yellow,Broken,White
10,0,2,52.0,Driving,False,74.308,-56.221,0.0,15.25,3.5,74.768,-57.909,73.847,-54.532,Broken,White,Solid,White
10,0,-2,53.0,Driving,False,75.972,-66.635,0.0,-166.204,3.5,75.555,-64.936,76.39,-68.335,Broken,White,Solid,White
10,0,-1,53.0,Driving,False,75.138,-63.236,0.0,-166.204,3.5,74.721,-61.537,75.555,-64.936,SolidSolid,Yellow,Broken,White
10,0,1,53.0,Driving,False,74.303,-59.837,0.0,13.796,3.5,74.721,-61.537,73.886,-58.138,SolidSolid,Yellow,Broken,White
10,0,2,53.0,Driving,False,73.469,-56.438,0.0,13.796,3.5,73.886,-58.138,73.051,-54.739,Broken,White,Solid,White
10,0,-2,54.0,Driving,False,74.869,-66.891,0.0,-167.657,3.5,74.495,-65.182,75.243,-68.601,Broken,White,Solid,White
10,0,-1,54.0,Driving,False,74.121,-63.472,0.0,-167.657,3.5,73.746,-61.763,74.495,-65.182,SolidSolid,Yellow,Broken,White
10,0,1,54.0,Driving,False,73.372,-60.053,0.0,12.343,3.5,73.746,-61.763,72.998,-58.344,SolidSolid,Yellow,Broken,White
10,0,2,54.0,Driving,False,72.624,-56.634,0.0,12.343,3.5,72.998,-58.344,72.25,-54.925,Broken,White,Solid,White
10,0,-2,55.0,Driving,False,73.759,-67.12,0.0,-169.111,3.5,73.428,-65.401,74.089,-68.838,Broken,White,Solid,White
10,0,-1,55.0,Driving,False,73.098,-63.683,0.0,-169.111,3.5,72.767,-61.964,73.428,-65.401,SolidSolid,Yellow,Broken,White
10,0,1,55.0,Driving,False,72.436,-60.246,0.0,10.889,3.5,72.767,-61.964,72.106,-58.527,SolidSolid,Yellow,Broken,White
10,0,2,55.0,Driving,False,71.775,-56.809,0.0,10.889,3.5,72.106,-58.527,71.445,-55.09,Broken,White,Solid,White
10,0,-2,56.0,Driving,False,72.643,-67.319,0.0,-170.565,3.5,72.356,-65.593,72.93,-69.046,Broken,White,Solid,White
10,0,-1,56.0,Driving,False,72.07,-63.867,0.0,-170.565,3.5,71.783,-62.14,72.356,-65.593,SolidSolid,Yellow,Broken,White
10,0,1,56.0,Driving,False,71.496,-60.414,0.0,9.435,3.5,71.783,-62.14,71.209,-58.688,SolidSolid,Yellow,Broken,White
10,0,2,56.0,Driving,False,70.922,-56.962,0.0,9.435,3.5,71.209,-58.688,70.635,-55.235,Broken,White,Solid,White
10,0,-2,57.0,Driving,False,71.523,-67.491,0.0,-172.019,3.5,71.28,-65.758,71.766,-69.224,Broken,White,Solid,White
10,0,-1,57.0,Driving,False,71.037,-64.025,0.0,-172.019,3.5,70.794,-62.292,71.28,-65.758,SolidSolid,Yellow,Broken,White
10,0,1,57.0,Driving,False,70.551,-60.559,0.0,7.981,3.5,70.794,-62.292,70.308,-58.826,SolidSolid,Yellow,Broken,White
10,0,2,57.0,Driving,False,70.065,-57.093,0.0,7.981,3.5,70.308,-58.826,69.822,-55.36,Broken,White,Solid,White
10,0,-2,58.0,Driving,False,70.399,-67.634,0.0,-173.472,3.5,70.2,-65.895,70.598,-69.373,Broken,White,Solid,White
10,0,-1,58.0,Driving,False,70.001,-64.157,0.0,-173.472,3.5,69.802,-62.418,70.2,-65.895,SolidSolid,Yellow,Broken,White
10,0,1,58.0,Driving,False,69.603,-60.679,0.0,6.528,3.5,69.802,-62.418,69.404,-58.941,SolidSolid,Yellow,Broken,White
10,0,2,58.0,Driving,False,69.205,-57.202,0.0,6.528,3.5,69.404,-58.941,69.006,-55.464,Broken,White,Solid,White
10,0,-2,59.0,Driving,False,69.272,-67.749,0.0,-174.926,3.5,69.117,-66.006,69.426,-69.492,Broken,White,Solid,White
10,0,-1,59.0,Driving,False,68.962,-64.262,0.0,-174.926,3.5,68.807,-62.519,69.117,-66.006,SolidSolid,Yellow,Broken,White
10,0,1,59.0,Driving,False,68.653,-60.776,0.0,5.074,3.5,68.807,-62.519,68.498,-59.033,SolidSolid,Yellow,Broken,White
10,0,2,59.0,Driving,False,68.343,-57.29,0.0,5.074,3.5,68.498,-59.033,68.188,-55.547,Broken,White,Solid,White
10,0,-2,60.0,Driving,False,68.142,-67.835,0.0,-176.38,3.5,68.031,-66.088,68.252,-69.581,Broken,White,Solid,White
10,0,-1,60.0,Driving,False,67.921,-64.342,0.0,-176.38,3.5,67.81,-62.595,68.031,-66.088,SolidSolid,Yellow,Broken,White
10,0,1,60.0,Driving,False,67.7,-60.849,0.0,3.62,3.5,67.81,-62.595,67.589,-59.102,SolidSolid,Yellow,Broken,White
10,0,2,60.0,Driving,False,67.479,-57.355,0.0,3.62,3.5,67.589,-59.102,67.368,-55.609,Broken,White,Solid,White
10,0,-2,61.0,Driving,False,67.01,-67.892,0.0,-177.834,3.5,66.944,-66.143,67.076,-69.64,Broken,White,Solid,White
10,0,-1,61.0,Driving,False,66.878,-64.394,0.0,-177.834,3.5,66.812,-62.645,66.944,-66.143,SolidSolid,Yellow,Broken,White
10,0,1,61.0,Driving,False,66.745,-60.897,0.0,2.166,3.5,66.812,-62.645,66.679,-59.148,SolidSolid,Yellow,Broken,White
10,0,2,61.0,Driving,False,66.613,-57.399,0.0,2.166,3.5,66.679,-59.148,66.547,-55.65,Broken,White,Solid,White
10,0,-2,62.0,Driving,False,65.877,-67.92,0.0,-179.287,3.5,65.855,-66.17,65.899,-69.67,Broken,White,Solid,White
10,0,-1,62.0,Driving,False,65.834,-64.42,0.0,-179.287,3.5,65.812,-62.671,65.855,-66.17,SolidSolid,Yellow,Broken,White
10,0,1,62.0,Driving,False,65.79,-60.921,0.0,0.713,3.5,65.812,-62.671,65.768,-59.171,SolidSolid,Yellow,Broken,White
10,0,2,62.0,Driving,False,65.747,-57.421,0.0,0.713,3.5,65.768,-59.171,65.725,-55.671,Broken,White,Solid,White
10,0,-2,63.0,Driving,False,64.81,-67.923,0.0,179.977,3.5,64.811,-66.173,64.809,-69.673,Broken,White,Solid,White
10,0,-1,63.0,Driving,False,64.811,-64.423,0.0,179.977,3.5,64.812,-62.673,64.811,-66.173,SolidSolid,Yellow,Broken,White
10,0,1,63.0,Driving,False,64.813,-60.923,0.0,359.977,3.5,64.812,-62.673,64.813,-59.173,SolidSolid,Yellow,Broken,White
10,0,2,63.0,Driving,False,64.814,-57.423,0.0,359.977,3.5,64.813,-59.173,64.815,-55.673,Broken,White,Solid,White
10,0,-2,64.0,Driving,False,63.81,-67.923,0.0,179.977,3.5,63.811,-66.173,63.809,-69.673,Broken,White,Solid,White
10,0,-1,64.0,Driving,False,63.811,-64.423,0.0,179.977,3.5,63.812,-62.673,63.811,-66.173,SolidSolid,Yellow,Broken,White
10,0,1,64.0,Driving,False,63.813,-60.923,0.0,359.977,3.5,63.812,-62.673,63.813,-59.173,SolidSolid,Yellow,Broken,White
10,0,2,64.0,Driving,False,63.814,-57.423,0.0,359.977,3.5,63.813,-59.173,63.815,-55.673,Broken,White,Solid,White
10,0,-2,65.0,Driving,False,62.81,-67.923,0.0,179.977,3.5,62.811,-66.173,62.809,-69.673,Broken,White,Solid,White
10,0,-1,65.0,Driving,False,62.811,-64.423,0.0,179.977,3.5,62.812,-62.673,62.811,-66.173,SolidSolid,Yellow,Broken,White
10,0,1,65.0,Driving,False,62.813,-60.923,0.0,359.977,3.5,62.812,-62.673,62.813,-59.173,SolidSolid,Yellow,Broken,White
10,0,2,65.0,Driving,False,62.814,-57.423,0.0,359.977,3.5,62.813,-59.173,62.815,-55.673,Broken,White,Solid,White
10,0,-2,66.0,Driving,False,61.81,-67.922,0.0,179.977,3.5,61.811,-66.172,61.809,-69.672,Broken,White,Solid,White
10,0,-1,66.0,Driving,False,61.811,-64.422,0.0,179.977,3.5,61.812,-62.672,61.811,-66.172,SolidSolid,Yellow,Broken,White
10,0,1,66.0,Driving,False,61.813,-60.922,0.0,359.977,3.5,61.812,-62.672,61.813,-59.172,SolidSolid,Yellow,Broken,White
10,0,2,66.0,Driving,False,61.814,-57.422,0.0,359.977,3.5,61.813,-59.172,61.815,-55.672,Broken,White,Solid,White
10,0,-2,67.0,Driving,False,60.81,-67.922,0.0,179.977,3.5,60.811,-66.172,60.809,-69.672,Broken,White,Solid,White
10,0,-1,67.0,Driving,False,60.811,-64.422,0.0,179.977,3.5,60.812,-62.672,60.811,-66.172,SolidSolid,Yellow,Broken,White
10,0,1,67.0,Driving,False,60.813,-60.922,0.0,359.977,3.5,60.812,-62.672,60.813,-59.172,SolidSolid,Yellow,Broken,White
10,0,2,67.0,Driving,False,60.814,-57.422,0.0,359.977,3.5,60.813,-59.172,60.815,-55.672,Broken,White,Solid,White
10,0,-2,68.0,Driving,False,59.81,-67.921,0.0,179.977,3.5,59.811,-66.171,59.809,-69.671,Broken,White,Solid,White
10,0,-1,68.0,Driving,False,59.811,-64.421,0.0,179.977,3.5,59.812,-62.671,59.811,-66.171,SolidSolid,Yellow,Broken,White
10,0,1,68.0,Driving,False,59.813,-60.921,0.0,359.977,3.5,59.812,-62.671,59.813,-59.171,SolidSolid,Yellow,Broken,White
10,0,2,68.0,Driving,False,59.814,-57.421,0.0,359.977,3.5,59.813,-59.171,59.815,-55.671,Broken,White,Solid,White
10,0,-2,69.0,Driving,False,58.81,-67.921,0.0,179.977,3.5,58.811,-66.171,58.809,-69.671,Broken,White,Solid,White
10,0,-1,69.0,Driving,False,58.811,-64.421,0.0,179.977,3.5,58.812,-62.671,58.811,-66.171,SolidSolid,Yellow,Broken,White
10,0,1,69.0,Driving,False,58.813,-60.921,0.0,359.977,3.5,58.812,-62.671,58.813,-59.171,SolidSolid,Yellow,Broken,White
10,0,2,69.0,Driving,False,58.814,-57.421,0.0,359.977,3.5,58.813,-59.171,58.815,-55.671,Broken,White,Solid,White
10,0,-2,70.0,Driving,False,57.81,-67.921,0.0,179.977,3.5,57.811,-66.171,57.809,-69.671,Broken,White,Solid,White
10,0,-1,70.0,Driving,False,57.811,-64.421,0.0,179.977,3.5,57.812,-62.671,57.811,-66.171,SolidSolid,Yellow,Broken,White
10,0,1,70.0,Driving,False,57.813,-60.921,0.0,359.977,3.5,57.812,-62.671,57.813,-59.171,SolidSolid,Yellow,Broken,White
10,0,2,70.0,Driving,False,57.814,-57.421,0.0,359.977,3.5,57.813,-59.171,57.815,-55.671,Broken,White,Solid,White
10,0,-2,71.0,Driving,False,56.81,-67.92,0.0,179.977,3.5,56.811,-66.17,56.809,-69.67,Broken,White,Solid,White
10,0,-1,71.0,Driving,False,56.811,-64.42,0.0,179.977,3.5,56.812,-62.67,56.811,-66.17,SolidSolid,Yellow,Broken,White
10,0,1,71.0,Driving,False,56.813,-60.92,0.0,359.977,3.5,56.812,-62.67,56.813,-59.17,SolidSolid,Yellow,Broken,White
10,0,2,71.0,Driving,False,56.814,-57.42,0.0,359.977,3.5,56.813,-59.17,56.815,-55.67,Broken,White,Solid,White
10,0,-2,72.0,Driving,False,55.81,-67.92,0.0,179.977,3.5,55.811,-66.17,55.809,-69.67,Broken,White,Solid,White
10,0,-1,72.0,Driving,False,55.811,-64.42,0.0,179.977,3.5,55.812,-62.67,55.811,-66.17,SolidSolid,Yellow,Broken,White
10,0,1,72.0,Driving,False,55.813,-60.92,0.0,359.977,3.5,55.812,-62.67,55.813,-59.17,SolidSolid,Yellow,Broken,White
10,0,2,72.0,Driving,False,55.814,-57.42,0.0,359.977,3.5,55.813,-59.17,55.815,-55.67,Broken,White,Solid,White
10,0,-2,73.0,Driving,False,54.81,-67.919,0.0,179.977,3.5,54.811,-66.169,54.809,-69.669,Broken,White,Solid,White
10,0,-1,73.0,Driving,False,54.811,-64.419,0.0,179.977,3.5,54.812,-62.669,54.811,-66.169,SolidSolid,Yellow,Broken,White
10,0,1,73.0,Driving,False,54.813,-60.919,0.0,359.977,3.5,54.812,-62.669,54.813,-59.169,SolidSolid,Yellow,Broken,White
10,0,2,73.0,Driving,False,54.814,-57.419,0.0,359.977,3.5,54.813,-59.169,54.815,-55.669,Broken,White,Solid,White
10,0,-2,74.0,Driving,False,53.81,-67.919,0.0,179.977,3.5,53.811,-66.169,53.809,-69.669,Broken,White,Solid,White
10,0,-1,74.0,Driving,False,53.811,-64.419,0.0,179.977,3.5,53.812,-62.669,53.811,-66.169,SolidSolid,Yellow,Broken,White
10,0,1,74.0,Driving,False,53.813,-60.919,0.0,359.977,3.5,53.812,-62.669,53.813,-59.169,SolidSolid,Yellow,Broken,White
10,0,2,74.0,Driving,False,53.814,-57.419,0.0,359.977,3.5,53.813,-59.169,53.815,-55.669,Broken,White,Solid,White
10,0,-2,75.0,Driving,False,52.81,-67.919,0.0,179.977,3.5,52.811,-66.169,52.809,-69.669,Broken,White,Solid,White
10,0,-1,75.0,Driving,False,52.811,-64.419,0.0,179.977,3.5,52.812,-62.669,52.811,-66.169,SolidSolid,Yellow,Broken,White
10,0,1,75.0,Driving,False,52.813,-60.919,0.0,359.977,3.5,52.812,-62.669,52.813,-59.169,SolidSolid,Yellow,Broken,White
10,0,2,75.0,Driving,False,52.814,-57.419,0.0,359.977,3.5,52.813,-59.169,52.815,-55.669,Broken,White,Solid,White
10,0,-2,76.0,Driving,False,51.81,-67.918,0.0,179.977,3.5,51.811,-66.168,51.809,-69.668,Broken,White,Solid,White
10,0,-1,76.0,Driving,False,51.811,-64.418,0.0,179.977,3.5,51.812,-62.668,51.811,-66.168,SolidSolid,Yellow,Broken,White
10,0,1,76.0,Driving,False,51.813,-60.918,0.0,359.977,3.5,51.812,-62.668,51.813,-59.168,SolidSolid,Yellow,Broken,White
10,0,2,76.0,Driving,False,51.814,-57.418,0.0,359.977,3.5,51.813,-59.168,51.815,-55.668,Broken,White,Solid,White
10,0,-2,77.0,Driving,False,50.81,-67.918,0.0,179.977,3.5,50.811,-66.168,50.809,-69.668,Broken,White,Solid,White
10,0,-1,77.0,Driving,False,50.811,-64.418,0.0,179.977,3.5,50.812,-62.668,50.811,-66.168,SolidSolid,Yellow,Broken,White
10,0,1,77.0,Driving,False,50.813,-60.918,0.0,359.977,3.5,50.812,-62.668,50.813,-59.168,SolidSolid,Yellow,Broken,White
10,0,2,77.0,Driving,False,50.814,-57.418,0.0,359.977,3.5,50.813,-59.168,50.815,-55.668,Broken,White,Solid,White
10,0,-2,78.0,Driving,False,49.81,-67.917,0.0,179.977,3.5,49.811,-66.167,49.809,-69.667,Broken,White,Solid,White
10,0,-1,78.0,Driving,False,49.811,-64.417,0.0,179.977,3.5,49.812,-62.667,49.811,-66.167,SolidSolid,Yellow,Broken,White
10,0,1,78.0,Driving,False,49.813,-60.917,0.0,359.977,3.5,49.812,-62.667,49.813,-59.167,SolidSolid,Yellow,Broken,White
10,0,2,78.0,Driving,False,49.814,-57.417,0.0,359.977,3.5,49.813,-59.167,49.815,-55.667,Broken,White,Solid,White
10,0,-2,79.0,Driving,False,48.81,-67.917,0.0,179.977,3.5,48.811,-66.167,48.809,-69.667,Broken,White,Solid,White
10,0,-1,79.0,Driving,False,48.811,-64.417,0.0,179.977,3.5,48.812,-62.667,48.811,-66.167,SolidSolid,Yellow,Broken,White
10,0,1,79.0,Driving,False,48.813,-60.917,0.0,359.977,3.5,48.812,-62.667,48.813,-59.167,SolidSolid,Yellow,Broken,White
10,0,2,79.0,Driving,False,48.814,-57.417,0.0,359.977,3.5,48.813,-59.167,48.815,-55.667,Broken,White,Solid,White
10,0,-2,80.0,Driving,False,47.81,-67.917,0.0,179.977,3.5,47.811,-66.167,47.809,-69.667,Broken,White,Solid,White
10,0,-1,80.0,Driving,False,47.811,-64.417,0.0,179.977,3.5,47.812,-62.667,47.811,-66.167,SolidSolid,Yellow,Broken,White
10,0,1,80.0,Driving,False,47.813,-60.917,0.0,359.977,3.5,47.812,-62.667,47.813,-59.167,SolidSolid,Yellow,Broken,White
10,0,2,80.0,Driving,False,47.814,-57.417,0.0,359.977,3.5,47.813,-59.167,47.815,-55.667,Broken,White,Solid,White
10,0,-2,81.0,Driving,False,46.81,-67.916,0.0,179.977,3.5,46.811,-66.166,46.809,-69.666,Broken,White,Solid,White
10,0,-1,81.0,Driving,False,46.811,-64.416,0.0,179.977,3.5,46.812,-62.666,46.811,-66.166,SolidSolid,Yellow,Broken,White
10,0,1,81.0,Driving,False,46.813,-60.916,0.0,359.977,3.5,46.812,-62.666,46.813,-59.166,SolidSolid,Yellow,Broken,White
10,0,2,81.0,Driving,False,46.814,-57.416,0.0,359.977,3.5,46.813,-59.166,46.815,-55.666,Broken,White,Solid,White
10,0,-2,82.0,Driving,False,45.81,-67.916,0.0,179.977,3.5,45.811,-66.166,45.809,-69.666,Broken,White,Solid,White
10,0,-1,82.0,Driving,False,45.811,-64.416,0.0,179.977,3.5,45.812,-62.666,45.811,-66.166,SolidSolid,Yellow,Broken,White
10,0,1,82.0,Driving,False,45.813,-60.916,0.0,359.977,3.5,45.812,-62.666,45.813,-59.166,SolidSolid,Yellow,Broken,White
10,0,2,82.0,Driving,False,45.814,-57.416,0.0,359.977,3.5,45.813,-59.166,45.815,-55.666,Broken,White,Solid,White
10,0,-2,83.0,Driving,False,44.81,-67.915,0.0,179.977,3.5,44.811,-66.165,44.809,-69.665,Broken,White,Solid,White
10,0,-1,83.0,Driving,False,44.811,-64.415,0.0,179.977,3.5,44.812,-62.665,44.811,-66.165,SolidSolid,Yellow,Broken,White
10,0,1,83.0,Driving,False,44.813,-60.915,0.0,359.977,3.5,44.812,-62.665,44.813,-59.165,SolidSolid,Yellow,Broken,White
10,0,2,83.0,Driving,False,44.814,-57.415,0.0,359.977,3.5,44.813,-59.165,44.815,-55.665,Broken,White,Solid,White
10,0,-2,84.0,Driving,False,43.81,-67.915,0.0,179.977,3.5,43.811,-66.165,43.809,-69.665,Broken,White,Solid,White
10,0,-1,84.0,Driving,False,43.811,-64.415,0.0,179.977,3.5,43.812,-62.665,43.811,-66.165,SolidSolid,Yellow,Broken,White
10,0,1,84.0,Driving,False,43.813,-60.915,0.0,359.977,3.5,43.812,-62.665,43.813,-59.165,SolidSolid,Yellow,Broken,White
10,0,2,84.0,Driving,False,43.814,-57.415,0.0,359.977,3.5,43.813,-59.165,43.815,-55.665,Broken,White,Solid,White
10,0,-2,85.0,Driving,False,42.81,-67.914,0.0,179.977,3.5,42.811,-66.164,42.809,-69.664,Broken,White,Solid,White
10,0,-1,85.0,Driving,False,42.811,-64.414,0.0,179.977,3.5,42.812,-62.664,42.811,-66.164,SolidSolid,Yellow,Broken,White
10,0,1,85.0,Driving,False,42.813,-60.914,0.0,359.977,3.5,42.812,-62.664,42.813,-59.164,SolidSolid,Yellow,Broken,White
10,0,2,85.0,Driving,False,42.814,-57.414,0.0,359.977,3.5,42.813,-59.164,42.815,-55.664,Broken,White,Solid,White
10,0,-2,86.0,Driving,False,41.81,-67.914,0.0,179.977,3.5,41.811,-66.164,41.809,-69.664,Broken,White,Solid,White
10,0,-1,86.0,Driving,False,41.811,-64.414,0.0,179.977,3.5,41.812,-62.664,41.811,-66.164,SolidSolid,Yellow,Broken,White
10,0,1,86.0,Driving,False,41.813,-60.914,0.0,359.977,3.5,41.812,-62.664,41.813,-59.164,SolidSolid,Yellow,Broken,White
10,0,2,86.0,Driving,False,41.814,-57.414,0.0,359.977,3.5,41.813,-59.164,41.815,-55.664,Broken,White,Solid,White
10,0,-2,87.0,Driving,False,40.81,-67.914,0.0,179.977,3.5,40.811,-66.164,40.809,-69.664,Broken,White,Solid,White
10,0,-1,87.0,Driving,False,40.811,-64.414,0.0,179.977,3.5,40.812,-62.664,40.811,-66.164,SolidSolid,Yellow,Broken,White
10,0,1,87.0,Driving,False,40.813,-60.914,0.0,359.977,3.5,40.812,-62.664,40.813,-59.164,SolidSolid,Yellow,Broken,White
10,0,2,87.0,Driving,False,40.814,-57.414,0.0,359.977,3.5,40.813,-59.164,40.815,-55.664,Broken,White,Solid,White
10,0,-2,88.0,Driving,False,39.81,-67.913,0.0,179.977,3.5,39.811,-66.163,39.809,-69.663,Broken,White,Solid,White
10,0,-1,88.0,Driving,False,39.811,-64.413,0.0,179.977,3.5,39.812,-62.663,39.811,-66.163,SolidSolid,Yellow,Broken,White
10,0,1,88.0,Driving,False,39.813,-60.913,0.0,359.977,3.5,39.812,-62.663,39.813,-59.163,SolidSolid,Yellow,Broken,White
10,0,2,88.0,Driving,False,39.814,-57.413,0.0,359.977,3.5,39.813,-59.163,39.815,-55.663,Broken,White,Solid,White
10,0,-2,89.0,Driving,False,38.81,-67.913,0.0,179.977,3.5,38.811,-66.163,38.809,-69.663,Broken,White,Solid,White
10,0,-1,89.0,Driving,False,38.811,-64.413,0.0,179.977,3.5,38.812,-62.663,38.811,-66.163,SolidSolid,Yellow,Broken,White
10,0,1,89.0,Driving,False,38.813,-60.913,0.0,359.977,3.5,38.812,-62.663,38.813,-59.163,SolidSolid,Yellow,Broken,White
10,0,2,89.0,Driving,False,38.814,-57.413,0.0,359.977,3.5,38.813,-59.163,38.815,-55.663,Broken,White,Solid,White
10,0,-2,90.0,Driving,False,37.81,-67.912,0.0,179.977,3.5,37.811,-66.162,37.809,-69.662,Broken,White,Solid,White
10,0,-1,90.0,Driving,False,37.811,-64.412,0.0,179.977,3.5,37.812,-62.662,37.811,-66.162,SolidSolid,Yellow,Broken,White
10,0,1,90.0,Driving,False,37.813,-60.912,0.0,359.977,3.5,37.812,-62.662,37.813,-59.162,SolidSolid,Yellow,Broken,White
10,0,2,90.0,Driving,False,37.814,-57.412,0.0,359.977,3.5,37.813,-59.162,37.815,-55.662,Broken,White,Solid,White
10,0,-2,91.0,Driving,False,36.81,-67.912,0.0,179.977,3.5,36.811,-66.162,36.809,-69.662,Broken,White,Solid,White
10,0,-1,91.0,Driving,False,36.811,-64.412,0.0,179.977,3.5,36.812,-62.662,36.811,-66.162,SolidSolid,Yellow,Broken,White
10,0,1,91.0,Driving,False,36.813,-60.912,0.0,359.977,3.5,36.812,-62.662,36.813,-59.162,SolidSolid,Yellow,Broken,White
10,0,2,91.0,Driving,False,36.814,-57.412,0.0,359.977,3.5,36.813,-59.162,36.815,-55.662,Broken,White,Solid,White
10,0,-2,92.0,Driving,False,35.81,-67.912,0.0,179.977,3.5,35.811,-66.162,35.809,-69.662,Broken,White,Solid,White
10,0,-1,92.0,Driving,False,35.811,-64.412,0.0,179.977,3.5,35.812,-62.662,35.811,-66.162,SolidSolid,Yellow,Broken,White
10,0,1,92.0,Driving,False,35.813,-60.912,0.0,359.977,3.5,35.812,-62.662,35.813,-59.162,SolidSolid,Yellow,Broken,White
10,0,2,92.0,Driving,False,35.814,-57.412,0.0,359.977,3.5,35.813,-59.162,35.815,-55.662,Broken,White,Solid,White
10,0,-2,93.0,Driving,False,34.81,-67.911,0.0,179.977,3.5,34.811,-66.161,34.809,-69.661,Broken,White,Solid,White
10,0,-1,93.0,Driving,False,34.811,-64.411,0.0,179.977,3.5,34.812,-62.661,34.811,-66.161,SolidSolid,Yellow,Broken,White
10,0,1,93.0,Driving,False,34.813,-60.911,0.0,359.977,3.5,34.812,-62.661,34.813,-59.161,SolidSolid,Yellow,Broken,White
10,0,2,93.0,Driving,False,34.814,-57.411,0.0,359.977,3.5,34.813,-59.161,34.815,-55.661,Broken,White,Solid,White
10,0,-2,94.0,Driving,False,33.81,-67.911,0.0,179.977,3.5,33.811,-66.161,33.809,-69.661,Broken,White,Solid,White
10,0,-1,94.0,Driving,False,33.811,-64.411,0.0,179.977,3.5,33.812,-62.661,33.811,-66.161,SolidSolid,Yellow,Broken,White
10,0,1,94.0,Driving,False,33.813,-60.911,0.0,359.977,3.5,33.812,-62.661,33.813,-59.161,SolidSolid,Yellow,Broken,White
10,0,2,94.0,Driving,False,33.814,-57.411,0.0,359.977,3.5,33.813,-59.161,33.815,-55.661,Broken,White,Solid,White
10,0,-2,95.0,Driving,False,32.81,-67.91,0.0,179.977,3.5,32.811,-66.16,32.809,-69.66,Broken,White,Solid,White
10,0,-1,95.0,Driving,False,32.811,-64.41,0.0,179.977,3.5,32.812,-62.66,32.811,-66.16,SolidSolid,Yellow,Broken,White
10,0,1,95.0,Driving,False,32.813,-60.91,0.0,359.977,3.5,32.812,-62.66,32.813,-59.16,SolidSolid,Yellow,Broken,White
10,0,2,95.0,Driving,False,32.814,-57.41,0.0,359.977,3.5,32.813,-59.16,32.815,-55.66,Broken,White,Solid,White
10,0,-2,96.0,Driving,False,31.81,-67.91,0.0,179.977,3.5,31.811,-66.16,31.809,-69.66,Broken,White,Solid,White
10,0,-1,96.0,Driving,False,31.811,-64.41,0.0,179.977,3.5,31.812,-62.66,31.811,-66.16,SolidSolid,Yellow,Broken,White
10,0,1,96.0,Driving,False,31.813,-60.91,0.0,359.977,3.5,31.812,-62.66,31.813,-59.16,SolidSolid,Yellow,Broken,White
10,0,2,96.0,Driving,False,31.814,-57.41,0.0,359.977,3.5,31.813,-59.16,31.815,-55.66,Broken,White,Solid,White
10,0,-2,97.0,Driving,False,30.81,-67.91,0.0,179.977,3.5,30.811,-66.16,30.809,-69.66,Broken,White,Solid,White
10,0,-1,97.0,Driving,False,30.811,-64.41,0.0,179.977,3.5,30.812,-62.66,30.811,-66.16,SolidSolid,Yellow,Broken,White
10,0,1,97.0,Driving,False,30.813,-60.91,0.0,359.977,3.5,30.812,-62.66,30.813,-59.16,SolidSolid,Yellow,Broken,White
10,0,2,97.0,Driving,False,30.814,-57.41,0.0,359.977,3.5,30.813,-59.16,30.815,-55.66,Broken,White,Solid,White
10,0,-2,98.0,Driving,False,29.81,-67.909,0.0,179.977,3.5,29.811,-66.159,29.809,-69.659,Broken,White,Solid,White
10,0,-1,98.0,Driving,False,29.811,-64.409,0.0,179.977,3.5,29.812,-62.659,29.811,-66.159,SolidSolid,Yellow,Broken,White
10,0,1,98.0,Driving,False,29.813,-60.909,0.0,359.977,3.5,29.812,-62.659,29.813,-59.159,SolidSolid,Yellow,Broken,White
10,0,2,98.0,Driving,False,29.814,-57.409,0.0,359.977,3.5,29.813,-59.159,29.815,-55.659,Broken,White,Solid,White
10,0,-2,99.0,Driving,False,28.81,-67.909,0.0,179.977,3.5,28.811,-66.159,28.809,-69.659,Broken,White,Solid,White
10,0,-1,99.0,Driving,False,28.811,-64.409,0.0,179.977,3.5,28.812,-62.659,28.811,-66.159,SolidSolid,Yellow,Broken,White
10,0,1,99.0,Driving,False,28.813,-60.909,0.0,359.977,3.5,28.812,-62.659,28.813,-59.159,SolidSolid,Yellow,Broken,White
10,0,2,99.0,Driving,False,28.814,-57.409,0.0,359.977,3.5,28.813,-59.159,28.815,-55.659,Broken,White,Solid,White
10,0,-2,100.0,Driving,False,27.81,-67.908,0.0,179.977,3.5,27.811,-66.158,27.809,-69.658,Broken,White,Solid,White
10,0,-1,100.0,Driving,False,27.811,-64.408,0.0,179.977,3.5,27.812,-62.658,27.811,-66.158,SolidSolid,Yellow,Broken,White
10,0,1,100.0,Driving,False,27.813,-60.908,0.0,359.977,3.5,27.812,-62.658,27.813,-59.158,SolidSolid,Yellow,Broken,White
10,0,2,100.0,Driving,False,27.814,-57.408,0.0,359.977,3.5,27.813,-59.158,27.815,-55.658,Broken,White,Solid,White
10,0,-2,101.0,Driving,False,26.81,-67.908,0.0,179.977,3.5,26.811,-66.158,26.809,-69.658,Broken,White,Solid,White
10,0,-1,101.0,Driving,False,26.811,-64.408,0.0,179.977,3.5,26.812,-62.658,26.811,-66.158,SolidSolid,Yellow,Broken,White
10,0,1,101.0,Driving,False,26.813,-60.908,0.0,359.977,3.5,26.812,-62.658,26.813,-59.158,SolidSolid,Yellow,Broken,White
10,0,2,101.0,Driving,False,26.814,-57.408,0.0,359.977,3.5,26.813,-59.158,26.815,-55.658,Broken,White,Solid,White
10,0,-2,102.0,Driving,False,25.81,-67.908,0.0,179.977,3.5,25.811,-66.158,25.809,-69.658,Broken,White,Solid,White
10,0,-1,102.0,Driving,False,25.811,-64.408,0.0,179.977,3.5,25.812,-62.658,25.811,-66.158,SolidSolid,Yellow,Broken,White
10,0,1,102.0,Driving,False,25.813,-60.908,0.0,359.977,3.5,25.812,-62.658,25.813,-59.158,SolidSolid,Yellow,Broken,White
10,0,2,102.0,Driving,False,25.814,-57.408,0.0,359.977,3.5,25.813,-59.158,25.815,-55.658,Broken,White,Solid,White
10,0,-2,103.0,Driving,False,24.81,-67.907,0.0,179.977,3.5,24.811,-66.157,24.809,-69.657,Broken,White,Solid,White
10,0,-1,103.0,Driving,False,24.811,-64.407,0.0,179.977,3.5,24.812,-62.657,24.811,-66.157,SolidSolid,Yellow,Broken,White
10,0,1,103.0,Driving,False,24.813,-60.907,0.0,359.977,3.5,24.812,-62.657,24.813,-59.157,SolidSolid,Yellow,Broken,White
10,0,2,103.0,Driving,False,24.814,-57.407,0.0,359.977,3.5,24.813,-59.157,24.815,-55.657,Broken,White,Solid,White
10,0,-2,104.0,Driving,False,23.81,-67.907,0.0,179.977,3.5,23.811,-66.157,23.809,-69.657,Broken,White,Solid,White
10,0,-1,104.0,Driving,False,23.811,-64.407,0.0,179.977,3.5,23.812,-62.657,23.811,-66.157,SolidSolid,Yellow,Broken,White
10,0,1,104.0,Driving,False,23.813,-60.907,0.0,359.977,3.5,23.812,-62.657,23.813,-59.157,SolidSolid,Yellow,Broken,White
10,0,2,104.0,Driving,False,23.814,-57.407,0.0,359.977,3.5,23.813,-59.157,23.815,-55.657,Broken,White,Solid,White
10,0,-2,105.0,Driving,False,22.81,-67.906,0.0,179.977,3.5,22.811,-66.156,22.809,-69.656,Broken,White,Solid,White
10,0,-1,105.0,Driving,False,22.811,-64.406,0.0,179.977,3.5,22.812,-62.656,22.811,-66.156,SolidSolid,Yellow,Broken,White
10,0,1,105.0,Driving,False,22.813,-60.906,0.0,359.977,3.5,22.812,-62.656,22.813,-59.156,SolidSolid,Yellow,Broken,White
10,0,2,105.0,Driving,False,22.814,-57.406,0.0,359.977,3.5,22.813,-59.156,22.815,-55.656,Broken,White,Solid,White
10,0,-2,106.0,Driving,False,21.81,-67.906,0.0,179.977,3.5,21.811,-66.156,21.809,-69.656,Broken,White,Solid,White
10,0,-1,106.0,Driving,False,21.811,-64.406,0.0,179.977,3.5,21.812,-62.656,21.811,-66.156,SolidSolid,Yellow,Broken,White
10,0,1,106.0,Driving,False,21.813,-60.906,0.0,359.977,3.5,21.812,-62.656,21.813,-59.156,SolidSolid,Yellow,Broken,White
10,0,2,106.0,Driving,False,21.814,-57.406,0.0,359.977,3.5,21.813,-59.156,21.815,-55.656,Broken,White,Solid,White
10,0,-2,107.0,Driving,False,20.81,-67.905,0.0,179.977,3.5,20.811,-66.155,20.809,-69.655,Broken,White,Solid,White
10,0,-1,107.0,Driving,False,20.811,-64.405,0.0,179.977,3.5,20.812,-62.655,20.811,-66.155,SolidSolid,Yellow,Broken,White
10,0,1,107.0,Driving,False,20.813,-60.905,0.0,359.977,3.5,20.812,-62.655,20.813,-59.155,SolidSolid,Yellow,Broken,White
10,0,2,107.0,Driving,False,20.814,-57.405,0.0,359.977,3.5,20.813,-59.155,20.815,-55.655,Broken,White,Solid,White
10,0,-2,108.0,Driving,False,19.81,-67.905,0.0,179.977,3.5,19.811,-66.155,19.809,-69.655,Broken,White,Solid,White
10,0,-1,108.0,Driving,False,19.811,-64.405,0.0,179.977,3.5,19.812,-62.655,19.811,-66.155,SolidSolid,Yellow,Broken,White
10,0,1,108.0,Driving,False,19.813,-60.905,0.0,359.977,3.5,19.812,-62.655,19.813,-59.155,SolidSolid,Yellow,Broken,White
10,0,2,108.0,Driving,False,19.814,-57.405,0.0,359.977,3.5,19.813,-59.155,19.815,-55.655,Broken,White,Solid,White
10,0,-2,109.0,Driving,False,18.81,-67.905,0.0,179.977,3.5,18.811,-66.155,18.809,-69.655,Broken,White,Solid,White
10,0,-1,109.0,Driving,False,18.811,-64.405,0.0,179.977,3.5,18.812,-62.655,18.811,-66.155,SolidSolid,Yellow,Broken,White
10,0,1,109.0,Driving,False,18.813,-60.905,0.0,359.977,3.5,18.812,-62.655,18.813,-59.155,SolidSolid,Yellow,Broken,White
10,0,2,109.0,Driving,False,18.814,-57.405,0.0,359.977,3.5,18.813,-59.155,18.815,-55.655,Broken,White,Solid,White
10,0,-2,110.0,Driving,False,17.81,-67.904,0.0,179.977,3.5,17.811,-66.154,17.809,-69.654,Broken,White,Solid,White
10,0,-1,110.0,Driving,False,17.811,-64.404,0.0,179.977,3.5,17.812,-62.654,17.811,-66.154,SolidSolid,Yellow,Broken,White
10,0,1,110.0,Driving,False,17.813,-60.904,0.0,359.977,3.5,17.812,-62.654,17.813,-59.154,SolidSolid,Yellow,Broken,White
10,0,2,110.0,Driving,False,17.814,-57.404,0.0,359.977,3.5,17.813,-59.154,17.815,-55.654,Broken,White,Solid,White
10,0,-2,111.0,Driving,False,16.81,-67.904,0.0,179.977,3.5,16.811,-66.154,16.809,-69.654,Broken,White,Solid,White
10,0,-1,111.0,Driving,False,16.811,-64.404,0.0,179.977,3.5,16.812,-62.654,16.811,-66.154,SolidSolid,Yellow,Broken,White
10,0,1,111.0,Driving,False,16.813,-60.904,0.0,359.977,3.5,16.812,-62.654,16.813,-59.154,SolidSolid,Yellow,Broken,White
10,0,2,111.0,Driving,False,16.814,-57.404,0.0,359.977,3.5,16.813,-59.154,16.815,-55.654,Broken,White,Solid,White
10,0,-2,112.0,Driving,False,15.81,-67.903,0.0,179.977,3.5,15.811,-66.153,15.809,-69.653,Broken,White,Solid,White
10,0,-1,112.0,Driving,False,15.811,-64.403,0.0,179.977,3.5,15.812,-62.653,15.811,-66.153,SolidSolid,Yellow,Broken,White
10,0,1,112.0,Driving,False,15.813,-60.903,0.0,359.977,3.5,15.812,-62.653,15.813,-59.153,SolidSolid,Yellow,Broken,White
10,0,2,112.0,Driving,False,15.814,-57.403,0.0,359.977,3.5,15.813,-59.153,15.815,-55.653,Broken,White,Solid,White
10,0,-2,113.0,Driving,False,14.81,-67.903,0.0,179.977,3.5,14.811,-66.153,14.809,-69.653,Broken,White,Solid,White
10,0,-1,113.0,Driving,False,14.811,-64.403,0.0,179.977,3.5,14.812,-62.653,14.811,-66.153,SolidSolid,Yellow,Broken,White
10,0,1,113.0,Driving,False,14.813,-60.903,0.0,359.977,3.5,14.812,-62.653,14.813,-59.153,SolidSolid,Yellow,Broken,White
10,0,2,113.0,Driving,False,14.814,-57.403,0.0,359.977,3.5,14.813,-59.153,14.815,-55.653,Broken,White,Solid,White
10,0,-2,114.0,Driving,False,13.81,-67.903,0.0,179.977,3.5,13.811,-66.153,13.809,-69.653,Broken,White,Solid,White
10,0,-1,114.0,Driving,False,13.811,-64.403,0.0,179.977,3.5,13.812,-62.653,13.811,-66.153,SolidSolid,Yellow,Broken,White
10,0,1,114.0,Driving,False,13.813,-60.903,0.0,359.977,3.5,13.812,-62.653,13.813,-59.153,SolidSolid,Yellow,Broken,White
10,0,2,114.0,Driving,False,13.814,-57.403,0.0,359.977,3.5,13.813,-59.153,13.815,-55.653,Broken,White,Solid,White
10,0,-2,115.0,Driving,False,12.81,-67.902,0.0,179.977,3.5,12.811,-66.152,12.809,-69.652,Broken,White,Solid,White
10,0,-1,115.0,Driving,False,12.811,-64.402,0.0,179.977,3.5,12.812,-62.652,12.811,-66.152,SolidSolid,Yellow,Broken,White
10,0,1,115.0,Driving,False,12.813,-60.902,0.0,359.977,3.5,12.812,-62.652,12.813,-59.152,SolidSolid,Yellow,Broken,White
10,0,2,115.0,Driving,False,12.814,-57.402,0.0,359.977,3.5,12.813,-59.152,12.815,-55.652,Broken,White,Solid,White
10,0,-2,116.0,Driving,False,11.81,-67.902,0.0,179.977,3.5,11.811,-66.152,11.809,-69.652,Broken,White,Solid,White
10,0,-1,116.0,Driving,False,11.811,-64.402,0.0,179.977,3.5,11.812,-62.652,11.811,-66.152,SolidSolid,Yellow,Broken,White
10,0,1,116.0,Driving,False,11.813,-60.902,0.0,359.977,3.5,11.812,-62.652,11.813,-59.152,SolidSolid,Yellow,Broken,White
10,0,2,116.0,Driving,False,11.814,-57.402,0.0,359.977,3.5,11.813,-59.152,11.815,-55.652,Broken,White,Solid,White
10,0,-2,117.0,Driving,False,10.81,-67.901,0.0,179.977,3.5,10.811,-66.151,10.809,-69.651,Broken,White,Solid,White
10,0,-1,117.0,Driving,False,10.811,-64.401,0.0,179.977,3.5,10.812,-62.651,10.811,-66.151,SolidSolid,Yellow,Broken,White
10,0,1,117.0,Driving,False,10.813,-60.901,0.0,359.977,3.5,10.812,-62.651,10.813,-59.151,SolidSolid,Yellow,Broken,White
10,0,2,117.0,Driving,False,10.814,-57.401,0.0,359.977,3.5,10.813,-59.151,10.815,-55.651,Broken,White,Solid,White
10,0,-2,118.0,Driving,False,9.81,-67.901,0.0,179.977,3.5,9.811,-66.151,9.809,-69.651,Broken,White,Solid,White
10,0,-1,118.0,Driving,False,9.811,-64.401,0.0,179.977,3.5,9.812,-62.651,9.811,-66.151,SolidSolid,Yellow,Broken,White
10,0,1,118.0,Driving,False,9.813,-60.901,0.0,359.977,3.5,9.812,-62.651,9.813,-59.151,SolidSolid,Yellow,Broken,White
10,0,2,118.0,Driving,False,9.814,-57.401,0.0,359.977,3.5,9.813,-59.151,9.815,-55.651,Broken,White,Solid,White
10,0,-2,119.0,Driving,False,8.81,-67.901,0.0,179.977,3.5,8.811,-66.151,8.809,-69.651,Broken,White,Solid,White
10,0,-1,119.0,Driving,False,8.811,-64.401,0.0,179.977,3.5,8.812,-62.651,8.811,-66.151,SolidSolid,Yellow,Broken,White
10,0,1,119.0,Driving,False,8.813,-60.901,0.0,359.977,3.5,8.812,-62.651,8.813,-59.151,SolidSolid,Yellow,Broken,White
10,0,2,119.0,Driving,False,8.814,-57.401,0.0,359.977,3.5,8.813,-59.151,8.815,-55.651,Broken,White,Solid,White
10,0,-2,120.0,Driving,False,7.81,-67.9,0.0,179.977,3.5,7.811,-66.15,7.809,-69.65,Broken,White,Solid,White
10,0,-1,120.0,Driving,False,7.811,-64.4,0.0,179.977,3.5,7.812,-62.65,7.811,-66.15,SolidSolid,Yellow,Broken,White
10,0,1,120.0,Driving,False,7.813,-60.9,0.0,359.977,3.5,7.812,-62.65,7.813,-59.15,SolidSolid,Yellow,Broken,White
10,0,2,120.0,Driving,False,7.814,-57.4,0.0,359.977,3.5,7.813,-59.15,7.815,-55.65,Broken,White,Solid,White
900,0,-1,0.0,Driving,True,-41.574,82.625,0.0,-90.161,3.5,-43.324,82.63,-39.824,82.621,Broken,White,Solid,White
900,0,-1,1.0,Driving,True,-41.577,81.625,0.0,-90.161,3.5,-43.327,81.63,-39.827,81.621,Broken,White,Solid,White
900,0,-1,2.0,Driving,True,-41.58,80.625,0.0,-90.161,3.5,-43.33,80.63,-39.83,80.621,NONE,White,Solid,White
900,0,-1,3.0,Driving,True,-41.58,79.664,0.0,271.102,3.5,-43.33,79.63,-39.83,79.698,NONE,White,Solid,White
900,0,-1,4.0,Driving,True,-41.526,78.824,0.0,276.269,3.5,-43.265,78.633,-39.786,79.015,NONE,White,Solid,White
900,0,-1,5.0,Driving,True,-41.396,77.992,0.0,281.436,3.5,-43.112,77.645,-39.681,78.339,NONE,White,Solid,White
900,0,-1,6.0,Driving,True,-41.192,77.175,0.0,286.603,3.5,-42.869,76.675,-39.515,77.675,NONE,White,Solid,White
900,0,-1,7.0,Driving,True,-40.916,76.38,0.0,291.77,3.5,-42.541,75.731,-39.291,77.029,NONE,White,Solid,White
900,0,-1,8.0,Driving,True,-40.569,75.613,0.0,296.937,3.5,-42.129,74.82,-39.008,76.406,NONE,White,Solid,White
900,0,-1,9.0,Driving,True,-40.154,74.88,0.0,302.104,3.5,-41.636,73.95,-38.671,75.811,NONE,White,Solid,White
900,0,-1,10.0,Driving,True,-39.675,74.188,0.0,307.271,3.5,-41.067,73.128,-38.282,75.248,NONE,White,Solid,White
900,0,-1,11.0,Driving,True,-39.135,73.542,0.0,312.438,3.5,-40.427,72.361,-37.844,74.723,NONE,White,Solid,White
900,0,-1,12.0,Driving,True,-38.54,72.947,0.0,317.605,3.5,-39.719,71.654,-37.36,74.239,NONE,White,Solid,White
900,0,-1,13.0,Driving,True,-37.881,72.396,0.0,-37.779,3.5,-38.953,71.013,-36.809,73.779,NONE,White,Solid,White
900,0,-1,14.0,Driving,True,-37.167,71.881,0.0,-33.844,3.5,-38.142,70.428,-36.193,73.335,NONE,White,Solid,White
900,0,-1,15.0,Driving,True,-36.42,71.417,0.0,-29.91,3.5,-37.293,69.9,-35.548,72.934,NONE,White,Solid,White
900,0,-1,16.0,Driving,True,-35.643,71.004,0.0,-25.975,3.5,-36.41,69.431,-34.877,72.578,NONE,White,Solid,White
900,0,-1,17.0,Driving,True,-34.84,70.647,0.0,-22.041,3.5,-35.497,69.024,-34.183,72.269,NONE,White,Solid,White
900,0,-1,18.0,Driving,True,-34.014,70.345,0.0,-18.106,3.5,-34.557,68.681,-33.47,72.008,NONE,White,Solid,White
900,0,-1,19.0,Driving,True,-33.169,70.1,0.0,-14.172,3.5,-33.597,68.403,-32.74,71.797,NONE,White,Solid,White
900,0,-1,20.0,Driving,True,-32.309,69.914,0.0,-10.237,3.5,-32.62,68.192,-31.998,71.636,NONE,White,Solid,White
900,0,-1,21.0,Driving,True,-31.438,69.788,0.0,-6.302,3.5,-31.63,68.048,-31.246,71.527,NONE,White,NONE,White
900,0,-1,22.0,Driving,True,-30.561,69.721,0.0,-2.368,3.5,-30.633,67.973,-30.489,71.47,NONE,White,NONE,White
900,0,-1,23.0,Driving,True,-29.636,69.711,0.0,0.073,3.5,-29.634,67.961,-29.638,71.461,NONE,White,NONE,White
900,0,-1,24.0,Driving,True,-28.636,69.712,0.0,0.073,3.5,-28.634,67.962,-28.638,71.462,NONE,White,NONE,White
900,0,-1,25.0,Driving,True,-27.636,69.713,0.0,0.073,3.5,-27.634,67.963,-27.638,71.463,NONE,White,NONE,White
11,0,-1,0.0,Driving,False,85.982,66.358,0.0,-179.927,3.5,85.98,68.108,85.984,64.608,SolidSolid,Yellow,NONE,White
11,0,1,0.0,Driving,False,85.978,69.858,0.0,0.073,3.5,85.98,68.108,85.976,71.608,SolidSolid,Yellow,Solid,White
11,0,-1,1.0,Driving,False,84.982,66.357,0.0,-179.927,3.5,84.98,68.107,84.984,64.607,SolidSolid,Yellow,NONE,White
11,0,1,1.0,Driving,False,84.978,69.857,0.0,0.073,3.5,84.98,68.107,84.976,71.607,SolidSolid,Yellow,Solid,White
11,0,-1,2.0,Driving,False,83.982,66.356,0.0,-179.927,3.5,83.98,68.106,83.984,64.606,SolidSolid,Yellow,NONE,White
11,0,1,2.0,Driving,False,83.978,69.856,0.0,0.073,3.5,83.98,68.106,83.976,71.606,SolidSolid,Yellow,Solid,White
11,0,-1,3.0,Driving,False,82.982,66.355,0.0,-179.927,3.5,82.98,68.105,82.984,64.605,SolidSolid,Yellow,NONE,White
11,0,1,3.0,Driving,False,82.978,69.855,0.0,0.073,3.5,82.98,68.105,82.976,71.605,SolidSolid,Yellow,Solid,White
11,0,-1,4.0,Driving,False,81.982,66.353,0.0,-179.927,3.5,81.98,68.103,81.984,64.603,SolidSolid,Yellow,NONE,White
11,0,1,4.0,Driving,False,81.978,69.853,0.0,0.073,3.5,81.98,68.103,81.976,71.603,SolidSolid,Yellow,Solid,White
11,0,-1,5.0,Driving,False,80.982,66.352,0.0,-179.927,3.5,80.98,68.102,80.984,64.602,SolidSolid,Yellow,NONE,White
11,0,1,5.0,Driving,False,80.978,69.852,0.0,0.073,3.5,80.98,68.102,80.976,71.602,SolidSolid,Yellow,Solid,White
11,0,-1,6.0,Driving,False,79.982,66.351,0.0,-179.927,3.5,79.98,68.101,79.984,64.601,SolidSolid,Yellow,NONE,White
11,0,1,6.0,Driving,False,79.978,69.851,0.0,0.073,3.5,79.98,68.101,79.976,71.601,SolidSolid,Yellow,Solid,White
11,0,-1,7.0,Driving,False,78.982,66.35,0.0,-179.927,3.5,78.98,68.1,78.984,64.6,SolidSolid,Yellow,NONE,White
11,0,1,7.0,Driving,False,78.978,69.85,0.0,0.073,3.5,78.98,68.1,78.976,71.6,SolidSolid,Yellow,Solid,White
11,0,-1,8.0,Driving,False,77.982,66.348,0.0,-179.927,3.5,77.98,68.098,77.984,64.598,SolidSolid,Yellow,NONE,White
11,0,1,8.0,Driving,False,77.978,69.848,0.0,0.073,3.5,77.98,68.098,77.976,71.598,SolidSolid,Yellow,Solid,White
11,0,-1,9.0,Driving,False,76.982,66.347,0.0,-179.927,3.5,76.98,68.097,76.984,64.597,SolidSolid,Yellow,NONE,White
11,0,1,9.0,Driving,False,76.978,69.847,0.0,0.073,3.5,76.98,68.097,76.976,71.597,SolidSolid,Yellow,Solid,White
11,0,-1,10.0,Driving,False,75.982,66.346,0.0,-179.927,3.5,75.98,68.096,75.984,64.596,SolidSolid,Yellow,NONE,White
11,0,1,10.0,Driving,False,75.978,69.846,0.0,0.073,3.5,75.98,68.096,75.976,71.596,SolidSolid,Yellow,NONE,White
11,0,-1,11.0,Driving,False,74.982,66.344,0.0,-179.927,3.5,74.98,68.094,74.984,64.594,SolidSolid,Yellow,NONE,White
11,0,1,11.0,Driving,False,74.978,69.844,0.0,0.073,3.5,74.98,68.094,74.976,71.594,SolidSolid,Yellow,NONE,White
11,0,-1,12.0,Driving,False,73.982,66.343,0.0,-179.927,3.5,73.98,68.093,73.984,64.593,SolidSolid,Yellow,NONE,White
11,0,1,12.0,Driving,False,73.978,69.843,0.0,0.073,3.5,73.98,68.093,73.976,71.593,SolidSolid,Yellow,NONE,White
11,0,-1,13.0,Driving,False,72.982,66.342,0.0,-179.927,3.5,72.98,68.092,72.984,64.592,SolidSolid,Yellow,NONE,White
11,0,1,13.0,Driving,False,72.978,69.842,0.0,0.073,3.5,72.98,68.092,72.976,71.592,SolidSolid,Yellow,NONE,White
11,0,-1,14.0,Driving,False,71.982,66.341,0.0,-179.927,3.5,71.98,68.091,71.984,64.591,SolidSolid,Yellow,NONE,White
11,0,1,14.0,Driving,False,71.978,69.841,0.0,0.073,3.5,71.98,68.091,71.976,71.591,SolidSolid,Yellow,NONE,White
11,0,-1,15.0,Driving,False,70.982,66.339,0.0,-179.927,3.5,70.98,68.089,70.984,64.589,SolidSolid,Yellow,NONE,White
11,0,1,15.0,Driving,False,70.978,69.839,0.0,0.073,3.5,70.98,68.089,70.976,71.589,SolidSolid,Yellow,NONE,White
11,0,-1,16.0,Driving,False,69.982,66.338,0.0,-179.927,3.5,69.98,68.088,69.984,64.588,SolidSolid,Yellow,NONE,White
11,0,1,16.0,Driving,False,69.978,69.838,0.0,0.073,3.5,69.98,68.088,69.976,71.588,SolidSolid,Yellow,NONE,White
11,0,-1,17.0,Driving,False,68.982,66.337,0.0,-179.927,3.5,68.98,68.087,68.984,64.587,SolidSolid,Yellow,NONE,White
11,0,1,17.0,Driving,False,68.978,69.837,0.0,0.073,3.5,68.98,68.087,68.976,71.587,SolidSolid,Yellow,NONE,White
11,0,-1,18.0,Driving,False,67.982,66.335,0.0,-179.927,3.5,67.98,68.085,67.984,64.585,SolidSolid,Yellow,Solid,White
11,0,1,18.0,Driving,False,67.978,69.835,0.0,0.073,3.5,67.98,68.085,67.976,71.585,SolidSolid,Yellow,NONE,White
11,0,-1,19.0,Driving,False,66.982,66.334,0.0,-179.927,3.5,66.98,68.084,66.984,64.584,SolidSolid,Yellow,Solid,White
11,0,1,19.0,Driving,False,66.978,69.834,0.0,0.073,3.5,66.98,68.084,66.976,71.584,SolidSolid,Yellow,NONE,White
11,0,-1,20.0,Driving,False,65.982,66.333,0.0,-179.927,3.5,65.98,68.083,65.984,64.583,SolidSolid,Yellow,Solid,White
11,0,1,20.0,Driving,False,65.978,69.833,0.0,0.073,3.5,65.98,68.083,65.976,71.583,SolidSolid,Yellow,NONE,White
11,0,-1,21.0,Driving,False,64.982,66.332,0.0,-179.927,3.5,64.98,68.082,64.984,64.582,SolidSolid,Yellow,Solid,White
11,0,1,21.0,Driving,False,64.978,69.832,0.0,0.073,3.5,64.98,68.082,64.976,71.582,SolidSolid,Yellow,NONE,White
11,0,-1,22.0,Driving,False,63.982,66.33,0.0,-179.927,3.5,63.98,68.08,63.985,64.58,SolidSolid,Yellow,Solid,White
11,0,1,22.0,Driving,False,63.978,69.83,0.0,0.073,3.5,63.98,68.08,63.976,71.58,SolidSolid,Yellow,NONE,White
11,0,-1,23.0,Driving,False,62.982,66.329,0.0,-179.927,3.5,62.98,68.079,62.985,64.579,SolidSolid,Yellow,Solid,White
11,0,1,23.0,Driving,False,62.978,69.829,0.0,0.073,3.5,62.98,68.079,62.976,71.579,SolidSolid,Yellow,NONE,White
11,0,-1,24.0,Driving,False,61.982,66.328,0.0,-179.927,3.5,61.98,68.078,61.985,64.578,SolidSolid,Yellow,Solid,White
11,0,1,24.0,Driving,False,61.978,69.828,0.0,0.073,3.5,61.98,68.078,61.976,71.578,SolidSolid,Yellow,NONE,White
11,0,-1,25.0,Driving,False,60.982,66.327,0.0,-179.927,3.5,60.98,68.077,60.985,64.577,SolidSolid,Yellow,Solid,White
11,0,1,25.0,Driving,False,60.978,69.827,0.0,0.073,3.5,60.98,68.077,60.976,71.577,SolidSolid,Yellow,NONE,White
11,0,-1,26.0,Driving,False,59.982,66.325,0.0,-179.927,3.5,59.98,68.075,59.985,64.575,SolidSolid,Yellow,Solid,White
11,0,1,26.0,Driving,False,59.978,69.825,0.0,0.073,3.5,59.98,68.075,59.976,71.575,SolidSolid,Yellow,NONE,White
11,0,-1,27.0,Driving,False,58.982,66.324,0.0,-179.927,3.5,58.98,68.074,58.985,64.574,SolidSolid,Yellow,Solid,White
11,0,1,27.0,Driving,False,58.978,69.824,0.0,0.073,3.5,58.98,68.074,58.976,71.574,SolidSolid,Yellow,NONE,White
676,0,1,0.0,Driving,True,102.301,82.915,0.0,-269.609,3.5,104.051,82.927,100.551,82.903,SolidSolid,Yellow,Broken,White
676,0,2,0.0,Driving,True,98.801,82.891,0.0,-269.609,3.5,100.551,82.903,97.051,82.879,Broken,White,Solid,White
676,0,1,1.0,Driving,True,102.307,81.915,0.0,-269.609,3.5,104.057,81.927,100.557,81.903,SolidSolid,Yellow,Broken,White
676,0,2,1.0,Driving,True,98.807,81.891,0.0,-269.609,3.5,100.557,81.903,97.058,81.879,Broken,White,NONE,White
676,0,1,2.0,Driving,True,102.314,80.915,0.0,-269.609,3.5,104.064,80.927,100.564,80.903,SolidSolid,Yellow,Broken,White
676,0,2,2.0,Driving,True,98.814,80.891,0.0,-269.609,3.5,100.564,80.903,97.064,80.879,Broken,White,NONE,White
676,0,1,3.0,Driving,True,102.321,79.915,0.0,-269.609,3.5,104.071,79.927,100.571,79.903,SolidSolid,Yellow,Broken,White
676,0,2,3.0,Driving,True,98.821,79.891,0.0,-269.609,3.5,100.571,79.903,97.071,79.879,Broken,White,NONE,White
676,0,1,4.0,Driving,True,102.328,78.915,0.0,-269.609,3.5,104.078,78.927,100.578,78.903,SolidSolid,Yellow,Broken,White
676,0,2,4.0,Driving,True,98.828,78.891,0.0,-269.609,3.5,100.578,78.903,97.078,78.879,Broken,White,NONE,White
676,0,1,5.0,Driving,True,102.335,77.915,0.0,-269.609,3.5,104.085,77.927,100.585,77.903,SolidSolid,Yellow,Broken,White
676,0,2,5.0,Driving,True,98.835,77.891,0.0,-269.609,3.5,100.585,77.903,97.085,77.879,Broken,White,NONE,White
676,0,1,6.0,Driving,True,102.341,76.915,0.0,-269.609,3.5,104.091,76.927,100.592,76.903,SolidSolid,Yellow,Broken,White
676,0,2,6.0,Driving,True,98.842,76.891,0.0,-269.609,3.5,100.592,76.903,97.092,76.879,Broken,White,NONE,White
676,0,1,7.0,Driving,True,102.348,75.915,0.0,-269.609,3.5,104.098,75.927,100.598,75.903,SolidSolid,Yellow,Broken,White
676,0,2,7.0,Driving,True,98.848,75.891,0.0,-269.609,3.5,100.598,75.903,97.098,75.879,Broken,White,NONE,White
676,0,1,8.0,Driving,True,102.355,74.915,0.0,-269.609,3.5,104.105,74.927,100.605,74.903,SolidSolid,Yellow,Broken,White
676,0,2,8.0,Driving,True,98.855,74.891,0.0,-269.609,3.5,100.605,74.903,97.105,74.879,Broken,White,NONE,White
676,0,1,9.0,Driving,True,102.362,73.915,0.0,-269.609,3.5,104.112,73.927,100.612,73.903,SolidSolid,Yellow,Broken,White
676,0,2,9.0,Driving,True,98.862,73.891,0.0,-269.609,3.5,100.612,73.903,97.112,73.879,Broken,White,NONE,White
676,0,1,10.0,Driving,True,102.369,72.915,0.0,-269.609,3.5,104.119,72.927,100.619,72.903,SolidSolid,Yellow,Broken,White
676,0,2,10.0,Driving,True,98.869,72.891,0.0,-269.609,3.5,100.619,72.903,97.119,72.879,Broken,White,NONE,White
676,0,1,11.0,Driving,True,102.376,71.915,0.0,-269.609,3.5,104.126,71.927,100.626,71.903,SolidSolid,Yellow,Broken,White
676,0,2,11.0,Driving,True,98.876,71.891,0.0,-269.609,3.5,100.626,71.903,97.126,71.879,Broken,White,NONE,White
676,0,1,12.0,Driving,True,102.382,70.915,0.0,-269.609,3.5,104.132,70.927,100.632,70.903,SolidSolid,Yellow,NONE,White
676,0,2,12.0,Driving,True,98.882,70.891,0.0,-269.609,3.5,100.632,70.903,97.133,70.879,NONE,White,NONE,White
676,0,1,13.0,Driving,True,102.389,69.915,0.0,-269.609,3.5,104.139,69.927,100.639,69.903,SolidSolid,Yellow,NONE,White
676,0,2,13.0,Driving,True,98.889,69.891,0.0,-269.609,3.5,100.639,69.903,97.139,69.879,NONE,White,NONE,White
676,0,1,14.0,Driving,True,102.396,68.915,0.0,-269.609,3.5,104.146,68.927,100.646,68.903,SolidSolid,Yellow,NONE,White
676,0,2,14.0,Driving,True,98.896,68.891,0.0,-269.609,3.5,100.646,68.903,97.146,68.879,NONE,White,NONE,White
676,0,1,15.0,Driving,True,102.403,67.915,0.0,-269.609,3.5,104.153,67.927,100.653,67.903,SolidSolid,Yellow,NONE,White
676,0,2,15.0,Driving,True,98.903,67.891,0.0,-269.609,3.5,100.653,67.903,97.153,67.879,NONE,White,NONE,White
676,0,1,16.0,Driving,True,102.41,66.915,0.0,-269.609,3.5,104.16,66.927,100.66,66.903,SolidSolid,Yellow,NONE,White
676,0,2,16.0,Driving,True,98.91,66.891,0.0,-269.609,3.5,100.66,66.903,97.16,66.879,NONE,White,NONE,White
676,0,1,17.0,Driving,True,102.417,65.915,0.0,-269.609,3.5,104.166,65.927,100.667,65.903,SolidSolid,Yellow,NONE,White
676,0,2,17.0,Driving,True,98.917,65.891,0.0,-269.609,3.5,100.667,65.903,97.167,65.879,NONE,White,NONE,White
676,0,1,18.0,Driving,True,102.423,64.915,0.0,-269.609,3.5,104.173,64.927,100.673,64.903,SolidSolid,Yellow,NONE,White
676,0,2,18.0,Driving,True,98.923,64.891,0.0,-269.609,3.5,100.673,64.903,97.173,64.879,NONE,White,NONE,White
676,0,1,19.0,Driving,True,102.43,63.915,0.0,-269.609,3.5,104.18,63.927,100.68,63.903,SolidSolid,Yellow,Broken,White
676,0,2,19.0,Driving,True,98.93,63.891,0.0,-269.609,3.5,100.68,63.903,97.18,63.879,Broken,White,NONE,White
676,0,1,20.0,Driving,True,102.437,62.915,0.0,-269.609,3.5,104.187,62.927,100.687,62.903,SolidSolid,Yellow,Broken,White
676,0,2,20.0,Driving,True,98.937,62.891,0.0,-269.609,3.5,100.687,62.903,97.187,62.879,Broken,White,NONE,White
676,0,1,21.0,Driving,True,102.444,61.915,0.0,-269.609,3.5,104.194,61.927,100.694,61.903,SolidSolid,Yellow,Broken,White
676,0,2,21.0,Driving,True,98.944,61.891,0.0,-269.609,3.5,100.694,61.903,97.194,61.879,Broken,White,NONE,White
676,0,1,22.0,Driving,True,102.451,60.915,0.0,-269.609,3.5,104.201,60.927,100.701,60.903,SolidSolid,Yellow,Broken,White
676,0,2,22.0,Driving,True,98.951,60.891,0.0,-269.609,3.5,100.701,60.903,97.201,60.879,Broken,White,NONE,White
676,0,1,23.0,Driving,True,102.457,59.915,0.0,-269.609,3.5,104.207,59.927,100.707,59.903,SolidSolid,Yellow,Broken,White
676,0,2,23.0,Driving,True,98.958,59.891,0.0,-269.609,3.5,100.707,59.903,97.208,59.879,Broken,White,NONE,White
676,0,1,24.0,Driving,True,102.464,58.915,0.0,-269.609,3.5,104.214,58.927,100.714,58.903,SolidSolid,Yellow,Broken,White
676,0,2,24.0,Driving,True,98.964,58.891,0.0,-269.609,3.5,100.714,58.903,97.214,58.879,Broken,White,NONE,White
676,0,1,25.0,Driving,True,102.471,57.915,0.0,-269.609,3.5,104.221,57.927,100.721,57.903,SolidSolid,Yellow,Broken,White
676,0,2,25.0,Driving,True,98.971,57.891,0.0,-269.609,3.5,100.721,57.903,97.221,57.879,Broken,White,NONE,White
676,0,1,26.0,Driving,True,102.478,56.915,0.0,-269.609,3.5,104.228,56.927,100.728,56.903,SolidSolid,Yellow,Broken,White
676,0,2,26.0,Driving,True,98.978,56.891,0.0,-269.609,3.5,100.728,56.903,97.228,56.88,Broken,White,NONE,White
676,0,1,27.0,Driving,True,102.485,55.915,0.0,-269.609,3.5,104.235,55.927,100.735,55.903,SolidSolid,Yellow,Broken,White
676,0,2,27.0,Driving,True,98.985,55.891,0.0,-269.609,3.5,100.735,55.903,97.235,55.88,Broken,White,NONE,White
676,0,1,28.0,Driving,True,102.492,54.915,0.0,-269.609,3.5,104.241,54.927,100.742,54.903,SolidSolid,Yellow,Broken,White
676,0,2,28.0,Driving,True,98.992,54.892,0.0,-269.609,3.5,100.742,54.903,97.242,54.88,Broken,White,NONE,White
676,0,1,29.0,Driving,True,102.498,53.915,0.0,-269.609,3.5,104.248,53.927,100.748,53.903,SolidSolid,Yellow,Broken,White
676,0,2,29.0,Driving,True,98.998,53.892,0.0,-269.609,3.5,100.748,53.903,97.248,53.88,Broken,White,Solid,White
41,0,1,0.0,Driving,True,-27.837,-57.784,0.0,0.597,3.5,-27.819,-59.534,-27.855,-56.034,Broken,White,Solid,White
41,0,1,1.0,Driving,True,-28.806,-57.793,0.0,-0.384,3.5,-28.818,-59.543,-28.795,-56.043,NONE,White,Solid,White
41,0,1,2.0,Driving,True,-29.675,-57.754,0.0,-4.646,3.5,-29.817,-59.499,-29.533,-56.01,NONE,White,Solid,White
41,0,1,3.0,Driving,True,-30.539,-57.652,0.0,-8.908,3.5,-30.81,-59.381,-30.268,-55.923,NONE,White,Solid,White
41,0,1,4.0,Driving,True,-31.392,-57.485,0.0,-13.171,3.5,-31.791,-59.189,-30.993,-55.781,NONE,White,Solid,White
41,0,1,5.0,Driving,True,-32.231,-57.256,0.0,-17.433,3.5,-32.755,-58.925,-31.707,-55.586,NONE,White,Solid,White
41,0,1,6.0,Driving,True,-33.05,-56.965,0.0,-21.695,3.5,-33.697,-58.591,-32.403,-55.339,NONE,White,Solid,White
41,0,1,7.0,Driving,True,-33.846,-56.613,0.0,-25.957,3.5,-34.612,-58.187,-33.08,-55.04,NONE,White,Solid,White
41,0,1,8.0,Driving,True,-34.613,-56.204,0.0,-30.219,3.5,-35.494,-57.716,-33.732,-54.692,NONE,White,Solid,White
41,0,1,9.0,Driving,True,-35.348,-55.739,0.0,-34.481,3.5,-36.338,-57.181,-34.357,-54.296,NONE,White,Solid,White
41,0,1,10.0,Driving,True,-36.046,-55.22,0.0,-38.743,3.5,-37.141,-56.585,-34.951,-53.855,NONE,White,Solid,White
41,0,1,11.0,Driving,True,-36.703,-54.651,0.0,-43.005,3.5,-37.897,-55.931,-35.51,-53.371,NONE,White,Solid,White
41,0,1,12.0,Driving,True,-37.317,-54.034,0.0,-47.268,3.5,-38.602,-55.222,-36.031,-52.847,NONE,White,Solid,White
41,0,1,13.0,Driving,True,-37.93,-53.331,0.0,-49.464,3.5,-39.26,-54.468,-36.6,-52.194,NONE,White,Solid,White
41,0,1,14.0,Driving,True,-38.494,-52.631,0.0,-52.768,3.5,-39.887,-53.69,-37.101,-51.573,NONE,White,Solid,White
41,0,1,15.0,Driving,True,-39.016,-51.901,0.0,-56.099,3.5,-40.469,-52.877,-37.564,-50.925,NONE,White,Solid,White
41,0,1,16.0,Driving,True,-39.495,-51.141,0.0,-59.431,3.5,-41.002,-52.031,-37.989,-50.251,NONE,White,Solid,White
41,0,1,17.0,Driving,True,-39.93,-50.355,0.0,-62.762,3.5,-41.486,-51.156,-38.374,-49.554,NONE,White,Solid,White
41,0,1,18.0,Driving,True,-40.317,-49.545,0.0,-66.093,3.5,-41.917,-50.254,-38.717,-48.836,NONE,White,Solid,White
41,0,1,19.0,Driving,True,-40.657,-48.714,0.0,-69.425,3.5,-42.296,-49.329,-39.019,-48.099,NONE,White,Solid,White
41,0,1,20.0,Driving,True,-40.948,-47.864,0.0,-72.756,3.5,-42.62,-48.383,-39.277,-47.345,NONE,White,NONE,White
41,0,1,21.0,Driving,True,-41.189,-46.999,0.0,-76.088,3.5,-42.888,-47.42,-39.491,-46.578,NONE,White,NONE,White
41,0,1,22.0,Driving,True,-41.38,-46.121,0.0,-79.419,3.5,-43.1,-46.442,-39.66,-45.8,NONE,White,NONE,White
41,0,1,23.0,Driving,True,-41.519,-45.234,0.0,-82.751,3.5,-43.255,-45.455,-39.783,-45.013,NONE,White,NONE,White
41,0,1,24.0,Driving,True,-41.606,-44.34,0.0,-86.082,3.5,-43.352,-44.46,-39.861,-44.22,NONE,White,NONE,White
41,0,1,25.0,Driving,True,-41.642,-43.443,0.0,-89.414,3.5,-43.392,-43.46,-39.892,-43.425,NONE,White,NONE,White
735,0,1,0.0,Driving,True,-110.733,43.86,0.0,90.642,3.5,-108.983,43.88,-112.483,43.841,SolidSolid,Yellow,Broken,White
735,0,2,0.0,Driving,True,-114.233,43.821,0.0,90.642,3.5,-112.483,43.841,-115.983,43.801,Broken,White,Solid,White
735,0,1,1.0,Driving,True,-110.722,42.86,0.0,90.642,3.5,-108.972,42.88,-112.472,42.841,SolidSolid,Yellow,Broken,White
735,0,2,1.0,Driving,True,-114.222,42.821,0.0,90.642,3.5,-112.472,42.841,-115.971,42.801,Broken,White,Solid,White
735,0,1,2.0,Driving,True,-110.711,41.86,0.0,90.642,3.5,-108.961,41.88,-112.46,41.841,SolidSolid,Yellow,Broken,White
735,0,2,2.0,Driving,True,-114.21,41.821,0.0,90.642,3.5,-112.46,41.841,-115.96,41.802,Broken,White,Solid,White
735,0,1,3.0,Driving,True,-110.699,40.86,0.0,90.642,3.5,-108.949,40.88,-112.449,40.841,SolidSolid,Yellow,Broken,White
735,0,2,3.0,Driving,True,-114.199,40.821,0.0,90.642,3.5,-112.449,40.841,-115.949,40.802,Broken,White,Solid,White
735,0,1,4.0,Driving,True,-110.688,39.861,0.0,90.642,3.5,-108.938,39.88,-112.438,39.841,NONE,White,NONE,White
735,0,2,4.0,Driving,True,-114.188,39.821,0.0,90.642,3.5,-112.438,39.841,-115.938,39.802,NONE,White,NONE,White
735,0,1,5.0,Driving,True,-110.677,38.861,0.0,90.642,3.5,-108.927,38.88,-112.427,38.841,NONE,White,NONE,White
735,0,2,5.0,Driving,True,-114.177,38.821,0.0,90.642,3.5,-112.427,38.841,-115.927,38.802,NONE,White,NONE,White
735,0,1,6.0,Driving,True,-110.666,37.861,0.0,90.642,3.5,-108.916,37.88,-112.416,37.841,NONE,White,NONE,White
735,0,2,6.0,Driving,True,-114.166,37.821,0.0,90.642,3.5,-112.416,37.841,-115.915,37.802,NONE,White,NONE,White
735,0,1,7.0,Driving,True,-110.655,36.861,0.0,90.642,3.5,-108.905,36.88,-112.404,36.841,NONE,White,NONE,White
735,0,2,7.0,Driving,True,-114.154,36.821,0.0,90.642,3.5,-112.404,36.841,-115.904,36.802,NONE,White,NONE,White
735,0,1,8.0,Driving,True,-110.643,35.861,0.0,90.642,3.5,-108.893,35.88,-112.393,35.841,NONE,White,NONE,White
735,0,2,8.0,Driving,True,-114.143,35.822,0.0,90.642,3.5,-112.393,35.841,-115.893,35.802,NONE,White,NONE,White
735,0,1,9.0,Driving,True,-110.632,34.861,0.0,90.642,3.5,-108.882,34.88,-112.382,34.841,NONE,White,NONE,White
735,0,2,9.0,Driving,True,-114.132,34.822,0.0,90.642,3.5,-112.382,34.841,-115.882,34.802,NONE,White,NONE,White
735,0,1,10.0,Driving,True,-110.621,33.861,0.0,90.642,3.5,-108.871,33.88,-112.371,33.841,NONE,White,NONE,White
735,0,2,10.0,Driving,True,-114.121,33.822,0.0,90.642,3.5,-112.371,33.841,-115.871,33.802,NONE,White,NONE,White
735,0,1,11.0,Driving,True,-110.61,32.861,0.0,90.642,3.5,-108.86,32.881,-112.36,32.841,NONE,White,NONE,White
735,0,2,11.0,Driving,True,-114.109,32.822,0.0,90.642,3.5,-112.36,32.841,-115.859,32.802,NONE,White,NONE,White
735,0,1,12.0,Driving,True,-110.598,31.861,0.0,90.642,3.5,-108.849,31.881,-112.348,31.841,NONE,White,NONE,White
735,0,2,12.0,Driving,True,-114.098,31.822,0.0,90.642,3.5,-112.348,31.841,-115.848,31.802,NONE,White,NONE,White
735,0,1,13.0,Driving,True,-110.587,30.861,0.0,90.642,3.5,-108.837,30.881,-112.337,30.841,NONE,White,NONE,White
735,0,2,13.0,Driving,True,-114.087,30.822,0.0,90.642,3.5,-112.337,30.841,-115.837,30.802,NONE,White,NONE,White
735,0,1,14.0,Driving,True,-110.576,29.861,0.0,90.642,3.5,-108.826,29.881,-112.326,29.842,NONE,White,NONE,White
735,0,2,14.0,Driving,True,-114.076,29.822,0.0,90.642,3.5,-112.326,29.842,-115.826,29.802,NONE,White,NONE,White
735,0,1,15.0,Driving,True,-110.565,28.861,0.0,90.642,3.5,-108.815,28.881,-112.315,28.842,NONE,White,NONE,White
735,0,2,15.0,Driving,True,-114.065,28.822,0.0,90.642,3.5,-112.315,28.842,-115.815,28.802,NONE,White,NONE,White
735,0,1,16.0,Driving,True,-110.554,27.861,0.0,90.642,3.5,-108.804,27.881,-112.304,27.842,NONE,White,NONE,White
735,0,2,16.0,Driving,True,-114.053,27.822,0.0,90.642,3.5,-112.304,27.842,-115.803,27.802,NONE,White,NONE,White
735,0,1,17.0,Driving,True,-110.542,26.861,0.0,90.642,3.5,-108.793,26.881,-112.292,26.842,NONE,White,NONE,White
735,0,2,17.0,Driving,True,-114.042,26.822,0.0,90.642,3.5,-112.292,26.842,-115.792,26.802,NONE,White,NONE,White
735,0,1,18.0,Driving,True,-110.531,25.861,0.0,90.642,3.5,-108.781,25.881,-112.281,25.842,NONE,White,NONE,White
735,0,2,18.0,Driving,True,-114.031,25.822,0.0,90.642,3.5,-112.281,25.842,-115.781,25.803,NONE,White,NONE,White
735,0,1,19.0,Driving,True,-110.52,24.861,0.0,90.642,3.5,-108.77,24.881,-112.27,24.842,NONE,White,NONE,White
735,0,2,19.0,Driving,True,-114.02,24.822,0.0,90.642,3.5,-112.27,24.842,-115.77,24.803,NONE,White,NONE,White
735,0,1,20.0,Driving,True,-110.509,23.862,0.0,90.642,3.5,-108.759,23.881,-112.259,23.842,NONE,White,NONE,White
735,0,2,20.0,Driving,True,-114.009,23.822,0.0,90.642,3.5,-112.259,23.842,-115.758,23.803,NONE,White,NONE,White
735,0,1,21.0,Driving,True,-110.498,22.862,0.0,90.642,3.5,-108.748,22.881,-112.248,22.842,NONE,White,NONE,White
735,0,2,21.0,Driving,True,-113.997,22.822,0.0,90.642,3.5,-112.248,22.842,-115.747,22.803,NONE,White,NONE,White
735,0,1,22.0,Driving,True,-110.486,21.862,0.0,90.642,3.5,-108.737,21.881,-112.236,21.842,NONE,White,NONE,White
735,0,2,22.0,Driving,True,-113.986,21.822,0.0,90.642,3.5,-112.236,21.842,-115.736,21.803,NONE,White,NONE,White
735,0,1,23.0,Driving,True,-110.475,20.862,0.0,90.642,3.5,-108.725,20.881,-112.225,20.842,NONE,White,NONE,White
735,0,2,23.0,Driving,True,-113.975,20.822,0.0,90.642,3.5,-112.225,20.842,-115.725,20.803,NONE,White,NONE,White
735,0,1,24.0,Driving,True,-110.464,19.862,0.0,90.642,3.5,-108.714,19.881,-112.214,19.842,NONE,White,NONE,White
735,0,2,24.0,Driving,True,-113.964,19.823,0.0,90.642,3.5,-112.214,19.842,-115.714,19.803,NONE,White,NONE,White
735,0,1,25.0,Driving,True,-110.453,18.862,0.0,90.642,3.5,-108.703,18.881,-112.203,18.842,NONE,White,NONE,White
735,0,2,25.0,Driving,True,-113.953,18.823,0.0,90.642,3.5,-112.203,18.842,-115.702,18.803,NONE,White,NONE,White
735,0,1,26.0,Driving,True,-110.442,17.862,0.0,90.642,3.5,-108.692,17.881,-112.191,17.842,NONE,White,NONE,White
735,0,2,26.0,Driving,True,-113.941,17.823,0.0,90.642,3.5,-112.191,17.842,-115.691,17.803,NONE,White,NONE,White
735,0,1,27.0,Driving,True,-110.43,16.862,0.0,90.642,3.5,-108.68,16.882,-112.18,16.842,NONE,White,NONE,White
735,0,2,27.0,Driving,True,-113.93,16.823,0.0,90.642,3.5,-112.18,16.842,-115.68,16.803,NONE,White,NONE,White
735,0,1,28.0,Driving,True,-110.419,15.862,0.0,90.642,3.5,-108.669,15.882,-112.169,15.842,NONE,White,NONE,White
735,0,2,28.0,Driving,True,-113.919,15.823,0.0,90.642,3.5,-112.169,15.842,-115.669,15.803,NONE,White,NONE,White
735,0,1,29.0,Driving,True,-110.408,14.862,0.0,90.642,3.5,-108.658,14.882,-112.158,14.842,NONE,White,NONE,White
735,0,2,29.0,Driving,True,-113.908,14.823,0.0,90.642,3.5,-112.158,14.842,-115.658,14.803,NONE,White,NONE,White
735,0,1,30.0,Driving,True,-110.397,13.862,0.0,90.642,3.5,-108.647,13.882,-112.147,13.843,NONE,White,NONE,White
735,0,2,30.0,Driving,True,-113.897,13.823,0.0,90.642,3.5,-112.147,13.843,-115.646,13.803,NONE,White,NONE,White
735,0,1,31.0,Driving,True,-110.386,12.862,0.0,90.642,3.5,-108.636,12.882,-112.135,12.843,NONE,White,NONE,White
735,0,2,31.0,Driving,True,-113.885,12.823,0.0,90.642,3.5,-112.135,12.843,-115.635,12.803,NONE,White,NONE,White
735,0,1,32.0,Driving,True,-110.374,11.862,0.0,90.642,3.5,-108.624,11.882,-112.124,11.843,NONE,White,NONE,White
735,0,2,32.0,Driving,True,-113.874,11.823,0.0,90.642,3.5,-112.124,11.843,-115.624,11.803,NONE,White,NONE,White
735,0,1,33.0,Driving,True,-110.363,10.862,0.0,90.642,3.5,-108.613,10.882,-112.113,10.843,NONE,White,NONE,White
735,0,2,33.0,Driving,True,-113.863,10.823,0.0,90.642,3.5,-112.113,10.843,-115.613,10.803,NONE,White,NONE,White
735,0,1,34.0,Driving,True,-110.352,9.862,0.0,90.642,3.5,-108.602,9.882,-112.102,9.843,NONE,White,NONE,White
735,0,2,34.0,Driving,True,-113.852,9.823,0.0,90.642,3.5,-112.102,9.843,-115.602,9.804,NONE,White,NONE,White
735,0,1,35.0,Driving,True,-110.341,8.862,0.0,90.642,3.5,-108.591,8.882,-112.091,8.843,NONE,White,NONE,White
735,0,2,35.0,Driving,True,-113.84,8.823,0.0,90.642,3.5,-112.091,8.843,-115.59,8.804,NONE,White,NONE,White
735,0,1,36.0,Driving,True,-110.329,7.863,0.0,90.642,3.5,-108.58,7.882,-112.079,7.843,NONE,White,NONE,White
735,0,2,36.0,Driving,True,-113.829,7.823,0.0,90.642,3.5,-112.079,7.843,-115.579,7.804,NONE,White,NONE,White
735,0,1,37.0,Driving,True,-110.318,6.863,0.0,90.642,3.5,-108.568,6.882,-112.068,6.843,NONE,White,NONE,White
735,0,2,37.0,Driving,True,-113.818,6.823,0.0,90.642,3.5,-112.068,6.843,-115.568,6.804,NONE,White,NONE,White
735,0,1,38.0,Driving,True,-110.307,5.863,0.0,90.642,3.5,-108.557,5.882,-112.057,5.843,NONE,White,NONE,White
735,0,2,38.0,Driving,True,-113.807,5.823,0.0,90.642,3.5,-112.057,5.843,-115.557,5.804,NONE,White,NONE,White
735,0,1,39.0,Driving,True,-110.296,4.863,0.0,90.642,3.5,-108.546,4.882,-112.046,4.843,NONE,White,NONE,White
735,0,2,39.0,Driving,True,-113.796,4.823,0.0,90.642,3.5,-112.046,4.843,-115.546,4.804,NONE,White,NONE,White
735,0,1,40.0,Driving,True,-110.285,3.863,0.0,90.642,3.5,-108.535,3.882,-112.035,3.843,NONE,White,NONE,White
735,0,2,40.0,Driving,True,-113.784,3.824,0.0,90.642,3.5,-112.035,3.843,-115.534,3.804,NONE,White,NONE,White
735,0,1,41.0,Driving,True,-110.273,2.863,0.0,90.642,3.5,-108.524,2.882,-112.023,2.843,NONE,White,NONE,White
735,0,2,41.0,Driving,True,-113.773,2.824,0.0,90.642,3.5,-112.023,2.843,-115.523,2.804,NONE,White,NONE,White
735,0,1,42.0,Driving,True,-110.262,1.863,0.0,90.642,3.5,-108.512,1.883,-112.012,1.843,SolidSolid,Yellow,NONE,White
735,0,2,42.0,Driving,True,-113.762,1.824,0.0,90.642,3.5,-112.012,1.843,-115.512,1.804,NONE,White,NONE,White
735,0,1,43.0,Driving,True,-110.251,0.863,0.0,90.642,3.5,-108.501,0.883,-112.001,0.843,SolidSolid,Yellow,NONE,White
735,0,2,43.0,Driving,True,-113.751,0.824,0.0,90.642,3.5,-112.001,0.843,-115.501,0.804,NONE,White,NONE,White
735,0,1,44.0,Driving,True,-110.24,-0.137,0.0,90.642,3.5,-108.49,-0.117,-111.99,-0.157,SolidSolid,Yellow,NONE,White
735,0,2,44.0,Driving,True,-113.74,-0.176,0.0,90.642,3.5,-111.99,-0.157,-115.489,-0.196,NONE,White,NONE,White
735,0,1,45.0,Driving,True,-110.229,-1.137,0.0,90.642,3.5,-108.479,-1.117,-111.978,-1.157,SolidSolid,Yellow,Broken,White
735,0,2,45.0,Driving,True,-113.728,-1.176,0.0,90.642,3.5,-111.978,-1.157,-115.478,-1.196,Broken,White,Solid,White
735,0,1,46.0,Driving,True,-110.217,-2.137,0.0,90.642,3.5,-108.468,-2.117,-111.967,-2.156,SolidSolid,Yellow,Broken,White
735,0,2,46.0,Driving,True,-113.717,-2.176,0.0,90.642,3.5,-111.967,-2.156,-115.467,-2.196,Broken,White,Solid,White
608,0,-1,0.0,Driving,True,83.034,28.415,0.0,-359.841,3.5,83.038,26.665,83.029,30.165,Broken,White,Solid,White
608,0,-1,1.0,Driving,True,84.034,28.418,0.0,-359.841,3.5,84.038,26.668,84.029,30.168,NONE,White,NONE,White
608,0,-1,2.0,Driving,True,85.034,28.42,0.0,-359.841,3.5,85.038,26.67,85.029,30.17,NONE,White,NONE,White
608,0,-1,3.0,Driving,True,86.034,28.423,0.0,-359.841,3.5,86.038,26.673,86.029,30.173,NONE,White,NONE,White
608,0,-1,4.0,Driving,True,86.992,28.432,0.0,-358.479,3.5,87.038,26.682,86.945,30.181,NONE,White,NONE,White
608,0,-1,5.0,Driving,True,87.914,28.476,0.0,-355.957,3.5,88.037,26.731,87.79,30.222,NONE,White,NONE,White
608,0,-1,6.0,Driving,True,88.833,28.562,0.0,-353.436,3.5,89.033,26.823,88.633,30.3,NONE,White,NONE,White
608,0,-1,7.0,Driving,True,89.747,28.687,0.0,-350.914,3.5,90.023,26.959,89.471,30.415,NONE,White,NONE,White
608,0,-1,8.0,Driving,True,90.655,28.853,0.0,-348.393,3.5,91.007,27.139,90.303,30.567,NONE,White,NONE,White
608,0,-1,9.0,Driving,True,91.555,29.059,0.0,-345.871,3.5,91.982,27.362,91.127,30.756,NONE,White,NONE,White
608,0,-1,10.0,Driving,True,92.444,29.304,0.0,-343.35,3.5,92.946,27.627,91.943,30.98,NONE,White,NONE,White
608,0,-1,11.0,Driving,True,93.323,29.587,0.0,-340.828,3.5,93.897,27.935,92.748,31.24,NONE,White,NONE,White
608,0,-1,12.0,Driving,True,94.187,29.91,0.0,-338.307,3.5,94.834,28.284,93.541,31.536,NONE,White,NONE,White
608,0,-1,13.0,Driving,True,95.037,30.27,0.0,-335.785,3.5,95.755,28.674,94.319,31.866,NONE,White,NONE,White
608,0,-1,14.0,Driving,True,95.87,30.667,0.0,-333.263,3.5,96.658,29.104,95.083,32.229,NONE,White,NONE,White
608,0,-1,15.0,Driving,True,96.685,31.1,0.0,-330.742,3.5,97.541,29.573,95.83,32.627,NONE,White,NONE,White
608,0,-1,16.0,Driving,True,97.48,31.568,0.0,-328.22,3.5,98.402,30.081,96.559,33.056,NONE,White,NONE,White
608,0,-1,17.0,Driving,True,98.22,32.055,0.0,-324.49,3.5,99.237,30.631,97.204,33.48,NONE,White,NONE,White
608,0,-1,18.0,Driving,True,98.896,32.581,0.0,-319.783,3.5,100.026,31.244,97.766,33.917,NONE,White,NONE,White
608,0,-1,19.0,Driving,True,99.527,33.16,0.0,-315.076,3.5,100.762,31.921,98.291,34.399,NONE,White,NONE,White
608,0,-1,20.0,Driving,True,100.107,33.789,0.0,-310.37,3.5,101.441,32.655,98.774,34.922,NONE,White,NONE,White
608,0,-1,21.0,Driving,True,100.635,34.463,0.0,-305.663,3.5,102.056,33.443,99.213,35.483,NONE,White,NONE,White
608,0,-1,22.0,Driving,True,101.105,35.178,0.0,-300.956,3.5,102.605,34.278,99.604,36.079,NONE,White,NONE,White
608,0,-1,23.0,Driving,True,101.515,35.93,0.0,-296.249,3.5,103.084,35.156,99.945,36.704,NONE,White,NONE,White
608,0,-1,24.0,Driving,True,101.861,36.713,0.0,-291.542,3.5,103.489,36.07,100.233,37.355,NONE,White,NONE,White
608,0,-1,25.0,Driving,True,102.143,37.521,0.0,-286.836,3.5,103.818,37.014,100.468,38.028,NONE,White,NONE,White
608,0,-1,26.0,Driving,True,102.357,38.35,0.0,-282.129,3.5,104.068,37.982,100.646,38.718,NONE,White,NONE,White
608,0,-1,27.0,Driving,True,102.502,39.193,0.0,-277.422,3.5,104.237,38.967,100.767,39.419,NONE,White,NONE,White
608,0,-1,28.0,Driving,True,102.578,40.046,0.0,-272.715,3.5,104.326,39.963,100.83,40.129,NONE,White,NONE,White
608,0,-1,29.0,Driving,True,102.587,40.951,0.0,-269.609,3.5,104.337,40.963,100.837,40.939,NONE,White,NONE,White
608,0,-1,30.0,Driving,True,102.58,41.952,0.0,-269.609,3.5,104.33,41.964,100.83,41.94,SolidSolid,Yellow,Broken,White
100,0,1,0.0,Driving,True,-67.045,-68.693,0.0,-179.403,3.5,-67.064,-66.943,-67.027,-70.443,Broken,White,Solid,White
100,0,1,1.0,Driving,True,-66.045,-68.683,0.0,-179.403,3.5,-66.064,-66.933,-66.027,-70.433,Broken,White,Solid,White
100,0,1,2.0,Driving,True,-65.045,-68.672,0.0,-179.403,3.5,-65.063,-66.922,-65.027,-70.422,NONE,White,NONE,White
100,0,1,3.0,Driving,True,-64.045,-68.662,0.0,-179.403,3.5,-64.063,-66.912,-64.027,-70.412,NONE,White,NONE,White
100,0,1,4.0,Driving,True,-63.045,-68.652,0.0,-179.403,3.5,-63.063,-66.902,-63.027,-70.401,NONE,White,NONE,White
100,0,1,5.0,Driving,True,-62.045,-68.641,0.0,-179.403,3.5,-62.063,-66.891,-62.027,-70.391,NONE,White,NONE,White
100,0,1,6.0,Driving,True,-61.004,-68.626,0.0,-178.069,3.5,-61.063,-66.877,-60.945,-70.375,NONE,White,NONE,White
100,0,1,7.0,Driving,True,-59.877,-68.546,0.0,-173.804,3.5,-60.066,-66.806,-59.688,-70.286,NONE,White,NONE,White
100,0,1,8.0,Driving,True,-58.759,-68.382,0.0,-169.54,3.5,-59.077,-66.661,-58.441,-70.103,NONE,White,NONE,White
100,0,1,9.0,Driving,True,-57.656,-68.136,0.0,-165.275,3.5,-58.101,-66.444,-57.211,-69.829,NONE,White,NONE,White
100,0,1,10.0,Driving,True,-56.575,-67.808,0.0,-161.01,3.5,-57.144,-66.154,-56.005,-69.463,NONE,White,NONE,White
100,0,1,11.0,Driving,True,-55.521,-67.401,0.0,-156.745,3.5,-56.212,-65.793,-54.83,-69.009,NONE,White,NONE,White
100,0,1,12.0,Driving,True,-54.5,-66.917,0.0,-152.48,3.5,-55.308,-65.365,-53.691,-68.469,NONE,White,NONE,White
100,0,1,13.0,Driving,True,-53.518,-66.358,0.0,-148.215,3.5,-54.44,-64.87,-52.596,-67.845,NONE,White,NONE,White
100,0,1,14.0,Driving,True,-52.58,-65.727,0.0,-143.95,3.5,-53.61,-64.312,-51.55,-67.142,NONE,White,NONE,White
100,0,1,15.0,Driving,True,-51.692,-65.029,0.0,-139.685,3.5,-52.824,-63.694,-50.56,-66.363,NONE,White,NONE,White
100,0,1,16.0,Driving,True,-50.858,-64.266,0.0,-135.42,3.5,-52.086,-63.019,-49.63,-65.512,NONE,White,NONE,White
100,0,1,17.0,Driving,True,-50.083,-63.443,0.0,-131.155,3.5,-51.401,-62.292,-48.766,-64.595,NONE,White,NONE,White
100,0,1,18.0,Driving,True,-49.372,-62.566,0.0,-126.895,3.5,-50.771,-61.515,-47.972,-63.616,NONE,White,NONE,White
100,0,1,19.0,Driving,True,-48.74,-61.678,0.0,-123.973,3.5,-50.192,-60.7,-47.289,-62.656,NONE,White,NONE,White
100,0,1,20.0,Driving,True,-48.155,-60.76,0.0,-121.05,3.5,-49.654,-59.857,-46.656,-61.662,NONE,White,NONE,White
100,0,1,21.0,Driving,True,-47.617,-59.813,0.0,-118.128,3.5,-49.161,-58.988,-46.074,-60.638,NONE,White,NONE,White
100,0,1,22.0,Driving,True,-47.128,-58.839,0.0,-115.206,3.5,-48.712,-58.094,-45.545,-59.585,NONE,White,NONE,White
100,0,1,23.0,Driving,True,-46.69,-57.842,0.0,-112.283,3.5,-48.309,-57.179,-45.071,-58.506,NONE,White,NONE,White
100,0,1,24.0,Driving,True,-46.303,-56.824,0.0,-109.361,3.5,-47.954,-56.244,-44.652,-57.404,NONE,White,NONE,White
100,0,1,25.0,Driving,True,-45.968,-55.788,0.0,-106.439,3.5,-47.646,-55.293,-44.289,-56.283,NONE,White,NONE,White
100,0,1,26.0,Driving,True,-45.686,-54.736,0.0,-103.516,3.5,-47.388,-54.327,-43.985,-55.145,NONE,White,NONE,White
100,0,1,27.0,Driving,True,-45.459,-53.671,0.0,-100.594,3.5,-47.179,-53.349,-43.739,-53.992,NONE,White,NONE,White
100,0,1,28.0,Driving,True,-45.286,-52.595,0.0,-97.672,3.5,-47.02,-52.362,-43.552,-52.829,NONE,White,NONE,White
100,0,1,29.0,Driving,True,-45.168,-51.513,0.0,-94.749,3.5,-46.912,-51.368,-43.424,-51.657,NONE,White,NONE,White
100,0,1,30.0,Driving,True,-45.106,-50.425,0.0,-91.827,3.5,-46.855,-50.369,-43.357,-50.481,NONE,White,NONE,White
100,0,1,31.0,Driving,True,-45.097,-49.356,0.0,-89.568,3.5,-46.847,-49.37,-43.347,-49.343,NONE,White,NONE,White
100,0,1,32.0,Driving,True,-45.105,-48.356,0.0,-89.568,3.5,-46.855,-48.37,-43.355,-48.343,NONE,White,NONE,White
100,0,1,33.0,Driving,True,-45.112,-47.356,0.0,-89.568,3.5,-46.862,-47.37,-43.362,-47.343,NONE,White,NONE,White
100,0,1,34.0,Driving,True,-45.12,-46.356,0.0,-89.568,3.5,-46.87,-46.37,-43.37,-46.343,NONE,White,NONE,White
100,0,1,35.0,Driving,True,-45.127,-45.356,0.0,-89.568,3.5,-46.877,-45.37,-43.378,-45.343,NONE,White,NONE,White
100,0,1,36.0,Driving,True,-45.135,-44.356,0.0,-89.568,3.5,-46.885,-44.37,-43.385,-44.343,NONE,White,NONE,White
100,0,1,37.0,Driving,True,-45.143,-43.356,0.0,-89.568,3.5,-46.893,-43.37,-43.393,-43.343,NONE,White,NONE,White
12,0,-1,0.0,Driving,False,27.142,66.283,0.0,-179.927,3.5,27.14,68.033,27.145,64.533,SolidSolid,Yellow,Solid,White
12,0,1,0.0,Driving,False,27.138,69.783,0.0,0.073,3.5,27.14,68.033,27.136,71.533,SolidSolid,Yellow,Solid,White
12,0,-1,1.0,Driving,False,26.142,66.282,0.0,-179.927,3.5,26.14,68.032,26.145,64.532,SolidSolid,Yellow,Solid,White
12,0,1,1.0,Driving,False,26.138,69.782,0.0,0.073,3.5,26.14,68.032,26.136,71.532,SolidSolid,Yellow,Solid,White
12,0,-1,2.0,Driving,False,25.142,66.281,0.0,-179.927,3.5,25.14,68.031,25.145,64.531,SolidSolid,Yellow,Solid,White
12,0,1,2.0,Driving,False,25.138,69.781,0.0,0.073,3.5,25.14,68.031,25.136,71.531,SolidSolid,Yellow,Solid,White
12,0,-1,3.0,Driving,False,24.142,66.279,0.0,-179.927,3.5,24.14,68.029,24.145,64.529,SolidSolid,Yellow,Solid,White
12,0,1,3.0,Driving,False,24.138,69.779,0.0,0.073,3.5,24.14,68.029,24.136,71.529,SolidSolid,Yellow,Solid,White
12,0,-1,4.0,Driving,False,23.142,66.278,0.0,-179.927,3.5,23.14,68.028,23.145,64.528,SolidSolid,Yellow,Solid,White
12,0,1,4.0,Driving,False,23.138,69.778,0.0,0.073,3.5,23.14,68.028,23.136,71.528,SolidSolid,Yellow,Solid,White
12,0,-1,5.0,Driving,False,22.142,66.277,0.0,-179.927,3.5,22.14,68.027,22.145,64.527,SolidSolid,Yellow,Solid,White
12,0,1,5.0,Driving,False,22.138,69.777,0.0,0.073,3.5,22.14,68.027,22.136,71.527,SolidSolid,Yellow,Solid,White
12,0,-1,6.0,Driving,False,21.142,66.276,0.0,-179.927,3.5,21.14,68.026,21.145,64.526,SolidSolid,Yellow,Solid,White
12,0,1,6.0,Driving,False,21.138,69.776,0.0,0.073,3.5,21.14,68.026,21.136,71.526,SolidSolid,Yellow,Solid,White
12,0,-1,7.0,Driving,False,20.142,66.274,0.0,-179.927,3.5,20.14,68.024,20.145,64.524,SolidSolid,Yellow,Solid,White
12,0,1,7.0,Driving,False,20.138,69.774,0.0,0.073,3.5,20.14,68.024,20.136,71.524,SolidSolid,Yellow,Solid,White
12,0,-1,8.0,Driving,False,19.142,66.273,0.0,-179.927,3.5,19.14,68.023,19.145,64.523,SolidSolid,Yellow,Solid,White
12,0,1,8.0,Driving,False,19.138,69.773,0.0,0.073,3.5,19.14,68.023,19.136,71.523,SolidSolid,Yellow,Solid,White
12,0,-1,9.0,Driving,False,18.142,66.272,0.0,-179.927,3.5,18.14,68.022,18.145,64.522,SolidSolid,Yellow,Solid,White
12,0,1,9.0,Driving,False,18.138,69.772,0.0,0.073,3.5,18.14,68.022,18.136,71.522,SolidSolid,Yellow,Solid,White
12,0,-1,10.0,Driving,False,17.142,66.27,0.0,-179.927,3.5,17.14,68.02,17.145,64.52,SolidSolid,Yellow,Solid,White
12,0,1,10.0,Driving,False,17.138,69.77,0.0,0.073,3.5,17.14,68.02,17.136,71.52,SolidSolid,Yellow,Solid,White
12,0,-1,11.0,Driving,False,16.142,66.269,0.0,-179.927,3.5,16.14,68.019,16.145,64.519,SolidSolid,Yellow,Solid,White
12,0,1,11.0,Driving,False,16.138,69.769,0.0,0.073,3.5,16.14,68.019,16.136,71.519,SolidSolid,Yellow,Solid,White
12,0,-1,12.0,Driving,False,15.142,66.268,0.0,-179.927,3.5,15.14,68.018,15.145,64.518,SolidSolid,Yellow,Solid,White
12,0,1,12.0,Driving,False,15.138,69.768,0.0,0.073,3.5,15.14,68.018,15.136,71.518,SolidSolid,Yellow,Solid,White
12,0,-1,13.0,Driving,False,14.142,66.267,0.0,-179.927,3.5,14.14,68.017,14.145,64.517,SolidSolid,Yellow,Solid,White
12,0,1,13.0,Driving,False,14.138,69.767,0.0,0.073,3.5,14.14,68.017,14.136,71.517,SolidSolid,Yellow,Solid,White
12,0,-1,14.0,Driving,False,13.142,66.265,0.0,-179.927,3.5,13.14,68.015,13.145,64.515,SolidSolid,Yellow,Solid,White
12,0,1,14.0,Driving,False,13.138,69.765,0.0,0.073,3.5,13.14,68.015,13.136,71.515,SolidSolid,Yellow,Solid,White
12,0,-1,15.0,Driving,False,12.142,66.264,0.0,-179.927,3.5,12.14,68.014,12.145,64.514,SolidSolid,Yellow,Solid,White
12,0,1,15.0,Driving,False,12.138,69.764,0.0,0.073,3.5,12.14,68.014,12.136,71.514,SolidSolid,Yellow,Solid,White
12,0,-1,16.0,Driving,False,11.142,66.263,0.0,-179.927,3.5,11.14,68.013,11.145,64.513,SolidSolid,Yellow,Solid,White
12,0,1,16.0,Driving,False,11.138,69.763,0.0,0.073,3.5,11.14,68.013,11.136,71.513,SolidSolid,Yellow,Solid,White
12,0,-1,17.0,Driving,False,10.142,66.262,0.0,-179.927,3.5,10.14,68.012,10.145,64.512,SolidSolid,Yellow,Solid,White
12,0,1,17.0,Driving,False,10.138,69.762,0.0,0.073,3.5,10.14,68.012,10.136,71.512,SolidSolid,Yellow,Solid,White
12,0,-1,18.0,Driving,False,9.142,66.26,0.0,-179.927,3.5,9.14,68.01,9.145,64.51,SolidSolid,Yellow,Solid,White
12,0,1,18.0,Driving,False,9.138,69.76,0.0,0.073,3.5,9.14,68.01,9.136,71.51,SolidSolid,Yellow,Solid,White
12,0,-1,19.0,Driving,False,8.142,66.259,0.0,-179.927,3.5,8.14,68.009,8.145,64.509,SolidSolid,Yellow,Solid,White
12,0,1,19.0,Driving,False,8.138,69.759,0.0,0.073,3.5,8.14,68.009,8.136,71.509,SolidSolid,Yellow,Solid,White
12,0,-1,20.0,Driving,False,7.142,66.258,0.0,-179.927,3.5,7.14,68.008,7.145,64.508,SolidSolid,Yellow,Solid,White
12,0,1,20.0,Driving,False,7.138,69.758,0.0,0.073,3.5,7.14,68.008,7.136,71.508,SolidSolid,Yellow,Solid,White
12,0,-1,21.0,Driving,False,6.142,66.256,0.0,-179.927,3.5,6.14,68.006,6.145,64.506,SolidSolid,Yellow,Solid,White
12,0,1,21.0,Driving,False,6.138,69.756,0.0,0.073,3.5,6.14,68.006,6.136,71.506,SolidSolid,Yellow,Solid,White
12,0,-1,22.0,Driving,False,5.142,66.255,0.0,-179.927,3.5,5.14,68.005,5.145,64.505,SolidSolid,Yellow,Solid,White
12,0,1,22.0,Driving,False,5.138,69.755,0.0,0.073,3.5,5.14,68.005,5.136,71.505,SolidSolid,Yellow,Solid,White
12,0,-1,23.0,Driving,False,4.142,66.254,0.0,-179.927,3.5,4.14,68.004,4.145,64.504,SolidSolid,Yellow,Solid,White
12,0,1,23.0,Driving,False,4.138,69.754,0.0,0.073,3.5,4.14,68.004,4.136,71.504,SolidSolid,Yellow,Solid,White
12,0,-1,24.0,Driving,False,3.142,66.253,0.0,-179.927,3.5,3.14,68.003,3.145,64.503,SolidSolid,Yellow,Solid,White
12,0,1,24.0,Driving,False,3.138,69.753,0.0,0.073,3.5,3.14,68.003,3.136,71.503,SolidSolid,Yellow,Solid,White
12,0,-1,25.0,Driving,False,2.142,66.251,0.0,-179.927,3.5,2.14,68.001,2.145,64.501,SolidSolid,Yellow,Solid,White
12,0,1,25.0,Driving,False,2.138,69.751,0.0,0.073,3.5,2.14,68.001,2.136,71.501,SolidSolid,Yellow,Solid,White
12,0,-1,26.0,Driving,False,1.142,66.25,0.0,-179.927,3.5,1.14,68.0,1.145,64.5,SolidSolid,Yellow,Solid,White
12,0,1,26.0,Driving,False,1.138,69.75,0.0,0.073,3.5,1.14,68.0,1.136,71.5,SolidSolid,Yellow,Solid,White
12,0,-1,27.0,Driving,False,0.142,66.249,0.0,-179.927,3.5,0.14,67.999,0.145,64.499,SolidSolid,Yellow,Solid,White
12,0,1,27.0,Driving,False,0.138,69.749,0.0,0.073,3.5,0.14,67.999,0.136,71.499,SolidSolid,Yellow,Solid,White
12,0,-1,28.0,Driving,False,-0.858,66.247,0.0,-179.927,3.5,-0.86,67.997,-0.855,64.497,SolidSolid,Yellow,Solid,White
12,0,1,28.0,Driving,False,-0.862,69.747,0.0,0.073,3.5,-0.86,67.997,-0.864,71.497,SolidSolid,Yellow,Solid,White
12,0,-1,29.0,Driving,False,-1.858,66.246,0.0,-179.927,3.5,-1.86,67.996,-1.855,64.496,SolidSolid,Yellow,Solid,White
12,0,1,29.0,Driving,False,-1.862,69.746,0.0,0.073,3.5,-1.86,67.996,-1.864,71.496,SolidSolid,Yellow,Solid,White
12,0,-1,30.0,Driving,False,-2.858,66.245,0.0,-179.927,3.5,-2.86,67.995,-2.855,64.495,SolidSolid,Yellow,Solid,White
12,0,1,30.0,Driving,False,-2.862,69.745,0.0,0.073,3.5,-2.86,67.995,-2.864,71.495,SolidSolid,Yellow,Solid,White
12,0,-1,31.0,Driving,False,-3.858,66.244,0.0,-179.927,3.5,-3.86,67.994,-3.855,64.494,SolidSolid,Yellow,Solid,White
12,0,1,31.0,Driving,False,-3.862,69.744,0.0,0.073,3.5,-3.86,67.994,-3.864,71.494,SolidSolid,Yellow,Solid,White
12,0,-1,32.0,Driving,False,-4.858,66.242,0.0,-179.927,3.5,-4.86,67.992,-4.855,64.492,SolidSolid,Yellow,Solid,White
12,0,1,32.0,Driving,False,-4.862,69.742,0.0,0.073,3.5,-4.86,67.992,-4.864,71.492,SolidSolid,Yellow,Solid,White
12,0,-1,33.0,Driving,False,-5.858,66.241,0.0,-179.927,3.5,-5.86,67.991,-5.855,64.491,SolidSolid,Yellow,Solid,White
12,0,1,33.0,Driving,False,-5.862,69.741,0.0,0.073,3.5,-5.86,67.991,-5.864,71.491,SolidSolid,Yellow,Solid,White
12,0,-1,34.0,Driving,False,-6.858,66.24,0.0,-179.927,3.5,-6.86,67.99,-6.855,64.49,SolidSolid,Yellow,Solid,White
12,0,1,34.0,Driving,False,-6.862,69.74,0.0,0.073,3.5,-6.86,67.99,-6.864,71.49,SolidSolid,Yellow,Solid,White
12,0,-1,35.0,Driving,False,-7.858,66.239,0.0,-179.927,3.5,-7.86,67.989,-7.855,64.489,SolidSolid,Yellow,Solid,White
12,0,1,35.0,Driving,False,-7.862,69.739,0.0,0.073,3.5,-7.86,67.989,-7.864,71.489,SolidSolid,Yellow,Solid,White
12,0,-1,36.0,Driving,False,-8.858,66.237,0.0,-179.927,3.5,-8.86,67.987,-8.855,64.487,SolidSolid,Yellow,Solid,White
12,0,1,36.0,Driving,False,-8.862,69.737,0.0,0.073,3.5,-8.86,67.987,-8.864,71.487,SolidSolid,Yellow,Solid,White
12,0,-1,37.0,Driving,False,-9.858,66.236,0.0,-179.927,3.5,-9.86,67.986,-9.855,64.486,SolidSolid,Yellow,Solid,White
12,0,1,37.0,Driving,False,-9.862,69.736,0.0,0.073,3.5,-9.86,67.986,-9.864,71.486,SolidSolid,Yellow,Solid,White
12,0,-1,38.0,Driving,False,-10.858,66.235,0.0,-179.927,3.5,-10.86,67.985,-10.855,64.485,SolidSolid,Yellow,Solid,White
12,0,1,38.0,Driving,False,-10.862,69.735,0.0,0.073,3.5,-10.86,67.985,-10.864,71.485,SolidSolid,Yellow,Solid,White
12,0,-1,39.0,Driving,False,-11.858,66.233,0.0,-179.927,3.5,-11.86,67.983,-11.855,64.483,SolidSolid,Yellow,Solid,White
12,0,1,39.0,Driving,False,-11.862,69.733,0.0,0.073,3.5,-11.86,67.983,-11.864,71.483,SolidSolid,Yellow,Solid,White
12,0,-1,40.0,Driving,False,-12.858,66.232,0.0,-179.927,3.5,-12.86,67.982,-12.855,64.482,SolidSolid,Yellow,Solid,White
12,0,1,40.0,Driving,False,-12.862,69.732,0.0,0.073,3.5,-12.86,67.982,-12.864,71.482,SolidSolid,Yellow,Solid,White
12,0,-1,41.0,Driving,False,-13.858,66.231,0.0,-179.927,3.5,-13.86,67.981,-13.855,64.481,SolidSolid,Yellow,Solid,White
12,0,1,41.0,Driving,False,-13.862,69.731,0.0,0.073,3.5,-13.86,67.981,-13.864,71.481,SolidSolid,Yellow,Solid,White
12,0,-1,42.0,Driving,False,-14.858,66.23,0.0,-179.927,3.5,-14.86,67.98,-14.855,64.48,SolidSolid,Yellow,Solid,White
12,0,1,42.0,Driving,False,-14.862,69.73,0.0,0.073,3.5,-14.86,67.98,-14.864,71.48,SolidSolid,Yellow,Solid,White
12,0,-1,43.0,Driving,False,-15.858,66.228,0.0,-179.927,3.5,-15.86,67.978,-15.855,64.478,SolidSolid,Yellow,Solid,White
12,0,1,43.0,Driving,False,-15.862,69.728,0.0,0.073,3.5,-15.86,67.978,-15.864,71.478,SolidSolid,Yellow,Solid,White
12,0,-1,44.0,Driving,False,-16.858,66.227,0.0,-179.927,3.5,-16.86,67.977,-16.855,64.477,SolidSolid,Yellow,Solid,White
12,0,1,44.0,Driving,False,-16.862,69.727,0.0,0.073,3.5,-16.86,67.977,-16.864,71.477,SolidSolid,Yellow,Solid,White
12,0,-1,45.0,Driving,False,-17.858,66.226,0.0,-179.927,3.5,-17.86,67.976,-17.855,64.476,SolidSolid,Yellow,Solid,White
12,0,1,45.0,Driving,False,-17.862,69.726,0.0,0.073,3.5,-17.86,67.976,-17.864,71.476,SolidSolid,Yellow,Solid,White
12,0,-1,46.0,Driving,False,-18.858,66.224,0.0,-179.927,3.5,-18.86,67.974,-18.855,64.474,SolidSolid,Yellow,Solid,White
12,0,1,46.0,Driving,False,-18.862,69.724,0.0,0.073,3.5,-18.86,67.974,-18.864,71.474,SolidSolid,Yellow,Solid,White
12,0,-1,47.0,Driving,False,-19.858,66.223,0.0,-179.927,3.5,-19.86,67.973,-19.855,64.473,SolidSolid,Yellow,Solid,White
12,0,1,47.0,Driving,False,-19.862,69.723,0.0,0.073,3.5,-19.86,67.973,-19.864,71.473,SolidSolid,Yellow,Solid,White
12,0,-1,48.0,Driving,False,-20.858,66.222,0.0,-179.927,3.5,-20.86,67.972,-20.855,64.472,SolidSolid,Yellow,Solid,White
12,0,1,48.0,Driving,False,-20.862,69.722,0.0,0.073,3.5,-20.86,67.972,-20.864,71.472,SolidSolid,Yellow,Solid,White
12,0,-1,49.0,Driving,False,-21.858,66.221,0.0,-179.927,3.5,-21.86,67.971,-21.855,64.471,SolidSolid,Yellow,Solid,White
12,0,1,49.0,Driving,False,-21.862,69.721,0.0,0.073,3.5,-21.86,67.971,-21.864,71.471,SolidSolid,Yellow,Solid,White
12,0,-1,50.0,Driving,False,-22.858,66.219,0.0,-179.927,3.5,-22.86,67.969,-22.855,64.469,SolidSolid,Yellow,Solid,White
12,0,1,50.0,Driving,False,-22.862,69.719,0.0,0.073,3.5,-22.86,67.969,-22.864,71.469,SolidSolid,Yellow,Solid,White
12,0,-1,51.0,Driving,False,-23.858,66.218,0.0,-179.927,3.5,-23.86,67.968,-23.855,64.468,SolidSolid,Yellow,Solid,White
12,0,1,51.0,Driving,False,-23.862,69.718,0.0,0.073,3.5,-23.86,67.968,-23.864,71.468,SolidSolid,Yellow,Solid,White
12,0,-1,52.0,Driving,False,-24.858,66.217,0.0,-179.927,3.5,-24.86,67.967,-24.855,64.467,SolidSolid,Yellow,Solid,White
12,0,1,52.0,Driving,False,-24.862,69.717,0.0,0.073,3.5,-24.86,67.967,-24.864,71.467,SolidSolid,Yellow,Solid,White
12,0,-1,53.0,Driving,False,-25.858,66.215,0.0,-179.927,3.5,-25.86,67.965,-25.855,64.465,SolidSolid,Yellow,Solid,White
12,0,1,53.0,Driving,False,-25.862,69.715,0.0,0.073,3.5,-25.86,67.965,-25.864,71.465,SolidSolid,Yellow,Solid,White
12,0,-1,54.0,Driving,False,-26.858,66.214,0.0,-179.927,3.5,-26.86,67.964,-26.855,64.464,SolidSolid,Yellow,Solid,White
12,0,1,54.0,Driving,False,-26.862,69.714,0.0,0.073,3.5,-26.86,67.964,-26.864,71.464,SolidSolid,Yellow,Solid,White
486,0,-1,0.0,Driving,True,-28.517,130.036,0.0,-539.648,3.5,-28.528,131.786,-28.506,128.286,Broken,White,Solid,White
486,0,-1,1.0,Driving,True,-29.517,130.03,0.0,-179.648,3.5,-29.528,131.78,-29.507,128.28,NONE,White,NONE,White
486,0,-1,2.0,Driving,True,-30.479,130.02,0.0,-178.396,3.5,-30.528,131.769,-30.43,128.27,NONE,White,NONE,White
486,0,-1,3.0,Driving,True,-31.387,129.97,0.0,-175.42,3.5,-31.527,131.715,-31.247,128.226,NONE,White,NONE,White
486,0,-1,4.0,Driving,True,-32.291,129.874,0.0,-172.443,3.5,-32.521,131.609,-32.061,128.14,NONE,White,NONE,White
486,0,-1,5.0,Driving,True,-33.188,129.731,0.0,-169.467,3.5,-33.508,131.452,-32.869,128.011,NONE,White,NONE,White
486,0,-1,6.0,Driving,True,-34.077,129.542,0.0,-166.491,3.5,-34.486,131.244,-33.669,127.841,NONE,White,NONE,White
486,0,-1,7.0,Driving,True,-34.956,129.307,0.0,-163.514,3.5,-35.452,130.985,-34.459,127.629,NONE,White,NONE,White
486,0,-1,8.0,Driving,True,-35.82,129.026,0.0,-160.538,3.5,-36.403,130.676,-35.237,127.376,NONE,White,NONE,White
486,0,-1,9.0,Driving,True,-36.669,128.701,0.0,-157.561,3.5,-37.337,130.319,-36.001,127.084,NONE,White,NONE,White
486,0,-1,10.0,Driving,True,-37.5,128.333,0.0,-154.585,3.5,-38.251,129.913,-36.749,126.752,NONE,White,NONE,White
486,0,-1,11.0,Driving,True,-38.311,127.921,0.0,-151.609,3.5,-39.143,129.461,-37.478,126.382,NONE,White,NONE,White
486,0,-1,12.0,Driving,True,-39.099,127.469,0.0,-148.632,3.5,-40.01,128.963,-38.188,125.974,NONE,White,NONE,White
486,0,-1,13.0,Driving,True,-39.862,126.975,0.0,-145.656,3.5,-40.85,128.42,-38.875,125.531,NONE,White,NONE,White
486,0,-1,14.0,Driving,True,-40.597,126.445,0.0,-142.581,3.5,-41.66,127.835,-39.533,125.055,NONE,White,NONE,White
486,0,-1,15.0,Driving,True,-41.262,125.894,0.0,-138.143,3.5,-42.43,127.197,-40.095,124.59,NONE,White,NONE,White
486,0,-1,16.0,Driving,True,-41.883,125.293,0.0,-133.705,3.5,-43.148,126.502,-40.618,124.083,NONE,White,NONE,White
486,0,-1,17.0,Driving,True,-42.456,124.645,0.0,-129.267,3.5,-43.811,125.753,-41.101,123.538,NONE,White,NONE,White
486,0,-1,18.0,Driving,True,-42.976,123.955,0.0,-124.829,3.5,-44.413,124.955,-41.54,122.956,NONE,White,NONE,White
486,0,-1,19.0,Driving,True,-43.442,123.227,0.0,-120.391,3.5,-44.952,124.113,-41.933,122.342,NONE,White,NONE,White
486,0,-1,20.0,Driving,True,-43.85,122.466,0.0,-115.953,3.5,-45.424,123.231,-42.277,121.7,NONE,White,NONE,White
486,0,-1,21.0,Driving,True,-44.198,121.674,0.0,-111.515,3.5,-45.826,122.316,-42.57,121.033,NONE,White,NONE,White
486,0,-1,22.0,Driving,True,-44.484,120.859,0.0,-107.076,3.5,-46.156,121.373,-42.811,120.345,NONE,White,NONE,White
486,0,-1,23.0,Driving,True,-44.705,120.023,0.0,-102.638,3.5,-46.413,120.406,-42.998,119.641,NONE,White,NONE,White
486,0,-1,24.0,Driving,True,-44.861,119.173,0.0,-98.2,3.5,-46.594,119.423,-43.129,118.924,NONE,White,NONE,White
486,0,-1,25.0,Driving,True,-44.952,118.314,0.0,-93.762,3.5,-46.698,118.429,-43.205,118.199,NONE,White,NONE,White
486,0,-1,26.0,Driving,True,-44.976,117.424,0.0,-90.161,3.5,-46.726,117.429,-43.226,117.42,NONE,White,NONE,White
486,0,-1,27.0,Driving,True,-44.979,116.424,0.0,-450.161,3.5,-46.729,116.429,-43.229,116.42,NONE,White,NONE,White
486,0,-1,28.0,Driving,True,-44.982,115.424,0.0,-450.161,3.5,-46.732,115.429,-43.232,115.42,NONE,White,NONE,White
105,0,1,0.0,Driving,True,-67.082,-65.193,0.0,-179.403,3.5,-67.1,-63.443,-67.064,-66.943,SolidSolid,Yellow,Broken,White
105,0,1,1.0,Driving,True,-66.082,-65.183,0.0,-179.403,3.5,-66.1,-63.433,-66.064,-66.933,SolidSolid,Yellow,Broken,White
105,0,1,2.0,Driving,True,-65.081,-65.173,0.0,-179.403,3.5,-65.099,-63.423,-65.063,-66.922,NONE,White,NONE,White
105,0,1,3.0,Driving,True,-64.081,-65.162,0.0,-179.403,3.5,-64.099,-63.412,-64.063,-66.912,NONE,White,NONE,White
105,0,1,4.0,Driving,True,-63.081,-65.152,0.0,-179.403,3.5,-63.099,-63.402,-63.063,-66.902,NONE,White,NONE,White
105,0,1,5.0,Driving,True,-62.081,-65.141,0.0,-179.403,3.5,-62.099,-63.391,-62.063,-66.891,NONE,White,NONE,White
105,0,1,6.0,Driving,True,-61.043,-65.127,0.0,-178.146,3.5,-61.1,-63.377,-60.986,-66.876,NONE,White,NONE,White
105,0,1,7.0,Driving,True,-59.926,-65.052,0.0,-174.214,3.5,-60.102,-63.311,-59.749,-66.793,NONE,White,NONE,White
105,0,1,8.0,Driving,True,-58.816,-64.901,0.0,-170.282,3.5,-59.111,-63.176,-58.521,-66.626,NONE,White,NONE,White
105,0,1,9.0,Driving,True,-57.719,-64.674,0.0,-166.35,3.5,-58.132,-62.974,-57.306,-66.375,NONE,White,NONE,White
105,0,1,10.0,Driving,True,-56.641,-64.373,0.0,-162.418,3.5,-57.169,-62.704,-56.112,-66.041,NONE,White,NONE,White
105,0,1,11.0,Driving,True,-55.585,-63.998,0.0,-158.486,3.5,-56.227,-62.37,-54.944,-65.626,NONE,White,NONE,White
105,0,1,12.0,Driving,True,-54.558,-63.552,0.0,-154.554,3.5,-55.31,-61.971,-53.806,-65.132,NONE,White,NONE,White
105,0,1,13.0,Driving,True,-53.564,-63.036,0.0,-150.622,3.5,-54.423,-61.511,-52.706,-64.561,NONE,White,NONE,White
105,0,1,14.0,Driving,True,-52.608,-62.454,0.0,-146.69,3.5,-53.569,-60.991,-51.647,-63.916,NONE,White,NONE,White
105,0,1,15.0,Driving,True,-51.693,-61.807,0.0,-142.758,3.5,-52.752,-60.414,-50.634,-63.2,NONE,White,NONE,White
105,0,1,16.0,Driving,True,-50.826,-61.099,0.0,-138.826,3.5,-51.978,-59.782,-49.674,-62.416,NONE,White,NONE,White
105,0,1,17.0,Driving,True,-50.008,-60.333,0.0,-134.894,3.5,-51.248,-59.098,-48.769,-61.568,NONE,White,NONE,White
105,0,1,18.0,Driving,True,-49.247,-59.516,0.0,-131.059,3.5,-50.567,-58.366,-47.928,-60.665,NONE,White,NONE,White
105,0,1,19.0,Driving,True,-48.543,-58.651,0.0,-127.263,3.5,-49.935,-57.591,-47.15,-59.71,NONE,White,NONE,White
105,0,1,20.0,Driving,True,-47.897,-57.741,0.0,-123.467,3.5,-49.357,-56.776,-46.437,-58.706,NONE,White,NONE,White
105,0,1,21.0,Driving,True,-47.313,-56.79,0.0,-119.67,3.5,-48.833,-55.924,-45.792,-57.657,NONE,White,NONE,White
105,0,1,22.0,Driving,True,-46.793,-55.803,0.0,-115.874,3.5,-48.367,-55.039,-45.218,-56.567,NONE,White,NONE,White
105,0,1,23.0,Driving,True,-46.34,-54.784,0.0,-112.077,3.5,-47.961,-54.126,-44.718,-55.441,NONE,White,NONE,White
105,0,1,24.0,Driving,True,-45.955,-53.736,0.0,-108.281,3.5,-47.616,-53.187,-44.293,-54.285,NONE,White,NONE,White
105,0,1,25.0,Driving,True,-45.64,-52.666,0.0,-104.484,3.5,-47.334,-52.228,-43.946,-53.104,NONE,White,NONE,White
105,0,1,26.0,Driving,True,-45.397,-51.577,0.0,-100.688,3.5,-47.116,-51.252,-43.677,-51.901,NONE,White,NONE,White
105,0,1,27.0,Driving,True,-45.226,-50.474,0.0,-96.892,3.5,-46.964,-50.264,-43.489,-50.684,NONE,White,NONE,White
105,0,1,28.0,Driving,True,-45.129,-49.363,0.0,-93.095,3.5,-46.877,-49.268,-43.382,-49.457,NONE,White,NONE,White
105,0,1,29.0,Driving,True,-45.106,-48.255,0.0,-89.568,3.5,-46.856,-48.269,-43.356,-48.242,NONE,White,NONE,White
105,0,1,30.0,Driving,True,-45.113,-47.255,0.0,-89.568,3.5,-46.863,-47.269,-43.363,-47.242,NONE,White,NONE,White
105,0,1,31.0,Driving,True,-45.121,-46.255,0.0,-89.568,3.5,-46.871,-46.269,-43.371,-46.242,NONE,White,NONE,White
105,0,1,32.0,Driving,True,-45.128,-45.256,0.0,-89.568,3.5,-46.878,-45.269,-43.378,-45.242,NONE,White,NONE,White
105,0,1,33.0,Driving,True,-45.136,-44.256,0.0,-89.568,3.5,-46.886,-44.269,-43.386,-44.242,NONE,White,NONE,White
150,0,1,0.0,Driving,True,58.048,69.823,0.0,0.073,3.5,58.05,68.073,58.046,71.573,SolidSolid,Yellow,NONE,White
150,0,1,1.0,Driving,True,57.048,69.821,0.0,0.073,3.5,57.05,68.071,57.046,71.571,SolidSolid,Yellow,NONE,White
150,0,1,2.0,Driving,True,56.048,69.82,0.0,0.073,3.5,56.05,68.07,56.046,71.57,SolidSolid,Yellow,NONE,White
150,0,1,3.0,Driving,True,55.048,69.819,0.0,0.073,3.5,55.05,68.069,55.046,71.569,NONE,White,NONE,White
150,0,1,4.0,Driving,True,54.048,69.818,0.0,0.073,3.5,54.05,68.068,54.046,71.568,NONE,White,NONE,White
150,0,1,5.0,Driving,True,53.048,69.816,0.0,0.073,3.5,53.05,68.066,53.046,71.566,NONE,White,NONE,White
150,0,1,6.0,Driving,True,52.048,69.815,0.0,0.073,3.5,52.05,68.065,52.046,71.565,NONE,White,NONE,White
150,0,1,7.0,Driving,True,51.048,69.814,0.0,0.073,3.5,51.05,68.064,51.046,71.564,NONE,White,NONE,White
150,0,1,8.0,Driving,True,50.048,69.813,0.0,0.073,3.5,50.05,68.063,50.046,71.563,NONE,White,NONE,White
150,0,1,9.0,Driving,True,49.048,69.811,0.0,0.073,3.5,49.05,68.061,49.046,71.561,NONE,White,NONE,White
150,0,1,10.0,Driving,True,48.048,69.81,0.0,0.073,3.5,48.05,68.06,48.046,71.56,NONE,White,NONE,White
150,0,1,11.0,Driving,True,47.048,69.809,0.0,0.073,3.5,47.05,68.059,47.046,71.559,NONE,White,NONE,White
150,0,1,12.0,Driving,True,46.048,69.807,0.0,0.073,3.5,46.05,68.057,46.046,71.557,NONE,White,NONE,White
150,0,1,13.0,Driving,True,45.048,69.806,0.0,0.073,3.5,45.05,68.056,45.046,71.556,NONE,White,NONE,White
150,0,1,14.0,Driving,True,44.048,69.805,0.0,0.073,3.5,44.05,68.055,44.046,71.555,NONE,White,NONE,White
150,0,1,15.0,Driving,True,43.048,69.804,0.0,0.073,3.5,43.05,68.054,43.046,71.554,NONE,White,NONE,White
150,0,1,16.0,Driving,True,42.048,69.802,0.0,0.073,3.5,42.05,68.052,42.046,71.552,NONE,White,NONE,White
150,0,1,17.0,Driving,True,41.048,69.801,0.0,0.073,3.5,41.05,68.051,41.046,71.551,NONE,White,NONE,White
150,0,1,18.0,Driving,True,40.048,69.8,0.0,0.073,3.5,40.05,68.05,40.046,71.55,NONE,White,NONE,White
150,0,1,19.0,Driving,True,39.048,69.798,0.0,0.073,3.5,39.05,68.048,39.046,71.548,NONE,White,NONE,White
150,0,1,20.0,Driving,True,38.048,69.797,0.0,0.073,3.5,38.05,68.047,38.046,71.547,NONE,White,NONE,White
150,0,1,21.0,Driving,True,37.048,69.796,0.0,0.073,3.5,37.05,68.046,37.046,71.546,NONE,White,NONE,White
150,0,1,22.0,Driving,True,36.048,69.795,0.0,0.073,3.5,36.05,68.045,36.046,71.545,NONE,White,NONE,White
150,0,1,23.0,Driving,True,35.048,69.793,0.0,0.073,3.5,35.05,68.043,35.046,71.543,NONE,White,NONE,White
150,0,1,24.0,Driving,True,34.048,69.792,0.0,0.073,3.5,34.05,68.042,34.046,71.542,NONE,White,NONE,White
150,0,1,25.0,Driving,True,33.048,69.791,0.0,0.073,3.5,33.05,68.041,33.046,71.541,NONE,White,NONE,White
150,0,1,26.0,Driving,True,32.048,69.79,0.0,0.073,3.5,32.05,68.04,32.046,71.54,NONE,White,NONE,White
150,0,1,27.0,Driving,True,31.048,69.788,0.0,0.073,3.5,31.05,68.038,31.046,71.538,NONE,White,NONE,White
150,0,1,28.0,Driving,True,30.048,69.787,0.0,0.073,3.5,30.05,68.037,30.046,71.537,SolidSolid,Yellow,Solid,White
150,0,1,29.0,Driving,True,29.048,69.786,0.0,0.073,3.5,29.05,68.036,29.046,71.536,SolidSolid,Yellow,Solid,White
150,0,1,30.0,Driving,True,28.048,69.784,0.0,0.073,3.5,28.05,68.034,28.046,71.534,SolidSolid,Yellow,Solid,White
14,0,-2,0.0,Driving,False,-41.661,51.706,0.0,-90.161,3.5,-43.411,51.71,-39.911,51.701,Broken,White,Solid,White
14,0,-1,0.0,Driving,False,-45.161,51.715,0.0,-90.161,3.5,-46.911,51.72,-43.411,51.71,SolidSolid,Yellow,Broken,White
14,0,1,0.0,Driving,False,-48.661,51.725,0.0,89.839,3.5,-46.911,51.72,-50.411,51.73,SolidSolid,Yellow,Broken,White
14,0,2,0.0,Driving,False,-52.161,51.735,0.0,89.839,3.5,-50.411,51.73,-53.911,51.74,Broken,White,Solid,White
14,0,-2,1.0,Driving,False,-41.664,50.706,0.0,-90.161,3.5,-43.414,50.71,-39.914,50.701,Broken,White,Solid,White
14,0,-1,1.0,Driving,False,-45.164,50.715,0.0,-90.161,3.5,-46.914,50.72,-43.414,50.71,SolidSolid,Yellow,Broken,White
14,0,1,1.0,Driving,False,-48.664,50.725,0.0,89.839,3.5,-46.914,50.72,-50.414,50.73,SolidSolid,Yellow,Broken,White
14,0,2,1.0,Driving,False,-52.164,50.735,0.0,89.839,3.5,-50.414,50.73,-53.914,50.74,Broken,White,Solid,White
14,0,-2,2.0,Driving,False,-41.667,49.706,0.0,-90.161,3.5,-43.417,49.71,-39.917,49.701,Broken,White,Solid,White
14,0,-1,2.0,Driving,False,-45.167,49.715,0.0,-90.161,3.5,-46.917,49.72,-43.417,49.71,SolidSolid,Yellow,Broken,White
14,0,1,2.0,Driving,False,-48.667,49.725,0.0,89.839,3.5,-46.917,49.72,-50.417,49.73,SolidSolid,Yellow,Broken,White
14,0,2,2.0,Driving,False,-52.167,49.735,0.0,89.839,3.5,-50.417,49.73,-53.917,49.74,Broken,White,Solid,White
14,0,-2,3.0,Driving,False,-41.669,48.706,0.0,-90.161,3.5,-43.419,48.71,-39.919,48.701,Broken,White,Solid,White
14,0,-1,3.0,Driving,False,-45.169,48.715,0.0,-90.161,3.5,-46.919,48.72,-43.419,48.71,SolidSolid,Yellow,Broken,White
14,0,1,3.0,Driving,False,-48.669,48.725,0.0,89.839,3.5,-46.919,48.72,-50.419,48.73,SolidSolid,Yellow,Broken,White
14,0,2,3.0,Driving,False,-52.169,48.735,0.0,89.839,3.5,-50.419,48.73,-53.919,48.74,Broken,White,Solid,White
14,0,-2,4.0,Driving,False,-41.672,47.706,0.0,-90.161,3.5,-43.422,47.71,-39.922,47.701,Broken,White,Solid,White
14,0,-1,4.0,Driving,False,-45.172,47.715,0.0,-90.161,3.5,-46.922,47.72,-43.422,47.71,SolidSolid,Yellow,Broken,White
14,0,1,4.0,Driving,False,-48.672,47.725,0.0,89.839,3.5,-46.922,47.72,-50.422,47.73,SolidSolid,Yellow,Broken,White
14,0,2,4.0,Driving,False,-52.172,47.735,0.0,89.839,3.5,-50.422,47.73,-53.922,47.74,Broken,White,Solid,White
14,0,-2,5.0,Driving,False,-41.675,46.706,0.0,-90.161,3.5,-43.425,46.71,-39.925,46.701,Broken,White,Solid,White
14,0,-1,5.0,Driving,False,-45.175,46.715,0.0,-90.161,3.5,-46.925,46.72,-43.425,46.71,SolidSolid,Yellow,Broken,White
14,0,1,5.0,Driving,False,-48.675,46.725,0.0,89.839,3.5,-46.925,46.72,-50.425,46.73,SolidSolid,Yellow,Broken,White
14,0,2,5.0,Driving,False,-52.175,46.735,0.0,89.839,3.5,-50.425,46.73,-53.925,46.74,Broken,White,Solid,White
14,0,-2,6.0,Driving,False,-41.678,45.706,0.0,-90.161,3.5,-43.428,45.71,-39.928,45.701,Broken,White,Solid,White
14,0,-1,6.0,Driving,False,-45.178,45.715,0.0,-90.161,3.5,-46.928,45.72,-43.428,45.71,SolidSolid,Yellow,Broken,White
14,0,1,6.0,Driving,False,-48.678,45.725,0.0,89.839,3.5,-46.928,45.72,-50.428,45.73,SolidSolid,Yellow,Broken,White
14,0,2,6.0,Driving,False,-52.178,45.735,0.0,89.839,3.5,-50.428,45.73,-53.928,45.74,Broken,White,Solid,White
14,0,-2,7.0,Driving,False,-41.681,44.706,0.0,-90.161,3.5,-43.431,44.71,-39.931,44.701,Broken,White,Solid,White
14,0,-1,7.0,Driving,False,-45.181,44.715,0.0,-90.161,3.5,-46.931,44.72,-43.431,44.71,SolidSolid,Yellow,Broken,White
14,0,1,7.0,Driving,False,-48.681,44.725,0.0,89.839,3.5,-46.931,44.72,-50.431,44.73,SolidSolid,Yellow,Broken,White
14,0,2,7.0,Driving,False,-52.181,44.735,0.0,89.839,3.5,-50.431,44.73,-53.931,44.74,Broken,White,Solid,White
14,0,-2,8.0,Driving,False,-41.683,43.706,0.0,-90.161,3.5,-43.433,43.71,-39.933,43.701,Broken,White,Solid,White
14,0,-1,8.0,Driving,False,-45.183,43.715,0.0,-90.161,3.5,-46.933,43.72,-43.433,43.71,SolidSolid,Yellow,Broken,White
14,0,1,8.0,Driving,False,-48.683,43.725,0.0,89.839,3.5,-46.933,43.72,-50.433,43.73,SolidSolid,Yellow,Broken,White
14,0,2,8.0,Driving,False,-52.183,43.735,0.0,89.839,3.5,-50.433,43.73,-53.933,43.74,Broken,White,Solid,White
14,0,-2,9.0,Driving,False,-41.686,42.706,0.0,-90.161,3.5,-43.436,42.711,-39.936,42.701,Broken,White,Solid,White
14,0,-1,9.0,Driving,False,-45.186,42.715,0.0,-90.161,3.5,-46.936,42.72,-43.436,42.711,SolidSolid,Yellow,Broken,White
14,0,1,9.0,Driving,False,-48.686,42.725,0.0,89.839,3.5,-46.936,42.72,-50.436,42.73,SolidSolid,Yellow,Broken,White
14,0,2,9.0,Driving,False,-52.186,42.735,0.0,89.839,3.5,-50.436,42.73,-53.936,42.74,Broken,White,Solid,White
395,0,1,0.0,Driving,True,-41.811,-1.704,0.0,-90.161,3.5,-43.561,-1.699,-40.061,-1.709,Broken,White,Solid,White
395,0,1,1.0,Driving,True,-41.808,-0.704,0.0,-90.161,3.5,-43.558,-0.699,-40.058,-0.709,Broken,White,Solid,White
395,0,1,2.0,Driving,True,-41.806,0.296,0.0,-90.161,3.5,-43.556,0.301,-40.056,0.291,NONE,White,Solid,White
395,0,1,3.0,Driving,True,-41.782,1.196,0.0,-93.429,3.5,-43.529,1.3,-40.035,1.091,NONE,White,Solid,White
395,0,1,4.0,Driving,True,-41.699,2.074,0.0,-97.274,3.5,-43.435,2.296,-39.963,1.853,NONE,White,Solid,White
395,0,1,5.0,Driving,True,-41.558,2.945,0.0,-101.118,3.5,-43.276,3.283,-39.841,2.608,NONE,White,Solid,White
395,0,1,6.0,Driving,True,-41.359,3.805,0.0,-104.962,3.5,-43.05,4.257,-39.669,3.353,NONE,White,Solid,White
395,0,1,7.0,Driving,True,-41.103,4.649,0.0,-108.806,3.5,-42.76,5.213,-39.446,4.085,NONE,White,Solid,White
395,0,1,8.0,Driving,True,-40.791,5.475,0.0,-112.65,3.5,-42.406,6.149,-39.176,4.801,NONE,White,Solid,White
395,0,1,9.0,Driving,True,-40.424,6.277,0.0,-116.494,3.5,-41.99,7.058,-38.858,5.496,NONE,White,Solid,White
395,0,1,10.0,Driving,True,-40.004,7.053,0.0,-120.338,3.5,-41.514,7.937,-38.493,6.169,NONE,White,Solid,White
395,0,1,11.0,Driving,True,-39.533,7.799,0.0,-124.183,3.5,-40.981,8.783,-38.085,6.816,NONE,White,Solid,White
395,0,1,12.0,Driving,True,-39.013,8.512,0.0,-128.027,3.5,-40.391,9.59,-37.634,7.434,NONE,White,Solid,White
395,0,1,13.0,Driving,True,-38.446,9.189,0.0,-131.871,3.5,-39.749,10.357,-37.143,8.021,NONE,White,Solid,White
395,0,1,14.0,Driving,True,-37.841,9.818,0.0,-136.014,3.5,-39.056,11.077,-36.625,8.559,NONE,White,Solid,White
395,0,1,15.0,Driving,True,-37.193,10.398,0.0,-140.272,3.5,-38.311,11.744,-36.074,9.053,NONE,White,Solid,White
395,0,1,16.0,Driving,True,-36.504,10.929,0.0,-144.531,3.5,-37.519,12.354,-35.488,9.504,NONE,White,Solid,White
395,0,1,17.0,Driving,True,-35.777,11.407,0.0,-148.789,3.5,-36.684,12.904,-34.87,9.91,NONE,White,Solid,White
395,0,1,18.0,Driving,True,-35.017,11.83,0.0,-153.047,3.5,-35.81,13.39,-34.224,10.27,NONE,White,Solid,White
395,0,1,19.0,Driving,True,-34.228,12.195,0.0,-157.305,3.5,-34.903,13.81,-33.553,10.581,NONE,White,Solid,White
395,0,1,20.0,Driving,True,-33.413,12.501,0.0,-161.563,3.5,-33.967,14.161,-32.86,10.84,NONE,White,Solid,White
395,0,1,21.0,Driving,True,-32.579,12.745,0.0,-165.821,3.5,-33.007,14.441,-32.15,11.048,NONE,White,Solid,White
395,0,1,22.0,Driving,True,-31.728,12.926,0.0,-170.079,3.5,-32.03,14.65,-31.427,11.203,NONE,White,Solid,White
395,0,1,23.0,Driving,True,-30.866,13.044,0.0,-174.338,3.5,-31.039,14.786,-30.694,11.303,NONE,White,Solid,White
395,0,1,24.0,Driving,True,-29.998,13.098,0.0,-178.596,3.5,-30.041,14.847,-29.955,11.348,NONE,White,Solid,White
395,0,1,25.0,Driving,True,-29.036,13.103,0.0,-179.841,3.5,-29.041,14.853,-29.032,11.353,NONE,White,Solid,White
268,0,-1,0.0,Driving,True,-66.836,27.998,0.0,0.159,3.5,-66.831,26.248,-66.841,29.748,Broken,White,Solid,White
268,0,-1,1.0,Driving,True,-65.836,28.001,0.0,0.159,3.5,-65.831,26.251,-65.841,29.751,NONE,White,Solid,White
268,0,-1,2.0,Driving,True,-64.836,28.004,0.0,0.159,3.5,-64.831,26.254,-64.841,29.754,NONE,White,Solid,White
268,0,-1,3.0,Driving,True,-63.836,28.007,0.0,0.159,3.5,-63.831,26.257,-63.841,29.757,NONE,White,NONE,White
268,0,-1,4.0,Driving,True,-62.836,28.009,0.0,0.159,3.5,-62.831,26.259,-62.841,29.759,NONE,White,NONE,White
268,0,-1,5.0,Driving,True,-61.836,28.012,0.0,0.159,3.5,-61.831,26.262,-61.841,29.762,NONE,White,NONE,White
268,0,-1,6.0,Driving,True,-60.962,28.037,0.0,4.268,3.5,-60.832,26.292,-61.092,29.782,NONE,White,NONE,White
268,0,-1,7.0,Driving,True,-60.135,28.139,0.0,9.712,3.5,-59.84,26.414,-60.43,29.864,NONE,White,NONE,White
268,0,-1,8.0,Driving,True,-59.321,28.318,0.0,15.156,3.5,-58.863,26.629,-59.778,30.007,NONE,White,NONE,White
268,0,-1,9.0,Driving,True,-58.528,28.574,0.0,20.601,3.5,-57.912,26.936,-59.144,30.212,NONE,White,NONE,White
268,0,-1,10.0,Driving,True,-57.762,28.904,0.0,26.045,3.5,-56.994,27.332,-58.531,30.476,NONE,White,NONE,White
268,0,-1,11.0,Driving,True,-57.032,29.305,0.0,31.489,3.5,-56.118,27.813,-57.946,30.797,NONE,White,NONE,White
268,0,-1,12.0,Driving,True,-56.343,29.774,0.0,36.934,3.5,-55.291,28.375,-57.394,31.172,NONE,White,NONE,White
268,0,-1,13.0,Driving,True,-55.701,30.305,0.0,42.378,3.5,-54.522,29.013,-56.881,31.598,NONE,White,NONE,White
268,0,-1,14.0,Driving,True,-55.113,30.896,0.0,47.822,3.5,-53.816,29.721,-56.41,32.071,NONE,White,NONE,White
268,0,-1,15.0,Driving,True,-54.566,31.555,0.0,52.517,3.5,-53.177,30.49,-55.955,32.62,NONE,White,NONE,White
268,0,-1,16.0,Driving,True,-54.065,32.262,0.0,56.852,3.5,-52.599,31.306,-55.53,33.219,NONE,White,NONE,White
268,0,-1,17.0,Driving,True,-53.618,33.006,0.0,61.186,3.5,-52.085,32.163,-55.151,33.85,NONE,White,NONE,White
268,0,-1,18.0,Driving,True,-53.229,33.781,0.0,65.521,3.5,-51.636,33.056,-54.822,34.507,NONE,White,NONE,White
268,0,-1,19.0,Driving,True,-52.9,34.584,0.0,69.855,3.5,-51.257,33.981,-54.543,35.187,NONE,White,NONE,White
268,0,-1,20.0,Driving,True,-52.632,35.409,0.0,74.19,3.5,-50.948,34.932,-54.316,35.886,NONE,White,NONE,White
268,0,-1,21.0,Driving,True,-52.427,36.252,0.0,78.524,3.5,-50.712,35.904,-54.142,36.6,NONE,White,NONE,White
268,0,-1,22.0,Driving,True,-52.287,37.108,0.0,82.859,3.5,-50.551,36.89,-54.024,37.325,NONE,White,NONE,White
268,0,-1,23.0,Driving,True,-52.212,37.972,0.0,87.193,3.5,-50.464,37.886,-53.96,38.058,NONE,White,NONE,White
268,0,-1,24.0,Driving,True,-52.197,38.891,0.0,89.839,3.5,-50.447,38.886,-53.947,38.896,NONE,White,NONE,White
268,0,-1,25.0,Driving,True,-52.194,39.891,0.0,89.839,3.5,-50.444,39.886,-53.944,39.896,NONE,White,NONE,White
268,0,-1,26.0,Driving,True,-52.191,40.891,0.0,-270.161,3.5,-50.441,40.886,-53.941,40.896,Broken,White,Solid,White
268,0,-1,27.0,Driving,True,-52.189,41.891,0.0,-270.161,3.5,-50.439,41.886,-53.939,41.896,Broken,White,Solid,White
787,0,1,0.0,Driving,True,-110.733,43.86,0.0,90.642,3.5,-108.983,43.88,-112.483,43.841,SolidSolid,Yellow,Broken,White
787,0,1,1.0,Driving,True,-110.722,42.86,0.0,90.642,3.5,-108.972,42.88,-112.472,42.841,SolidSolid,Yellow,Broken,White
787,0,1,2.0,Driving,True,-110.711,41.86,0.0,90.642,3.5,-108.961,41.88,-112.46,41.841,SolidSolid,Yellow,Broken,White
787,0,1,3.0,Driving,True,-110.699,40.86,0.0,90.642,3.5,-108.949,40.88,-112.449,40.841,SolidSolid,Yellow,Broken,White
787,0,1,4.0,Driving,True,-110.688,39.861,0.0,90.642,3.5,-108.938,39.88,-112.438,39.841,NONE,White,NONE,White
787,0,1,5.0,Driving,True,-110.677,38.861,0.0,90.642,3.5,-108.927,38.88,-112.427,38.841,NONE,White,NONE,White
787,0,1,6.0,Driving,True,-110.666,37.861,0.0,90.642,3.5,-108.916,37.88,-112.416,37.841,NONE,White,NONE,White
787,0,1,7.0,Driving,True,-110.655,36.861,0.0,90.642,3.5,-108.905,36.88,-112.404,36.841,NONE,White,NONE,White
787,0,1,8.0,Driving,True,-110.643,35.861,0.0,90.642,3.5,-108.893,35.88,-112.393,35.841,NONE,White,NONE,White
787,0,1,9.0,Driving,True,-110.632,34.861,0.0,90.642,3.5,-108.882,34.88,-112.382,34.841,NONE,White,NONE,White
787,0,1,10.0,Driving,True,-110.62,33.841,0.0,91.267,3.5,-108.87,33.88,-112.369,33.803,NONE,White,NONE,White
787,0,1,11.0,Driving,True,-110.562,32.737,0.0,94.732,3.5,-108.818,32.881,-112.306,32.593,NONE,White,NONE,White
787,0,1,12.0,Driving,True,-110.437,31.638,0.0,98.197,3.5,-108.705,31.888,-112.169,31.389,NONE,White,NONE,White
787,0,1,13.0,Driving,True,-110.247,30.549,0.0,101.662,3.5,-108.533,30.903,-111.96,30.196,NONE,White,NONE,White
787,0,1,14.0,Driving,True,-109.99,29.474,0.0,105.127,3.5,-108.301,29.93,-111.68,29.017,NONE,White,NONE,White
787,0,1,15.0,Driving,True,-109.67,28.416,0.0,108.592,3.5,-108.011,28.974,-111.328,27.858,NONE,White,NONE,White
787,0,1,16.0,Driving,True,-109.286,27.379,0.0,112.057,3.5,-107.664,28.036,-110.908,26.722,NONE,White,NONE,White
787,0,1,17.0,Driving,True,-108.84,26.367,0.0,115.522,3.5,-107.261,27.121,-110.419,25.613,NONE,White,NONE,White
787,0,1,18.0,Driving,True,-108.333,25.384,0.0,118.987,3.5,-106.803,26.232,-109.864,24.536,NONE,White,NONE,White
787,0,1,19.0,Driving,True,-107.769,24.434,0.0,122.452,3.5,-106.292,25.373,-109.245,23.495,NONE,White,NONE,White
787,0,1,20.0,Driving,True,-107.147,23.519,0.0,125.917,3.5,-105.73,24.546,-108.565,22.492,NONE,White,NONE,White
787,0,1,21.0,Driving,True,-106.472,22.644,0.0,129.382,3.5,-105.119,23.754,-107.825,21.533,NONE,White,NONE,White
787,0,1,22.0,Driving,True,-105.808,21.844,0.0,130.658,3.5,-104.481,22.985,-107.136,20.704,NONE,White,NONE,White
787,0,1,23.0,Driving,True,-105.044,21.017,0.0,134.808,3.5,-103.802,22.25,-106.285,19.784,NONE,White,NONE,White
787,0,1,24.0,Driving,True,-104.221,20.247,0.0,138.957,3.5,-103.072,21.567,-105.371,18.927,NONE,White,NONE,White
787,0,1,25.0,Driving,True,-103.346,19.539,0.0,143.106,3.5,-102.295,20.938,-104.396,18.139,NONE,White,NONE,White
787,0,1,26.0,Driving,True,-102.421,18.895,0.0,147.255,3.5,-101.474,20.367,-103.367,17.423,NONE,White,NONE,White
787,0,1,27.0,Driving,True,-101.452,18.321,0.0,151.404,3.5,-100.614,19.857,-102.29,16.784,NONE,White,NONE,White
787,0,1,28.0,Driving,True,-100.444,17.818,0.0,155.554,3.5,-99.72,19.411,-101.168,16.225,NONE,White,NONE,White
787,0,1,29.0,Driving,True,-99.402,17.389,0.0,159.703,3.5,-98.795,19.03,-100.009,15.748,NONE,White,NONE,White
787,0,1,30.0,Driving,True,-98.332,17.037,0.0,163.852,3.5,-97.846,18.718,-98.819,15.356,NONE,White,NONE,White
787,0,1,31.0,Driving,True,-97.24,16.763,0.0,168.001,3.5,-96.876,18.475,-97.603,15.051,NONE,White,NONE,White
787,0,1,32.0,Driving,True,-96.13,16.569,0.0,172.15,3.5,-95.891,18.302,-96.369,14.835,NONE,White,NONE,White
787,0,1,33.0,Driving,True,-95.009,16.455,0.0,176.3,3.5,-94.896,18.202,-95.122,14.709,NONE,White,NONE,White
787,0,1,34.0,Driving,True,-93.892,16.423,0.0,-179.841,3.5,-93.897,18.173,-93.887,14.673,NONE,White,NONE,White
787,0,1,35.0,Driving,True,-92.892,16.426,0.0,-179.841,3.5,-92.897,18.176,-92.887,14.676,NONE,White,NONE,White
787,0,1,36.0,Driving,True,-91.892,16.429,0.0,-179.841,3.5,-91.897,18.179,-91.887,14.679,NONE,White,NONE,White
787,0,1,37.0,Driving,True,-90.892,16.431,0.0,-179.841,3.5,-90.897,18.181,-90.887,14.681,NONE,White,NONE,White
787,0,1,38.0,Driving,True,-89.892,16.434,0.0,-179.841,3.5,-89.897,18.184,-89.887,14.684,NONE,White,NONE,White
787,0,1,39.0,Driving,True,-88.892,16.437,0.0,-179.841,3.5,-88.897,18.187,-88.887,14.687,NONE,White,NONE,White
152,0,1,0.0,Driving,True,58.048,69.823,0.0,0.073,3.5,58.05,68.073,58.046,71.573,SolidSolid,Yellow,NONE,White
152,0,1,1.0,Driving,True,57.047,69.822,0.0,0.073,3.5,57.05,68.072,57.045,71.572,NONE,White,NONE,White
152,0,1,2.0,Driving,True,56.047,69.82,0.0,0.073,3.5,56.05,68.07,56.045,71.57,NONE,White,NONE,White
152,0,1,3.0,Driving,True,55.047,69.819,0.0,0.073,3.5,55.05,68.069,55.045,71.569,NONE,White,NONE,White
152,0,1,4.0,Driving,True,54.047,69.818,0.0,0.073,3.5,54.05,68.068,54.045,71.568,NONE,White,NONE,White
152,0,1,5.0,Driving,True,53.047,69.816,0.0,0.073,3.5,53.05,68.066,53.045,71.566,NONE,White,NONE,White
152,0,1,6.0,Driving,True,51.988,69.809,0.0,2.016,3.5,52.05,68.06,51.927,71.558,NONE,White,NONE,White
152,0,1,7.0,Driving,True,50.807,69.704,0.0,8.128,3.5,51.054,67.971,50.559,71.436,NONE,White,NONE,White
152,0,1,8.0,Driving,True,49.643,69.474,0.0,14.24,3.5,50.074,67.777,49.213,71.17,NONE,White,NONE,White
152,0,1,9.0,Driving,True,48.511,69.121,0.0,20.351,3.5,49.119,67.48,47.902,70.762,NONE,White,NONE,White
152,0,1,10.0,Driving,True,47.422,68.65,0.0,26.463,3.5,48.202,67.083,46.642,70.217,NONE,White,NONE,White
152,0,1,11.0,Driving,True,46.39,68.065,0.0,32.575,3.5,47.332,66.591,45.448,69.54,NONE,White,NONE,White
152,0,1,12.0,Driving,True,45.426,67.375,0.0,38.686,3.5,46.52,66.009,44.332,68.741,NONE,White,NONE,White
152,0,1,13.0,Driving,True,44.541,66.585,0.0,44.798,3.5,45.774,65.343,43.308,67.827,NONE,White,NONE,White
152,0,1,14.0,Driving,True,43.749,65.711,0.0,50.693,3.5,45.103,64.602,42.395,66.819,NONE,White,NONE,White
152,0,1,15.0,Driving,True,43.062,64.798,0.0,55.379,3.5,44.502,63.803,41.622,65.792,NONE,White,NONE,White
152,0,1,16.0,Driving,True,42.451,63.831,0.0,60.064,3.5,43.968,62.958,40.935,64.705,NONE,White,NONE,White
152,0,1,17.0,Driving,True,41.922,62.819,0.0,64.749,3.5,43.505,62.072,40.339,63.565,NONE,White,NONE,White
152,0,1,18.0,Driving,True,41.477,61.766,0.0,69.434,3.5,43.116,61.151,39.839,62.381,NONE,White,NONE,White
152,0,1,19.0,Driving,True,41.12,60.681,0.0,74.119,3.5,42.803,60.202,39.437,61.159,NONE,White,NONE,White
152,0,1,20.0,Driving,True,40.852,59.57,0.0,78.804,3.5,42.569,59.23,39.136,59.909,NONE,White,NONE,White
152,0,1,21.0,Driving,True,40.676,58.44,0.0,83.489,3.5,42.415,58.242,38.938,58.639,NONE,White,NONE,White
152,0,1,22.0,Driving,True,40.593,57.301,0.0,88.174,3.5,42.343,57.245,38.844,57.356,NONE,White,NONE,White
152,0,1,23.0,Driving,True,40.577,56.268,0.0,89.249,3.5,42.327,56.245,38.828,56.291,NONE,White,NONE,White
152,0,1,24.0,Driving,True,40.564,55.268,0.0,89.249,3.5,42.314,55.245,38.814,55.291,NONE,White,NONE,White
152,0,1,25.0,Driving,True,40.551,54.268,0.0,89.249,3.5,42.301,54.245,38.801,54.291,NONE,White,NONE,White
152,0,1,26.0,Driving,True,40.538,53.268,0.0,89.249,3.5,42.288,53.245,38.788,53.291,NONE,White,NONE,White
795,0,-1,0.0,Driving,True,-107.233,43.899,0.0,-89.358,3.5,-108.983,43.88,-105.483,43.919,NONE,White,NONE,White
795,0,-1,1.0,Driving,True,-107.222,42.899,0.0,-89.358,3.5,-108.972,42.88,-105.472,42.919,NONE,White,NONE,White
795,0,-1,2.0,Driving,True,-107.211,41.899,0.0,-89.358,3.5,-108.961,41.88,-105.461,41.919,NONE,White,NONE,White
795,0,-1,3.0,Driving,True,-107.2,40.899,0.0,-89.358,3.5,-108.949,40.88,-105.45,40.919,NONE,White,NONE,White
795,0,-1,4.0,Driving,True,-107.188,39.899,0.0,-89.358,3.5,-108.938,39.88,-105.438,39.919,NONE,White,NONE,White
795,0,-1,5.0,Driving,True,-107.177,38.9,0.0,-89.358,3.5,-108.927,38.88,-105.427,38.919,NONE,White,NONE,White
795,0,-1,6.0,Driving,True,-107.163,37.937,0.0,-88.145,3.5,-108.912,37.88,-105.414,37.993,NONE,White,NONE,White
795,0,-1,7.0,Driving,True,-107.107,37.043,0.0,-84.741,3.5,-108.85,36.882,-105.365,37.203,NONE,White,NONE,White
795,0,-1,8.0,Driving,True,-106.999,36.153,0.0,-81.337,3.5,-108.729,35.89,-105.269,36.417,NONE,White,NONE,White
795,0,-1,9.0,Driving,True,-106.838,35.272,0.0,-77.933,3.5,-108.549,34.906,-105.126,35.638,NONE,White,NONE,White
795,0,-1,10.0,Driving,True,-106.624,34.402,0.0,-74.529,3.5,-108.311,33.935,-104.938,34.869,NONE,White,NONE,White
795,0,-1,11.0,Driving,True,-106.36,33.546,0.0,-71.125,3.5,-108.016,32.98,-104.704,34.112,NONE,White,NONE,White
795,0,-1,12.0,Driving,True,-106.045,32.707,0.0,-67.721,3.5,-107.664,32.044,-104.426,33.371,NONE,White,NONE,White
795,0,-1,13.0,Driving,True,-105.681,31.889,0.0,-64.317,3.5,-107.258,31.13,-104.104,32.647,NONE,White,NONE,White
795,0,-1,14.0,Driving,True,-105.269,31.093,0.0,-60.913,3.5,-106.798,30.242,-103.739,31.944,NONE,White,NONE,White
795,0,-1,15.0,Driving,True,-104.81,30.323,0.0,-57.509,3.5,-106.286,29.383,-103.334,31.263,NONE,White,NONE,White
795,0,-1,16.0,Driving,True,-104.307,29.582,0.0,-54.105,3.5,-105.724,28.556,-102.889,30.608,NONE,White,NONE,White
795,0,-1,17.0,Driving,True,-103.76,28.873,0.0,-50.701,3.5,-105.114,27.764,-102.406,29.981,NONE,White,NONE,White
795,0,-1,18.0,Driving,True,-103.178,28.205,0.0,-46.953,3.5,-104.457,27.01,-101.9,29.4,NONE,White,NONE,White
795,0,-1,19.0,Driving,True,-102.561,27.59,0.0,-42.761,3.5,-103.749,26.305,-101.372,28.875,NONE,White,NONE,White
795,0,-1,20.0,Driving,True,-101.899,27.022,0.0,-38.57,3.5,-102.99,25.654,-100.808,28.39,NONE,White,NONE,White
795,0,-1,21.0,Driving,True,-101.198,26.504,0.0,-34.379,3.5,-102.186,25.059,-100.21,27.948,NONE,White,NONE,White
795,0,-1,22.0,Driving,True,-100.461,26.038,0.0,-30.187,3.5,-101.341,24.525,-99.581,27.551,NONE,White,NONE,White
795,0,-1,23.0,Driving,True,-99.692,25.628,0.0,-25.996,3.5,-100.459,24.055,-98.925,27.201,NONE,White,NONE,White
795,0,-1,24.0,Driving,True,-98.895,25.274,0.0,-21.805,3.5,-99.545,23.65,-98.245,26.899,NONE,White,NONE,White
795,0,-1,25.0,Driving,True,-98.074,24.98,0.0,-17.613,3.5,-98.604,23.312,-97.545,26.648,NONE,White,NONE,White
795,0,-1,26.0,Driving,True,-97.234,24.747,0.0,-13.422,3.5,-97.641,23.045,-96.828,26.449,NONE,White,NONE,White
795,0,-1,27.0,Driving,True,-96.38,24.576,0.0,-9.231,3.5,-96.66,22.849,-96.099,26.303,NONE,White,NONE,White
795,0,-1,28.0,Driving,True,-95.514,24.468,0.0,-5.04,3.5,-95.668,22.724,-95.361,26.211,NONE,White,NONE,White
795,0,-1,29.0,Driving,True,-94.644,24.423,0.0,-0.848,3.5,-94.67,22.673,-94.618,26.173,NONE,White,NONE,White
795,0,-1,30.0,Driving,True,-93.675,24.424,0.0,0.159,3.5,-93.67,22.674,-93.679,26.174,NONE,White,NONE,White
795,0,-1,31.0,Driving,True,-92.675,24.427,0.0,0.159,3.5,-92.67,22.677,-92.679,26.177,NONE,White,NONE,White
795,0,-1,32.0,Driving,True,-91.675,24.429,0.0,0.159,3.5,-91.67,22.679,-91.679,26.179,NONE,White,NONE,White
795,0,-1,33.0,Driving,True,-90.675,24.432,0.0,0.159,3.5,-90.67,22.682,-90.679,26.182,NONE,White,NONE,White
795,0,-1,34.0,Driving,True,-89.674,24.435,0.0,0.159,3.5,-89.67,22.685,-89.679,26.185,Solid,Yellow,Broken,White
33,0,1,0.0,Driving,True,-27.8,-61.284,0.0,0.597,3.5,-27.782,-63.034,-27.819,-59.534,SolidSolid,Yellow,Broken,White
33,0,1,1.0,Driving,True,-28.772,-61.293,0.0,-0.317,3.5,-28.782,-63.043,-28.762,-59.543,NONE,White,NONE,White
33,0,1,2.0,Driving,True,-29.647,-61.257,0.0,-4.38,3.5,-29.781,-63.002,-29.513,-59.512,NONE,White,NONE,White
33,0,1,3.0,Driving,True,-30.517,-61.159,0.0,-8.444,3.5,-30.774,-62.89,-30.26,-59.428,NONE,White,NONE,White
33,0,1,4.0,Driving,True,-31.378,-61.0,0.0,-12.507,3.5,-31.757,-62.708,-30.999,-59.291,NONE,White,NONE,White
33,0,1,5.0,Driving,True,-32.226,-60.78,0.0,-16.57,3.5,-32.725,-62.457,-31.727,-59.103,NONE,White,NONE,White
33,0,1,6.0,Driving,True,-33.056,-60.501,0.0,-20.633,3.5,-33.673,-62.138,-32.439,-58.863,NONE,White,NONE,White
33,0,1,7.0,Driving,True,-33.864,-60.163,0.0,-24.696,3.5,-34.595,-61.753,-33.133,-58.573,NONE,White,NONE,White
33,0,1,8.0,Driving,True,-34.646,-59.769,0.0,-28.76,3.5,-35.488,-61.303,-33.804,-58.235,NONE,White,NONE,White
33,0,1,9.0,Driving,True,-35.398,-59.321,0.0,-32.823,3.5,-36.347,-60.792,-34.45,-57.85,NONE,White,NONE,White
33,0,1,10.0,Driving,True,-36.117,-58.82,0.0,-36.886,3.5,-37.167,-60.22,-35.067,-57.421,NONE,White,NONE,White
33,0,1,11.0,Driving,True,-36.798,-58.27,0.0,-40.949,3.5,-37.945,-59.592,-35.651,-56.949,NONE,White,NONE,White
33,0,1,12.0,Driving,True,-37.439,-57.673,0.0,-45.012,3.5,-38.677,-58.91,-36.201,-56.436,NONE,White,NONE,White
33,0,1,13.0,Driving,True,-38.041,-57.028,0.0,-48.845,3.5,-39.359,-58.179,-36.723,-55.876,NONE,White,NONE,White
33,0,1,14.0,Driving,True,-38.607,-56.338,0.0,-52.382,3.5,-39.993,-57.407,-37.221,-55.27,NONE,White,NONE,White
33,0,1,15.0,Driving,True,-39.129,-55.616,0.0,-55.919,3.5,-40.579,-56.596,-37.68,-54.635,NONE,White,NONE,White
33,0,1,16.0,Driving,True,-39.606,-54.862,0.0,-59.457,3.5,-41.113,-55.751,-38.099,-53.972,NONE,White,NONE,White
33,0,1,17.0,Driving,True,-40.035,-54.08,0.0,-62.994,3.5,-41.594,-54.875,-38.476,-53.285,NONE,White,NONE,White
33,0,1,18.0,Driving,True,-40.415,-53.273,0.0,-66.531,3.5,-42.021,-53.97,-38.81,-52.576,NONE,White,NONE,White
33,0,1,19.0,Driving,True,-40.745,-52.445,0.0,-70.068,3.5,-42.39,-53.041,-39.1,-51.848,NONE,White,NONE,White
33,0,1,20.0,Driving,True,-41.023,-51.597,0.0,-73.605,3.5,-42.702,-52.091,-39.344,-51.103,NONE,White,NONE,White
33,0,1,21.0,Driving,True,-41.248,-50.734,0.0,-77.142,3.5,-42.955,-51.124,-39.542,-50.345,NONE,White,NONE,White
33,0,1,22.0,Driving,True,-41.42,-49.859,0.0,-80.68,3.5,-43.147,-50.143,-39.693,-49.576,NONE,White,NONE,White
33,0,1,23.0,Driving,True,-41.537,-48.975,0.0,-84.217,3.5,-43.278,-49.152,-39.796,-48.799,NONE,White,NONE,White
33,0,1,24.0,Driving,True,-41.6,-48.086,0.0,-87.754,3.5,-43.348,-48.154,-39.851,-48.017,NONE,White,NONE,White
33,0,1,25.0,Driving,True,-41.614,-47.141,0.0,-89.568,3.5,-43.364,-47.154,-39.864,-47.128,NONE,White,NONE,White
33,0,1,26.0,Driving,True,-41.621,-46.141,0.0,-89.568,3.5,-43.371,-46.154,-39.872,-46.128,NONE,White,NONE,White
33,0,1,27.0,Driving,True,-41.629,-45.141,0.0,-89.568,3.5,-43.379,-45.154,-39.879,-45.128,NONE,White,NONE,White
33,0,1,28.0,Driving,True,-41.637,-44.141,0.0,-89.568,3.5,-43.387,-44.154,-39.887,-44.128,NONE,White,NONE,White
160,0,-1,0.0,Driving,True,58.052,66.323,0.0,-179.927,3.5,58.05,68.073,58.055,64.573,SolidSolid,Yellow,Solid,White
160,0,-1,1.0,Driving,True,57.052,66.321,0.0,-179.927,3.5,57.05,68.071,57.055,64.571,SolidSolid,Yellow,Solid,White
160,0,-1,2.0,Driving,True,56.067,66.32,0.0,180.556,3.5,56.05,68.07,56.084,64.57,NONE,White,NONE,White
160,0,-1,3.0,Driving,True,55.191,66.281,0.0,184.568,3.5,55.051,68.025,55.33,64.536,NONE,White,NONE,White
160,0,-1,4.0,Driving,True,54.319,66.18,0.0,188.579,3.5,54.058,67.911,54.58,64.45,NONE,White,NONE,White
160,0,-1,5.0,Driving,True,53.457,66.019,0.0,192.591,3.5,53.075,67.727,53.838,64.311,NONE,White,NONE,White
160,0,-1,6.0,Driving,True,52.608,65.798,0.0,196.602,3.5,52.108,67.475,53.108,64.121,NONE,White,NONE,White
160,0,-1,7.0,Driving,True,51.776,65.518,0.0,200.614,3.5,51.16,67.156,52.392,63.88,NONE,White,NONE,White
160,0,-1,8.0,Driving,True,50.966,65.181,0.0,204.625,3.5,50.237,66.771,51.696,63.59,NONE,White,NONE,White
160,0,-1,9.0,Driving,True,50.182,64.787,0.0,208.637,3.5,49.344,66.323,51.021,63.251,NONE,White,NONE,White
160,0,-1,10.0,Driving,True,49.427,64.34,0.0,212.649,3.5,48.483,65.814,50.372,62.867,NONE,White,NONE,White
160,0,-1,11.0,Driving,True,48.706,63.841,0.0,216.66,3.5,47.661,65.245,49.751,62.437,NONE,White,NONE,White
160,0,-1,12.0,Driving,True,48.021,63.293,0.0,220.672,3.5,46.88,64.621,49.161,61.966,NONE,White,NONE,White
160,0,-1,13.0,Driving,True,47.38,62.702,0.0,224.864,3.5,46.146,63.942,48.615,61.461,NONE,White,NONE,White
160,0,-1,14.0,Driving,True,46.791,62.068,0.0,229.262,3.5,45.465,63.21,48.117,60.926,NONE,White,NONE,White
160,0,-1,15.0,Driving,True,46.252,61.391,0.0,233.66,3.5,44.842,62.428,47.661,60.354,NONE,White,NONE,White
160,0,-1,16.0,Driving,True,45.766,60.675,0.0,238.058,3.5,44.281,61.601,47.251,59.749,NONE,White,NONE,White
160,0,-1,17.0,Driving,True,45.336,59.924,0.0,242.456,3.5,43.785,60.733,46.888,59.114,NONE,White,NONE,White
160,0,-1,18.0,Driving,True,44.966,59.141,0.0,246.854,3.5,43.357,59.829,46.575,58.454,NONE,White,NONE,White
160,0,-1,19.0,Driving,True,44.657,58.333,0.0,251.252,3.5,42.999,58.896,46.314,57.771,NONE,White,NONE,White
160,0,-1,20.0,Driving,True,44.41,57.504,0.0,255.651,3.5,42.715,57.937,46.105,57.07,NONE,White,NONE,White
160,0,-1,21.0,Driving,True,44.228,56.657,0.0,260.049,3.5,42.504,56.96,45.952,56.355,NONE,White,NONE,White
160,0,-1,22.0,Driving,True,44.111,55.8,0.0,264.447,3.5,42.369,55.969,45.853,55.631,NONE,White,NONE,White
160,0,-1,23.0,Driving,True,44.061,54.936,0.0,268.845,3.5,42.311,54.971,45.81,54.901,NONE,White,NONE,White
160,0,-1,24.0,Driving,True,44.047,53.948,0.0,-90.751,3.5,42.297,53.971,45.797,53.925,NONE,White,NONE,White
160,0,-1,25.0,Driving,True,44.034,52.948,0.0,-90.751,3.5,42.284,52.971,45.784,52.926,NONE,White,NONE,White
934,0,-2,0.0,Driving,True,-41.574,82.625,0.0,-90.161,3.5,-43.324,82.63,-39.824,82.621,Broken,White,Solid,White
934,0,-1,0.0,Driving,True,-45.074,82.635,0.0,-90.161,3.5,-46.824,82.64,-43.324,82.63,SolidSolid,Yellow,Broken,White
934,0,-2,1.0,Driving,True,-41.577,81.625,0.0,-90.161,3.5,-43.327,81.63,-39.827,81.621,Broken,White,Solid,White
934,0,-1,1.0,Driving,True,-45.077,81.635,0.0,-90.161,3.5,-46.827,81.64,-43.327,81.63,SolidSolid,Yellow,Broken,White
934,0,-2,2.0,Driving,True,-41.58,80.625,0.0,-90.161,3.5,-43.33,80.63,-39.83,80.621,Broken,White,NONE,White
934,0,-1,2.0,Driving,True,-45.08,80.635,0.0,-90.161,3.5,-46.83,80.64,-43.33,80.63,SolidSolid,Yellow,Broken,White
934,0,-2,3.0,Driving,True,-41.582,79.625,0.0,-90.161,3.5,-43.332,79.63,-39.832,79.621,Broken,White,NONE,White
934,0,-1,3.0,Driving,True,-45.082,79.635,0.0,-90.161,3.5,-46.832,79.64,-43.332,79.63,SolidSolid,Yellow,Broken,White
934,0,-2,4.0,Driving,True,-41.585,78.625,0.0,-90.161,3.5,-43.335,78.63,-39.835,78.621,Broken,White,NONE,White
934,0,-1,4.0,Driving,True,-45.085,78.635,0.0,-90.161,3.5,-46.835,78.64,-43.335,78.63,SolidSolid,Yellow,Broken,White
934,0,-2,5.0,Driving,True,-41.588,77.625,0.0,-90.161,3.5,-43.338,77.63,-39.838,77.621,Broken,White,NONE,White
934,0,-1,5.0,Driving,True,-45.088,77.635,0.0,-90.161,3.5,-46.838,77.64,-43.338,77.63,SolidSolid,Yellow,Broken,White
934,0,-2,6.0,Driving,True,-41.591,76.625,0.0,-90.161,3.5,-43.341,76.63,-39.841,76.621,Broken,White,NONE,White
934,0,-1,6.0,Driving,True,-45.091,76.635,0.0,-90.161,3.5,-46.841,76.64,-43.341,76.63,SolidSolid,Yellow,Broken,White
934,0,-2,7.0,Driving,True,-41.594,75.625,0.0,-90.161,3.5,-43.344,75.63,-39.844,75.621,Broken,White,NONE,White
934,0,-1,7.0,Driving,True,-45.094,75.635,0.0,-90.161,3.5,-46.844,75.64,-43.344,75.63,SolidSolid,Yellow,Broken,White
934,0,-2,8.0,Driving,True,-41.596,74.625,0.0,-90.161,3.5,-43.346,74.63,-39.846,74.621,Broken,White,NONE,White
934,0,-1,8.0,Driving,True,-45.096,74.635,0.0,-90.161,3.5,-46.846,74.64,-43.346,74.63,SolidSolid,Yellow,Broken,White
934,0,-2,9.0,Driving,True,-41.599,73.625,0.0,-90.161,3.5,-43.349,73.63,-39.849,73.621,Broken,White,NONE,White
934,0,-1,9.0,Driving,True,-45.099,73.635,0.0,-90.161,3.5,-46.849,73.64,-43.349,73.63,SolidSolid,Yellow,Broken,White
934,0,-2,10.0,Driving,True,-41.602,72.625,0.0,-90.161,3.5,-43.352,72.63,-39.852,72.621,Broken,White,NONE,White
934,0,-1,10.0,Driving,True,-45.102,72.635,0.0,-90.161,3.5,-46.852,72.64,-43.352,72.63,SolidSolid,Yellow,Broken,White
934,0,-2,11.0,Driving,True,-41.605,71.625,0.0,-90.161,3.5,-43.355,71.63,-39.855,71.621,Broken,White,NONE,White
934,0,-1,11.0,Driving,True,-45.105,71.635,0.0,-90.161,3.5,-46.855,71.64,-43.355,71.63,SolidSolid,Yellow,Broken,White
934,0,-2,12.0,Driving,True,-41.608,70.625,0.0,-90.161,3.5,-43.358,70.63,-39.858,70.621,Broken,White,NONE,White
934,0,-1,12.0,Driving,True,-45.108,70.635,0.0,-90.161,3.5,-46.858,70.64,-43.358,70.63,SolidSolid,Yellow,Broken,White
934,0,-2,13.0,Driving,True,-41.611,69.625,0.0,-90.161,3.5,-43.361,69.63,-39.861,69.621,Broken,White,NONE,White
934,0,-1,13.0,Driving,True,-45.111,69.635,0.0,-90.161,3.5,-46.861,69.64,-43.361,69.63,SolidSolid,Yellow,Broken,White
934,0,-2,14.0,Driving,True,-41.613,68.625,0.0,-90.161,3.5,-43.363,68.63,-39.863,68.621,NONE,White,NONE,White
934,0,-1,14.0,Driving,True,-45.113,68.635,0.0,-90.161,3.5,-46.863,68.64,-43.363,68.63,SolidSolid,Yellow,NONE,White
934,0,-2,15.0,Driving,True,-41.616,67.625,0.0,-90.161,3.5,-43.366,67.63,-39.866,67.621,NONE,White,NONE,White
934,0,-1,15.0,Driving,True,-45.116,67.635,0.0,-90.161,3.5,-46.866,67.64,-43.366,67.63,SolidSolid,Yellow,NONE,White
934,0,-2,16.0,Driving,True,-41.619,66.625,0.0,-90.161,3.5,-43.369,66.63,-39.869,66.621,NONE,White,NONE,White
934,0,-1,16.0,Driving,True,-45.119,66.635,0.0,-90.161,3.5,-46.869,66.64,-43.369,66.63,SolidSolid,Yellow,NONE,White
934,0,-2,17.0,Driving,True,-41.622,65.625,0.0,-90.161,3.5,-43.372,65.63,-39.872,65.621,NONE,White,NONE,White
934,0,-1,17.0,Driving,True,-45.122,65.635,0.0,-90.161,3.5,-46.872,65.64,-43.372,65.63,SolidSolid,Yellow,NONE,White
934,0,-2,18.0,Driving,True,-41.625,64.625,0.0,-90.161,3.5,-43.375,64.63,-39.875,64.621,NONE,White,NONE,White
934,0,-1,18.0,Driving,True,-45.125,64.635,0.0,-90.161,3.5,-46.875,64.64,-43.375,64.63,SolidSolid,Yellow,NONE,White
934,0,-2,19.0,Driving,True,-41.627,63.625,0.0,-90.161,3.5,-43.377,63.63,-39.877,63.621,NONE,White,NONE,White
934,0,-1,19.0,Driving,True,-45.127,63.635,0.0,-90.161,3.5,-46.877,63.64,-43.377,63.63,SolidSolid,Yellow,NONE,White
934,0,-2,20.0,Driving,True,-41.63,62.626,0.0,-90.161,3.5,-43.38,62.63,-39.88,62.621,NONE,White,NONE,White
934,0,-1,20.0,Driving,True,-45.13,62.635,0.0,-90.161,3.5,-46.88,62.64,-43.38,62.63,SolidSolid,Yellow,NONE,White
934,0,-2,21.0,Driving,True,-41.633,61.626,0.0,-90.161,3.5,-43.383,61.63,-39.883,61.621,Broken,White,NONE,White
934,0,-1,21.0,Driving,True,-45.133,61.635,0.0,-90.161,3.5,-46.883,61.64,-43.383,61.63,SolidSolid,Yellow,Broken,White
934,0,-2,22.0,Driving,True,-41.636,60.626,0.0,-90.161,3.5,-43.386,60.63,-39.886,60.621,Broken,White,NONE,White
934,0,-1,22.0,Driving,True,-45.136,60.635,0.0,-90.161,3.5,-46.886,60.64,-43.386,60.63,SolidSolid,Yellow,Broken,White
934,0,-2,23.0,Driving,True,-41.639,59.626,0.0,-90.161,3.5,-43.389,59.63,-39.889,59.621,Broken,White,NONE,White
934,0,-1,23.0,Driving,True,-45.139,59.635,0.0,-90.161,3.5,-46.889,59.64,-43.389,59.63,SolidSolid,Yellow,Broken,White
934,0,-2,24.0,Driving,True,-41.641,58.626,0.0,-90.161,3.5,-43.391,58.63,-39.892,58.621,Broken,White,NONE,White
934,0,-1,24.0,Driving,True,-45.141,58.635,0.0,-90.161,3.5,-46.891,58.64,-43.391,58.63,SolidSolid,Yellow,Broken,White
934,0,-2,25.0,Driving,True,-41.644,57.626,0.0,-90.161,3.5,-43.394,57.63,-39.894,57.621,Broken,White,NONE,White
934,0,-1,25.0,Driving,True,-45.144,57.635,0.0,-90.161,3.5,-46.894,57.64,-43.394,57.63,SolidSolid,Yellow,Broken,White
934,0,-2,26.0,Driving,True,-41.647,56.626,0.0,-90.161,3.5,-43.397,56.63,-39.897,56.621,Broken,White,NONE,White
934,0,-1,26.0,Driving,True,-45.147,56.635,0.0,-90.161,3.5,-46.897,56.64,-43.397,56.63,SolidSolid,Yellow,Broken,White
934,0,-2,27.0,Driving,True,-41.65,55.626,0.0,-90.161,3.5,-43.4,55.63,-39.9,55.621,Broken,White,Solid,White
934,0,-1,27.0,Driving,True,-45.15,55.635,0.0,-90.161,3.5,-46.9,55.64,-43.4,55.63,SolidSolid,Yellow,Broken,White
934,0,-2,28.0,Driving,True,-41.653,54.626,0.0,-90.161,3.5,-43.403,54.63,-39.903,54.621,Broken,White,Solid,White
934,0,-1,28.0,Driving,True,-45.153,54.635,0.0,-90.161,3.5,-46.903,54.64,-43.403,54.63,SolidSolid,Yellow,Broken,White
934,0,-2,29.0,Driving,True,-41.656,53.626,0.0,-90.161,3.5,-43.406,53.63,-39.906,53.621,Broken,White,Solid,White
934,0,-1,29.0,Driving,True,-45.156,53.635,0.0,-90.161,3.5,-46.906,53.64,-43.406,53.63,SolidSolid,Yellow,Broken,White
934,0,-2,30.0,Driving,True,-41.658,52.626,0.0,-90.161,3.5,-43.408,52.63,-39.908,52.621,Broken,White,Solid,White
934,0,-1,30.0,Driving,True,-45.158,52.635,0.0,-90.161,3.5,-46.908,52.64,-43.408,52.63,SolidSolid,Yellow,Broken,White
172,0,1,0.0,Driving,True,44.029,52.549,0.0,-90.751,3.5,42.279,52.572,45.779,52.526,SolidSolid,Yellow,NONE,White
172,0,1,1.0,Driving,True,44.042,53.549,0.0,-90.751,3.5,42.292,53.572,45.792,53.526,NONE,White,NONE,White
172,0,1,2.0,Driving,True,44.055,54.549,0.0,-90.751,3.5,42.305,54.572,45.805,54.526,NONE,White,NONE,White
172,0,1,3.0,Driving,True,44.066,55.58,0.0,-89.73,3.5,42.316,55.572,45.816,55.588,NONE,White,NONE,White
172,0,1,4.0,Driving,True,44.014,56.722,0.0,-85.021,3.5,42.271,56.57,45.758,56.874,NONE,White,NONE,White
172,0,1,5.0,Driving,True,43.868,57.856,0.0,-80.312,3.5,42.143,57.562,45.593,58.151,NONE,White,NONE,White
172,0,1,6.0,Driving,True,43.63,58.975,0.0,-75.603,3.5,41.935,58.54,45.325,59.41,NONE,White,NONE,White
172,0,1,7.0,Driving,True,43.3,60.07,0.0,-70.894,3.5,41.646,59.497,44.954,60.643,NONE,White,NONE,White
172,0,1,8.0,Driving,True,42.882,61.134,0.0,-66.185,3.5,41.281,60.427,44.483,61.841,NONE,White,NONE,White
172,0,1,9.0,Driving,True,42.377,62.16,0.0,-61.475,3.5,40.84,61.325,43.915,62.996,NONE,White,NONE,White
172,0,1,10.0,Driving,True,41.79,63.142,0.0,-56.766,3.5,40.327,62.183,43.254,64.101,NONE,White,NONE,White
172,0,1,11.0,Driving,True,41.125,64.072,0.0,-52.057,3.5,39.745,62.996,42.505,65.148,NONE,White,NONE,White
172,0,1,12.0,Driving,True,40.385,64.944,0.0,-47.348,3.5,39.098,63.758,41.672,66.129,NONE,White,NONE,White
172,0,1,13.0,Driving,True,39.591,65.74,0.0,-43.262,3.5,38.392,64.465,40.79,67.014,NONE,White,NONE,White
172,0,1,14.0,Driving,True,38.772,66.477,0.0,-39.903,3.5,37.649,65.135,39.894,67.82,NONE,White,NONE,White
172,0,1,15.0,Driving,True,37.868,67.173,0.0,-35.305,3.5,36.857,65.745,38.88,68.601,NONE,White,NONE,White
172,0,1,16.0,Driving,True,36.912,67.794,0.0,-30.706,3.5,36.019,66.289,37.806,69.299,NONE,White,NONE,White
172,0,1,17.0,Driving,True,35.91,68.337,0.0,-26.108,3.5,35.139,66.765,36.68,69.908,NONE,White,NONE,White
172,0,1,18.0,Driving,True,34.866,68.797,0.0,-21.51,3.5,34.225,67.169,35.508,70.425,NONE,White,NONE,White
172,0,1,19.0,Driving,True,33.79,69.172,0.0,-16.912,3.5,33.281,67.498,34.299,70.846,NONE,White,NONE,White
172,0,1,20.0,Driving,True,32.686,69.46,0.0,-12.313,3.5,32.313,67.75,33.06,71.169,NONE,White,NONE,White
172,0,1,21.0,Driving,True,31.564,69.658,0.0,-7.715,3.5,31.329,67.924,31.799,71.392,NONE,White,NONE,White
172,0,1,22.0,Driving,True,30.429,69.765,0.0,-3.117,3.5,30.334,68.018,30.524,71.513,NONE,White,NONE,White
172,0,1,23.0,Driving,True,29.332,69.786,0.0,-359.927,3.5,29.334,68.036,29.329,71.536,SolidSolid,Yellow,Solid,White
172,0,1,24.0,Driving,True,28.332,69.785,0.0,-359.927,3.5,28.334,68.035,28.329,71.535,SolidSolid,Yellow,Solid,White
172,0,1,25.0,Driving,True,27.332,69.784,0.0,-359.927,3.5,27.334,68.034,27.329,71.533,SolidSolid,Yellow,Solid,White
848,0,-1,0.0,Driving,True,26.404,28.257,0.0,-359.841,3.5,26.409,26.507,26.399,30.007,Broken,White,Solid,White
848,0,-1,1.0,Driving,True,27.404,28.26,0.0,-359.841,3.5,27.409,26.51,27.399,30.01,Broken,White,Solid,White
848,0,-1,2.0,Driving,True,28.388,28.263,0.0,-359.34,3.5,28.409,26.514,28.368,30.013,NONE,White,Solid,White
848,0,-1,3.0,Driving,True,29.265,28.304,0.0,-355.321,3.5,29.407,26.56,29.122,30.048,NONE,White,Solid,White
848,0,-1,4.0,Driving,True,30.136,28.406,0.0,-351.301,3.5,30.4,26.677,29.871,30.136,NONE,White,Solid,White
848,0,-1,5.0,Driving,True,30.997,28.569,0.0,-347.282,3.5,31.383,26.862,30.612,30.276,NONE,White,Solid,White
848,0,-1,6.0,Driving,True,31.846,28.792,0.0,-343.262,3.5,32.35,27.116,31.342,30.468,NONE,White,Solid,White
848,0,-1,7.0,Driving,True,32.676,29.074,0.0,-339.243,3.5,33.296,27.438,32.056,30.711,NONE,White,Solid,White
848,0,-1,8.0,Driving,True,33.485,29.414,0.0,-335.223,3.5,34.218,27.825,32.752,31.003,NONE,White,Solid,White
848,0,-1,9.0,Driving,True,34.268,29.809,0.0,-331.204,3.5,35.111,28.275,33.425,31.342,NONE,White,Solid,White
848,0,-1,10.0,Driving,True,35.021,30.258,0.0,-327.184,3.5,35.97,28.787,34.073,31.729,NONE,White,Solid,White
848,0,-1,11.0,Driving,True,35.741,30.759,0.0,-323.165,3.5,36.79,29.358,34.692,32.16,NONE,White,Solid,White
848,0,-1,12.0,Driving,True,36.424,31.309,0.0,-319.146,3.5,37.569,29.985,35.279,32.633,NONE,White,Solid,White
848,0,-1,13.0,Driving,True,37.063,31.902,0.0,-314.944,3.5,38.301,30.666,35.824,33.138,NONE,White,Solid,White
848,0,-1,14.0,Driving,True,37.65,32.538,0.0,-310.55,3.5,38.98,31.4,36.32,33.676,NONE,White,Solid,White
848,0,-1,15.0,Driving,True,38.187,33.217,0.0,-306.156,3.5,39.6,32.184,36.774,34.249,NONE,White,NONE,White
848,0,-1,16.0,Driving,True,38.671,33.935,0.0,-301.762,3.5,40.159,33.013,37.183,34.856,NONE,White,NONE,White
848,0,-1,17.0,Driving,True,39.098,34.688,0.0,-297.369,3.5,40.652,33.883,37.544,35.492,NONE,White,NONE,White
848,0,-1,18.0,Driving,True,39.466,35.471,0.0,-292.975,3.5,41.077,34.788,37.855,36.154,NONE,White,NONE,White
848,0,-1,19.0,Driving,True,39.773,36.28,0.0,-288.581,3.5,41.432,35.723,38.114,36.838,NONE,White,NONE,White
848,0,-1,20.0,Driving,True,40.017,37.111,0.0,-284.187,3.5,41.714,36.682,38.321,37.54,NONE,White,NONE,White
848,0,-1,21.0,Driving,True,40.197,37.957,0.0,-279.793,3.5,41.922,37.66,38.473,38.255,NONE,White,NONE,White
848,0,-1,22.0,Driving,True,40.311,38.815,0.0,-275.4,3.5,42.054,38.651,38.569,38.98,NONE,White,NONE,White
848,0,-1,23.0,Driving,True,40.36,39.68,0.0,-271.006,3.5,42.11,39.649,38.61,39.71,NONE,White,NONE,White
848,0,-1,24.0,Driving,True,40.373,40.672,0.0,-270.751,3.5,42.123,40.649,38.623,40.695,SolidSolid,Yellow,NONE,White
848,0,-1,25.0,Driving,True,40.386,41.672,0.0,-270.751,3.5,42.136,41.649,38.636,41.695,SolidSolid,Yellow,NONE,White
467,0,-2,0.0,Driving,True,-41.687,42.536,0.0,-90.161,3.5,-43.437,42.541,-39.937,42.531,Broken,White,Solid,White
467,0,-1,0.0,Driving,True,-45.187,42.545,0.0,-90.161,3.5,-46.937,42.55,-43.437,42.541,SolidSolid,Yellow,Broken,White
467,0,-2,1.0,Driving,True,-41.69,41.536,0.0,-90.161,3.5,-43.44,41.541,-39.94,41.531,Broken,White,Solid,White
467,0,-1,1.0,Driving,True,-45.19,41.545,0.0,-90.161,3.5,-46.94,41.55,-43.44,41.541,SolidSolid,Yellow,Broken,White
467,0,-2,2.0,Driving,True,-41.692,40.536,0.0,-90.161,3.5,-43.442,40.541,-39.942,40.531,NONE,White,NONE,White
467,0,-1,2.0,Driving,True,-45.192,40.545,0.0,-90.161,3.5,-46.942,40.55,-43.442,40.541,SolidSolid,Yellow,NONE,White
467,0,-2,3.0,Driving,True,-41.695,39.536,0.0,-90.161,3.5,-43.445,39.541,-39.945,39.531,NONE,White,NONE,White
467,0,-1,3.0,Driving,True,-45.195,39.545,0.0,-90.161,3.5,-46.945,39.55,-43.445,39.541,SolidSolid,Yellow,NONE,White
467,0,-2,4.0,Driving,True,-41.698,38.536,0.0,-90.161,3.5,-43.448,38.541,-39.948,38.531,NONE,White,NONE,White
467,0,-1,4.0,Driving,True,-45.198,38.545,0.0,-90.161,3.5,-46.948,38.55,-43.448,38.541,SolidSolid,Yellow,NONE,White
467,0,-2,5.0,Driving,True,-41.701,37.536,0.0,-90.161,3.5,-43.451,37.541,-39.951,37.531,NONE,White,NONE,White
467,0,-1,5.0,Driving,True,-45.201,37.545,0.0,-90.161,3.5,-46.951,37.55,-43.451,37.541,NONE,White,NONE,White
467,0,-2,6.0,Driving,True,-41.704,36.536,0.0,-90.161,3.5,-43.454,36.541,-39.954,36.531,NONE,White,NONE,White
467,0,-1,6.0,Driving,True,-45.204,36.545,0.0,-90.161,3.5,-46.954,36.55,-43.454,36.541,NONE,White,NONE,White
467,0,-2,7.0,Driving,True,-41.706,35.536,0.0,-90.161,3.5,-43.456,35.541,-39.956,35.531,NONE,White,NONE,White
467,0,-1,7.0,Driving,True,-45.206,35.545,0.0,-90.161,3.5,-46.956,35.55,-43.456,35.541,NONE,White,NONE,White
467,0,-2,8.0,Driving,True,-41.709,34.536,0.0,-90.161,3.5,-43.459,34.541,-39.959,34.531,NONE,White,NONE,White
467,0,-1,8.0,Driving,True,-45.209,34.545,0.0,-90.161,3.5,-46.959,34.55,-43.459,34.541,NONE,White,NONE,White
467,0,-2,9.0,Driving,True,-41.712,33.536,0.0,-90.161,3.5,-43.462,33.541,-39.962,33.531,NONE,White,NONE,White
467,0,-1,9.0,Driving,True,-45.212,33.545,0.0,-90.161,3.5,-46.962,33.55,-43.462,33.541,NONE,White,NONE,White
467,0,-2,10.0,Driving,True,-41.715,32.536,0.0,-90.161,3.5,-43.465,32.541,-39.965,32.531,NONE,White,NONE,White
467,0,-1,10.0,Driving,True,-45.215,32.545,0.0,-90.161,3.5,-46.965,32.55,-43.465,32.541,NONE,White,NONE,White
467,0,-2,11.0,Driving,True,-41.718,31.536,0.0,-90.161,3.5,-43.468,31.541,-39.968,31.531,NONE,White,NONE,White
467,0,-1,11.0,Driving,True,-45.218,31.545,0.0,-90.161,3.5,-46.968,31.55,-43.468,31.541,NONE,White,NONE,White
467,0,-2,12.0,Driving,True,-41.721,30.536,0.0,-90.161,3.5,-43.471,30.541,-39.971,30.531,NONE,White,NONE,White
467,0,-1,12.0,Driving,True,-45.221,30.545,0.0,-90.161,3.5,-46.971,30.55,-43.471,30.541,NONE,White,NONE,White
467,0,-2,13.0,Driving,True,-41.723,29.536,0.0,-90.161,3.5,-43.473,29.541,-39.973,29.531,NONE,White,NONE,White
467,0,-1,13.0,Driving,True,-45.223,29.545,0.0,-90.161,3.5,-46.973,29.55,-43.473,29.541,NONE,White,NONE,White
467,0,-2,14.0,Driving,True,-41.726,28.536,0.0,-90.161,3.5,-43.476,28.541,-39.976,28.531,NONE,White,NONE,White
467,0,-1,14.0,Driving,True,-45.226,28.545,0.0,-90.161,3.5,-46.976,28.55,-43.476,28.541,NONE,White,NONE,White
467,0,-2,15.0,Driving,True,-41.729,27.536,0.0,-90.161,3.5,-43.479,27.541,-39.979,27.531,NONE,White,NONE,White
467,0,-1,15.0,Driving,True,-45.229,27.545,0.0,-90.161,3.5,-46.979,27.55,-43.479,27.541,NONE,White,NONE,White
467,0,-2,16.0,Driving,True,-41.732,26.536,0.0,-90.161,3.5,-43.482,26.541,-39.982,26.531,NONE,White,NONE,White
467,0,-1,16.0,Driving,True,-45.232,26.545,0.0,-90.161,3.5,-46.982,26.55,-43.482,26.541,NONE,White,NONE,White
467,0,-2,17.0,Driving,True,-41.735,25.536,0.0,-90.161,3.5,-43.485,25.541,-39.985,25.531,NONE,White,NONE,White
467,0,-1,17.0,Driving,True,-45.235,25.545,0.0,-90.161,3.5,-46.985,25.55,-43.485,25.541,NONE,White,NONE,White
467,0,-2,18.0,Driving,True,-41.737,24.536,0.0,-90.161,3.5,-43.487,24.541,-39.987,24.531,NONE,White,NONE,White
467,0,-1,18.0,Driving,True,-45.237,24.545,0.0,-90.161,3.5,-46.987,24.55,-43.487,24.541,NONE,White,NONE,White
467,0,-2,19.0,Driving,True,-41.74,23.536,0.0,-90.161,3.5,-43.49,23.541,-39.99,23.531,NONE,White,NONE,White
467,0,-1,19.0,Driving,True,-45.24,23.546,0.0,-90.161,3.5,-46.99,23.55,-43.49,23.541,NONE,White,NONE,White
467,0,-2,20.0,Driving,True,-41.743,22.536,0.0,-90.161,3.5,-43.493,22.541,-39.993,22.531,NONE,White,NONE,White
467,0,-1,20.0,Driving,True,-45.243,22.546,0.0,-90.161,3.5,-46.993,22.55,-43.493,22.541,NONE,White,NONE,White
467,0,-2,21.0,Driving,True,-41.746,21.536,0.0,-90.161,3.5,-43.496,21.541,-39.996,21.531,NONE,White,NONE,White
467,0,-1,21.0,Driving,True,-45.246,21.546,0.0,-90.161,3.5,-46.996,21.55,-43.496,21.541,NONE,White,NONE,White
467,0,-2,22.0,Driving,True,-41.749,20.536,0.0,-90.161,3.5,-43.499,20.541,-39.999,20.531,NONE,White,NONE,White
467,0,-1,22.0,Driving,True,-45.249,20.546,0.0,-90.161,3.5,-46.999,20.55,-43.499,20.541,NONE,White,NONE,White
467,0,-2,23.0,Driving,True,-41.751,19.536,0.0,-90.161,3.5,-43.501,19.541,-40.002,19.531,NONE,White,NONE,White
467,0,-1,23.0,Driving,True,-45.251,19.546,0.0,-90.161,3.5,-47.001,19.55,-43.501,19.541,NONE,White,NONE,White
467,0,-2,24.0,Driving,True,-41.754,18.536,0.0,-90.161,3.5,-43.504,18.541,-40.004,18.531,NONE,White,NONE,White
467,0,-1,24.0,Driving,True,-45.254,18.546,0.0,-90.161,3.5,-47.004,18.55,-43.504,18.541,NONE,White,NONE,White
467,0,-2,25.0,Driving,True,-41.757,17.536,0.0,-90.161,3.5,-43.507,17.541,-40.007,17.531,NONE,White,NONE,White
467,0,-1,25.0,Driving,True,-45.257,17.546,0.0,-90.161,3.5,-47.007,17.55,-43.507,17.541,NONE,White,NONE,White
467,0,-2,26.0,Driving,True,-41.76,16.536,0.0,-90.161,3.5,-43.51,16.541,-40.01,16.531,NONE,White,NONE,White
467,0,-1,26.0,Driving,True,-45.26,16.546,0.0,-90.161,3.5,-47.01,16.55,-43.51,16.541,NONE,White,NONE,White
467,0,-2,27.0,Driving,True,-41.763,15.536,0.0,-90.161,3.5,-43.513,15.541,-40.013,15.531,NONE,White,NONE,White
467,0,-1,27.0,Driving,True,-45.263,15.546,0.0,-90.161,3.5,-47.013,15.55,-43.513,15.541,NONE,White,NONE,White
467,0,-2,28.0,Driving,True,-41.766,14.536,0.0,-90.161,3.5,-43.516,14.541,-40.016,14.531,NONE,White,NONE,White
467,0,-1,28.0,Driving,True,-45.266,14.546,0.0,-90.161,3.5,-47.016,14.55,-43.516,14.541,NONE,White,NONE,White
467,0,-2,29.0,Driving,True,-41.768,13.536,0.0,-90.161,3.5,-43.518,13.541,-40.018,13.531,NONE,White,NONE,White
467,0,-1,29.0,Driving,True,-45.268,13.546,0.0,-90.161,3.5,-47.018,13.55,-43.518,13.541,NONE,White,NONE,White
467,0,-2,30.0,Driving,True,-41.771,12.536,0.0,-90.161,3.5,-43.521,12.541,-40.021,12.531,NONE,White,NONE,White
467,0,-1,30.0,Driving,True,-45.271,12.546,0.0,-90.161,3.5,-47.021,12.55,-43.521,12.541,NONE,White,NONE,White
467,0,-2,31.0,Driving,True,-41.774,11.536,0.0,-90.161,3.5,-43.524,11.541,-40.024,11.531,NONE,White,NONE,White
467,0,-1,31.0,Driving,True,-45.274,11.546,0.0,-90.161,3.5,-47.024,11.55,-43.524,11.541,NONE,White,NONE,White
467,0,-2,32.0,Driving,True,-41.777,10.536,0.0,-90.161,3.5,-43.527,10.541,-40.027,10.531,NONE,White,NONE,White
467,0,-1,32.0,Driving,True,-45.277,10.546,0.0,-90.161,3.5,-47.027,10.55,-43.527,10.541,NONE,White,NONE,White
467,0,-2,33.0,Driving,True,-41.78,9.536,0.0,-90.161,3.5,-43.53,9.541,-40.03,9.531,NONE,White,NONE,White
467,0,-1,33.0,Driving,True,-45.28,9.546,0.0,-90.161,3.5,-47.03,9.55,-43.53,9.541,NONE,White,NONE,White
467,0,-2,34.0,Driving,True,-41.782,8.536,0.0,-90.161,3.5,-43.532,8.541,-40.032,8.531,NONE,White,NONE,White
467,0,-1,34.0,Driving,True,-45.282,8.546,0.0,-90.161,3.5,-47.032,8.55,-43.532,8.541,NONE,White,NONE,White
467,0,-2,35.0,Driving,True,-41.785,7.536,0.0,-90.161,3.5,-43.535,7.541,-40.035,7.531,NONE,White,NONE,White
467,0,-1,35.0,Driving,True,-45.285,7.546,0.0,-90.161,3.5,-47.035,7.55,-43.535,7.541,NONE,White,NONE,White
467,0,-2,36.0,Driving,True,-41.788,6.536,0.0,-90.161,3.5,-43.538,6.541,-40.038,6.531,NONE,White,NONE,White
467,0,-1,36.0,Driving,True,-45.288,6.546,0.0,-90.161,3.5,-47.038,6.55,-43.538,6.541,NONE,White,NONE,White
467,0,-2,37.0,Driving,True,-41.791,5.536,0.0,-90.161,3.5,-43.541,5.541,-40.041,5.531,NONE,White,NONE,White
467,0,-1,37.0,Driving,True,-45.291,5.546,0.0,-90.161,3.5,-47.041,5.55,-43.541,5.541,NONE,White,NONE,White
467,0,-2,38.0,Driving,True,-41.794,4.536,0.0,-90.161,3.5,-43.544,4.541,-40.044,4.531,NONE,White,NONE,White
467,0,-1,38.0,Driving,True,-45.294,4.546,0.0,-90.161,3.5,-47.044,4.551,-43.544,4.541,NONE,White,NONE,White
467,0,-2,39.0,Driving,True,-41.797,3.536,0.0,-90.161,3.5,-43.547,3.541,-40.047,3.531,NONE,White,NONE,White
467,0,-1,39.0,Driving,True,-45.297,3.546,0.0,-90.161,3.5,-47.047,3.551,-43.547,3.541,NONE,White,NONE,White
467,0,-2,40.0,Driving,True,-41.799,2.536,0.0,-90.161,3.5,-43.549,2.541,-40.049,2.531,NONE,White,NONE,White
467,0,-1,40.0,Driving,True,-45.299,2.546,0.0,-90.161,3.5,-47.049,2.551,-43.549,2.541,NONE,White,NONE,White
467,0,-2,41.0,Driving,True,-41.802,1.536,0.0,-90.161,3.5,-43.552,1.541,-40.052,1.531,Broken,White,Solid,White
467,0,-1,41.0,Driving,True,-45.302,1.546,0.0,-90.161,3.5,-47.052,1.551,-43.552,1.541,SolidSolid,Yellow,Broken,White
467,0,-2,42.0,Driving,True,-41.805,0.536,0.0,-90.161,3.5,-43.555,0.541,-40.055,0.531,Broken,White,Solid,White
467,0,-1,42.0,Driving,True,-45.305,0.546,0.0,-90.161,3.5,-47.055,0.551,-43.555,0.541,SolidSolid,Yellow,Broken,White
467,0,-2,43.0,Driving,True,-41.808,-0.464,0.0,-90.161,3.5,-43.558,-0.459,-40.058,-0.469,Broken,White,Solid,White
467,0,-1,43.0,Driving,True,-45.308,-0.454,0.0,-90.161,3.5,-47.058,-0.449,-43.558,-0.459,SolidSolid,Yellow,Broken,White
467,0,-2,44.0,Driving,True,-41.811,-1.464,0.0,-90.161,3.5,-43.561,-1.459,-40.061,-1.469,Broken,White,Solid,White
467,0,-1,44.0,Driving,True,-45.311,-1.454,0.0,-90.161,3.5,-47.061,-1.449,-43.561,-1.459,SolidSolid,Yellow,Broken,White
286,0,1,0.0,Driving,True,-66.794,12.998,0.0,180.159,3.5,-66.799,14.748,-66.789,11.248,Broken,White,Solid,White
286,0,1,1.0,Driving,True,-65.794,13.001,0.0,180.159,3.5,-65.799,14.751,-65.789,11.251,Broken,White,Solid,White
286,0,1,2.0,Driving,True,-64.794,13.004,0.0,-179.841,3.5,-64.799,14.754,-64.789,11.254,NONE,White,NONE,White
286,0,1,3.0,Driving,True,-63.818,13.006,0.0,-180.618,3.5,-63.799,14.756,-63.837,11.256,NONE,White,NONE,White
286,0,1,4.0,Driving,True,-62.952,12.963,0.0,-184.986,3.5,-62.8,14.707,-63.105,11.22,NONE,White,NONE,White
286,0,1,5.0,Driving,True,-62.093,12.855,0.0,-189.354,3.5,-61.808,14.582,-62.377,11.128,NONE,White,NONE,White
286,0,1,6.0,Driving,True,-61.244,12.682,0.0,-193.722,3.5,-60.829,14.382,-61.659,10.982,NONE,White,NONE,White
286,0,1,7.0,Driving,True,-60.411,12.444,0.0,-198.091,3.5,-59.867,14.108,-60.954,10.781,NONE,White,NONE,White
286,0,1,8.0,Driving,True,-59.598,12.144,0.0,-202.459,3.5,-58.93,13.761,-60.267,10.527,NONE,White,NONE,White
286,0,1,9.0,Driving,True,-58.811,11.783,0.0,-206.827,3.5,-58.021,13.345,-59.6,10.221,NONE,White,NONE,White
286,0,1,10.0,Driving,True,-58.053,11.363,0.0,-211.195,3.5,-57.147,12.86,-58.959,9.866,NONE,White,NONE,White
286,0,1,11.0,Driving,True,-57.33,10.886,0.0,-215.563,3.5,-56.312,12.31,-58.347,9.463,NONE,White,NONE,White
286,0,1,12.0,Driving,True,-56.644,10.356,0.0,-219.932,3.5,-55.521,11.698,-57.768,9.014,NONE,White,NONE,White
286,0,1,13.0,Driving,True,-56.002,9.775,0.0,-224.3,3.5,-54.78,11.027,-57.224,8.522,NONE,White,NONE,White
286,0,1,14.0,Driving,True,-55.402,9.143,0.0,131.485,3.5,-54.091,10.303,-56.713,7.984,NONE,White,NONE,White
286,0,1,15.0,Driving,True,-54.845,8.467,0.0,127.421,3.5,-53.455,9.531,-56.235,7.404,NONE,White,NONE,White
286,0,1,16.0,Driving,True,-54.338,7.753,0.0,123.357,3.5,-52.876,8.716,-55.8,6.791,NONE,White,NONE,White
286,0,1,17.0,Driving,True,-53.883,7.005,0.0,119.293,3.5,-52.357,7.862,-55.409,6.149,NONE,White,NONE,White
286,0,1,18.0,Driving,True,-53.482,6.227,0.0,115.229,3.5,-51.899,6.973,-55.065,5.481,NONE,White,NONE,White
286,0,1,19.0,Driving,True,-53.137,5.422,0.0,111.165,3.5,-51.505,6.054,-54.769,4.79,NONE,White,NONE,White
286,0,1,20.0,Driving,True,-52.85,4.595,0.0,107.101,3.5,-51.177,5.109,-54.522,4.08,NONE,White,NONE,White
286,0,1,21.0,Driving,True,-52.622,3.749,0.0,103.037,3.5,-50.917,4.144,-54.327,3.354,NONE,White,NONE,White
286,0,1,22.0,Driving,True,-52.455,2.89,0.0,98.973,3.5,-50.726,3.162,-54.184,2.617,NONE,White,NONE,White
286,0,1,23.0,Driving,True,-52.349,2.02,0.0,94.909,3.5,-50.606,2.17,-54.093,1.87,NONE,White,NONE,White
286,0,1,24.0,Driving,True,-52.305,1.146,0.0,90.844,3.5,-50.555,1.171,-54.055,1.12,NONE,White,NONE,White
286,0,1,25.0,Driving,True,-52.306,0.176,0.0,89.839,3.5,-50.556,0.171,-54.056,0.181,NONE,White,NONE,White
286,0,1,26.0,Driving,True,-52.309,-0.824,0.0,89.839,3.5,-50.559,-0.829,-54.059,-0.819,NONE,White,NONE,White
712,0,1,0.0,Driving,True,98.801,82.891,0.0,90.391,3.5,100.551,82.903,97.051,82.879,Broken,White,Solid,White
712,0,1,1.0,Driving,True,98.807,81.89,0.0,90.391,3.5,100.557,81.902,97.058,81.878,NONE,White,NONE,White
712,0,1,2.0,Driving,True,98.814,80.89,0.0,90.391,3.5,100.564,80.902,97.064,80.878,NONE,White,NONE,White
712,0,1,3.0,Driving,True,98.821,79.89,0.0,90.391,3.5,100.571,79.902,97.071,79.878,NONE,White,NONE,White
712,0,1,4.0,Driving,True,98.828,78.89,0.0,90.391,3.5,100.578,78.902,97.078,78.878,NONE,White,NONE,White
712,0,1,5.0,Driving,True,98.814,78.01,0.0,86.471,3.5,100.561,77.902,97.067,78.118,NONE,White,NONE,White
712,0,1,6.0,Driving,True,98.723,77.186,0.0,80.898,3.5,100.451,76.909,96.995,77.463,NONE,White,NONE,White
712,0,1,7.0,Driving,True,98.552,76.374,0.0,75.326,3.5,100.245,75.931,96.859,76.817,NONE,White,NONE,White
712,0,1,8.0,Driving,True,98.303,75.583,0.0,69.753,3.5,99.945,74.977,96.661,76.188,NONE,White,NONE,White
712,0,1,9.0,Driving,True,97.978,74.82,0.0,64.18,3.5,99.554,74.057,96.403,75.582,NONE,White,NONE,White
712,0,1,10.0,Driving,True,97.581,74.091,0.0,58.607,3.5,99.075,73.18,96.087,75.003,NONE,White,NONE,White
712,0,1,11.0,Driving,True,97.115,73.405,0.0,53.034,3.5,98.514,72.353,95.717,74.457,NONE,White,NONE,White
712,0,1,12.0,Driving,True,96.585,72.767,0.0,47.462,3.5,97.874,71.584,95.295,73.951,NONE,White,NONE,White
712,0,1,13.0,Driving,True,95.993,72.182,0.0,41.998,3.5,97.164,70.881,94.822,73.482,NONE,White,NONE,White
712,0,1,14.0,Driving,True,95.345,71.651,0.0,36.681,3.5,96.391,70.247,94.3,73.054,NONE,White,NONE,White
712,0,1,15.0,Driving,True,94.651,71.182,0.0,31.364,3.5,95.562,69.688,93.741,72.677,NONE,White,NONE,White
712,0,1,16.0,Driving,True,93.917,70.78,0.0,26.047,3.5,94.685,69.208,93.149,72.353,NONE,White,NONE,White
712,0,1,17.0,Driving,True,93.148,70.448,0.0,20.729,3.5,93.768,68.811,92.529,72.085,NONE,White,NONE,White
712,0,1,18.0,Driving,True,92.352,70.188,0.0,15.412,3.5,92.818,68.501,91.887,71.875,NONE,White,NONE,White
712,0,1,19.0,Driving,True,91.536,70.003,0.0,10.095,3.5,91.843,68.28,91.229,71.726,NONE,White,NONE,White
712,0,1,20.0,Driving,True,90.706,69.895,0.0,4.778,3.5,90.851,68.151,90.56,71.639,NONE,White,NONE,White
712,0,1,21.0,Driving,True,89.85,69.863,0.0,0.073,3.5,89.852,68.113,89.848,71.613,NONE,White,NONE,White
712,0,1,22.0,Driving,True,88.85,69.862,0.0,0.073,3.5,88.852,68.112,88.848,71.612,NONE,White,NONE,White
712,0,1,23.0,Driving,True,87.85,69.861,0.0,0.073,3.5,87.852,68.111,87.848,71.611,NONE,White,NONE,White
712,0,1,24.0,Driving,True,86.85,69.86,0.0,0.073,3.5,86.852,68.11,86.848,71.61,SolidSolid,Yellow,Solid,White
338,0,1,0.0,Driving,True,-48.687,42.555,0.0,-270.161,3.5,-46.937,42.55,-50.437,42.56,SolidSolid,Yellow,Broken,White
338,0,1,1.0,Driving,True,-48.69,41.555,0.0,89.839,3.5,-46.94,41.55,-50.44,41.56,NONE,White,NONE,White
338,0,1,2.0,Driving,True,-48.692,40.555,0.0,89.839,3.5,-46.942,40.55,-50.442,40.56,NONE,White,NONE,White
338,0,1,3.0,Driving,True,-48.695,39.555,0.0,89.839,3.5,-46.945,39.55,-50.445,39.56,NONE,White,NONE,White
338,0,1,4.0,Driving,True,-48.698,38.555,0.0,89.839,3.5,-46.948,38.55,-50.448,38.56,NONE,White,NONE,White
338,0,1,5.0,Driving,True,-48.701,37.555,0.0,89.839,3.5,-46.951,37.55,-50.451,37.56,NONE,White,NONE,White
338,0,1,6.0,Driving,True,-48.704,36.555,0.0,89.839,3.5,-46.954,36.55,-50.454,36.56,NONE,White,NONE,White
338,0,1,7.0,Driving,True,-48.703,35.524,0.0,90.849,3.5,-46.953,35.55,-50.453,35.498,NONE,White,NONE,White
338,0,1,8.0,Driving,True,-48.66,34.438,0.0,93.695,3.5,-46.914,34.551,-50.406,34.326,NONE,White,NONE,White
338,0,1,9.0,Driving,True,-48.563,33.356,0.0,96.542,3.5,-46.824,33.555,-50.302,33.156,NONE,White,NONE,White
338,0,1,10.0,Driving,True,-48.412,32.279,0.0,99.389,3.5,-46.686,32.565,-50.139,31.994,NONE,White,NONE,White
338,0,1,11.0,Driving,True,-48.209,31.212,0.0,102.236,3.5,-46.498,31.583,-49.919,30.841,NONE,White,NONE,White
338,0,1,12.0,Driving,True,-47.952,30.156,0.0,105.083,3.5,-46.262,30.611,-49.642,29.7,NONE,White,NONE,White
338,0,1,13.0,Driving,True,-47.643,29.114,0.0,107.93,3.5,-45.978,29.653,-49.308,28.575,NONE,White,NONE,White
338,0,1,14.0,Driving,True,-47.283,28.088,0.0,110.777,3.5,-45.647,28.709,-48.919,27.468,NONE,White,NONE,White
338,0,1,15.0,Driving,True,-46.872,27.082,0.0,113.624,3.5,-45.269,27.783,-48.476,26.381,NONE,White,NONE,White
338,0,1,16.0,Driving,True,-46.412,26.097,0.0,116.471,3.5,-44.846,26.877,-47.979,25.317,NONE,White,NONE,White
338,0,1,17.0,Driving,True,-45.904,25.137,0.0,119.318,3.5,-44.378,25.994,-47.43,24.28,NONE,White,NONE,White
338,0,1,18.0,Driving,True,-45.348,24.203,0.0,122.165,3.5,-43.867,25.134,-46.83,23.271,NONE,White,NONE,White
338,0,1,19.0,Driving,True,-44.747,23.297,0.0,125.012,3.5,-43.314,24.301,-46.18,22.293,NONE,White,NONE,White
338,0,1,20.0,Driving,True,-44.093,22.414,0.0,128.267,3.5,-42.719,23.498,-45.467,21.33,NONE,White,NONE,White
338,0,1,21.0,Driving,True,-43.361,21.554,0.0,132.5,3.5,-42.071,22.736,-44.652,20.371,NONE,White,NONE,White
338,0,1,22.0,Driving,True,-42.568,20.75,0.0,136.733,3.5,-41.369,22.024,-43.768,19.476,NONE,White,NONE,White
338,0,1,23.0,Driving,True,-41.718,20.007,0.0,140.966,3.5,-40.616,21.366,-42.82,18.648,NONE,White,NONE,White
338,0,1,24.0,Driving,True,-40.816,19.329,0.0,145.199,3.5,-39.817,20.766,-41.814,17.892,NONE,White,NONE,White
338,0,1,25.0,Driving,True,-39.865,18.719,0.0,149.431,3.5,-38.975,20.226,-40.755,17.212,NONE,White,NONE,White
338,0,1,26.0,Driving,True,-38.873,18.181,0.0,153.664,3.5,-38.096,19.75,-39.649,16.613,NONE,White,NONE,White
338,0,1,27.0,Driving,True,-37.843,17.718,0.0,157.897,3.5,-37.185,19.34,-38.501,16.097,NONE,White,NONE,White
338,0,1,28.0,Driving,True,-36.782,17.332,0.0,162.13,3.5,-36.245,18.998,-37.319,15.667,NONE,White,NONE,White
338,0,1,29.0,Driving,True,-35.695,17.026,0.0,166.363,3.5,-35.283,18.726,-36.108,15.325,NONE,White,NONE,White
338,0,1,30.0,Driving,True,-34.589,16.8,0.0,170.596,3.5,-34.303,18.527,-34.875,15.074,NONE,White,NONE,White
338,0,1,31.0,Driving,True,-33.469,16.657,0.0,174.829,3.5,-33.311,18.4,-33.627,14.914,NONE,White,NONE,White
338,0,1,32.0,Driving,True,-32.342,16.597,0.0,179.062,3.5,-32.313,18.347,-32.37,14.847,NONE,White,NONE,White
338,0,1,33.0,Driving,True,-31.308,16.597,0.0,-179.841,3.5,-31.313,18.347,-31.303,14.847,NONE,White,NONE,White
338,0,1,34.0,Driving,True,-30.308,16.6,0.0,-179.841,3.5,-30.313,18.35,-30.303,14.85,NONE,White,NONE,White
338,0,1,35.0,Driving,True,-29.308,16.603,0.0,-179.841,3.5,-29.313,18.353,-29.303,14.853,NONE,White,NONE,White
763,0,-1,0.0,Driving,True,-103.733,43.939,0.0,-89.358,3.5,-105.483,43.919,-101.984,43.958,Broken,White,Solid,White
763,0,-1,1.0,Driving,True,-103.722,42.939,0.0,-89.358,3.5,-105.472,42.919,-101.972,42.958,NONE,White,NONE,White
763,0,-1,2.0,Driving,True,-103.711,41.939,0.0,-89.358,3.5,-105.461,41.919,-101.961,41.958,NONE,White,NONE,White
763,0,-1,3.0,Driving,True,-103.689,41.011,0.0,-86.992,3.5,-105.436,40.919,-101.941,41.103,NONE,White,NONE,White
763,0,-1,4.0,Driving,True,-103.614,40.124,0.0,-83.398,3.5,-105.352,39.923,-101.876,40.325,NONE,White,NONE,White
763,0,-1,5.0,Driving,True,-103.484,39.244,0.0,-79.804,3.5,-105.206,38.934,-101.762,39.554,NONE,White,NONE,White
763,0,-1,6.0,Driving,True,-103.299,38.373,0.0,-76.21,3.5,-104.999,37.956,-101.599,38.79,NONE,White,NONE,White
763,0,-1,7.0,Driving,True,-103.06,37.516,0.0,-72.615,3.5,-104.73,36.993,-101.39,38.039,NONE,White,NONE,White
763,0,-1,8.0,Driving,True,-102.767,36.675,0.0,-69.021,3.5,-104.401,36.049,-101.133,37.302,NONE,White,NONE,White
763,0,-1,9.0,Driving,True,-102.423,35.854,0.0,-65.427,3.5,-104.014,35.127,-100.831,36.582,NONE,White,NONE,White
763,0,-1,10.0,Driving,True,-102.027,35.057,0.0,-61.833,3.5,-103.57,34.231,-100.485,35.883,NONE,White,NONE,White
763,0,-1,11.0,Driving,True,-101.583,34.286,0.0,-58.238,3.5,-103.071,33.365,-100.095,35.207,NONE,White,NONE,White
763,0,-1,12.0,Driving,True,-101.091,33.544,0.0,-54.644,3.5,-102.518,32.531,-99.664,34.557,NONE,White,NONE,White
763,0,-1,13.0,Driving,True,-100.553,32.835,0.0,-51.05,3.5,-101.914,31.735,-99.192,33.935,NONE,White,NONE,White
763,0,-1,14.0,Driving,True,-99.972,32.16,0.0,-47.456,3.5,-101.262,30.977,-98.683,33.344,NONE,White,NONE,White
763,0,-1,15.0,Driving,True,-99.354,31.529,0.0,-43.674,3.5,-100.562,30.263,-98.145,32.794,NONE,White,NONE,White
763,0,-1,16.0,Driving,True,-98.696,30.942,0.0,-39.788,3.5,-99.816,29.597,-97.576,32.287,NONE,White,NONE,White
763,0,-1,17.0,Driving,True,-98.0,30.401,0.0,-35.902,3.5,-99.026,28.984,-96.974,31.819,NONE,White,NONE,White
763,0,-1,18.0,Driving,True,-97.269,29.909,0.0,-32.015,3.5,-98.197,28.425,-96.342,31.393,NONE,White,NONE,White
763,0,-1,19.0,Driving,True,-96.507,29.468,0.0,-28.129,3.5,-97.332,27.924,-95.682,31.011,NONE,White,NONE,White
763,0,-1,20.0,Driving,True,-95.716,29.079,0.0,-24.243,3.5,-96.435,27.483,-94.998,30.675,NONE,White,NONE,White
763,0,-1,21.0,Driving,True,-94.901,28.745,0.0,-20.357,3.5,-95.51,27.104,-94.292,30.385,NONE,White,NONE,White
763,0,-1,22.0,Driving,True,-94.065,28.466,0.0,-16.471,3.5,-94.561,26.788,-93.569,30.144,NONE,White,NONE,White
763,0,-1,23.0,Driving,True,-93.212,28.245,0.0,-12.585,3.5,-93.593,26.537,-92.831,29.953,NONE,White,NONE,White
763,0,-1,24.0,Driving,True,-92.346,28.082,0.0,-8.699,3.5,-92.611,26.353,-92.081,29.812,NONE,White,NONE,White
763,0,-1,25.0,Driving,True,-91.471,27.979,0.0,-4.813,3.5,-91.618,26.235,-91.324,29.723,NONE,White,NONE,White
763,0,-1,26.0,Driving,True,-90.591,27.935,0.0,-0.926,3.5,-90.619,26.185,-90.563,29.684,NONE,White,NONE,White
763,0,-1,27.0,Driving,True,-89.624,27.935,0.0,0.159,3.5,-89.619,26.185,-89.629,29.685,Broken,White,Solid,White
255,0,-2,0.0,Driving,True,-66.836,27.998,0.0,0.159,3.5,-66.831,26.248,-66.841,29.748,Broken,White,Solid,White
255,0,-1,0.0,Driving,True,-66.826,24.498,0.0,0.159,3.5,-66.821,22.748,-66.831,26.248,Solid,Yellow,Broken,White
255,0,-2,1.0,Driving,True,-65.836,28.001,0.0,0.159,3.5,-65.831,26.251,-65.841,29.751,NONE,White,Solid,White
255,0,-1,1.0,Driving,True,-65.826,24.501,0.0,0.159,3.5,-65.821,22.751,-65.831,26.251,Solid,Yellow,NONE,White
255,0,-2,2.0,Driving,True,-64.836,28.004,0.0,0.159,3.5,-64.831,26.254,-64.841,29.754,NONE,White,Solid,White
255,0,-1,2.0,Driving,True,-64.826,24.504,0.0,0.159,3.5,-64.821,22.754,-64.831,26.254,Solid,Yellow,NONE,White
255,0,-2,3.0,Driving,True,-63.836,28.007,0.0,0.159,3.5,-63.831,26.257,-63.841,29.757,NONE,White,Solid,White
255,0,-1,3.0,Driving,True,-63.826,24.507,0.0,0.159,3.5,-63.821,22.757,-63.831,26.257,Solid,Yellow,NONE,White
255,0,-2,4.0,Driving,True,-62.836,28.009,0.0,0.159,3.5,-62.831,26.259,-62.841,29.759,NONE,White,NONE,White
255,0,-1,4.0,Driving,True,-62.826,24.509,0.0,0.159,3.5,-62.821,22.759,-62.831,26.259,Solid,Yellow,NONE,White
255,0,-2,5.0,Driving,True,-61.836,28.012,0.0,0.159,3.5,-61.831,26.262,-61.841,29.762,NONE,White,NONE,White
255,0,-1,5.0,Driving,True,-61.826,24.512,0.0,0.159,3.5,-61.821,22.762,-61.831,26.262,Solid,Yellow,NONE,White
255,0,-2,6.0,Driving,True,-60.836,28.015,0.0,0.159,3.5,-60.831,26.265,-60.841,29.765,NONE,White,NONE,White
255,0,-1,6.0,Driving,True,-60.826,24.515,0.0,0.159,3.5,-60.821,22.765,-60.831,26.265,NONE,White,NONE,White
255,0,-2,7.0,Driving,True,-59.836,28.018,0.0,0.159,3.5,-59.831,26.268,-59.841,29.768,NONE,White,NONE,White
255,0,-1,7.0,Driving,True,-59.826,24.518,0.0,0.159,3.5,-59.821,22.768,-59.831,26.268,NONE,White,NONE,White
255,0,-2,8.0,Driving,True,-58.836,28.021,0.0,0.159,3.5,-58.831,26.271,-58.841,29.771,NONE,White,NONE,White
255,0,-1,8.0,Driving,True,-58.826,24.521,0.0,0.159,3.5,-58.821,22.771,-58.831,26.271,NONE,White,NONE,White
255,0,-2,9.0,Driving,True,-57.836,28.023,0.0,0.159,3.5,-57.831,26.273,-57.841,29.773,NONE,White,NONE,White
255,0,-1,9.0,Driving,True,-57.826,24.523,0.0,0.159,3.5,-57.821,22.773,-57.831,26.273,NONE,White,NONE,White
255,0,-2,10.0,Driving,True,-56.836,28.026,0.0,0.159,3.5,-56.831,26.276,-56.841,29.776,NONE,White,NONE,White
255,0,-1,10.0,Driving,True,-56.826,24.526,0.0,0.159,3.5,-56.821,22.776,-56.831,26.276,NONE,White,NONE,White
255,0,-2,11.0,Driving,True,-55.836,28.029,0.0,0.159,3.5,-55.831,26.279,-55.841,29.779,NONE,White,NONE,White
255,0,-1,11.0,Driving,True,-55.826,24.529,0.0,0.159,3.5,-55.821,22.779,-55.831,26.279,NONE,White,NONE,White
255,0,-2,12.0,Driving,True,-54.836,28.032,0.0,0.159,3.5,-54.831,26.282,-54.841,29.782,NONE,White,NONE,White
255,0,-1,12.0,Driving,True,-54.826,24.532,0.0,0.159,3.5,-54.821,22.782,-54.831,26.282,NONE,White,NONE,White
255,0,-2,13.0,Driving,True,-53.836,28.034,0.0,0.159,3.5,-53.831,26.284,-53.841,29.784,NONE,White,NONE,White
255,0,-1,13.0,Driving,True,-53.826,24.534,0.0,0.159,3.5,-53.821,22.784,-53.831,26.284,NONE,White,NONE,White
255,0,-2,14.0,Driving,True,-52.836,28.037,0.0,0.159,3.5,-52.831,26.287,-52.841,29.787,NONE,White,NONE,White
255,0,-1,14.0,Driving,True,-52.826,24.537,0.0,0.159,3.5,-52.821,22.787,-52.831,26.287,NONE,White,NONE,White
255,0,-2,15.0,Driving,True,-51.836,28.04,0.0,0.159,3.5,-51.831,26.29,-51.841,29.79,NONE,White,NONE,White
255,0,-1,15.0,Driving,True,-51.826,24.54,0.0,0.159,3.5,-51.821,22.79,-51.831,26.29,NONE,White,NONE,White
255,0,-2,16.0,Driving,True,-50.836,28.043,0.0,0.159,3.5,-50.831,26.293,-50.841,29.793,NONE,White,NONE,White
255,0,-1,16.0,Driving,True,-50.826,24.543,0.0,0.159,3.5,-50.821,22.793,-50.831,26.293,NONE,White,NONE,White
255,0,-2,17.0,Driving,True,-49.836,28.046,0.0,0.159,3.5,-49.831,26.296,-49.841,29.796,NONE,White,NONE,White
255,0,-1,17.0,Driving,True,-49.826,24.546,0.0,0.159,3.5,-49.821,22.796,-49.831,26.296,NONE,White,NONE,White
255,0,-2,18.0,Driving,True,-48.836,28.048,0.0,0.159,3.5,-48.831,26.298,-48.841,29.798,NONE,White,NONE,White
255,0,-1,18.0,Driving,True,-48.826,24.548,0.0,0.159,3.5,-48.821,22.798,-48.831,26.298,NONE,White,NONE,White
255,0,-2,19.0,Driving,True,-47.836,28.051,0.0,0.159,3.5,-47.831,26.301,-47.841,29.801,NONE,White,NONE,White
255,0,-1,19.0,Driving,True,-47.826,24.551,0.0,0.159,3.5,-47.821,22.801,-47.831,26.301,NONE,White,NONE,White
255,0,-2,20.0,Driving,True,-46.836,28.054,0.0,0.159,3.5,-46.831,26.304,-46.841,29.804,NONE,White,NONE,White
255,0,-1,20.0,Driving,True,-46.826,24.554,0.0,0.159,3.5,-46.821,22.804,-46.831,26.304,NONE,White,NONE,White
255,0,-2,21.0,Driving,True,-45.836,28.057,0.0,0.159,3.5,-45.831,26.307,-45.841,29.807,NONE,White,NONE,White
255,0,-1,21.0,Driving,True,-45.826,24.557,0.0,0.159,3.5,-45.821,22.807,-45.831,26.307,NONE,White,NONE,White
255,0,-2,22.0,Driving,True,-44.836,28.059,0.0,0.159,3.5,-44.831,26.309,-44.841,29.809,NONE,White,NONE,White
255,0,-1,22.0,Driving,True,-44.826,24.559,0.0,0.159,3.5,-44.821,22.809,-44.831,26.309,NONE,White,NONE,White
255,0,-2,23.0,Driving,True,-43.836,28.062,0.0,0.159,3.5,-43.831,26.312,-43.841,29.812,NONE,White,NONE,White
255,0,-1,23.0,Driving,True,-43.826,24.562,0.0,0.159,3.5,-43.821,22.812,-43.831,26.312,NONE,White,NONE,White
255,0,-2,24.0,Driving,True,-42.836,28.065,0.0,0.159,3.5,-42.831,26.315,-42.841,29.815,NONE,White,NONE,White
255,0,-1,24.0,Driving,True,-42.826,24.565,0.0,0.159,3.5,-42.821,22.815,-42.831,26.315,NONE,White,NONE,White
255,0,-2,25.0,Driving,True,-41.836,28.068,0.0,0.159,3.5,-41.831,26.318,-41.841,29.818,NONE,White,NONE,White
255,0,-1,25.0,Driving,True,-41.826,24.568,0.0,0.159,3.5,-41.821,22.818,-41.831,26.318,NONE,White,NONE,White
255,0,-2,26.0,Driving,True,-40.836,28.071,0.0,0.159,3.5,-40.831,26.321,-40.841,29.821,NONE,White,NONE,White
255,0,-1,26.0,Driving,True,-40.826,24.571,0.0,0.159,3.5,-40.821,22.821,-40.831,26.321,NONE,White,NONE,White
255,0,-2,27.0,Driving,True,-39.836,28.073,0.0,0.159,3.5,-39.831,26.323,-39.841,29.823,NONE,White,NONE,White
255,0,-1,27.0,Driving,True,-39.826,24.573,0.0,0.159,3.5,-39.821,22.823,-39.831,26.323,NONE,White,NONE,White
255,0,-2,28.0,Driving,True,-38.836,28.076,0.0,0.159,3.5,-38.831,26.326,-38.841,29.826,NONE,White,NONE,White
255,0,-1,28.0,Driving,True,-38.826,24.576,0.0,0.159,3.5,-38.821,22.826,-38.831,26.326,NONE,White,NONE,White
255,0,-2,29.0,Driving,True,-37.836,28.079,0.0,0.159,3.5,-37.831,26.329,-37.841,29.829,NONE,White,NONE,White
255,0,-1,29.0,Driving,True,-37.826,24.579,0.0,0.159,3.5,-37.821,22.829,-37.831,26.329,NONE,White,NONE,White
255,0,-2,30.0,Driving,True,-36.836,28.082,0.0,0.159,3.5,-36.831,26.332,-36.841,29.832,NONE,White,NONE,White
255,0,-1,30.0,Driving,True,-36.826,24.582,0.0,0.159,3.5,-36.821,22.832,-36.831,26.332,NONE,White,NONE,White
255,0,-2,31.0,Driving,True,-35.836,28.084,0.0,0.159,3.5,-35.831,26.334,-35.841,29.834,NONE,White,NONE,White
255,0,-1,31.0,Driving,True,-35.826,24.584,0.0,0.159,3.5,-35.821,22.834,-35.831,26.334,NONE,White,NONE,White
255,0,-2,32.0,Driving,True,-34.836,28.087,0.0,0.159,3.5,-34.831,26.337,-34.841,29.837,NONE,White,NONE,White
255,0,-1,32.0,Driving,True,-34.826,24.587,0.0,0.159,3.5,-34.821,22.837,-34.831,26.337,NONE,White,NONE,White
255,0,-2,33.0,Driving,True,-33.836,28.09,0.0,0.159,3.5,-33.831,26.34,-33.841,29.84,NONE,White,NONE,White
255,0,-1,33.0,Driving,True,-33.826,24.59,0.0,0.159,3.5,-33.821,22.84,-33.831,26.34,NONE,White,NONE,White
255,0,-2,34.0,Driving,True,-32.836,28.093,0.0,0.159,3.5,-32.831,26.343,-32.841,29.843,NONE,White,NONE,White
255,0,-1,34.0,Driving,True,-32.826,24.593,0.0,0.159,3.5,-32.821,22.843,-32.831,26.343,NONE,White,NONE,White
255,0,-2,35.0,Driving,True,-31.836,28.096,0.0,0.159,3.5,-31.831,26.346,-31.841,29.846,NONE,White,NONE,White
255,0,-1,35.0,Driving,True,-31.826,24.596,0.0,0.159,3.5,-31.821,22.846,-31.831,26.346,NONE,White,NONE,White
255,0,-2,36.0,Driving,True,-30.836,28.098,0.0,0.159,3.5,-30.831,26.348,-30.841,29.848,Broken,White,Solid,White
255,0,-1,36.0,Driving,True,-30.826,24.598,0.0,0.159,3.5,-30.821,22.848,-30.831,26.348,Solid,Yellow,Broken,White
255,0,-2,37.0,Driving,True,-29.836,28.101,0.0,0.159,3.5,-29.831,26.351,-29.841,29.851,Broken,White,Solid,White
255,0,-1,37.0,Driving,True,-29.826,24.601,0.0,0.159,3.5,-29.821,22.851,-29.831,26.351,Solid,Yellow,Broken,White
255,0,-2,38.0,Driving,True,-28.836,28.104,0.0,0.159,3.5,-28.831,26.354,-28.841,29.854,Broken,White,Solid,White
255,0,-1,38.0,Driving,True,-28.826,24.604,0.0,0.159,3.5,-28.821,22.854,-28.831,26.354,Solid,Yellow,Broken,White
1,0,-2,0.0,Driving,False,19.331,140.96,0.0,0.32,3.5,19.34,139.21,19.321,142.71,Broken,White,Solid,White
1,0,-1,0.0,Driving,False,19.35,137.46,0.0,0.32,3.5,19.36,135.71,19.34,139.21,SolidSolid,Yellow,Broken,White
1,0,1,0.0,Driving,False,19.37,133.96,0.0,180.32,3.5,19.36,135.71,19.38,132.21,SolidSolid,Yellow,Broken,White
1,0,2,0.0,Driving,False,19.389,130.46,0.0,180.32,3.5,19.38,132.21,19.399,128.71,Broken,White,Solid,White
1,0,-2,1.0,Driving,False,20.331,140.966,0.0,0.32,3.5,20.34,139.216,20.321,142.715,Broken,White,Solid,White
1,0,-1,1.0,Driving,False,20.35,137.466,0.0,0.32,3.5,20.36,135.716,20.34,139.216,SolidSolid,Yellow,Broken,White
1,0,1,1.0,Driving,False,20.37,133.966,0.0,180.32,3.5,20.36,135.716,20.38,132.216,SolidSolid,Yellow,Broken,White
1,0,2,1.0,Driving,False,20.389,130.466,0.0,180.32,3.5,20.38,132.216,20.399,128.716,Broken,White,Solid,White
1,0,-2,2.0,Driving,False,21.331,140.971,0.0,0.32,3.5,21.34,139.221,21.321,142.721,Broken,White,Solid,White
1,0,-1,2.0,Driving,False,21.35,137.471,0.0,0.32,3.5,21.36,135.721,21.34,139.221,SolidSolid,Yellow,Broken,White
1,0,1,2.0,Driving,False,21.37,133.971,0.0,180.32,3.5,21.36,135.721,21.38,132.221,SolidSolid,Yellow,Broken,White
1,0,2,2.0,Driving,False,21.389,130.471,0.0,180.32,3.5,21.38,132.221,21.399,128.721,Broken,White,Solid,White
1,0,-2,3.0,Driving,False,22.331,140.977,0.0,0.32,3.5,22.34,139.227,22.321,142.727,Broken,White,Solid,White
1,0,-1,3.0,Driving,False,22.35,137.477,0.0,0.32,3.5,22.36,135.727,22.34,139.227,SolidSolid,Yellow,Broken,White
1,0,1,3.0,Driving,False,22.37,133.977,0.0,180.32,3.5,22.36,135.727,22.38,132.227,SolidSolid,Yellow,Broken,White
1,0,2,3.0,Driving,False,22.389,130.477,0.0,180.32,3.5,22.38,132.227,22.399,128.727,Broken,White,Solid,White
1,0,-2,4.0,Driving,False,23.331,140.982,0.0,0.32,3.5,23.34,139.232,23.321,142.732,Broken,White,Solid,White
1,0,-1,4.0,Driving,False,23.35,137.482,0.0,0.32,3.5,23.36,135.732,23.34,139.232,SolidSolid,Yellow,Broken,White
1,0,1,4.0,Driving,False,23.37,133.982,0.0,180.32,3.5,23.36,135.732,23.38,132.232,SolidSolid,Yellow,Broken,White
1,0,2,4.0,Driving,False,23.389,130.482,0.0,180.32,3.5,23.38,132.232,23.399,128.732,Broken,White,Solid,White
1,0,-2,5.0,Driving,False,24.331,140.988,0.0,0.32,3.5,24.34,139.238,24.321,142.738,Broken,White,Solid,White
1,0,-1,5.0,Driving,False,24.35,137.488,0.0,0.32,3.5,24.36,135.738,24.34,139.238,SolidSolid,Yellow,Broken,White
1,0,1,5.0,Driving,False,24.37,133.988,0.0,180.32,3.5,24.36,135.738,24.379,132.238,SolidSolid,Yellow,Broken,White
1,0,2,5.0,Driving,False,24.389,130.488,0.0,180.32,3.5,24.379,132.238,24.399,128.738,Broken,White,Solid,White
1,0,-2,6.0,Driving,False,25.331,140.993,0.0,0.32,3.5,25.34,139.243,25.321,142.743,Broken,White,Solid,White
1,0,-1,6.0,Driving,False,25.35,137.494,0.0,0.32,3.5,25.36,135.744,25.34,139.243,SolidSolid,Yellow,Broken,White
1,0,1,6.0,Driving,False,25.37,133.994,0.0,180.32,3.5,25.36,135.744,25.379,132.244,SolidSolid,Yellow,Broken,White
1,0,2,6.0,Driving,False,25.389,130.494,0.0,180.32,3.5,25.379,132.244,25.399,128.744,Broken,White,Solid,White
1,0,-2,7.0,Driving,False,26.331,140.999,0.0,0.32,3.5,26.34,139.249,26.321,142.749,Broken,White,Solid,White
1,0,-1,7.0,Driving,False,26.35,137.499,0.0,0.32,3.5,26.36,135.749,26.34,139.249,SolidSolid,Yellow,Broken,White
1,0,1,7.0,Driving,False,26.37,133.999,0.0,180.32,3.5,26.36,135.749,26.379,132.249,SolidSolid,Yellow,Broken,White
1,0,2,7.0,Driving,False,26.389,130.499,0.0,180.32,3.5,26.379,132.249,26.399,128.749,Broken,White,Solid,White
1,0,-2,8.0,Driving,False,27.331,141.005,0.0,0.32,3.5,27.34,139.255,27.321,142.755,Broken,White,Solid,White
1,0,-1,8.0,Driving,False,27.35,137.505,0.0,0.32,3.5,27.36,135.755,27.34,139.255,SolidSolid,Yellow,Broken,White
1,0,1,8.0,Driving,False,27.37,134.005,0.0,180.32,3.5,27.36,135.755,27.379,132.255,SolidSolid,Yellow,Broken,White
1,0,2,8.0,Driving,False,27.389,130.505,0.0,180.32,3.5,27.379,132.255,27.399,128.755,Broken,White,Solid,White
1,0,-2,9.0,Driving,False,28.33,141.01,0.0,0.32,3.5,28.34,139.26,28.321,142.76,Broken,White,Solid,White
1,0,-1,9.0,Driving,False,28.35,137.51,0.0,0.32,3.5,28.36,135.76,28.34,139.26,SolidSolid,Yellow,Broken,White
1,0,1,9.0,Driving,False,28.37,134.01,0.0,180.32,3.5,28.36,135.76,28.379,132.26,SolidSolid,Yellow,Broken,White
1,0,2,9.0,Driving,False,28.389,130.51,0.0,180.32,3.5,28.379,132.26,28.399,128.76,Broken,White,Solid,White
1,0,-2,10.0,Driving,False,29.33,141.016,0.0,0.32,3.5,29.34,139.266,29.321,142.766,Broken,White,Solid,White
1,0,-1,10.0,Driving,False,29.35,137.516,0.0,0.32,3.5,29.36,135.766,29.34,139.266,SolidSolid,Yellow,Broken,White
1,0,1,10.0,Driving,False,29.37,134.016,0.0,180.32,3.5,29.36,135.766,29.379,132.266,SolidSolid,Yellow,Broken,White
1,0,2,10.0,Driving,False,29.389,130.516,0.0,180.32,3.5,29.379,132.266,29.399,128.766,Broken,White,Solid,White
1,0,-2,11.0,Driving,False,30.33,141.021,0.0,0.32,3.5,30.34,139.271,30.321,142.771,Broken,White,Solid,White
1,0,-1,11.0,Driving,False,30.35,137.521,0.0,0.32,3.5,30.36,135.772,30.34,139.271,SolidSolid,Yellow,Broken,White
1,0,1,11.0,Driving,False,30.37,134.022,0.0,180.32,3.5,30.36,135.772,30.379,132.272,SolidSolid,Yellow,Broken,White
1,0,2,11.0,Driving,False,30.389,130.522,0.0,180.32,3.5,30.379,132.272,30.399,128.772,Broken,White,Solid,White
1,0,-2,12.0,Driving,False,31.33,141.027,0.0,0.32,3.5,31.34,139.277,31.321,142.777,Broken,White,Solid,White
1,0,-1,12.0,Driving,False,31.35,137.527,0.0,0.32,3.5,31.36,135.777,31.34,139.277,SolidSolid,Yellow,Broken,White
1,0,1,12.0,Driving,False,31.37,134.027,0.0,180.32,3.5,31.36,135.777,31.379,132.277,SolidSolid,Yellow,Broken,White
1,0,2,12.0,Driving,False,31.389,130.527,0.0,180.32,3.5,31.379,132.277,31.399,128.777,Broken,White,Solid,White
1,0,-2,13.0,Driving,False,32.33,141.033,0.0,0.32,3.5,32.34,139.283,32.321,142.783,Broken,White,Solid,White
1,0,-1,13.0,Driving,False,32.35,137.533,0.0,0.32,3.5,32.36,135.783,32.34,139.283,SolidSolid,Yellow,Broken,White
1,0,1,13.0,Driving,False,32.37,134.033,0.0,180.32,3.5,32.36,135.783,32.379,132.283,SolidSolid,Yellow,Broken,White
1,0,2,13.0,Driving,False,32.389,130.533,0.0,180.32,3.5,32.379,132.283,32.399,128.783,Broken,White,Solid,White
1,0,-2,14.0,Driving,False,33.33,141.038,0.0,0.32,3.5,33.34,139.288,33.321,142.788,Broken,White,Solid,White
1,0,-1,14.0,Driving,False,33.35,137.538,0.0,0.32,3.5,33.36,135.788,33.34,139.288,SolidSolid,Yellow,Broken,White
1,0,1,14.0,Driving,False,33.37,134.038,0.0,180.32,3.5,33.36,135.788,33.379,132.288,SolidSolid,Yellow,Broken,White
1,0,2,14.0,Driving,False,33.389,130.538,0.0,180.32,3.5,33.379,132.288,33.399,128.788,Broken,White,Solid,White
1,0,-2,15.0,Driving,False,34.33,141.044,0.0,0.32,3.5,34.34,139.294,34.321,142.794,Broken,White,Solid,White
1,0,-1,15.0,Driving,False,34.35,137.544,0.0,0.32,3.5,34.36,135.794,34.34,139.294,SolidSolid,Yellow,Broken,White
1,0,1,15.0,Driving,False,34.37,134.044,0.0,180.32,3.5,34.36,135.794,34.379,132.294,SolidSolid,Yellow,Broken,White
1,0,2,15.0,Driving,False,34.389,130.544,0.0,180.32,3.5,34.379,132.294,34.399,128.794,Broken,White,Solid,White
1,0,-2,16.0,Driving,False,35.33,141.049,0.0,0.32,3.5,35.34,139.299,35.321,142.799,Broken,White,Solid,White
1,0,-1,16.0,Driving,False,35.35,137.549,0.0,0.32,3.5,35.36,135.799,35.34,139.299,SolidSolid,Yellow,Broken,White
1,0,1,16.0,Driving,False,35.37,134.05,0.0,180.32,3.5,35.36,135.799,35.379,132.3,SolidSolid,Yellow,Broken,White
1,0,2,16.0,Driving,False,35.389,130.55,0.0,180.32,3.5,35.379,132.3,35.399,128.8,Broken,White,Solid,White
1,0,-2,17.0,Driving,False,36.33,141.055,0.0,0.32,3.5,36.34,139.305,36.321,142.805,Broken,White,Solid,White
1,0,-1,17.0,Driving,False,36.35,137.555,0.0,0.32,3.5,36.36,135.805,36.34,139.305,SolidSolid,Yellow,Broken,White
1,0,1,17.0,Driving,False,36.37,134.055,0.0,180.32,3.5,36.36,135.805,36.379,132.305,SolidSolid,Yellow,Broken,White
1,0,2,17.0,Driving,False,36.389,130.555,0.0,180.32,3.5,36.379,132.305,36.399,128.805,Broken,White,Solid,White
1,0,-2,18.0,Driving,False,37.33,141.061,0.0,0.32,3.5,37.34,139.311,37.321,142.811,Broken,White,Solid,White
1,0,-1,18.0,Driving,False,37.35,137.561,0.0,0.32,3.5,37.36,135.811,37.34,139.311,SolidSolid,Yellow,Broken,White
1,0,1,18.0,Driving,False,37.37,134.061,0.0,180.32,3.5,37.36,135.811,37.379,132.311,SolidSolid,Yellow,Broken,White
1,0,2,18.0,Driving,False,37.389,130.561,0.0,180.32,3.5,37.379,132.311,37.399,128.811,Broken,White,Solid,White
1,0,-2,19.0,Driving,False,38.33,141.066,0.0,0.32,3.5,38.34,139.316,38.321,142.816,Broken,White,Solid,White
1,0,-1,19.0,Driving,False,38.35,137.566,0.0,0.32,3.5,38.36,135.816,38.34,139.316,SolidSolid,Yellow,Broken,White
1,0,1,19.0,Driving,False,38.369,134.066,0.0,180.32,3.5,38.36,135.816,38.379,132.316,SolidSolid,Yellow,Broken,White
1,0,2,19.0,Driving,False,38.389,130.566,0.0,180.32,3.5,38.379,132.316,38.399,128.816,Broken,White,Solid,White
1,0,-2,20.0,Driving,False,39.33,141.072,0.0,0.32,3.5,39.34,139.322,39.321,142.822,Broken,White,Solid,White
1,0,-1,20.0,Driving,False,39.35,137.572,0.0,0.32,3.5,39.36,135.822,39.34,139.322,SolidSolid,Yellow,Broken,White
1,0,1,20.0,Driving,False,39.369,134.072,0.0,180.32,3.5,39.36,135.822,39.379,132.322,SolidSolid,Yellow,Broken,White
1,0,2,20.0,Driving,False,39.389,130.572,0.0,180.32,3.5,39.379,132.322,39.399,128.822,Broken,White,Solid,White
1,0,-2,21.0,Driving,False,40.33,141.077,0.0,0.32,3.5,40.34,139.327,40.321,142.827,Broken,White,Solid,White
1,0,-1,21.0,Driving,False,40.35,137.577,0.0,0.32,3.5,40.36,135.827,40.34,139.327,SolidSolid,Yellow,Broken,White
1,0,1,21.0,Driving,False,40.369,134.077,0.0,180.32,3.5,40.36,135.827,40.379,132.327,SolidSolid,Yellow,Broken,White
1,0,2,21.0,Driving,False,40.389,130.578,0.0,180.32,3.5,40.379,132.327,40.399,128.828,Broken,White,Solid,White
1,0,-2,22.0,Driving,False,41.33,141.083,0.0,0.32,3.5,41.34,139.333,41.321,142.833,Broken,White,Solid,White
1,0,-1,22.0,Driving,False,41.35,137.583,0.0,0.32,3.5,41.36,135.833,41.34,139.333,SolidSolid,Yellow,Broken,White
1,0,1,22.0,Driving,False,41.369,134.083,0.0,180.32,3.5,41.36,135.833,41.379,132.333,SolidSolid,Yellow,Broken,White
1,0,2,22.0,Driving,False,41.389,130.583,0.0,180.32,3.5,41.379,132.333,41.399,128.833,Broken,White,Solid,White
1,0,-2,23.0,Driving,False,42.33,141.089,0.0,0.32,3.5,42.34,139.339,42.32,142.839,Broken,White,Solid,White
1,0,-1,23.0,Driving,False,42.35,137.589,0.0,0.32,3.5,42.36,135.839,42.34,139.339,SolidSolid,Yellow,Broken,White
1,0,1,23.0,Driving,False,42.369,134.089,0.0,180.32,3.5,42.36,135.839,42.379,132.339,SolidSolid,Yellow,Broken,White
1,0,2,23.0,Driving,False,42.389,130.589,0.0,180.32,3.5,42.379,132.339,42.399,128.839,Broken,White,Solid,White
1,0,-2,24.0,Driving,False,43.33,141.094,0.0,0.32,3.5,43.34,139.344,43.32,142.844,Broken,White,Solid,White
1,0,-1,24.0,Driving,False,43.35,137.594,0.0,0.32,3.5,43.36,135.844,43.34,139.344,SolidSolid,Yellow,Broken,White
1,0,1,24.0,Driving,False,43.369,134.094,0.0,180.32,3.5,43.36,135.844,43.379,132.344,SolidSolid,Yellow,Broken,White
1,0,2,24.0,Driving,False,43.389,130.594,0.0,180.32,3.5,43.379,132.344,43.399,128.844,Broken,White,Solid,White
1,0,-2,25.0,Driving,False,44.33,141.1,0.0,0.32,3.5,44.34,139.35,44.32,142.85,Broken,White,Solid,White
1,0,-1,25.0,Driving,False,44.35,137.6,0.0,0.32,3.5,44.36,135.85,44.34,139.35,SolidSolid,Yellow,Broken,White
1,0,1,25.0,Driving,False,44.369,134.1,0.0,180.32,3.5,44.36,135.85,44.379,132.35,SolidSolid,Yellow,Broken,White
1,0,2,25.0,Driving,False,44.389,130.6,0.0,180.32,3.5,44.379,132.35,44.399,128.85,Broken,White,Solid,White
1,0,-2,26.0,Driving,False,45.33,141.105,0.0,0.32,3.5,45.34,139.355,45.32,142.855,Broken,White,Solid,White
1,0,-1,26.0,Driving,False,45.35,137.605,0.0,0.32,3.5,45.36,135.855,45.34,139.355,SolidSolid,Yellow,Broken,White
1,0,1,26.0,Driving,False,45.369,134.105,0.0,180.32,3.5,45.36,135.855,45.379,132.355,SolidSolid,Yellow,Broken,White
1,0,2,26.0,Driving,False,45.389,130.605,0.0,180.32,3.5,45.379,132.355,45.399,128.856,Broken,White,Solid,White
1,0,-2,27.0,Driving,False,46.33,141.111,0.0,0.32,3.5,46.34,139.361,46.32,142.861,Broken,White,Solid,White
1,0,-1,27.0,Driving,False,46.35,137.611,0.0,0.32,3.5,46.36,135.861,46.34,139.361,SolidSolid,Yellow,Broken,White
1,0,1,27.0,Driving,False,46.369,134.111,0.0,180.32,3.5,46.36,135.861,46.379,132.361,SolidSolid,Yellow,Broken,White
1,0,2,27.0,Driving,False,46.389,130.611,0.0,180.32,3.5,46.379,132.361,46.399,128.861,Broken,White,Solid,White
1,0,-2,28.0,Driving,False,47.33,141.117,0.0,0.32,3.5,47.34,139.367,47.32,142.866,Broken,White,Solid,White
1,0,-1,28.0,Driving,False,47.35,137.617,0.0,0.32,3.5,47.36,135.867,47.34,139.367,SolidSolid,Yellow,Broken,White
1,0,1,28.0,Driving,False,47.369,134.117,0.0,180.32,3.5,47.36,135.867,47.379,132.367,SolidSolid,Yellow,Broken,White
1,0,2,28.0,Driving,False,47.389,130.617,0.0,180.32,3.5,47.379,132.367,47.399,128.867,Broken,White,Solid,White
1,0,-2,29.0,Driving,False,48.33,141.122,0.0,0.32,3.5,48.34,139.372,48.32,142.872,Broken,White,Solid,White
1,0,-1,29.0,Driving,False,48.35,137.622,0.0,0.32,3.5,48.36,135.872,48.34,139.372,SolidSolid,Yellow,Broken,White
1,0,1,29.0,Driving,False,48.369,134.122,0.0,180.32,3.5,48.36,135.872,48.379,132.372,SolidSolid,Yellow,Broken,White
1,0,2,29.0,Driving,False,48.389,130.622,0.0,180.32,3.5,48.379,132.372,48.399,128.872,Broken,White,Solid,White
1,0,-2,30.0,Driving,False,49.33,141.128,0.0,0.32,3.5,49.34,139.378,49.32,142.878,Broken,White,Solid,White
1,0,-1,30.0,Driving,False,49.35,137.628,0.0,0.32,3.5,49.36,135.878,49.34,139.378,SolidSolid,Yellow,Broken,White
1,0,1,30.0,Driving,False,49.369,134.128,0.0,180.32,3.5,49.36,135.878,49.379,132.378,SolidSolid,Yellow,Broken,White
1,0,2,30.0,Driving,False,49.389,130.628,0.0,180.32,3.5,49.379,132.378,49.399,128.878,Broken,White,Solid,White
1,0,-2,31.0,Driving,False,50.33,141.133,0.0,0.32,3.5,50.34,139.383,50.32,142.883,Broken,White,Solid,White
1,0,-1,31.0,Driving,False,50.35,137.633,0.0,0.32,3.5,50.36,135.883,50.34,139.383,SolidSolid,Yellow,Broken,White
1,0,1,31.0,Driving,False,50.369,134.133,0.0,180.32,3.5,50.36,135.883,50.379,132.383,SolidSolid,Yellow,Broken,White
1,0,2,31.0,Driving,False,50.389,130.633,0.0,180.32,3.5,50.379,132.383,50.399,128.883,Broken,White,Solid,White
1,0,-2,32.0,Driving,False,51.33,141.139,0.0,0.32,3.5,51.34,139.389,51.32,142.889,Broken,White,Solid,White
1,0,-1,32.0,Driving,False,51.35,137.639,0.0,0.32,3.5,51.359,135.889,51.34,139.389,SolidSolid,Yellow,Broken,White
1,0,1,32.0,Driving,False,51.369,134.139,0.0,180.32,3.5,51.359,135.889,51.379,132.389,SolidSolid,Yellow,Broken,White
1,0,2,32.0,Driving,False,51.389,130.639,0.0,180.32,3.5,51.379,132.389,51.399,128.889,Broken,White,Solid,White
1,0,-2,33.0,Driving,False,52.33,141.144,0.0,0.32,3.5,52.34,139.395,52.32,142.894,Broken,White,Solid,White
1,0,-1,33.0,Driving,False,52.35,137.645,0.0,0.32,3.5,52.359,135.895,52.34,139.395,SolidSolid,Yellow,Broken,White
1,0,1,33.0,Driving,False,52.369,134.145,0.0,180.32,3.5,52.359,135.895,52.379,132.395,SolidSolid,Yellow,Broken,White
1,0,2,33.0,Driving,False,52.389,130.645,0.0,180.32,3.5,52.379,132.395,52.399,128.895,Broken,White,Solid,White
1,0,-2,34.0,Driving,False,53.33,141.15,0.0,0.32,3.5,53.34,139.4,53.32,142.9,Broken,White,Solid,White
1,0,-1,34.0,Driving,False,53.35,137.65,0.0,0.32,3.5,53.359,135.9,53.34,139.4,SolidSolid,Yellow,Broken,White
1,0,1,34.0,Driving,False,53.369,134.15,0.0,180.32,3.5,53.359,135.9,53.379,132.4,SolidSolid,Yellow,Broken,White
1,0,2,34.0,Driving,False,53.389,130.65,0.0,180.32,3.5,53.379,132.4,53.399,128.9,Broken,White,Solid,White
1,0,-2,35.0,Driving,False,54.33,141.156,0.0,0.32,3.5,54.34,139.406,54.32,142.906,Broken,White,Solid,White
1,0,-1,35.0,Driving,False,54.35,137.656,0.0,0.32,3.5,54.359,135.906,54.34,139.406,SolidSolid,Yellow,Broken,White
1,0,1,35.0,Driving,False,54.369,134.156,0.0,180.32,3.5,54.359,135.906,54.379,132.406,SolidSolid,Yellow,Broken,White
1,0,2,35.0,Driving,False,54.389,130.656,0.0,180.32,3.5,54.379,132.406,54.399,128.906,Broken,White,Solid,White
1,0,-2,36.0,Driving,False,55.33,141.161,0.0,0.32,3.5,55.34,139.411,55.32,142.911,Broken,White,Solid,White
1,0,-1,36.0,Driving,False,55.35,137.661,0.0,0.32,3.5,55.359,135.911,55.34,139.411,SolidSolid,Yellow,Broken,White
1,0,1,36.0,Driving,False,55.369,134.161,0.0,180.32,3.5,55.359,135.911,55.379,132.411,SolidSolid,Yellow,Broken,White
1,0,2,36.0,Driving,False,55.389,130.661,0.0,180.32,3.5,55.379,132.411,55.399,128.911,Broken,White,Solid,White
1,0,-2,37.0,Driving,False,56.33,141.167,0.0,0.32,3.5,56.34,139.417,56.32,142.917,Broken,White,Solid,White
1,0,-1,37.0,Driving,False,56.35,137.667,0.0,0.32,3.5,56.359,135.917,56.34,139.417,SolidSolid,Yellow,Broken,White
1,0,1,37.0,Driving,False,56.369,134.167,0.0,180.32,3.5,56.359,135.917,56.379,132.417,SolidSolid,Yellow,Broken,White
1,0,2,37.0,Driving,False,56.389,130.667,0.0,180.32,3.5,56.379,132.417,56.399,128.917,Broken,White,Solid,White
1,0,-2,38.0,Driving,False,57.33,141.172,0.0,0.32,3.5,57.34,139.422,57.32,142.922,Broken,White,Solid,White
1,0,-1,38.0,Driving,False,57.35,137.672,0.0,0.32,3.5,57.359,135.923,57.34,139.422,SolidSolid,Yellow,Broken,White
1,0,1,38.0,Driving,False,57.369,134.173,0.0,180.32,3.5,57.359,135.923,57.379,132.423,SolidSolid,Yellow,Broken,White
1,0,2,38.0,Driving,False,57.389,130.673,0.0,180.32,3.5,57.379,132.423,57.399,128.923,Broken,White,Solid,White
1,0,-2,39.0,Driving,False,58.33,141.178,0.0,0.32,3.5,58.34,139.428,58.32,142.928,Broken,White,Solid,White
1,0,-1,39.0,Driving,False,58.35,137.678,0.0,0.32,3.5,58.359,135.928,58.34,139.428,SolidSolid,Yellow,Broken,White
1,0,1,39.0,Driving,False,58.369,134.178,0.0,180.32,3.5,58.359,135.928,58.379,132.428,SolidSolid,Yellow,Broken,White
1,0,2,39.0,Driving,False,58.389,130.678,0.0,180.32,3.5,58.379,132.428,58.399,128.928,Broken,White,Solid,White
1,0,-2,40.0,Driving,False,59.33,141.184,0.0,0.32,3.5,59.34,139.434,59.32,142.934,Broken,White,Solid,White
1,0,-1,40.0,Driving,False,59.35,137.684,0.0,0.32,3.5,59.359,135.934,59.34,139.434,SolidSolid,Yellow,Broken,White
1,0,1,40.0,Driving,False,59.369,134.184,0.0,180.32,3.5,59.359,135.934,59.379,132.434,SolidSolid,Yellow,Broken,White
1,0,2,40.0,Driving,False,59.389,130.684,0.0,180.32,3.5,59.379,132.434,59.399,128.934,Broken,White,Solid,White
1,0,-2,41.0,Driving,False,60.33,141.189,0.0,0.32,3.5,60.34,139.439,60.32,142.939,Broken,White,Solid,White
1,0,-1,41.0,Driving,False,60.35,137.689,0.0,0.32,3.5,60.359,135.939,60.34,139.439,SolidSolid,Yellow,Broken,White
1,0,1,41.0,Driving,False,60.369,134.189,0.0,180.32,3.5,60.359,135.939,60.379,132.439,SolidSolid,Yellow,Broken,White
1,0,2,41.0,Driving,False,60.389,130.689,0.0,180.32,3.5,60.379,132.439,60.399,128.939,Broken,White,Solid,White
1,0,-2,42.0,Driving,False,61.33,141.195,0.0,0.32,3.5,61.34,139.445,61.32,142.945,Broken,White,Solid,White
1,0,-1,42.0,Driving,False,61.35,137.695,0.0,0.32,3.5,61.359,135.945,61.34,139.445,SolidSolid,Yellow,Broken,White
1,0,1,42.0,Driving,False,61.369,134.195,0.0,180.32,3.5,61.359,135.945,61.379,132.445,SolidSolid,Yellow,Broken,White
1,0,2,42.0,Driving,False,61.389,130.695,0.0,180.32,3.5,61.379,132.445,61.398,128.945,Broken,White,Solid,White
1,0,-2,43.0,Driving,False,62.33,141.2,0.0,0.32,3.5,62.34,139.45,62.32,142.95,Broken,White,Solid,White
1,0,-1,43.0,Driving,False,62.35,137.7,0.0,0.32,3.5,62.359,135.95,62.34,139.45,SolidSolid,Yellow,Broken,White
1,0,1,43.0,Driving,False,62.369,134.201,0.0,180.32,3.5,62.359,135.95,62.379,132.451,SolidSolid,Yellow,Broken,White
1,0,2,43.0,Driving,False,62.389,130.701,0.0,180.32,3.5,62.379,132.451,62.398,128.951,Broken,White,Solid,White
1,0,-2,44.0,Driving,False,63.33,141.206,0.0,0.32,3.5,63.34,139.456,63.32,142.956,Broken,White,Solid,White
1,0,-1,44.0,Driving,False,63.35,137.706,0.0,0.32,3.5,63.359,135.956,63.34,139.456,SolidSolid,Yellow,Broken,White
1,0,1,44.0,Driving,False,63.369,134.206,0.0,180.32,3.5,63.359,135.956,63.379,132.456,SolidSolid,Yellow,Broken,White
1,0,2,44.0,Driving,False,63.389,130.706,0.0,180.32,3.5,63.379,132.456,63.398,128.956,Broken,White,Solid,White
1,0,-2,45.0,Driving,False,64.33,141.212,0.0,0.32,3.5,64.34,139.462,64.32,142.962,Broken,White,Solid,White
1,0,-1,45.0,Driving,False,64.35,137.712,0.0,0.32,3.5,64.359,135.962,64.34,139.462,SolidSolid,Yellow,Broken,White
1,0,1,45.0,Driving,False,64.369,134.212,0.0,180.32,3.5,64.359,135.962,64.379,132.462,SolidSolid,Yellow,Broken,White
1,0,2,45.0,Driving,False,64.389,130.712,0.0,180.32,3.5,64.379,132.462,64.398,128.962,Broken,White,Solid,White
1,0,-2,46.0,Driving,False,65.428,141.21,0.0,-0.752,3.5,65.405,139.461,65.451,142.96,Broken,White,Solid,White
1,0,-1,46.0,Driving,False,65.382,137.711,0.0,-0.752,3.5,65.359,135.961,65.405,139.461,SolidSolid,Yellow,Broken,White
1,0,1,46.0,Driving,False,65.336,134.211,0.0,179.248,3.5,65.359,135.961,65.313,132.461,SolidSolid,Yellow,Broken,White
1,0,2,46.0,Driving,False,65.29,130.711,0.0,179.248,3.5,65.313,132.461,65.267,128.962,Broken,White,Solid,White
1,0,-2,47.0,Driving,False,66.572,141.18,0.0,-2.331,3.5,66.501,139.431,66.644,142.928,Broken,White,Solid,White
1,0,-1,47.0,Driving,False,66.43,137.683,0.0,-2.331,3.5,66.359,135.934,66.501,139.431,SolidSolid,Yellow,Broken,White
1,0,1,47.0,Driving,False,66.288,134.185,0.0,177.669,3.5,66.359,135.934,66.216,132.437,SolidSolid,Yellow,Broken,White
1,0,2,47.0,Driving,False,66.145,130.688,0.0,177.669,3.5,66.216,132.437,66.074,128.94,Broken,White,Solid,White
1,0,-2,48.0,Driving,False,67.715,141.117,0.0,-3.91,3.5,67.596,139.371,67.835,142.863,Broken,White,Solid,White
1,0,-1,48.0,Driving,False,67.477,137.625,0.0,-3.91,3.5,67.357,135.88,67.596,139.371,SolidSolid,Yellow,Broken,White
1,0,1,48.0,Driving,False,67.238,134.134,0.0,176.09,3.5,67.357,135.88,67.119,132.388,SolidSolid,Yellow,Broken,White
1,0,2,48.0,Driving,False,66.999,130.642,0.0,176.09,3.5,67.119,132.388,66.88,128.896,Broken,White,Solid,White
1,0,-2,49.0,Driving,False,68.856,141.024,0.0,-5.49,3.5,68.689,139.282,69.024,142.766,Broken,White,Solid,White
1,0,-1,49.0,Driving,False,68.521,137.54,0.0,-5.49,3.5,68.354,135.798,68.689,139.282,SolidSolid,Yellow,Broken,White
1,0,1,49.0,Driving,False,68.187,134.056,0.0,174.51,3.5,68.354,135.798,68.019,132.314,SolidSolid,Yellow,Broken,White
1,0,2,49.0,Driving,False,67.852,130.572,0.0,174.51,3.5,68.019,132.314,67.684,128.83,Broken,White,Solid,White
1,0,-2,50.0,Driving,False,69.994,140.898,0.0,-7.069,3.5,69.779,139.162,70.209,142.635,Broken,White,Solid,White
1,0,-1,50.0,Driving,False,69.563,137.425,0.0,-7.069,3.5,69.348,135.688,69.779,139.162,SolidSolid,Yellow,Broken,White
1,0,1,50.0,Driving,False,69.133,133.952,0.0,172.931,3.5,69.348,135.688,68.917,132.215,SolidSolid,Yellow,Broken,White
1,0,2,50.0,Driving,False,68.702,130.478,0.0,172.931,3.5,68.917,132.215,68.487,128.741,Broken,White,Solid,White
1,0,-2,51.0,Driving,False,71.128,140.742,0.0,-8.648,3.5,70.865,139.012,71.391,142.472,Broken,White,Solid,White
1,0,-1,51.0,Driving,False,70.602,137.282,0.0,-8.648,3.5,70.339,135.552,70.865,139.012,SolidSolid,Yellow,Broken,White
1,0,1,51.0,Driving,False,70.075,133.821,0.0,171.352,3.5,70.339,135.552,69.812,132.091,SolidSolid,Yellow,Broken,White
1,0,2,51.0,Driving,False,69.549,130.361,0.0,171.352,3.5,69.812,132.091,69.286,128.631,Broken,White,Solid,White
1,0,-2,52.0,Driving,False,72.257,140.554,0.0,-10.227,3.5,71.946,138.832,72.568,142.276,Broken,White,Solid,White
1,0,-1,52.0,Driving,False,71.636,137.11,0.0,-10.227,3.5,71.325,135.388,71.946,138.832,SolidSolid,Yellow,Broken,White
1,0,1,52.0,Driving,False,71.014,133.665,0.0,169.773,3.5,71.325,135.388,70.704,131.943,SolidSolid,Yellow,Broken,White
1,0,2,52.0,Driving,False,70.393,130.221,0.0,169.773,3.5,70.704,131.943,70.082,128.499,Broken,White,Solid,White
1,0,-2,53.0,Driving,False,73.381,140.335,0.0,-11.806,3.5,73.023,138.622,73.739,142.048,Broken,White,Solid,White
1,0,-1,53.0,Driving,False,72.665,136.909,0.0,-11.806,3.5,72.306,135.197,73.023,138.622,SolidSolid,Yellow,Broken,White
1,0,1,53.0,Driving,False,71.948,133.484,0.0,168.194,3.5,72.306,135.197,71.59,131.771,SolidSolid,Yellow,Broken,White
1,0,2,53.0,Driving,False,71.232,130.058,0.0,168.194,3.5,71.59,131.771,70.874,128.345,Broken,White,Solid,White
1,0,-2,54.0,Driving,False,74.498,140.086,0.0,-13.385,3.5,74.093,138.383,74.903,141.788,Broken,White,Solid,White
1,0,-1,54.0,Driving,False,73.688,136.681,0.0,-13.385,3.5,73.282,134.978,74.093,138.383,SolidSolid,Yellow,Broken,White
1,0,1,54.0,Driving,False,72.877,133.276,0.0,166.615,3.5,73.282,134.978,72.472,131.574,SolidSolid,Yellow,Broken,White
1,0,2,54.0,Driving,False,72.067,129.871,0.0,166.615,3.5,72.472,131.574,71.662,128.169,Broken,White,Solid,White
1,0,-2,55.0,Driving,False,75.608,139.806,0.0,-14.964,3.5,75.156,138.115,76.059,141.496,Broken,White,Solid,White
1,0,-1,55.0,Driving,False,74.704,136.424,0.0,-14.964,3.5,74.252,134.734,75.156,138.115,SolidSolid,Yellow,Broken,White
1,0,1,55.0,Driving,False,73.8,133.043,0.0,165.036,3.5,74.252,134.734,73.348,131.352,SolidSolid,Yellow,Broken,White
1,0,2,55.0,Driving,False,72.896,129.662,0.0,165.036,3.5,73.348,131.352,72.444,127.971,Broken,White,Solid,White
1,0,-2,56.0,Driving,False,76.709,139.495,0.0,-16.543,3.5,76.211,137.817,77.207,141.172,Broken,White,Solid,White
1,0,-1,56.0,Driving,False,75.713,136.14,0.0,-16.543,3.5,75.214,134.462,76.211,137.817,SolidSolid,Yellow,Broken,White
1,0,1,56.0,Driving,False,74.716,132.785,0.0,163.457,3.5,75.214,134.462,74.218,131.107,SolidSolid,Yellow,Broken,White
1,0,2,56.0,Driving,False,73.719,129.429,0.0,163.457,3.5,74.218,131.107,73.221,127.752,Broken,White,Solid,White
1,0,-2,57.0,Driving,False,77.802,139.154,0.0,-18.122,3.5,77.258,137.491,78.346,140.817,Broken,White,Solid,White
1,0,-1,57.0,Driving,False,76.713,135.827,0.0,-18.122,3.5,76.169,134.164,77.258,137.491,SolidSolid,Yellow,Broken,White
1,0,1,57.0,Driving,False,75.625,132.501,0.0,161.878,3.5,76.169,134.164,75.08,130.838,SolidSolid,Yellow,Broken,White
1,0,2,57.0,Driving,False,74.536,129.175,0.0,161.878,3.5,75.08,130.838,73.992,127.511,Broken,White,Solid,White
1,0,-2,58.0,Driving,False,78.885,138.783,0.0,-19.701,3.5,78.295,137.135,79.475,140.43,Broken,White,Solid,White
1,0,-1,58.0,Driving,False,77.705,135.488,0.0,-19.701,3.5,77.115,133.84,78.295,137.135,SolidSolid,Yellow,Broken,White
1,0,1,58.0,Driving,False,76.525,132.193,0.0,160.299,3.5,77.115,133.84,75.935,130.545,SolidSolid,Yellow,Broken,White
1,0,2,58.0,Driving,False,75.345,128.897,0.0,160.299,3.5,75.935,130.545,74.755,127.25,Broken,White,Solid,White
1,0,-2,59.0,Driving,False,79.957,138.382,0.0,-21.28,3.5,79.322,136.751,80.592,140.013,Broken,White,Solid,White
1,0,-1,59.0,Driving,False,78.687,135.121,0.0,-21.28,3.5,78.052,133.49,79.322,136.751,SolidSolid,Yellow,Broken,White
1,0,1,59.0,Driving,False,77.416,131.859,0.0,158.72,3.5,78.052,133.49,76.781,130.229,SolidSolid,Yellow,Broken,White
1,0,2,59.0,Driving,False,76.146,128.598,0.0,158.72,3.5,76.781,130.229,75.511,126.967,Broken,White,Solid,White
1,0,-2,60.0,Driving,False,81.018,137.952,0.0,-22.859,3.5,80.338,136.339,81.698,139.565,Broken,White,Solid,White
1,0,-1,60.0,Driving,False,79.658,134.727,0.0,-22.859,3.5,78.978,133.114,80.338,136.339,SolidSolid,Yellow,Broken,White
1,0,1,60.0,Driving,False,78.298,131.502,0.0,157.141,3.5,78.978,133.114,77.619,129.889,SolidSolid,Yellow,Broken,White
1,0,2,60.0,Driving,False,76.939,128.277,0.0,157.141,3.5,77.619,129.889,76.259,126.664,Broken,White,Solid,White
1,0,-2,61.0,Driving,False,82.066,137.493,0.0,-24.438,3.5,81.342,135.9,82.79,139.086,Broken,White,Solid,White
1,0,-1,61.0,Driving,False,80.618,134.306,0.0,-24.438,3.5,79.894,132.713,81.342,135.9,SolidSolid,Yellow,Broken,White
1,0,1,61.0,Driving,False,79.17,131.12,0.0,155.562,3.5,79.894,132.713,78.446,129.527,SolidSolid,Yellow,Broken,White
1,0,2,61.0,Driving,False,77.722,127.934,0.0,155.562,3.5,78.446,129.527,76.998,126.34,Broken,White,Solid,White
1,0,-2,62.0,Driving,False,83.102,137.005,0.0,-26.017,3.5,82.334,135.432,83.869,138.578,Broken,White,Solid,White
1,0,-1,62.0,Driving,False,81.566,133.86,0.0,-26.017,3.5,80.799,132.287,82.334,135.432,SolidSolid,Yellow,Broken,White
1,0,1,62.0,Driving,False,80.031,130.714,0.0,153.983,3.5,80.799,132.287,79.264,129.142,SolidSolid,Yellow,Broken,White
1,0,2,62.0,Driving,False,78.496,127.569,0.0,153.983,3.5,79.264,129.142,77.728,125.996,Broken,White,Solid,White
1,0,-2,63.0,Driving,False,84.123,136.489,0.0,-27.597,3.5,83.313,134.938,84.934,138.04,Broken,White,Solid,White
1,0,-1,63.0,Driving,False,82.502,133.387,0.0,-27.597,3.5,81.691,131.836,83.313,134.938,SolidSolid,Yellow,Broken,White
1,0,1,63.0,Driving,False,80.881,130.285,0.0,152.403,3.5,81.691,131.836,80.07,128.734,SolidSolid,Yellow,Broken,White
1,0,2,63.0,Driving,False,79.259,127.183,0.0,152.403,3.5,80.07,128.734,78.449,125.632,Broken,White,Solid,White
1,0,-2,64.0,Driving,False,85.13,135.945,0.0,-29.176,3.5,84.277,134.417,85.984,137.473,Broken,White,Solid,White
1,0,-1,64.0,Driving,False,83.424,132.889,0.0,-29.176,3.5,82.571,131.361,84.277,134.417,SolidSolid,Yellow,Broken,White
1,0,1,64.0,Driving,False,81.718,129.833,0.0,150.824,3.5,82.571,131.361,80.865,128.305,SolidSolid,Yellow,Broken,White
1,0,2,64.0,Driving,False,80.012,126.777,0.0,150.824,3.5,80.865,128.305,79.159,125.249,Broken,White,Solid,White
1,0,-2,65.0,Driving,False,86.122,135.373,0.0,-30.755,3.5,85.227,133.869,87.017,136.877,Broken,White,Solid,White
1,0,-1,65.0,Driving,False,84.332,132.365,0.0,-30.755,3.5,83.437,130.861,85.227,133.869,SolidSolid,Yellow,Broken,White
1,0,1,65.0,Driving,False,82.543,129.357,0.0,149.245,3.5,83.437,130.861,81.648,127.853,SolidSolid,Yellow,Broken,White
1,0,2,65.0,Driving,False,80.753,126.349,0.0,149.245,3.5,81.648,127.853,79.858,124.846,Broken,White,Solid,White
1,0,-2,66.0,Driving,False,87.098,134.774,0.0,-32.334,3.5,86.162,133.295,88.034,136.253,Broken,White,Solid,White
1,0,-1,66.0,Driving,False,85.226,131.817,0.0,-32.334,3.5,84.29,130.338,86.162,133.295,SolidSolid,Yellow,Broken,White
1,0,1,66.0,Driving,False,83.354,128.859,0.0,147.666,3.5,84.29,130.338,82.418,127.381,SolidSolid,Yellow,Broken,White
1,0,2,66.0,Driving,False,81.482,125.902,0.0,147.666,3.5,82.418,127.381,80.546,124.423,Broken,White,Solid,White
1,0,-2,67.0,Driving,False,88.056,134.148,0.0,-33.913,3.5,87.08,132.696,89.033,135.601,Broken,White,Solid,White
1,0,-1,67.0,Driving,False,86.103,131.244,0.0,-33.913,3.5,85.127,129.792,87.08,132.696,SolidSolid,Yellow,Broken,White
1,0,1,67.0,Driving,False,84.151,128.339,0.0,146.087,3.5,85.127,129.792,83.174,126.887,SolidSolid,Yellow,Broken,White
1,0,2,67.0,Driving,False,82.198,125.435,0.0,146.087,3.5,83.174,126.887,81.222,123.982,Broken,White,Solid,White
1,0,-2,68.0,Driving,False,88.997,133.497,0.0,-35.492,3.5,87.981,132.072,90.013,134.922,Broken,White,Solid,White
1,0,-1,68.0,Driving,False,86.965,130.647,0.0,-35.492,3.5,85.949,129.222,87.981,132.072,SolidSolid,Yellow,Broken,White
1,0,1,68.0,Driving,False,84.933,127.797,0.0,144.508,3.5,85.949,129.222,83.917,126.373,SolidSolid,Yellow,Broken,White
1,0,2,68.0,Driving,False,82.901,124.948,0.0,144.508,3.5,83.917,126.373,81.885,123.523,Broken,White,Solid,White
1,0,-2,69.0,Driving,False,89.92,132.819,0.0,-37.071,3.5,88.865,131.423,90.975,134.216,Broken,White,Solid,White
1,0,-1,69.0,Driving,False,87.81,130.027,0.0,-37.071,3.5,86.755,128.631,88.865,131.423,SolidSolid,Yellow,Broken,White
1,0,1,69.0,Driving,False,85.7,127.234,0.0,142.929,3.5,86.755,128.631,84.645,125.838,SolidSolid,Yellow,Broken,White
1,0,2,69.0,Driving,False,83.591,124.442,0.0,142.929,3.5,84.645,125.838,82.536,123.045,Broken,White,Solid,White
1,0,-2,70.0,Driving,False,90.824,132.117,0.0,-38.65,3.5,89.731,130.75,91.917,133.484,Broken,White,Solid,White
1,0,-1,70.0,Driving,False,88.638,129.384,0.0,-38.65,3.5,87.545,128.017,89.731,130.75,SolidSolid,Yellow,Broken,White
1,0,1,70.0,Driving,False,86.452,126.65,0.0,141.35,3.5,87.545,128.017,85.359,125.283,SolidSolid,Yellow,Broken,White
1,0,2,70.0,Driving,False,84.266,123.917,0.0,141.35,3.5,85.359,125.283,83.173,122.55,Broken,White,Solid,White
1,0,-2,71.0,Driving,False,91.708,131.39,0.0,-40.229,3.5,90.577,130.054,92.838,132.726,Broken,White,Solid,White
1,0,-1,71.0,Driving,False,89.447,128.718,0.0,-40.229,3.5,88.317,127.382,90.577,130.054,SolidSolid,Yellow,Broken,White
1,0,1,71.0,Driving,False,87.187,126.046,0.0,139.771,3.5,88.317,127.382,86.057,124.709,SolidSolid,Yellow,Broken,White
1,0,2,71.0,Driving,False,84.926,123.373,0.0,139.771,3.5,86.057,124.709,83.796,122.037,Broken,White,Solid,White
1,0,-2,72.0,Driving,False,92.571,130.639,0.0,-41.808,3.5,91.405,129.334,93.738,131.943,Broken,White,Solid,White
1,0,-1,72.0,Driving,False,90.238,128.03,0.0,-41.808,3.5,89.072,126.725,91.405,129.334,SolidSolid,Yellow,Broken,White
1,0,1,72.0,Driving,False,87.905,125.421,0.0,138.192,3.5,89.072,126.725,86.738,124.116,SolidSolid,Yellow,Broken,White
1,0,2,72.0,Driving,False,85.572,122.812,0.0,138.192,3.5,86.738,124.116,84.405,121.508,Broken,White,Solid,White
1,0,-2,73.0,Driving,False,93.414,129.864,0.0,-43.387,3.5,92.212,128.592,94.616,131.136,Broken,White,Solid,White
1,0,-1,73.0,Driving,False,91.01,127.32,0.0,-43.387,3.5,89.808,126.048,92.212,128.592,SolidSolid,Yellow,Broken,White
1,0,1,73.0,Driving,False,88.605,124.777,0.0,136.613,3.5,89.808,126.048,87.403,123.505,SolidSolid,Yellow,Broken,White
1,0,2,73.0,Driving,False,86.201,122.233,0.0,136.613,3.5,87.403,123.505,84.999,120.961,Broken,White,Solid,White
1,0,-2,74.0,Driving,False,94.235,129.066,0.0,-44.966,3.5,92.998,127.828,95.472,130.304,Broken,White,Solid,White
1,0,-1,74.0,Driving,False,91.761,126.59,0.0,-44.966,3.5,90.525,125.352,92.998,127.828,SolidSolid,Yellow,Broken,White
1,0,1,74.0,Driving,False,89.288,124.113,0.0,135.034,3.5,90.525,125.352,88.051,122.875,SolidSolid,Yellow,Broken,White
1,0,2,74.0,Driving,False,86.815,121.637,0.0,135.034,3.5,88.051,122.875,85.578,120.399,Broken,White,Solid,White
1,0,-2,75.0,Driving,False,95.034,128.246,0.0,-46.545,3.5,93.763,127.043,96.304,129.45,Broken,White,Solid,White
1,0,-1,75.0,Driving,False,92.493,125.839,0.0,-46.545,3.5,91.222,124.635,93.763,127.043,SolidSolid,Yellow,Broken,White
1,0,1,75.0,Driving,False,89.952,123.432,0.0,133.455,3.5,91.222,124.635,88.682,122.228,SolidSolid,Yellow,Broken,White
1,0,2,75.0,Driving,False,87.411,121.024,0.0,133.455,3.5,88.682,122.228,86.141,119.821,Broken,White,Solid,White
1,0,-2,76.0,Driving,False,95.809,127.404,0.0,-48.124,3.5,94.506,126.236,97.112,128.573,Broken,White,Solid,White
1,0,-1,76.0,Driving,False,93.203,125.068,0.0,-48.124,3.5,91.9,123.9,94.506,126.236,SolidSolid,Yellow,Broken,White
1,0,1,76.0,Driving,False,90.597,122.732,0.0,131.876,3.5,91.9,123.9,89.294,121.564,SolidSolid,Yellow,Broken,White
1,0,2,76.0,Driving,False,87.991,120.396,0.0,131.876,3.5,89.294,121.564,86.688,119.227,Broken,White,Solid,White
1,0,-2,77.0,Driving,False,96.562,126.542,0.0,-49.704,3.5,95.227,125.41,97.896,127.673,Broken,White,Solid,White
1,0,-1,77.0,Driving,False,93.892,124.278,0.0,-49.704,3.5,92.557,123.146,95.227,125.41,SolidSolid,Yellow,Broken,White
1,0,1,77.0,Driving,False,91.223,122.014,0.0,130.296,3.5,92.557,123.146,89.888,120.883,SolidSolid,Yellow,Broken,White
1,0,2,77.0,Driving,False,88.553,119.751,0.0,130.296,3.5,89.888,120.883,87.218,118.619,Broken,White,Solid,White
1,0,-2,78.0,Driving,False,97.28,125.672,0.0,-51.099,3.5,95.918,124.573,98.642,126.771,Broken,White,Solid,White
1,0,-1,78.0,Driving,False,94.556,123.474,0.0,-51.099,3.5,93.194,122.375,95.918,124.573,SolidSolid,Yellow,Broken,White
1,0,1,78.0,Driving,False,91.832,121.276,0.0,128.901,3.5,93.194,122.375,90.47,120.177,SolidSolid,Yellow,Broken,White
1,0,2,78.0,Driving,False,89.108,119.078,0.0,128.901,3.5,90.47,120.177,87.746,117.979,Broken,White,Solid,White
1,0,-2,79.0,Driving,False,97.967,124.803,0.0,-52.276,3.5,96.582,123.732,99.351,125.874,Broken,White,Solid,White
1,0,-1,79.0,Driving,False,95.198,122.661,0.0,-52.276,3.5,93.814,121.591,96.582,123.732,SolidSolid,Yellow,Broken,White
1,0,1,79.0,Driving,False,92.43,120.52,0.0,127.724,3.5,93.814,121.591,91.046,119.449,SolidSolid,Yellow,Broken,White
1,0,2,79.0,Driving,False,89.661,118.378,0.0,127.724,3.5,91.046,119.449,88.277,117.308,Broken,White,Solid,White
1,0,-2,80.0,Driving,False,98.635,123.92,0.0,-53.453,3.5,97.229,122.878,100.041,124.962,Broken,White,Solid,White
1,0,-1,80.0,Driving,False,95.824,121.835,0.0,-53.453,3.5,94.418,120.793,97.229,122.878,SolidSolid,Yellow,Broken,White
1,0,1,80.0,Driving,False,93.012,119.751,0.0,126.547,3.5,94.418,120.793,91.606,118.709,SolidSolid,Yellow,Broken,White
1,0,2,80.0,Driving,False,90.2,117.667,0.0,126.547,3.5,91.606,118.709,88.794,116.625,Broken,White,Solid,White
1,0,-2,81.0,Driving,False,99.286,123.023,0.0,-54.63,3.5,97.859,122.01,100.713,124.036,Broken,White,Solid,White
1,0,-1,81.0,Driving,False,96.432,120.997,0.0,-54.63,3.5,95.005,119.984,97.859,122.01,SolidSolid,Yellow,Broken,White
1,0,1,81.0,Driving,False,93.578,118.971,0.0,125.37,3.5,95.005,119.984,92.151,117.958,SolidSolid,Yellow,Broken,White
1,0,2,81.0,Driving,False,90.724,116.945,0.0,125.37,3.5,92.151,117.958,89.297,115.932,Broken,White,Solid,White
1,0,-2,82.0,Driving,False,99.918,122.113,0.0,-55.807,3.5,98.47,121.13,101.365,123.097,Broken,White,Solid,White
1,0,-1,82.0,Driving,False,97.023,120.146,0.0,-55.807,3.5,95.575,119.163,98.47,121.13,SolidSolid,Yellow,Broken,White
1,0,1,82.0,Driving,False,94.128,118.179,0.0,124.193,3.5,95.575,119.163,92.68,117.196,SolidSolid,Yellow,Broken,White
1,0,2,82.0,Driving,False,91.233,116.212,0.0,124.193,3.5,92.68,117.196,89.785,115.229,Broken,White,Solid,White
1,0,-2,83.0,Driving,False,100.531,121.19,0.0,-56.984,3.5,99.064,120.237,101.998,122.144,Broken,White,Solid,White
1,0,-1,83.0,Driving,False,97.596,119.283,0.0,-56.984,3.5,96.129,118.33,99.064,120.237,SolidSolid,Yellow,Broken,White
1,0,1,83.0,Driving,False,94.661,117.376,0.0,123.016,3.5,96.129,118.33,93.194,116.423,SolidSolid,Yellow,Broken,White
1,0,2,83.0,Driving,False,91.727,115.469,0.0,123.016,3.5,93.194,116.423,90.259,114.516,Broken,White,Solid,White
1,0,-2,84.0,Driving,False,101.125,120.255,0.0,-58.161,3.5,99.638,119.332,102.612,121.178,Broken,White,Solid,White
1,0,-1,84.0,Driving,False,98.152,118.409,0.0,-58.161,3.5,96.665,117.486,99.638,119.332,SolidSolid,Yellow,Broken,White
1,0,1,84.0,Driving,False,95.178,116.563,0.0,121.839,3.5,96.665,117.486,93.692,115.639,SolidSolid,Yellow,Broken,White
1,0,2,84.0,Driving,False,92.205,114.716,0.0,121.839,3.5,93.692,115.639,90.718,113.793,Broken,White,Solid,White
1,0,-2,85.0,Driving,False,101.7,119.308,0.0,-59.338,3.5,100.194,118.416,103.205,120.201,Broken,White,Solid,White
1,0,-1,85.0,Driving,False,98.689,117.523,0.0,-59.338,3.5,97.184,116.631,100.194,118.416,SolidSolid,Yellow,Broken,White
1,0,1,85.0,Driving,False,95.678,115.738,0.0,120.662,3.5,97.184,116.631,94.173,114.846,SolidSolid,Yellow,Broken,White
1,0,2,85.0,Driving,False,92.668,113.953,0.0,120.662,3.5,94.173,114.846,91.162,113.061,Broken,White,Solid,White
1,0,-2,86.0,Driving,False,102.255,118.349,0.0,-60.515,3.5,100.732,117.488,103.778,119.211,Broken,White,Solid,White
1,0,-1,86.0,Driving,False,99.208,116.627,0.0,-60.515,3.5,97.685,115.765,100.732,117.488,SolidSolid,Yellow,Broken,White
1,0,1,86.0,Driving,False,96.161,114.904,0.0,119.485,3.5,97.685,115.765,94.638,114.043,SolidSolid,Yellow,Broken,White
1,0,2,86.0,Driving,False,93.115,113.181,0.0,119.485,3.5,94.638,114.043,91.591,112.32,Broken,White,Solid,White
1,0,-2,87.0,Driving,False,102.79,117.38,0.0,-61.693,3.5,101.25,116.55,104.331,118.209,Broken,White,Solid,White
1,0,-1,87.0,Driving,False,99.709,115.72,0.0,-61.693,3.5,98.168,114.89,101.25,116.55,SolidSolid,Yellow,Broken,White
1,0,1,87.0,Driving,False,96.627,114.06,0.0,118.307,3.5,98.168,114.89,95.087,113.23,SolidSolid,Yellow,Broken,White
1,0,2,87.0,Driving,False,93.546,112.4,0.0,118.307,3.5,95.087,113.23,92.005,111.571,Broken,White,Solid,White
1,0,-2,88.0,Driving,False,103.306,116.399,0.0,-62.87,3.5,101.748,115.601,104.863,117.197,Broken,White,Solid,White
1,0,-1,88.0,Driving,False,100.191,114.803,0.0,-62.87,3.5,98.633,114.005,101.748,115.601,SolidSolid,Yellow,Broken,White
1,0,1,88.0,Driving,False,97.076,113.207,0.0,117.13,3.5,98.633,114.005,95.518,112.409,SolidSolid,Yellow,Broken,White
1,0,2,88.0,Driving,False,93.961,111.611,0.0,117.13,3.5,95.518,112.409,92.403,110.813,Broken,White,Solid,White
1,0,-2,89.0,Driving,False,103.801,115.408,0.0,-64.047,3.5,102.227,114.642,105.374,116.174,Broken,White,Solid,White
1,0,-1,89.0,Driving,False,100.654,113.876,0.0,-64.047,3.5,99.08,113.11,102.227,114.642,SolidSolid,Yellow,Broken,White
1,0,1,89.0,Driving,False,97.507,112.344,0.0,115.953,3.5,99.08,113.11,95.933,111.578,SolidSolid,Yellow,Broken,White
1,0,2,89.0,Driving,False,94.359,110.813,0.0,115.953,3.5,95.933,111.578,92.786,110.047,Broken,White,Solid,White
1,0,-2,90.0,Driving,False,104.275,114.407,0.0,-65.224,3.5,102.686,113.673,105.864,115.14,Broken,White,Solid,White
1,0,-1,90.0,Driving,False,101.097,112.94,0.0,-65.224,3.5,99.508,112.207,102.686,113.673,SolidSolid,Yellow,Broken,White
1,0,1,90.0,Driving,False,97.919,111.473,0.0,114.776,3.5,99.508,112.207,96.331,110.74,SolidSolid,Yellow,Broken,White
1,0,2,90.0,Driving,False,94.742,110.006,0.0,114.776,3.5,96.331,110.74,93.153,109.273,Broken,White,Solid,White
1,0,-2,91.0,Driving,False,104.729,113.396,0.0,-66.401,3.5,103.125,112.696,106.333,114.097,Broken,White,Solid,White
1,0,-1,91.0,Driving,False,101.522,111.995,0.0,-66.401,3.5,99.918,111.294,103.125,112.696,SolidSolid,Yellow,Broken,White
1,0,1,91.0,Driving,False,98.314,110.594,0.0,113.599,3.5,99.918,111.294,96.711,109.893,SolidSolid,Yellow,Broken,White
1,0,2,91.0,Driving,False,95.107,109.193,0.0,113.599,3.5,96.711,109.893,93.504,108.492,Broken,White,Solid,White
1,0,-2,92.0,Driving,False,105.162,112.376,0.0,-67.578,3.5,103.544,111.709,106.78,113.044,Broken,White,Solid,White
1,0,-1,92.0,Driving,False,101.927,111.041,0.0,-67.578,3.5,100.309,110.374,103.544,111.709,SolidSolid,Yellow,Broken,White
1,0,1,92.0,Driving,False,98.691,109.706,0.0,112.422,3.5,100.309,110.374,97.074,109.039,SolidSolid,Yellow,Broken,White
1,0,2,92.0,Driving,False,95.456,108.371,0.0,112.422,3.5,97.074,109.039,93.838,107.704,Broken,White,Solid,White
1,0,-2,93.0,Driving,False,105.574,111.348,0.0,-68.755,3.5,103.943,110.714,107.205,111.982,Broken,White,Solid,White
1,0,-1,93.0,Driving,False,102.312,110.08,0.0,-68.755,3.5,100.681,109.446,103.943,110.714,SolidSolid,Yellow,Broken,White
1,0,1,93.0,Driving,False,99.05,108.812,0.0,111.245,3.5,100.681,109.446,97.419,108.177,SolidSolid,Yellow,Broken,White
1,0,2,93.0,Driving,False,95.788,107.543,0.0,111.245,3.5,97.419,108.177,94.157,106.909,Broken,White,Solid,White
1,0,-2,94.0,Driving,False,105.965,110.311,0.0,-69.932,3.5,104.321,109.711,107.609,110.912,Broken,White,Solid,White
1,0,-1,94.0,Driving,False,102.677,109.11,0.0,-69.932,3.5,101.034,108.51,104.321,109.711,SolidSolid,Yellow,Broken,White
1,0,1,94.0,Driving,False,99.39,107.91,0.0,110.068,3.5,101.034,108.51,97.746,107.309,SolidSolid,Yellow,Broken,White
1,0,2,94.0,Driving,False,96.102,106.709,0.0,110.068,3.5,97.746,107.309,94.459,106.108,Broken,White,Solid,White
1,0,-2,95.0,Driving,False,106.334,109.267,0.0,-71.109,3.5,104.679,108.7,107.99,109.834,Broken,White,Solid,White
1,0,-1,95.0,Driving,False,103.023,108.134,0.0,-71.109,3.5,101.367,107.567,104.679,108.7,SolidSolid,Yellow,Broken,White
1,0,1,95.0,Driving,False,99.711,107.001,0.0,108.891,3.5,101.367,107.567,98.056,106.434,SolidSolid,Yellow,Broken,White
1,0,2,95.0,Driving,False,96.4,105.868,0.0,108.891,3.5,98.056,106.434,94.744,105.301,Broken,White,Solid,White
1,0,-2,96.0,Driving,False,106.682,108.215,0.0,-72.286,3.5,105.015,107.683,108.349,108.748,Broken,White,Solid,White
1,0,-1,96.0,Driving,False,103.348,107.15,0.0,-72.286,3.5,101.681,106.618,105.015,107.683,SolidSolid,Yellow,Broken,White
1,0,1,96.0,Driving,False,100.014,106.085,0.0,107.714,3.5,101.681,106.618,98.347,105.553,SolidSolid,Yellow,Broken,White
1,0,2,96.0,Driving,False,96.68,105.021,0.0,107.714,3.5,98.347,105.553,95.013,104.488,Broken,White,Solid,White
1,0,-2,97.0,Driving,False,107.008,107.156,0.0,-73.464,3.5,105.331,106.658,108.686,107.655,Broken,White,Solid,White
1,0,-1,97.0,Driving,False,103.653,106.16,0.0,-73.464,3.5,101.976,105.662,105.331,106.658,SolidSolid,Yellow,Broken,White
1,0,1,97.0,Driving,False,100.298,105.164,0.0,106.536,3.5,101.976,105.662,98.62,104.666,SolidSolid,Yellow,Broken,White
1,0,2,97.0,Driving,False,96.943,104.168,0.0,106.536,3.5,98.62,104.666,95.265,103.67,Broken,White,Solid,White
1,0,-2,98.0,Driving,False,107.313,106.091,0.0,-74.641,3.5,105.625,105.628,109.0,106.555,Broken,White,Solid,White
1,0,-1,98.0,Driving,False,103.938,105.164,0.0,-74.641,3.5,102.25,104.701,105.625,105.628,SolidSolid,Yellow,Broken,White
1,0,1,98.0,Driving,False,100.563,104.237,0.0,105.359,3.5,102.25,104.701,98.875,103.774,SolidSolid,Yellow,Broken,White
1,0,2,98.0,Driving,False,97.188,103.31,0.0,105.359,3.5,98.875,103.774,95.5,102.847,Broken,White,Solid,White
1,0,-2,99.0,Driving,False,107.595,105.02,0.0,-75.818,3.5,105.899,104.591,109.292,105.449,Broken,White,Solid,White
1,0,-1,99.0,Driving,False,104.202,104.163,0.0,-75.818,3.5,102.505,103.734,105.899,104.591,SolidSolid,Yellow,Broken,White
1,0,1,99.0,Driving,False,100.809,103.305,0.0,104.182,3.5,102.505,103.734,99.112,102.876,SolidSolid,Yellow,Broken,White
1,0,2,99.0,Driving,False,97.415,102.448,0.0,104.182,3.5,99.112,102.876,95.719,102.019,Broken,White,Solid,White
1,0,-2,100.0,Driving,False,107.856,103.943,0.0,-76.995,3.5,106.151,103.549,109.561,104.337,Broken,White,Solid,White
1,0,-1,100.0,Driving,False,104.445,103.156,0.0,-76.995,3.5,102.74,102.762,106.151,103.549,SolidSolid,Yellow,Broken,White
1,0,1,100.0,Driving,False,101.035,102.368,0.0,103.005,3.5,102.74,102.762,99.33,101.974,SolidSolid,Yellow,Broken,White
1,0,2,100.0,Driving,False,97.625,101.58,0.0,103.005,3.5,99.33,101.974,95.92,101.187,Broken,White,Solid,White
1,0,-2,101.0,Driving,False,108.094,102.861,0.0,-78.172,3.5,106.381,102.503,109.807,103.22,Broken,White,Solid,White
1,0,-1,101.0,Driving,False,104.668,102.144,0.0,-78.172,3.5,102.955,101.785,106.381,102.503,SolidSolid,Yellow,Broken,White
1,0,1,101.0,Driving,False,101.242,101.427,0.0,101.828,3.5,102.955,101.785,99.53,101.068,SolidSolid,Yellow,Broken,White
1,0,2,101.0,Driving,False,97.817,100.709,0.0,101.828,3.5,99.53,101.068,96.104,100.35,Broken,White,Solid,White
1,0,-2,102.0,Driving,False,108.31,101.775,0.0,-79.349,3.5,106.59,101.451,110.03,102.098,Broken,White,Solid,White
1,0,-1,102.0,Driving,False,104.87,101.128,0.0,-79.349,3.5,103.15,100.804,106.59,101.451,SolidSolid,Yellow,Broken,White
1,0,1,102.0,Driving,False,101.43,100.481,0.0,100.651,3.5,103.15,100.804,99.711,100.158,SolidSolid,Yellow,Broken,White
1,0,2,102.0,Driving,False,97.991,99.834,0.0,100.651,3.5,99.711,100.158,96.271,99.511,Broken,White,Solid,White
1,0,-2,103.0,Driving,False,108.503,100.684,0.0,-80.526,3.5,106.777,100.396,110.229,100.972,Broken,White,Solid,White
1,0,-1,103.0,Driving,False,105.051,100.108,0.0,-80.526,3.5,103.325,99.82,106.777,100.396,SolidSolid,Yellow,Broken,White
1,0,1,103.0,Driving,False,101.599,99.532,0.0,99.474,3.5,103.325,99.82,99.873,99.244,SolidSolid,Yellow,Broken,White
1,0,2,103.0,Driving,False,98.147,98.956,0.0,99.474,3.5,99.873,99.244,96.42,98.668,Broken,White,Solid,White
1,0,-2,104.0,Driving,False,108.674,99.589,0.0,-81.703,3.5,106.943,99.337,110.406,99.842,Broken,White,Solid,White
1,0,-1,104.0,Driving,False,105.211,99.084,0.0,-81.703,3.5,103.479,98.832,106.943,99.337,SolidSolid,Yellow,Broken,White
1,0,1,104.0,Driving,False,101.748,98.579,0.0,98.297,3.5,103.479,98.832,100.016,98.327,SolidSolid,Yellow,Broken,White
1,0,2,104.0,Driving,False,98.284,98.074,0.0,98.297,3.5,100.016,98.327,96.553,97.822,Broken,White,Solid,White
1,0,-2,105.0,Driving,False,108.823,98.492,0.0,-82.88,3.5,107.087,98.275,110.56,98.708,Broken,White,Solid,White
1,0,-1,105.0,Driving,False,105.35,98.058,0.0,-82.88,3.5,103.614,97.841,107.087,98.275,SolidSolid,Yellow,Broken,White
1,0,1,105.0,Driving,False,101.877,97.624,0.0,97.12,3.5,103.614,97.841,100.141,97.407,SolidSolid,Yellow,Broken,White
1,0,2,105.0,Driving,False,98.404,97.19,0.0,97.12,3.5,100.141,97.407,96.668,96.973,Broken,White,Solid,White
1,0,-2,106.0,Driving,False,108.949,97.391,0.0,-84.058,3.5,107.208,97.21,110.69,97.572,Broken,White,Solid,White
1,0,-1,106.0,Driving,False,105.468,97.029,0.0,-84.058,3.5,103.727,96.847,107.208,97.21,SolidSolid,Yellow,Broken,White
1,0,1,106.0,Driving,False,101.987,96.666,0.0,95.942,3.5,103.727,96.847,100.246,96.485,SolidSolid,Yellow,Broken,White
1,0,2,106.0,Driving,False,98.505,96.304,0.0,95.942,3.5,100.246,96.485,96.765,96.123,Broken,White,Solid,White
1,0,-2,107.0,Driving,False,109.052,96.288,0.0,-85.235,3.5,107.308,96.143,110.796,96.433,Broken,White,Solid,White
1,0,-1,107.0,Driving,False,105.565,95.997,0.0,-85.235,3.5,103.821,95.852,107.308,96.143,SolidSolid,Yellow,Broken,White
1,0,1,107.0,Driving,False,102.077,95.706,0.0,94.765,3.5,103.821,95.852,100.333,95.561,SolidSolid,Yellow,Broken,White
1,0,2,107.0,Driving,False,98.589,95.416,0.0,94.765,3.5,100.333,95.561,96.845,95.27,Broken,White,Solid,White
1,0,-2,108.0,Driving,False,109.133,95.183,0.0,-86.412,3.5,107.387,95.074,110.88,95.293,Broken,White,Solid,White
1,0,-1,108.0,Driving,False,105.64,94.964,0.0,-86.412,3.5,103.893,94.854,107.387,95.074,SolidSolid,Yellow,Broken,White
1,0,1,108.0,Driving,False,102.147,94.745,0.0,93.588,3.5,103.893,94.854,100.4,94.635,SolidSolid,Yellow,Broken,White
1,0,2,108.0,Driving,False,98.654,94.526,0.0,93.588,3.5,100.4,94.635,96.907,94.416,Broken,White,Solid,White
1,0,-2,109.0,Driving,False,109.191,94.077,0.0,-87.589,3.5,107.443,94.003,110.94,94.15,Broken,White,Solid,White
1,0,-1,109.0,Driving,False,105.694,93.929,0.0,-87.589,3.5,103.946,93.856,107.443,94.003,SolidSolid,Yellow,Broken,White
1,0,1,109.0,Driving,False,102.197,93.782,0.0,92.411,3.5,103.946,93.856,100.449,93.709,SolidSolid,Yellow,Broken,White
1,0,2,109.0,Driving,False,98.7,93.635,0.0,92.411,3.5,100.449,93.709,96.952,93.561,Broken,White,Solid,White
1,0,-2,110.0,Driving,False,109.226,92.969,0.0,-88.766,3.5,107.477,92.932,110.976,93.007,Broken,White,Solid,White
1,0,-1,110.0,Driving,False,105.727,92.894,0.0,-88.766,3.5,103.978,92.856,107.477,92.932,SolidSolid,Yellow,Broken,White
1,0,1,110.0,Driving,False,102.228,92.819,0.0,91.234,3.5,103.978,92.856,100.478,92.781,SolidSolid,Yellow,Broken,White
1,0,2,110.0,Driving,False,98.729,92.743,0.0,91.234,3.5,100.478,92.781,96.979,92.706,Broken,White,Solid,White
1,0,-2,111.0,Driving,False,109.24,91.892,0.0,-89.609,3.5,107.49,91.88,110.989,91.904,Broken,White,Solid,White
1,0,-1,111.0,Driving,False,105.74,91.868,0.0,-89.609,3.5,103.99,91.856,107.49,91.88,SolidSolid,Yellow,Broken,White
1,0,1,111.0,Driving,False,102.24,91.845,0.0,90.391,3.5,103.99,91.856,100.49,91.833,SolidSolid,Yellow,Broken,White
1,0,2,111.0,Driving,False,98.74,91.821,0.0,90.391,3.5,100.49,91.833,96.99,91.809,Broken,White,Solid,White
1,0,-2,112.0,Driving,False,109.246,90.892,0.0,-89.609,3.5,107.496,90.88,110.996,90.904,Broken,White,Solid,White
1,0,-1,112.0,Driving,False,105.746,90.868,0.0,-89.609,3.5,103.996,90.856,107.496,90.88,SolidSolid,Yellow,Broken,White
1,0,1,112.0,Driving,False,102.246,90.845,0.0,90.391,3.5,103.996,90.856,100.497,90.833,SolidSolid,Yellow,Broken,White
1,0,2,112.0,Driving,False,98.747,90.821,0.0,90.391,3.5,100.497,90.833,96.997,90.809,Broken,White,Solid,White
1,0,-2,113.0,Driving,False,109.253,89.892,0.0,-89.609,3.5,107.503,89.88,111.003,89.904,Broken,White,Solid,White
1,0,-1,113.0,Driving,False,105.753,89.868,0.0,-89.609,3.5,104.003,89.856,107.503,89.88,SolidSolid,Yellow,Broken,White
1,0,1,113.0,Driving,False,102.253,89.845,0.0,90.391,3.5,104.003,89.856,100.503,89.833,SolidSolid,Yellow,Broken,White
1,0,2,113.0,Driving,False,98.753,89.821,0.0,90.391,3.5,100.503,89.833,97.003,89.809,Broken,White,Solid,White
1,0,-2,114.0,Driving,False,109.26,88.892,0.0,-89.609,3.5,107.51,88.88,111.01,88.904,Broken,White,Solid,White
1,0,-1,114.0,Driving,False,105.76,88.868,0.0,-89.609,3.5,104.01,88.857,107.51,88.88,SolidSolid,Yellow,Broken,White
1,0,1,114.0,Driving,False,102.26,88.845,0.0,90.391,3.5,104.01,88.857,100.51,88.833,SolidSolid,Yellow,Broken,White
1,0,2,114.0,Driving,False,98.76,88.821,0.0,90.391,3.5,100.51,88.833,97.01,88.809,Broken,White,Solid,White
1,0,-2,115.0,Driving,False,109.267,87.892,0.0,-89.609,3.5,107.517,87.88,111.017,87.904,Broken,White,Solid,White
1,0,-1,115.0,Driving,False,105.767,87.868,0.0,-89.609,3.5,104.017,87.857,107.517,87.88,SolidSolid,Yellow,Broken,White
1,0,1,115.0,Driving,False,102.267,87.845,0.0,90.391,3.5,104.017,87.857,100.517,87.833,SolidSolid,Yellow,Broken,White
1,0,2,115.0,Driving,False,98.767,87.821,0.0,90.391,3.5,100.517,87.833,97.017,87.809,Broken,White,Solid,White
1,0,-2,116.0,Driving,False,109.274,86.892,0.0,-89.609,3.5,107.524,86.88,111.024,86.904,Broken,White,Solid,White
1,0,-1,116.0,Driving,False,105.774,86.868,0.0,-89.609,3.5,104.024,86.857,107.524,86.88,SolidSolid,Yellow,Broken,White
1,0,1,116.0,Driving,False,102.274,86.845,0.0,90.391,3.5,104.024,86.857,100.524,86.833,SolidSolid,Yellow,Broken,White
1,0,2,116.0,Driving,False,98.774,86.821,0.0,90.391,3.5,100.524,86.833,97.024,86.809,Broken,White,Solid,White
1,0,-2,117.0,Driving,False,109.28,85.892,0.0,-89.609,3.5,107.53,85.88,111.03,85.904,Broken,White,Solid,White
1,0,-1,117.0,Driving,False,105.781,85.869,0.0,-89.609,3.5,104.031,85.857,107.53,85.88,SolidSolid,Yellow,Broken,White
1,0,1,117.0,Driving,False,102.281,85.845,0.0,90.391,3.5,104.031,85.857,100.531,85.833,SolidSolid,Yellow,Broken,White
1,0,2,117.0,Driving,False,98.781,85.821,0.0,90.391,3.5,100.531,85.833,97.031,85.809,Broken,White,Solid,White
1,0,-2,118.0,Driving,False,109.287,84.892,0.0,-89.609,3.5,107.537,84.88,111.037,84.904,Broken,White,Solid,White
1,0,-1,118.0,Driving,False,105.787,84.869,0.0,-89.609,3.5,104.037,84.857,107.537,84.88,SolidSolid,Yellow,Broken,White
1,0,1,118.0,Driving,False,102.287,84.845,0.0,90.391,3.5,104.037,84.857,100.537,84.833,SolidSolid,Yellow,Broken,White
1,0,2,118.0,Driving,False,98.788,84.821,0.0,90.391,3.5,100.537,84.833,97.038,84.809,Broken,White,Solid,White
1,0,-2,119.0,Driving,False,109.294,83.892,0.0,-89.609,3.5,107.544,83.881,111.044,83.904,Broken,White,Solid,White
1,0,-1,119.0,Driving,False,105.794,83.869,0.0,-89.609,3.5,104.044,83.857,107.544,83.881,SolidSolid,Yellow,Broken,White
1,0,1,119.0,Driving,False,102.294,83.845,0.0,90.391,3.5,104.044,83.857,100.544,83.833,SolidSolid,Yellow,Broken,White
1,0,2,119.0,Driving,False,98.794,83.821,0.0,90.391,3.5,100.544,83.833,97.044,83.809,Broken,White,Solid,White
382,0,1,0.0,Driving,True,-28.726,28.104,0.0,0.159,3.5,-28.721,26.354,-28.731,29.854,Broken,White,Solid,White
382,0,1,1.0,Driving,True,-29.726,28.101,0.0,0.159,3.5,-29.721,26.351,-29.731,29.851,Broken,White,Solid,White
382,0,1,2.0,Driving,True,-30.726,28.099,0.0,0.159,3.5,-30.721,26.349,-30.731,29.849,NONE,White,NONE,White
382,0,1,3.0,Driving,True,-31.726,28.096,0.0,0.159,3.5,-31.721,26.346,-31.731,29.846,NONE,White,NONE,White
382,0,1,4.0,Driving,True,-32.726,28.093,0.0,0.159,3.5,-32.721,26.343,-32.731,29.843,NONE,White,NONE,White
382,0,1,5.0,Driving,True,-33.85,28.053,0.0,4.252,3.5,-33.721,26.308,-33.98,29.798,NONE,White,NONE,White
382,0,1,6.0,Driving,True,-34.98,27.924,0.0,8.734,3.5,-34.714,26.195,-35.245,29.654,NONE,White,NONE,White
382,0,1,7.0,Driving,True,-36.095,27.708,0.0,13.216,3.5,-35.695,26.004,-36.496,29.412,NONE,White,NONE,White
382,0,1,8.0,Driving,True,-37.191,27.405,0.0,17.699,3.5,-36.659,25.738,-37.723,29.072,NONE,White,NONE,White
382,0,1,9.0,Driving,True,-38.259,27.017,0.0,22.181,3.5,-37.599,25.397,-38.92,28.638,NONE,White,NONE,White
382,0,1,10.0,Driving,True,-39.294,26.547,0.0,26.663,3.5,-38.509,24.984,-40.08,28.111,NONE,White,NONE,White
382,0,1,11.0,Driving,True,-40.289,25.998,0.0,31.145,3.5,-39.384,24.5,-41.194,27.496,NONE,White,NONE,White
382,0,1,12.0,Driving,True,-41.238,25.373,0.0,35.627,3.5,-40.219,23.95,-42.258,26.795,NONE,White,NONE,White
382,0,1,13.0,Driving,True,-42.136,24.675,0.0,40.109,3.5,-41.008,23.337,-43.263,26.013,NONE,White,NONE,White
382,0,1,14.0,Driving,True,-42.976,23.909,0.0,44.591,3.5,-41.747,22.663,-44.204,25.156,NONE,White,NONE,White
382,0,1,15.0,Driving,True,-43.753,23.08,0.0,49.073,3.5,-42.431,21.934,-45.075,24.227,NONE,White,NONE,White
382,0,1,16.0,Driving,True,-44.464,22.193,0.0,53.556,3.5,-43.056,21.154,-45.871,23.233,NONE,White,NONE,White
382,0,1,17.0,Driving,True,-45.088,21.291,0.0,56.748,3.5,-43.625,20.331,-46.552,22.25,NONE,White,NONE,White
382,0,1,18.0,Driving,True,-45.661,20.37,0.0,59.502,3.5,-44.153,19.482,-47.169,21.258,NONE,White,NONE,White
382,0,1,19.0,Driving,True,-46.188,19.423,0.0,62.256,3.5,-44.64,18.609,-47.737,20.238,NONE,White,NONE,White
382,0,1,20.0,Driving,True,-46.67,18.452,0.0,65.01,3.5,-45.084,17.713,-48.256,19.191,NONE,White,NONE,White
382,0,1,21.0,Driving,True,-47.104,17.459,0.0,67.764,3.5,-45.484,16.797,-48.724,18.121,NONE,White,NONE,White
382,0,1,22.0,Driving,True,-47.49,16.446,0.0,70.518,3.5,-45.84,15.862,-49.14,17.029,NONE,White,NONE,White
382,0,1,23.0,Driving,True,-47.827,15.416,0.0,73.272,3.5,-46.151,14.912,-49.503,15.919,NONE,White,NONE,White
382,0,1,24.0,Driving,True,-48.114,14.37,0.0,76.026,3.5,-46.416,13.948,-49.812,14.793,NONE,White,NONE,White
382,0,1,25.0,Driving,True,-48.35,13.312,0.0,78.78,3.5,-46.634,12.972,-50.067,13.653,NONE,White,NONE,White
382,0,1,26.0,Driving,True,-48.536,12.244,0.0,81.534,3.5,-46.805,11.987,-50.266,12.502,NONE,White,NONE,White
382,0,1,27.0,Driving,True,-48.669,11.168,0.0,84.288,3.5,-46.928,10.994,-50.411,11.343,NONE,White,NONE,White
382,0,1,28.0,Driving,True,-48.751,10.088,0.0,87.042,3.5,-47.004,9.997,-50.499,10.178,NONE,White,NONE,White
382,0,1,29.0,Driving,True,-48.781,9.004,0.0,89.796,3.5,-47.031,8.998,-50.531,9.01,NONE,White,NONE,White
382,0,1,30.0,Driving,True,-48.784,8.003,0.0,89.839,3.5,-47.034,7.998,-50.534,8.008,NONE,White,NONE,White
382,0,1,31.0,Driving,True,-48.787,7.003,0.0,89.839,3.5,-47.037,6.998,-50.537,7.008,NONE,White,NONE,White
382,0,1,32.0,Driving,True,-48.79,6.003,0.0,89.839,3.5,-47.04,5.998,-50.54,6.008,NONE,White,NONE,White
382,0,1,33.0,Driving,True,-48.792,5.003,0.0,89.839,3.5,-47.042,4.998,-50.542,5.008,NONE,White,NONE,White
382,0,1,34.0,Driving,True,-48.795,4.003,0.0,89.839,3.5,-47.045,3.998,-50.545,4.008,NONE,White,NONE,White
382,0,1,35.0,Driving,True,-48.798,3.003,0.0,89.839,3.5,-47.048,2.998,-50.548,3.008,NONE,White,NONE,White
382,0,1,36.0,Driving,True,-48.801,2.003,0.0,89.839,3.5,-47.051,1.998,-50.551,2.008,NONE,White,NONE,White
382,0,1,37.0,Driving,True,-48.804,1.003,0.0,89.839,3.5,-47.054,0.998,-50.554,1.008,NONE,White,NONE,White
382,0,1,38.0,Driving,True,-48.806,0.003,0.0,89.839,3.5,-47.056,-0.002,-50.556,0.008,NONE,White,NONE,White
382,0,1,39.0,Driving,True,-48.809,-0.997,0.0,89.839,3.5,-47.059,-1.002,-50.559,-0.992,NONE,White,NONE,White
466,0,1,0.0,Driving,True,-48.687,42.555,0.0,89.839,3.5,-46.937,42.55,-50.437,42.56,SolidSolid,Yellow,Broken,White
466,0,2,0.0,Driving,True,-52.187,42.565,0.0,89.839,3.5,-50.437,42.56,-53.937,42.57,Broken,White,Solid,White
466,0,1,1.0,Driving,True,-48.69,41.555,0.0,89.839,3.5,-46.94,41.55,-50.44,41.56,SolidSolid,Yellow,Broken,White
466,0,2,1.0,Driving,True,-52.19,41.565,0.0,89.839,3.5,-50.44,41.56,-53.94,41.57,Broken,White,Solid,White
466,0,1,2.0,Driving,True,-48.692,40.555,0.0,89.839,3.5,-46.942,40.55,-50.442,40.56,SolidSolid,Yellow,Broken,White
466,0,2,2.0,Driving,True,-52.192,40.565,0.0,89.839,3.5,-50.442,40.56,-53.942,40.57,Broken,White,Solid,White
466,0,1,3.0,Driving,True,-48.695,39.555,0.0,89.839,3.5,-46.945,39.55,-50.445,39.56,SolidSolid,Yellow,Broken,White
466,0,2,3.0,Driving,True,-52.195,39.565,0.0,89.839,3.5,-50.445,39.56,-53.945,39.57,Broken,White,Solid,White
466,0,1,4.0,Driving,True,-48.698,38.555,0.0,89.839,3.5,-46.948,38.55,-50.448,38.56,SolidSolid,Yellow,Broken,White
466,0,2,4.0,Driving,True,-52.198,38.565,0.0,89.839,3.5,-50.448,38.56,-53.948,38.57,Broken,White,Solid,White
466,0,1,5.0,Driving,True,-48.701,37.555,0.0,89.839,3.5,-46.951,37.55,-50.451,37.56,NONE,White,NONE,White
466,0,2,5.0,Driving,True,-52.201,37.565,0.0,89.839,3.5,-50.451,37.56,-53.951,37.57,NONE,White,NONE,White
466,0,1,6.0,Driving,True,-48.704,36.555,0.0,89.839,3.5,-46.954,36.55,-50.454,36.56,NONE,White,NONE,White
466,0,2,6.0,Driving,True,-52.204,36.565,0.0,89.839,3.5,-50.454,36.56,-53.954,36.57,NONE,White,NONE,White
466,0,1,7.0,Driving,True,-48.706,35.555,0.0,89.839,3.5,-46.956,35.55,-50.456,35.56,NONE,White,NONE,White
466,0,2,7.0,Driving,True,-52.206,35.565,0.0,89.839,3.5,-50.456,35.56,-53.956,35.57,NONE,White,NONE,White
466,0,1,8.0,Driving,True,-48.709,34.555,0.0,89.839,3.5,-46.959,34.55,-50.459,34.56,NONE,White,NONE,White
466,0,2,8.0,Driving,True,-52.209,34.565,0.0,89.839,3.5,-50.459,34.56,-53.959,34.57,NONE,White,NONE,White
466,0,1,9.0,Driving,True,-48.712,33.555,0.0,89.839,3.5,-46.962,33.55,-50.462,33.56,NONE,White,NONE,White
466,0,2,9.0,Driving,True,-52.212,33.565,0.0,89.839,3.5,-50.462,33.56,-53.962,33.57,NONE,White,NONE,White
466,0,1,10.0,Driving,True,-48.715,32.555,0.0,89.839,3.5,-46.965,32.55,-50.465,32.56,NONE,White,NONE,White
466,0,2,10.0,Driving,True,-52.215,32.565,0.0,89.839,3.5,-50.465,32.56,-53.965,32.57,NONE,White,NONE,White
466,0,1,11.0,Driving,True,-48.718,31.555,0.0,89.839,3.5,-46.968,31.55,-50.468,31.56,NONE,White,NONE,White
466,0,2,11.0,Driving,True,-52.218,31.565,0.0,89.839,3.5,-50.468,31.56,-53.968,31.57,NONE,White,NONE,White
466,0,1,12.0,Driving,True,-48.721,30.555,0.0,89.839,3.5,-46.971,30.55,-50.471,30.56,NONE,White,NONE,White
466,0,2,12.0,Driving,True,-52.221,30.565,0.0,89.839,3.5,-50.471,30.56,-53.97,30.57,NONE,White,NONE,White
466,0,1,13.0,Driving,True,-48.723,29.555,0.0,89.839,3.5,-46.973,29.55,-50.473,29.56,NONE,White,NONE,White
466,0,2,13.0,Driving,True,-52.223,29.565,0.0,89.839,3.5,-50.473,29.56,-53.973,29.57,NONE,White,NONE,White
466,0,1,14.0,Driving,True,-48.726,28.555,0.0,89.839,3.5,-46.976,28.55,-50.476,28.56,NONE,White,NONE,White
466,0,2,14.0,Driving,True,-52.226,28.565,0.0,89.839,3.5,-50.476,28.56,-53.976,28.57,NONE,White,NONE,White
466,0,1,15.0,Driving,True,-48.729,27.555,0.0,89.839,3.5,-46.979,27.55,-50.479,27.56,NONE,White,NONE,White
466,0,2,15.0,Driving,True,-52.229,27.565,0.0,89.839,3.5,-50.479,27.56,-53.979,27.57,NONE,White,NONE,White
466,0,1,16.0,Driving,True,-48.732,26.555,0.0,89.839,3.5,-46.982,26.55,-50.482,26.56,NONE,White,NONE,White
466,0,2,16.0,Driving,True,-52.232,26.565,0.0,89.839,3.5,-50.482,26.56,-53.982,26.57,NONE,White,NONE,White
466,0,1,17.0,Driving,True,-48.735,25.555,0.0,89.839,3.5,-46.985,25.55,-50.485,25.56,NONE,White,NONE,White
466,0,2,17.0,Driving,True,-52.235,25.565,0.0,89.839,3.5,-50.485,25.56,-53.985,25.57,NONE,White,NONE,White
466,0,1,18.0,Driving,True,-48.737,24.555,0.0,89.839,3.5,-46.987,24.55,-50.487,24.56,NONE,White,NONE,White
466,0,2,18.0,Driving,True,-52.237,24.565,0.0,89.839,3.5,-50.487,24.56,-53.987,24.57,NONE,White,NONE,White
466,0,1,19.0,Driving,True,-48.74,23.555,0.0,89.839,3.5,-46.99,23.55,-50.49,23.56,NONE,White,NONE,White
466,0,2,19.0,Driving,True,-52.24,23.565,0.0,89.839,3.5,-50.49,23.56,-53.99,23.57,NONE,White,NONE,White
466,0,1,20.0,Driving,True,-48.743,22.555,0.0,89.839,3.5,-46.993,22.55,-50.493,22.56,NONE,White,NONE,White
466,0,2,20.0,Driving,True,-52.243,22.565,0.0,89.839,3.5,-50.493,22.56,-53.993,22.57,NONE,White,NONE,White
466,0,1,21.0,Driving,True,-48.746,21.555,0.0,89.839,3.5,-46.996,21.55,-50.496,21.56,NONE,White,NONE,White
466,0,2,21.0,Driving,True,-52.246,21.565,0.0,89.839,3.5,-50.496,21.56,-53.996,21.57,NONE,White,NONE,White
466,0,1,22.0,Driving,True,-48.749,20.555,0.0,89.839,3.5,-46.999,20.55,-50.499,20.56,NONE,White,NONE,White
466,0,2,22.0,Driving,True,-52.249,20.565,0.0,89.839,3.5,-50.499,20.56,-53.999,20.57,NONE,White,NONE,White
466,0,1,23.0,Driving,True,-48.751,19.555,0.0,89.839,3.5,-47.001,19.55,-50.501,19.56,NONE,White,NONE,White
466,0,2,23.0,Driving,True,-52.251,19.565,0.0,89.839,3.5,-50.501,19.56,-54.001,19.57,NONE,White,NONE,White
466,0,1,24.0,Driving,True,-48.754,18.555,0.0,89.839,3.5,-47.004,18.55,-50.504,18.56,NONE,White,NONE,White
466,0,2,24.0,Driving,True,-52.254,18.565,0.0,89.839,3.5,-50.504,18.56,-54.004,18.57,NONE,White,NONE,White
466,0,1,25.0,Driving,True,-48.757,17.555,0.0,89.839,3.5,-47.007,17.55,-50.507,17.56,NONE,White,NONE,White
466,0,2,25.0,Driving,True,-52.257,17.565,0.0,89.839,3.5,-50.507,17.56,-54.007,17.57,NONE,White,NONE,White
466,0,1,26.0,Driving,True,-48.76,16.555,0.0,89.839,3.5,-47.01,16.55,-50.51,16.56,NONE,White,NONE,White
466,0,2,26.0,Driving,True,-52.26,16.565,0.0,89.839,3.5,-50.51,16.56,-54.01,16.57,NONE,White,NONE,White
466,0,1,27.0,Driving,True,-48.763,15.555,0.0,89.839,3.5,-47.013,15.55,-50.513,15.56,NONE,White,NONE,White
466,0,2,27.0,Driving,True,-52.263,15.565,0.0,89.839,3.5,-50.513,15.56,-54.013,15.57,NONE,White,NONE,White
466,0,1,28.0,Driving,True,-48.766,14.555,0.0,89.839,3.5,-47.016,14.55,-50.516,14.56,NONE,White,NONE,White
466,0,2,28.0,Driving,True,-52.266,14.565,0.0,89.839,3.5,-50.516,14.56,-54.016,14.57,NONE,White,NONE,White
466,0,1,29.0,Driving,True,-48.768,13.555,0.0,89.839,3.5,-47.018,13.55,-50.518,13.56,NONE,White,NONE,White
466,0,2,29.0,Driving,True,-52.268,13.565,0.0,89.839,3.5,-50.518,13.56,-54.018,13.57,NONE,White,NONE,White
466,0,1,30.0,Driving,True,-48.771,12.555,0.0,89.839,3.5,-47.021,12.55,-50.521,12.56,NONE,White,NONE,White
466,0,2,30.0,Driving,True,-52.271,12.565,0.0,89.839,3.5,-50.521,12.56,-54.021,12.57,NONE,White,NONE,White
466,0,1,31.0,Driving,True,-48.774,11.555,0.0,89.839,3.5,-47.024,11.55,-50.524,11.56,NONE,White,NONE,White
466,0,2,31.0,Driving,True,-52.274,11.565,0.0,89.839,3.5,-50.524,11.56,-54.024,11.57,NONE,White,NONE,White
466,0,1,32.0,Driving,True,-48.777,10.555,0.0,89.839,3.5,-47.027,10.55,-50.527,10.56,NONE,White,NONE,White
466,0,2,32.0,Driving,True,-52.277,10.565,0.0,89.839,3.5,-50.527,10.56,-54.027,10.57,NONE,White,NONE,White
466,0,1,33.0,Driving,True,-48.78,9.555,0.0,89.839,3.5,-47.03,9.55,-50.53,9.56,NONE,White,NONE,White
466,0,2,33.0,Driving,True,-52.28,9.565,0.0,89.839,3.5,-50.53,9.56,-54.03,9.57,NONE,White,NONE,White
466,0,1,34.0,Driving,True,-48.782,8.555,0.0,89.839,3.5,-47.032,8.55,-50.532,8.56,NONE,White,NONE,White
466,0,2,34.0,Driving,True,-52.282,8.565,0.0,89.839,3.5,-50.532,8.56,-54.032,8.57,NONE,White,NONE,White
466,0,1,35.0,Driving,True,-48.785,7.555,0.0,89.839,3.5,-47.035,7.55,-50.535,7.56,NONE,White,NONE,White
466,0,2,35.0,Driving,True,-52.285,7.565,0.0,89.839,3.5,-50.535,7.56,-54.035,7.57,NONE,White,NONE,White
466,0,1,36.0,Driving,True,-48.788,6.555,0.0,89.839,3.5,-47.038,6.55,-50.538,6.56,NONE,White,NONE,White
466,0,2,36.0,Driving,True,-52.288,6.565,0.0,89.839,3.5,-50.538,6.56,-54.038,6.57,NONE,White,NONE,White
466,0,1,37.0,Driving,True,-48.791,5.555,0.0,89.839,3.5,-47.041,5.55,-50.541,5.56,NONE,White,NONE,White
466,0,2,37.0,Driving,True,-52.291,5.565,0.0,89.839,3.5,-50.541,5.56,-54.041,5.57,NONE,White,NONE,White
466,0,1,38.0,Driving,True,-48.794,4.555,0.0,89.839,3.5,-47.044,4.551,-50.544,4.56,NONE,White,NONE,White
466,0,2,38.0,Driving,True,-52.294,4.565,0.0,89.839,3.5,-50.544,4.56,-54.044,4.57,NONE,White,NONE,White
466,0,1,39.0,Driving,True,-48.796,3.555,0.0,89.839,3.5,-47.047,3.551,-50.546,3.56,NONE,White,NONE,White
466,0,2,39.0,Driving,True,-52.296,3.565,0.0,89.839,3.5,-50.546,3.56,-54.046,3.57,NONE,White,NONE,White
466,0,1,40.0,Driving,True,-48.799,2.555,0.0,89.839,3.5,-47.049,2.551,-50.549,2.56,NONE,White,NONE,White
466,0,2,40.0,Driving,True,-52.299,2.565,0.0,89.839,3.5,-50.549,2.56,-54.049,2.57,NONE,White,NONE,White
466,0,1,41.0,Driving,True,-48.802,1.555,0.0,89.839,3.5,-47.052,1.551,-50.552,1.56,SolidSolid,Yellow,NONE,White
466,0,2,41.0,Driving,True,-52.302,1.565,0.0,89.839,3.5,-50.552,1.56,-54.052,1.57,NONE,White,NONE,White
466,0,1,42.0,Driving,True,-48.805,0.555,0.0,89.839,3.5,-47.055,0.551,-50.555,0.56,SolidSolid,Yellow,NONE,White
466,0,2,42.0,Driving,True,-52.305,0.565,0.0,89.839,3.5,-50.555,0.56,-54.055,0.57,NONE,White,NONE,White
466,0,1,43.0,Driving,True,-48.808,-0.445,0.0,89.839,3.5,-47.058,-0.449,-50.558,-0.44,SolidSolid,Yellow,Broken,White
466,0,2,43.0,Driving,True,-52.308,-0.435,0.0,89.839,3.5,-50.558,-0.44,-54.058,-0.43,Broken,White,Solid,White
466,0,1,44.0,Driving,True,-48.811,-1.445,0.0,89.839,3.5,-47.061,-1.449,-50.561,-1.44,SolidSolid,Yellow,Broken,White
466,0,2,44.0,Driving,True,-52.311,-1.435,0.0,89.839,3.5,-50.561,-1.44,-54.061,-1.43,Broken,White,Solid,White
